workbook_name,sheet_name,row_number,column_number,keyword_group,matched_keyword,cell_value
2022-Chapter-I-Health-Indicators.xlsx,فهرس الباب الأول,3,2,population,السكان,المؤشرات السكانية
2022-Chapter-I-Health-Indicators.xlsx,فهرس الباب الأول,10,2,year,year,"Health Resources Indicators (per 10,000 population) in the Last Five Years."
2022-Chapter-I-Health-Indicators.xlsx,فهرس الباب الأول,10,2,source,source,"Health Resources Indicators (per 10,000 population) in the Last Five Years."
2022-Chapter-I-Health-Indicators.xlsx,فهرس الباب الأول,10,2,population,population,"Health Resources Indicators (per 10,000 population) in the Last Five Years."
2022-Chapter-I-Health-Indicators.xlsx,فهرس الباب الأول,11,2,region,المنطقة,مؤشرات مختارة عن الموارد المتاحة بمستشفيات وزارة الصحة حسب المنطقة الصحية لعام 2022 م.
2022-Chapter-I-Health-Indicators.xlsx,فهرس الباب الأول,11,2,year,عام,مؤشرات مختارة عن الموارد المتاحة بمستشفيات وزارة الصحة حسب المنطقة الصحية لعام 2022 م.
2022-Chapter-I-Health-Indicators.xlsx,فهرس الباب الأول,12,2,region,region,"Selected Indicators of Available Resources at MoH Hospitals by Health Region, 2022G"
2022-Chapter-I-Health-Indicators.xlsx,فهرس الباب الأول,12,2,source,source,"Selected Indicators of Available Resources at MoH Hospitals by Health Region, 2022G"
2022-Chapter-I-Health-Indicators.xlsx,فهرس الباب الأول,12,2,hospital,hospital,"Selected Indicators of Available Resources at MoH Hospitals by Health Region, 2022G"
2022-Chapter-I-Health-Indicators.xlsx,فهرس الباب الأول,14,2,year,year,Basic Immunization Coverage (%) in the Last Five Years.
2022-Chapter-I-Health-Indicators.xlsx,فهرس الباب الأول,15,2,population,السكان,معدلات الإصابة لبعض الأمراض المستهدفة بالتحصين (لكل مائة ألف من السكان) في الأعوام الخمسة الأخيرة.
2022-Chapter-I-Health-Indicators.xlsx,فهرس الباب الأول,16,2,year,year,"Incidence Rate of Some Immunization Targeted Diseases (per 100,000 population) in the Last Five Years."
2022-Chapter-I-Health-Indicators.xlsx,فهرس الباب الأول,16,2,population,population,"Incidence Rate of Some Immunization Targeted Diseases (per 100,000 population) in the Last Five Years."
2022-Chapter-I-Health-Indicators.xlsx,فهرس الباب الأول,18,2,year,year,Injuries and Deaths  from Road Traffic Accidents (RTA) in the Last Ten Years
2022-Chapter-I-Health-Indicators.xlsx,فهرس الباب الأول,21,2,year,عام,السكان حسب الجنسية والجنس والفئات العمرية لعام 2022م
2022-Chapter-I-Health-Indicators.xlsx,فهرس الباب الأول,21,2,population,السكان,السكان حسب الجنسية والجنس والفئات العمرية لعام 2022م
2022-Chapter-I-Health-Indicators.xlsx,فهرس الباب الأول,22,2,population,population,"Population by Nationality, Gender, and Age groups, 2022G"
2022-Chapter-I-Health-Indicators.xlsx,فهرس الباب الأول,23,2,region,المناطق,عدد السكان بالمناطق الصحية حسب الجنسية لعام 2022م.
2022-Chapter-I-Health-Indicators.xlsx,فهرس الباب الأول,23,2,year,عام,عدد السكان بالمناطق الصحية حسب الجنسية لعام 2022م.
2022-Chapter-I-Health-Indicators.xlsx,فهرس الباب الأول,23,2,population,السكان,عدد السكان بالمناطق الصحية حسب الجنسية لعام 2022م.
2022-Chapter-I-Health-Indicators.xlsx,فهرس الباب الأول,24,2,region,region,"Population By Health Regions and Nationality, 2022G."
2022-Chapter-I-Health-Indicators.xlsx,فهرس الباب الأول,24,2,population,population,"Population By Health Regions and Nationality, 2022G."
2022-Chapter-I-Health-Indicators.xlsx,فهرس الباب الأول,25,2,region,المناطق,تقديرات عدد السكان بالمناطق الإدارية للأعوام 2010-2021  بناء على تعداد عام 2022م.
2022-Chapter-I-Health-Indicators.xlsx,فهرس الباب الأول,25,2,year,عام,تقديرات عدد السكان بالمناطق الإدارية للأعوام 2010-2021  بناء على تعداد عام 2022م.
2022-Chapter-I-Health-Indicators.xlsx,فهرس الباب الأول,25,2,population,السكان,تقديرات عدد السكان بالمناطق الإدارية للأعوام 2010-2021  بناء على تعداد عام 2022م.
2022-Chapter-I-Health-Indicators.xlsx,فهرس الباب الأول,26,2,region,region,"Estimated (2010-2021G) Population By Administrative Regions, Based on  (2022G) Census."
2022-Chapter-I-Health-Indicators.xlsx,فهرس الباب الأول,26,2,population,population,"Estimated (2010-2021G) Population By Administrative Regions, Based on  (2022G) Census."
2022-Chapter-I-Health-Indicators.xlsx,1,3,1,population,السكان,المؤشرات السكانية
2022-Chapter-I-Health-Indicators.xlsx,1,6,3,year,year,"العام
Year"
2022-Chapter-I-Health-Indicators.xlsx,1,7,1,population,السكان,إجمالي عدد السكان
2022-Chapter-I-Health-Indicators.xlsx,1,7,4,total,total,Total Population Size
2022-Chapter-I-Health-Indicators.xlsx,1,7,4,population,population,Total Population Size
2022-Chapter-I-Health-Indicators.xlsx,1,8,1,population,السكان,عدد السكان الذكور
2022-Chapter-I-Health-Indicators.xlsx,1,8,4,population,population,Male Population
2022-Chapter-I-Health-Indicators.xlsx,1,9,1,population,السكان,عدد السكان الإناث
2022-Chapter-I-Health-Indicators.xlsx,1,9,4,population,population,Female Population
2022-Chapter-I-Health-Indicators.xlsx,1,10,4,population,population,Crude Birth Rate /1000 Population
2022-Chapter-I-Health-Indicators.xlsx,1,11,4,population,population,Annual Population Growth Rate (%)
2022-Chapter-I-Health-Indicators.xlsx,1,12,4,year,year,% Population Under 5 Years
2022-Chapter-I-Health-Indicators.xlsx,1,12,4,population,population,% Population Under 5 Years
2022-Chapter-I-Health-Indicators.xlsx,1,13,4,year,year,% Population Under 15 Years
2022-Chapter-I-Health-Indicators.xlsx,1,13,4,population,population,% Population Under 15 Years
2022-Chapter-I-Health-Indicators.xlsx,1,14,4,year,year,% Population 15- 64 Years
2022-Chapter-I-Health-Indicators.xlsx,1,14,4,population,population,% Population 15- 64 Years
2022-Chapter-I-Health-Indicators.xlsx,1,15,4,year,year,% Population 65+ Years
2022-Chapter-I-Health-Indicators.xlsx,1,15,4,population,population,% Population 65+ Years
2022-Chapter-I-Health-Indicators.xlsx,1,16,4,total,total,Total Fertility Rate
2022-Chapter-I-Health-Indicators.xlsx,1,21,1,year,عام,المصدر : الهيئة العامة للإحصاء
2022-Chapter-I-Health-Indicators.xlsx,1,21,1,source,المصدر,المصدر : الهيئة العامة للإحصاء
2022-Chapter-I-Health-Indicators.xlsx,1,21,3,source,source,Source:General Authority for Statistics
2022-Chapter-I-Health-Indicators.xlsx,2,5,4,population,population,Crude Death Rate /1000 Population
2022-Chapter-I-Health-Indicators.xlsx,3,4,1,total,الإجمالي,نصيب الفرد  من الناتج  المحلي الإجمالي بالدولار الأمريكي
2022-Chapter-I-Health-Indicators.xlsx,3,6,1,year,عام,العام
2022-Chapter-I-Health-Indicators.xlsx,3,6,2,total,الإجمالي,نصيب الفرد  من الناتج  المحلي الإجمالي بالدولار الأمريكي
2022-Chapter-I-Health-Indicators.xlsx,3,7,1,year,year,Year
2022-Chapter-I-Health-Indicators.xlsx,3,21,1,year,عام,المصدر : الهيئة العامة للإحصاء
2022-Chapter-I-Health-Indicators.xlsx,3,21,1,source,المصدر,المصدر : الهيئة العامة للإحصاء
2022-Chapter-I-Health-Indicators.xlsx,3,21,2,source,source,Source:General Authority for Statistics
2022-Chapter-I-Health-Indicators.xlsx,4,2,1,year,year,"Health Resources Indicators (per 10,000 population) in the Last Five Years"
2022-Chapter-I-Health-Indicators.xlsx,4,2,1,source,source,"Health Resources Indicators (per 10,000 population) in the Last Five Years"
2022-Chapter-I-Health-Indicators.xlsx,4,2,1,population,population,"Health Resources Indicators (per 10,000 population) in the Last Five Years"
2022-Chapter-I-Health-Indicators.xlsx,4,5,1,physician,أطباء,الأطبـــــاء (شاملا أطباء الأسنان)
2022-Chapter-I-Health-Indicators.xlsx,4,5,7,physician,physician,Physicians (including Dentists)
2022-Chapter-I-Health-Indicators.xlsx,4,6,1,physician,أطباء,الأطباء البشريون
2022-Chapter-I-Health-Indicators.xlsx,4,6,7,physician,physician,Physicians
2022-Chapter-I-Health-Indicators.xlsx,4,7,1,physician,أطباء,أطباء الأسنان
2022-Chapter-I-Health-Indicators.xlsx,4,9,1,nurse,تمريض,التمريض (شاملا القابلات)
2022-Chapter-I-Health-Indicators.xlsx,4,9,7,nurse,nurse,Nurses (including midwives)
2022-Chapter-I-Health-Indicators.xlsx,4,10,1,nurse,تمريض,التمريض
2022-Chapter-I-Health-Indicators.xlsx,4,10,7,nurse,nurse,Nurses
2022-Chapter-I-Health-Indicators.xlsx,4,14,1,hospital,المستشفيات,أسرة المستشفيات  بالمملكة (كل القطاعات)
2022-Chapter-I-Health-Indicators.xlsx,4,14,1,bed,أسرة,أسرة المستشفيات  بالمملكة (كل القطاعات)
2022-Chapter-I-Health-Indicators.xlsx,4,14,7,hospital,hospital,"Hospital Beds (All Sectors), KSA"
2022-Chapter-I-Health-Indicators.xlsx,4,14,7,bed,bed,"Hospital Beds (All Sectors), KSA"
2022-Chapter-I-Health-Indicators.xlsx,4,15,1,bed,أسرة,أسرة مستشفيات  وزارة الصحة
2022-Chapter-I-Health-Indicators.xlsx,4,15,7,hospital,hospital,MoH Hospital Beds
2022-Chapter-I-Health-Indicators.xlsx,4,15,7,bed,bed,MoH Hospital Beds
2022-Chapter-I-Health-Indicators.xlsx,4,16,1,bed,أسرة,أسرة مستشفيات  الجهات الحكومية الأخرى
2022-Chapter-I-Health-Indicators.xlsx,4,16,7,hospital,hospital,Other Governmental Sector Hospital Beds
2022-Chapter-I-Health-Indicators.xlsx,4,16,7,bed,bed,Other Governmental Sector Hospital Beds
2022-Chapter-I-Health-Indicators.xlsx,4,17,1,bed,أسرة,أسرة مستشفيات القطاع الخاص
2022-Chapter-I-Health-Indicators.xlsx,4,17,7,hospital,hospital,Private Sector Hospital Beds
2022-Chapter-I-Health-Indicators.xlsx,4,17,7,bed,bed,Private Sector Hospital Beds
2022-Chapter-I-Health-Indicators.xlsx,5,1,1,region,المنطقة,مؤشرات مختارة عن الموارد المتاحة بمستشفيات وزارة الصحة حسب المنطقة الصحية لعام 2022 م
2022-Chapter-I-Health-Indicators.xlsx,5,1,1,year,عام,مؤشرات مختارة عن الموارد المتاحة بمستشفيات وزارة الصحة حسب المنطقة الصحية لعام 2022 م
2022-Chapter-I-Health-Indicators.xlsx,5,2,1,region,region,"Selected Indicators of Available Resources at MoH Hospitals by Health Region, 2022G"
2022-Chapter-I-Health-Indicators.xlsx,5,2,1,source,source,"Selected Indicators of Available Resources at MoH Hospitals by Health Region, 2022G"
2022-Chapter-I-Health-Indicators.xlsx,5,2,1,hospital,hospital,"Selected Indicators of Available Resources at MoH Hospitals by Health Region, 2022G"
2022-Chapter-I-Health-Indicators.xlsx,5,4,1,region,المنطقة,المنطقة الصحية
2022-Chapter-I-Health-Indicators.xlsx,5,4,2,bed,bed,"عدد الأسرة
No. of Beds"
2022-Chapter-I-Health-Indicators.xlsx,5,4,3,physician,physician,"عدد الأطباء
No. of Physicians"
2022-Chapter-I-Health-Indicators.xlsx,5,4,4,bed,bed,"الأطباء لكل مائة سرير
Physicians/100 beds"
2022-Chapter-I-Health-Indicators.xlsx,5,4,4,physician,physician,"الأطباء لكل مائة سرير
Physicians/100 beds"
2022-Chapter-I-Health-Indicators.xlsx,5,4,5,nurse,nurse,"عدد التمريض شاملا القابلات
 No. of Nurses  including midwives"
2022-Chapter-I-Health-Indicators.xlsx,5,4,6,bed,bed,"التمريض لكل مائة سرير
Nurses/100 beds"
2022-Chapter-I-Health-Indicators.xlsx,5,4,6,nurse,nurse,"التمريض لكل مائة سرير
Nurses/100 beds"
2022-Chapter-I-Health-Indicators.xlsx,5,4,7,physician,physician,"التمريض لكل مائة طبيب
Nurses/ 100 physicians"
2022-Chapter-I-Health-Indicators.xlsx,5,4,7,nurse,nurse,"التمريض لكل مائة طبيب
Nurses/ 100 physicians"
2022-Chapter-I-Health-Indicators.xlsx,5,4,8,region,region,Health Region
2022-Chapter-I-Health-Indicators.xlsx,6,2,1,year,year,Basic Immunization Coverage (%) in the Last Five Years
2022-Chapter-I-Health-Indicators.xlsx,7,1,1,population,السكان,معدلات الإصابة لبعض الأمراض المستهدفة بالتحصين (لكل مائة ألف من السكان) في الأعوام الخمسة الأخيرة
2022-Chapter-I-Health-Indicators.xlsx,7,2,1,year,year,"Incidence Rate of Some Immunization Targeted Diseases (per 100,000 population) in the Last Five Years"
2022-Chapter-I-Health-Indicators.xlsx,7,2,1,population,population,"Incidence Rate of Some Immunization Targeted Diseases (per 100,000 population) in the Last Five Years"
2022-Chapter-I-Health-Indicators.xlsx,8,2,1,year,year,Injuries and Deaths  from Road Traffic Accidents (RTA) in the Last Ten Years
2022-Chapter-I-Health-Indicators.xlsx,8,4,1,year,عام,العام
2022-Chapter-I-Health-Indicators.xlsx,8,4,4,population,السكان,عدد السكان
2022-Chapter-I-Health-Indicators.xlsx,8,5,1,year,year,Year
2022-Chapter-I-Health-Indicators.xlsx,8,5,4,population,population,Population Size
2022-Chapter-I-Health-Indicators.xlsx,8,5,5,population,population,"Injuries per 100,000 Population"
2022-Chapter-I-Health-Indicators.xlsx,8,5,6,population,population,"Deaths per 100,000 Population"
2022-Chapter-I-Health-Indicators.xlsx,8,16,1,source,المصدر,المصدر: اللجنة الوزارية للسلامة المرورية
2022-Chapter-I-Health-Indicators.xlsx,8,16,6,source,source,Source: The Ministerial Committee of Traffic Safety
2022-Chapter-I-Health-Indicators.xlsx,8,19,1,year,عام,تم إعادة حساب مؤشرات الأعوام السابقة  بناء على تعديل أعداد السكان الواردة من الهيئة العامة للإحصاء
2022-Chapter-I-Health-Indicators.xlsx,8,19,1,population,السكان,تم إعادة حساب مؤشرات الأعوام السابقة  بناء على تعديل أعداد السكان الواردة من الهيئة العامة للإحصاء
2022-Chapter-I-Health-Indicators.xlsx,8,20,1,year,year,The indicators of previous years have been recalculated based on the adjustment of the population received from the General Authority for Statistics
2022-Chapter-I-Health-Indicators.xlsx,8,20,1,population,population,The indicators of previous years have been recalculated based on the adjustment of the population received from the General Authority for Statistics
2022-Chapter-I-Health-Indicators.xlsx,9,4,2,year,السنة,آخر قيمة متوفرة للمؤشر والسنة
2022-Chapter-I-Health-Indicators.xlsx,9,5,2,year,year,Most recent avialable Indicator value and Year
2022-Chapter-I-Health-Indicators.xlsx,9,6,3,year,year,"العام
Year"
2022-Chapter-I-Health-Indicators.xlsx,9,8,1,population,السكان,"3-3-1 عدد الإصـــــابات الجديدة بفيروس نقص المناعة البشـــــرية لكل 1,000 شــــخص غير مصـــاب من الســـكان بحســـب الجنس والعمر والفئات الرئيسية من السكان"
2022-Chapter-I-Health-Indicators.xlsx,9,8,12,population,population,"3.3.1 Number of new HIV infections per 1,000 uninfected population, by sex, age and key populations"
2022-Chapter-I-Health-Indicators.xlsx,9,9,12,population,population,"3.3.3 Malaria incidence per 1,000 population"
2022-Chapter-I-Health-Indicators.xlsx,9,11,1,bed,أسرة,٣-٧-١ نسبة النساء اللاتي في سن الإنجاب (15-49 سنة) واللاتي لُبّيت حاجتُهن إلى تنظيم الأسرة بطرق حديثة(%)
2022-Chapter-I-Health-Indicators.xlsx,9,11,12,year,year,3.7.1 Proportion of women of reproductive age (aged 15–49 years) who have their need for family planning satisfied with modern methods (%)
2022-Chapter-I-Health-Indicators.xlsx,9,12,1,population,السكان,٣-٨-١ نسبة السكان المستهدفين المشمولين بالخدمات الصحية الأساسية (%)
2022-Chapter-I-Health-Indicators.xlsx,9,13,1,population,السكان,"٣-٩-٣ معدل الوفيات المنسوب إلى التسمم غير المتعمد لكل 100,000 من السكان"
2022-Chapter-I-Health-Indicators.xlsx,9,13,12,population,population,3.9.3 Mortality rate attributed to unintentional poisoning 100 000 population
2022-Chapter-I-Health-Indicators.xlsx,9,14,12,year,year,3.a.1 Age-standardized prevalence of current tobacco use among persons aged 15 years and older
2022-Chapter-I-Health-Indicators.xlsx,9,16,12,year,year,2.2.1 Prevalence of stunting (height for age <-2 standard deviation from the median of the World Health Organization (WHO) Child Growth Standards) among children under 5 years of age (%)
2022-Chapter-I-Health-Indicators.xlsx,9,17,12,year,year,"2.2.2.a : Prevalence of malnutrition : Wasting  (weight for height :  <-2 standard deviation from the median of the WHO Child Growth Standards) among children under 5 years of age, (%)"
2022-Chapter-I-Health-Indicators.xlsx,9,18,12,year,year,"2.2.2.b:  Prevalence of malnutrition : Overweight  (weight for height :  >+2 standard deviation from the median of the WHO Child Growth Standards) among children under 5 years of age,  (%)"
2022-Chapter-I-Health-Indicators.xlsx,9,19,12,year,year,"Prevalence of malnutrition : Obesity  (weight for height :  >+3 standard deviation from the median of the WHO Child Growth Standards) among children under 5 years of age,  (%)"
2022-Chapter-I-Health-Indicators.xlsx,10,1,1,year,عام,السكان حسب الجنسية والجنس والفئات العمرية لعام 2022م
2022-Chapter-I-Health-Indicators.xlsx,10,1,1,population,السكان,السكان حسب الجنسية والجنس والفئات العمرية لعام 2022م
2022-Chapter-I-Health-Indicators.xlsx,10,2,1,population,population,"Population by Nationality, Gender, and Age groups, 2022G"
2022-Chapter-I-Health-Indicators.xlsx,10,4,8,total,total,جملة السكان     Total Population
2022-Chapter-I-Health-Indicators.xlsx,10,4,8,population,population,جملة السكان     Total Population
2022-Chapter-I-Health-Indicators.xlsx,10,5,4,total,total,جملة    Total
2022-Chapter-I-Health-Indicators.xlsx,10,5,7,total,total,جملة    Total
2022-Chapter-I-Health-Indicators.xlsx,10,5,10,total,total,جملة    Total
2022-Chapter-I-Health-Indicators.xlsx,10,23,1,total,total,جملة               Total
2022-Chapter-I-Health-Indicators.xlsx,10,24,1,year,عام,المصدر : الهيئة العامة للإحصاء
2022-Chapter-I-Health-Indicators.xlsx,10,24,1,source,المصدر,المصدر : الهيئة العامة للإحصاء
2022-Chapter-I-Health-Indicators.xlsx,10,24,5,source,source,Source:General Authority for Statistics
2022-Chapter-I-Health-Indicators.xlsx,11,1,1,region,المناطق,عدد السكان بالمناطق الصحية حسب الجنسية لعام 2022م.
2022-Chapter-I-Health-Indicators.xlsx,11,1,1,year,عام,عدد السكان بالمناطق الصحية حسب الجنسية لعام 2022م.
2022-Chapter-I-Health-Indicators.xlsx,11,1,1,population,السكان,عدد السكان بالمناطق الصحية حسب الجنسية لعام 2022م.
2022-Chapter-I-Health-Indicators.xlsx,11,2,1,region,region,"Population By Health Regions and Nationality, 2022G."
2022-Chapter-I-Health-Indicators.xlsx,11,2,1,population,population,"Population By Health Regions and Nationality, 2022G."
2022-Chapter-I-Health-Indicators.xlsx,11,4,1,region,المنطقة,المنطقة الصحية
2022-Chapter-I-Health-Indicators.xlsx,11,4,4,total,total,"المجموع 
 Total"
2022-Chapter-I-Health-Indicators.xlsx,11,4,5,region,region,Health Region
2022-Chapter-I-Health-Indicators.xlsx,11,26,1,total,المجموع,المجموع
2022-Chapter-I-Health-Indicators.xlsx,11,26,5,total,total,Total
2022-Chapter-I-Health-Indicators.xlsx,11,27,1,year,عام,المصدر : الهيئة العامة للإحصاء
2022-Chapter-I-Health-Indicators.xlsx,11,27,1,source,المصدر,المصدر : الهيئة العامة للإحصاء
2022-Chapter-I-Health-Indicators.xlsx,11,27,3,source,source,Source: General Authority for Statistics.
2022-Chapter-I-Health-Indicators.xlsx,12,1,1,region,المناطق,تقديرات عدد السكان بالمناطق الإدارية للأعوام 2010-2021  بناء على تعداد عام 2022م.
2022-Chapter-I-Health-Indicators.xlsx,12,1,1,year,عام,تقديرات عدد السكان بالمناطق الإدارية للأعوام 2010-2021  بناء على تعداد عام 2022م.
2022-Chapter-I-Health-Indicators.xlsx,12,1,1,population,السكان,تقديرات عدد السكان بالمناطق الإدارية للأعوام 2010-2021  بناء على تعداد عام 2022م.
2022-Chapter-I-Health-Indicators.xlsx,12,2,1,region,region,"Estimated (2010-2021G) Population By Administrative Regions, Based on  (2022G) Census."
2022-Chapter-I-Health-Indicators.xlsx,12,2,1,population,population,"Estimated (2010-2021G) Population By Administrative Regions, Based on  (2022G) Census."
2022-Chapter-I-Health-Indicators.xlsx,12,4,1,region,المنطقة,المنطقة الإدارية
2022-Chapter-I-Health-Indicators.xlsx,12,4,15,region,region,Administrative Region
2022-Chapter-I-Health-Indicators.xlsx,12,9,1,region,المنطقة,المنطقة الشرقية
2022-Chapter-I-Health-Indicators.xlsx,12,18,1,total,الإجمالي,الإجمالي
2022-Chapter-I-Health-Indicators.xlsx,12,18,15,total,total,Total
2022-Chapter-I-Health-Indicators.xlsx,12,19,1,year,عام,المصدر : الهيئة العامة للإحصاء
2022-Chapter-I-Health-Indicators.xlsx,12,19,1,source,المصدر,المصدر : الهيئة العامة للإحصاء
2022-Chapter-I-Health-Indicators.xlsx,12,19,13,source,source,Source: General Authority for Statistics.
2022-Chapter-I-Health-Indicators.xlsx,12,20,1,year,عام,تم إعادة حساب مؤشرات الأعوام السابقة بالكتاب الإحصائي السنوي بناء على تعديل أعداد السكان الواردة من الهيئة العامة للإحصاء
2022-Chapter-I-Health-Indicators.xlsx,12,20,1,population,السكان,تم إعادة حساب مؤشرات الأعوام السابقة بالكتاب الإحصائي السنوي بناء على تعديل أعداد السكان الواردة من الهيئة العامة للإحصاء
2022-Chapter-I-Health-Indicators.xlsx,12,20,9,year,year,The indicators of previous years have been recalculated in the statistical yearbook based on the adjustment of the population received from the General Authority for Statistics
2022-Chapter-I-Health-Indicators.xlsx,12,20,9,population,population,The indicators of previous years have been recalculated in the statistical yearbook based on the adjustment of the population received from the General Authority for Statistics
2022-Chapter-II-Health-Resources.xlsx,فهرس الباب الثاني,2,2,source,source,Chapter II : Health Resources
2022-Chapter-II-Health-Resources.xlsx,فهرس الباب الثاني,3,2,year,عام,الميزانية المخصصة لوزارة الصحة ( بمليارات الريالات) في الأعوام الخمسة الأخيرة بالنسبة للميزانية العامة للدولة
2022-Chapter-II-Health-Resources.xlsx,فهرس الباب الثاني,4,2,year,year,Budget Appropriations for  MOH in relation to Government Budget (by billion SR) in the last Five Years
2022-Chapter-II-Health-Resources.xlsx,فهرس الباب الثاني,5,2,population,السكان,المستشفيات والأسرة بالقطاعات الصحية بالمملكة حسب الجهة ومعدل الأسرة لكل عشرة آلاف من السكان في الأعوام الخمسة الأخيرة
2022-Chapter-II-Health-Resources.xlsx,فهرس الباب الثاني,5,2,hospital,المستشفيات,المستشفيات والأسرة بالقطاعات الصحية بالمملكة حسب الجهة ومعدل الأسرة لكل عشرة آلاف من السكان في الأعوام الخمسة الأخيرة
2022-Chapter-II-Health-Resources.xlsx,فهرس الباب الثاني,5,2,bed,أسرة,المستشفيات والأسرة بالقطاعات الصحية بالمملكة حسب الجهة ومعدل الأسرة لكل عشرة آلاف من السكان في الأعوام الخمسة الأخيرة
2022-Chapter-II-Health-Resources.xlsx,فهرس الباب الثاني,6,2,year,year,"Hospitals and Beds in All Health Sectors, KSA and Rate of Beds / 10,000 population, in the last Five Years"
2022-Chapter-II-Health-Resources.xlsx,فهرس الباب الثاني,6,2,population,population,"Hospitals and Beds in All Health Sectors, KSA and Rate of Beds / 10,000 population, in the last Five Years"
2022-Chapter-II-Health-Resources.xlsx,فهرس الباب الثاني,6,2,hospital,hospital,"Hospitals and Beds in All Health Sectors, KSA and Rate of Beds / 10,000 population, in the last Five Years"
2022-Chapter-II-Health-Resources.xlsx,فهرس الباب الثاني,6,2,bed,bed,"Hospitals and Beds in All Health Sectors, KSA and Rate of Beds / 10,000 population, in the last Five Years"
2022-Chapter-II-Health-Resources.xlsx,فهرس الباب الثاني,7,2,region,المنطقة,المستشفيات والأسرة بالقطاعات الصحية بالمملكة حسب المنطقة الصحية 2022م
2022-Chapter-II-Health-Resources.xlsx,فهرس الباب الثاني,7,2,hospital,المستشفيات,المستشفيات والأسرة بالقطاعات الصحية بالمملكة حسب المنطقة الصحية 2022م
2022-Chapter-II-Health-Resources.xlsx,فهرس الباب الثاني,7,2,bed,أسرة,المستشفيات والأسرة بالقطاعات الصحية بالمملكة حسب المنطقة الصحية 2022م
2022-Chapter-II-Health-Resources.xlsx,فهرس الباب الثاني,8,2,region,region,"Hospitals and Beds in KSA Health Sectors by Health Region, 2022G"
2022-Chapter-II-Health-Resources.xlsx,فهرس الباب الثاني,8,2,hospital,hospital,"Hospitals and Beds in KSA Health Sectors by Health Region, 2022G"
2022-Chapter-II-Health-Resources.xlsx,فهرس الباب الثاني,8,2,bed,bed,"Hospitals and Beds in KSA Health Sectors by Health Region, 2022G"
2022-Chapter-II-Health-Resources.xlsx,فهرس الباب الثاني,9,2,year,عام,القوى العاملة الصحية بالقطاعات الصحية بالمملكة في الأعوام الخمسة الأخيرة
2022-Chapter-II-Health-Resources.xlsx,فهرس الباب الثاني,10,2,year,year,Health Manpower in KSA Health Sectors in the Last Five Years
2022-Chapter-II-Health-Resources.xlsx,فهرس الباب الثاني,11,2,year,عام,الأطباء وأطباء الأسنان بالقطاعات الصحية بالمملكة حسب التخصص والتصنيف الوظيفي عام 2022م.
2022-Chapter-II-Health-Resources.xlsx,فهرس الباب الثاني,11,2,physician,أطباء,الأطباء وأطباء الأسنان بالقطاعات الصحية بالمملكة حسب التخصص والتصنيف الوظيفي عام 2022م.
2022-Chapter-II-Health-Resources.xlsx,فهرس الباب الثاني,12,2,physician,physician,"Physicians and Dentists in KSA Health Sectors by Speciality and Professional Categories, 2022G"
2022-Chapter-II-Health-Resources.xlsx,فهرس الباب الثاني,13,2,region,المنطقة,المرافق الصحية بوزارة الصحة حسب المنطقة الصحية عام 2022م
2022-Chapter-II-Health-Resources.xlsx,فهرس الباب الثاني,13,2,year,عام,المرافق الصحية بوزارة الصحة حسب المنطقة الصحية عام 2022م
2022-Chapter-II-Health-Resources.xlsx,فهرس الباب الثاني,14,2,region,region,"Health Utilities in MoH by Health Region, 2022G"
2022-Chapter-II-Health-Resources.xlsx,فهرس الباب الثاني,15,2,region,المنطقة,القوى العاملة الصحية بوزارة الصحة حسب المنطقة الصحية والفئة والجنس والجنسية عام 2022م
2022-Chapter-II-Health-Resources.xlsx,فهرس الباب الثاني,15,2,year,عام,القوى العاملة الصحية بوزارة الصحة حسب المنطقة الصحية والفئة والجنس والجنسية عام 2022م
2022-Chapter-II-Health-Resources.xlsx,فهرس الباب الثاني,16,2,region,region,"Health Manpower in MoH by Health Region,Category,Sex and Nationality, 2022G"
2022-Chapter-II-Health-Resources.xlsx,فهرس الباب الثاني,17,2,year,عام,القوى العاملة الصحية بوزارة الصحة حسب الجنسية في الأعوام الخمسة الأخيرة
2022-Chapter-II-Health-Resources.xlsx,فهرس الباب الثاني,18,2,year,year,Health Manpower in MOH by Nationality  in the Last Five Years
2022-Chapter-II-Health-Resources.xlsx,فهرس الباب الثاني,19,2,year,عام,الفئات الطبية المساعدة بوزارة الصحة حسب التخصص والجنسية والجنس عام 2022م
2022-Chapter-II-Health-Resources.xlsx,فهرس الباب الثاني,21,2,region,المنطقة,القابلات بمرافق وزارة الصحة حسب المنطقة الصحية عام 2022م
2022-Chapter-II-Health-Resources.xlsx,فهرس الباب الثاني,21,2,year,عام,القابلات بمرافق وزارة الصحة حسب المنطقة الصحية عام 2022م
2022-Chapter-II-Health-Resources.xlsx,فهرس الباب الثاني,22,2,region,region,"Midwives in MoH Facilities by Health Region, 2022G"
2022-Chapter-II-Health-Resources.xlsx,فهرس الباب الثاني,23,2,region,المنطقة,المستشفيات والأسرة بوزارة الصحة حسب المنطقة الصحية في الأعوام الخمسة الأخيرة
2022-Chapter-II-Health-Resources.xlsx,فهرس الباب الثاني,23,2,hospital,المستشفيات,المستشفيات والأسرة بوزارة الصحة حسب المنطقة الصحية في الأعوام الخمسة الأخيرة
2022-Chapter-II-Health-Resources.xlsx,فهرس الباب الثاني,23,2,bed,أسرة,المستشفيات والأسرة بوزارة الصحة حسب المنطقة الصحية في الأعوام الخمسة الأخيرة
2022-Chapter-II-Health-Resources.xlsx,فهرس الباب الثاني,24,2,region,region,"MOH Hospitals and Beds by Health Region, in the last Five Years"
2022-Chapter-II-Health-Resources.xlsx,فهرس الباب الثاني,24,2,year,year,"MOH Hospitals and Beds by Health Region, in the last Five Years"
2022-Chapter-II-Health-Resources.xlsx,فهرس الباب الثاني,24,2,hospital,hospital,"MOH Hospitals and Beds by Health Region, in the last Five Years"
2022-Chapter-II-Health-Resources.xlsx,فهرس الباب الثاني,24,2,bed,bed,"MOH Hospitals and Beds by Health Region, in the last Five Years"
2022-Chapter-II-Health-Resources.xlsx,فهرس الباب الثاني,25,2,region,المنطقة,مستشفيات وزارة الصحة وعدد الأسرة حسب المنطقة الصحية والتخصص لعام 2022م
2022-Chapter-II-Health-Resources.xlsx,فهرس الباب الثاني,25,2,year,عام,مستشفيات وزارة الصحة وعدد الأسرة حسب المنطقة الصحية والتخصص لعام 2022م
2022-Chapter-II-Health-Resources.xlsx,فهرس الباب الثاني,25,2,bed,أسرة,مستشفيات وزارة الصحة وعدد الأسرة حسب المنطقة الصحية والتخصص لعام 2022م
2022-Chapter-II-Health-Resources.xlsx,فهرس الباب الثاني,26,2,region,region,"MOH Hospitals and Beds by Health Region and Speciality, 2022G"
2022-Chapter-II-Health-Resources.xlsx,فهرس الباب الثاني,26,2,hospital,hospital,"MOH Hospitals and Beds by Health Region and Speciality, 2022G"
2022-Chapter-II-Health-Resources.xlsx,فهرس الباب الثاني,26,2,bed,bed,"MOH Hospitals and Beds by Health Region and Speciality, 2022G"
2022-Chapter-II-Health-Resources.xlsx,فهرس الباب الثاني,27,2,region,المنطقة,مستشفيات وزارة الصحة حسب السعة السريرية والمنطقة الصحية للعام 2022م
2022-Chapter-II-Health-Resources.xlsx,فهرس الباب الثاني,27,2,year,عام,مستشفيات وزارة الصحة حسب السعة السريرية والمنطقة الصحية للعام 2022م
2022-Chapter-II-Health-Resources.xlsx,فهرس الباب الثاني,27,2,bed,سرير,مستشفيات وزارة الصحة حسب السعة السريرية والمنطقة الصحية للعام 2022م
2022-Chapter-II-Health-Resources.xlsx,فهرس الباب الثاني,28,2,region,region,"MOH Hospitals  by Bed Capacity and Health Region, 2022G"
2022-Chapter-II-Health-Resources.xlsx,فهرس الباب الثاني,28,2,hospital,hospital,"MOH Hospitals  by Bed Capacity and Health Region, 2022G"
2022-Chapter-II-Health-Resources.xlsx,فهرس الباب الثاني,28,2,bed,bed,"MOH Hospitals  by Bed Capacity and Health Region, 2022G"
2022-Chapter-II-Health-Resources.xlsx,فهرس الباب الثاني,29,2,region,المنطقة,الأسرة بمستشفيات وزارة الصحة حسب المنطقة الصحية والتخصص لعام 2022م
2022-Chapter-II-Health-Resources.xlsx,فهرس الباب الثاني,29,2,year,عام,الأسرة بمستشفيات وزارة الصحة حسب المنطقة الصحية والتخصص لعام 2022م
2022-Chapter-II-Health-Resources.xlsx,فهرس الباب الثاني,29,2,bed,أسرة,الأسرة بمستشفيات وزارة الصحة حسب المنطقة الصحية والتخصص لعام 2022م
2022-Chapter-II-Health-Resources.xlsx,فهرس الباب الثاني,30,2,region,region,"Beds at MOH Hospitals By Health Region and Speciality, 2022G."
2022-Chapter-II-Health-Resources.xlsx,فهرس الباب الثاني,30,2,hospital,hospital,"Beds at MOH Hospitals By Health Region and Speciality, 2022G."
2022-Chapter-II-Health-Resources.xlsx,فهرس الباب الثاني,30,2,bed,bed,"Beds at MOH Hospitals By Health Region and Speciality, 2022G."
2022-Chapter-II-Health-Resources.xlsx,فهرس الباب الثاني,31,2,region,المنطقة,أسرة العناية المركزة بمستشفيات وزارة الصحة حسب المنطقة الصحية لعام 2022م
2022-Chapter-II-Health-Resources.xlsx,فهرس الباب الثاني,31,2,year,عام,أسرة العناية المركزة بمستشفيات وزارة الصحة حسب المنطقة الصحية لعام 2022م
2022-Chapter-II-Health-Resources.xlsx,فهرس الباب الثاني,31,2,bed,أسرة,أسرة العناية المركزة بمستشفيات وزارة الصحة حسب المنطقة الصحية لعام 2022م
2022-Chapter-II-Health-Resources.xlsx,فهرس الباب الثاني,32,2,region,region,"Intensive Care  Beds at MOH Hospitals By Health Region, 2022G"
2022-Chapter-II-Health-Resources.xlsx,فهرس الباب الثاني,32,2,hospital,hospital,"Intensive Care  Beds at MOH Hospitals By Health Region, 2022G"
2022-Chapter-II-Health-Resources.xlsx,فهرس الباب الثاني,32,2,bed,bed,"Intensive Care  Beds at MOH Hospitals By Health Region, 2022G"
2022-Chapter-II-Health-Resources.xlsx,فهرس الباب الثاني,33,2,region,المنطقة,أسرة العزل والطوارئ بمستشفيات وزارة الصحة حسب المنطقة الصحية لعام 2022
2022-Chapter-II-Health-Resources.xlsx,فهرس الباب الثاني,33,2,year,عام,أسرة العزل والطوارئ بمستشفيات وزارة الصحة حسب المنطقة الصحية لعام 2022
2022-Chapter-II-Health-Resources.xlsx,فهرس الباب الثاني,33,2,bed,أسرة,أسرة العزل والطوارئ بمستشفيات وزارة الصحة حسب المنطقة الصحية لعام 2022
2022-Chapter-II-Health-Resources.xlsx,فهرس الباب الثاني,34,2,region,region,"Isolation & ER Beds at MOH Hospitals By Health Region, 2022G"
2022-Chapter-II-Health-Resources.xlsx,فهرس الباب الثاني,34,2,hospital,hospital,"Isolation & ER Beds at MOH Hospitals By Health Region, 2022G"
2022-Chapter-II-Health-Resources.xlsx,فهرس الباب الثاني,34,2,bed,bed,"Isolation & ER Beds at MOH Hospitals By Health Region, 2022G"
2022-Chapter-II-Health-Resources.xlsx,فهرس الباب الثاني,35,2,year,عام,القوى العاملة الصحية بمستشفيات وزارة الصحة حسب الجنسية في الأعوام الخمسة الأخيرة
2022-Chapter-II-Health-Resources.xlsx,فهرس الباب الثاني,36,2,year,year,"Health Manpower in MOH Hospitals by Nationality, in the last Five Years"
2022-Chapter-II-Health-Resources.xlsx,فهرس الباب الثاني,36,2,hospital,hospital,"Health Manpower in MOH Hospitals by Nationality, in the last Five Years"
2022-Chapter-II-Health-Resources.xlsx,فهرس الباب الثاني,37,2,region,المنطقة,القوى العاملة الصحية بمستشفيات وزارة الصحة حسب المنطقة الصحية والفئة والجنس والجنسية عام 2022م
2022-Chapter-II-Health-Resources.xlsx,فهرس الباب الثاني,37,2,year,عام,القوى العاملة الصحية بمستشفيات وزارة الصحة حسب المنطقة الصحية والفئة والجنس والجنسية عام 2022م
2022-Chapter-II-Health-Resources.xlsx,فهرس الباب الثاني,38,2,region,region,"Health Manpower in MoH Hospitals by Health Region,Category,Sex and Nationality, 2022G"
2022-Chapter-II-Health-Resources.xlsx,فهرس الباب الثاني,38,2,hospital,hospital,"Health Manpower in MoH Hospitals by Health Region,Category,Sex and Nationality, 2022G"
2022-Chapter-II-Health-Resources.xlsx,فهرس الباب الثاني,39,2,region,المنطقة,الأطباء وأطباء الأسنان بمستشفيات وزارة الصحة حسب التخصص والتصنيف الوظيفي والمنطقة الصحية عام 2022م.
2022-Chapter-II-Health-Resources.xlsx,فهرس الباب الثاني,39,2,year,عام,الأطباء وأطباء الأسنان بمستشفيات وزارة الصحة حسب التخصص والتصنيف الوظيفي والمنطقة الصحية عام 2022م.
2022-Chapter-II-Health-Resources.xlsx,فهرس الباب الثاني,39,2,physician,أطباء,الأطباء وأطباء الأسنان بمستشفيات وزارة الصحة حسب التخصص والتصنيف الوظيفي والمنطقة الصحية عام 2022م.
2022-Chapter-II-Health-Resources.xlsx,فهرس الباب الثاني,40,2,region,region,"Physicians and Dentists, MOH Hospitals  by Speciality, Professional Categories and Health Region, 2022G."
2022-Chapter-II-Health-Resources.xlsx,فهرس الباب الثاني,40,2,hospital,hospital,"Physicians and Dentists, MOH Hospitals  by Speciality, Professional Categories and Health Region, 2022G."
2022-Chapter-II-Health-Resources.xlsx,فهرس الباب الثاني,40,2,physician,physician,"Physicians and Dentists, MOH Hospitals  by Speciality, Professional Categories and Health Region, 2022G."
2022-Chapter-II-Health-Resources.xlsx,2-1,1,1,year,عام,الميزانية المخصصة لوزارة الصحة ( بمليارات الريالات) في الأعوام الخمسة الأخيرة بالنسبة للميزانية العامة للدولة
2022-Chapter-II-Health-Resources.xlsx,2-1,2,1,year,year,Budget Appropriations for MOH in relation to Government Budget (by billion SR) in the last Five Years
2022-Chapter-II-Health-Resources.xlsx,2-1,4,1,year,السنة,السنة الميلادية
2022-Chapter-II-Health-Resources.xlsx,2-1,6,1,year,year,G. Year
2022-Chapter-II-Health-Resources.xlsx,2-1,6,2,total,total,Total Governmental Budget
2022-Chapter-II-Health-Resources.xlsx,2-1,13,4,total,total,* As % of Total Government Budget
2022-Chapter-II-Health-Resources.xlsx,2-2,1,1,population,السكان,المستشفيات والأسرة بالقطاعات الصحية بالمملكة حسب الجهة ومعدل الأسرة لكل عشرة آلاف من السكان في الأعوام الخمسة الأخيرة
2022-Chapter-II-Health-Resources.xlsx,2-2,1,1,hospital,المستشفيات,المستشفيات والأسرة بالقطاعات الصحية بالمملكة حسب الجهة ومعدل الأسرة لكل عشرة آلاف من السكان في الأعوام الخمسة الأخيرة
2022-Chapter-II-Health-Resources.xlsx,2-2,1,1,bed,أسرة,المستشفيات والأسرة بالقطاعات الصحية بالمملكة حسب الجهة ومعدل الأسرة لكل عشرة آلاف من السكان في الأعوام الخمسة الأخيرة
2022-Chapter-II-Health-Resources.xlsx,2-2,2,1,year,year,"Hospitals and Beds in All Health Sectors, KSA and Rate of Beds / 10,000 population, in the last Five Years"
2022-Chapter-II-Health-Resources.xlsx,2-2,2,1,population,population,"Hospitals and Beds in All Health Sectors, KSA and Rate of Beds / 10,000 population, in the last Five Years"
2022-Chapter-II-Health-Resources.xlsx,2-2,2,1,hospital,hospital,"Hospitals and Beds in All Health Sectors, KSA and Rate of Beds / 10,000 population, in the last Five Years"
2022-Chapter-II-Health-Resources.xlsx,2-2,2,1,bed,bed,"Hospitals and Beds in All Health Sectors, KSA and Rate of Beds / 10,000 population, in the last Five Years"
2022-Chapter-II-Health-Resources.xlsx,2-2,4,2,year,عام,العام
2022-Chapter-II-Health-Resources.xlsx,2-2,4,21,year,year,Year
2022-Chapter-II-Health-Resources.xlsx,2-2,6,2,hospital,hospital,Hospitals
2022-Chapter-II-Health-Resources.xlsx,2-2,6,3,hospital,المستشفيات,المستشفيات
2022-Chapter-II-Health-Resources.xlsx,2-2,6,4,bed,bed,Beds
2022-Chapter-II-Health-Resources.xlsx,2-2,6,5,bed,أسرة,الأسرة
2022-Chapter-II-Health-Resources.xlsx,2-2,6,6,hospital,hospital,Hospitals
2022-Chapter-II-Health-Resources.xlsx,2-2,6,7,hospital,المستشفيات,المستشفيات
2022-Chapter-II-Health-Resources.xlsx,2-2,6,8,bed,bed,Beds
2022-Chapter-II-Health-Resources.xlsx,2-2,6,9,bed,أسرة,الأسرة
2022-Chapter-II-Health-Resources.xlsx,2-2,6,10,hospital,hospital,Hospitals
2022-Chapter-II-Health-Resources.xlsx,2-2,6,11,hospital,المستشفيات,المستشفيات
2022-Chapter-II-Health-Resources.xlsx,2-2,6,12,bed,bed,Beds
2022-Chapter-II-Health-Resources.xlsx,2-2,6,13,bed,أسرة,الأسرة
2022-Chapter-II-Health-Resources.xlsx,2-2,6,14,hospital,hospital,Hospitals
2022-Chapter-II-Health-Resources.xlsx,2-2,6,15,hospital,المستشفيات,المستشفيات
2022-Chapter-II-Health-Resources.xlsx,2-2,6,16,bed,bed,Beds
2022-Chapter-II-Health-Resources.xlsx,2-2,6,17,bed,أسرة,الأسرة
2022-Chapter-II-Health-Resources.xlsx,2-2,6,18,hospital,hospital,Hospitals
2022-Chapter-II-Health-Resources.xlsx,2-2,6,19,hospital,المستشفيات,المستشفيات
2022-Chapter-II-Health-Resources.xlsx,2-2,6,20,bed,bed,Beds
2022-Chapter-II-Health-Resources.xlsx,2-2,6,21,bed,أسرة,الأسرة
2022-Chapter-II-Health-Resources.xlsx,2-2,10,1,total,المجموع,المجموع
2022-Chapter-II-Health-Resources.xlsx,2-2,10,22,total,total,Total
2022-Chapter-II-Health-Resources.xlsx,2-2,11,1,bed,أسرة,معدل الأسرة لكل عشرة آلاف نسمة
2022-Chapter-II-Health-Resources.xlsx,2-2,11,22,population,population,"Rate of beds /10,000 population"
2022-Chapter-II-Health-Resources.xlsx,2-2,11,22,bed,bed,"Rate of beds /10,000 population"
2022-Chapter-II-Health-Resources.xlsx,2-3,1,1,region,المنطقة,المستشفيات والأسرة بالقطاعات الصحية بالمملكة حسب المنطقة الصحية 2022م
2022-Chapter-II-Health-Resources.xlsx,2-3,1,1,hospital,المستشفيات,المستشفيات والأسرة بالقطاعات الصحية بالمملكة حسب المنطقة الصحية 2022م
2022-Chapter-II-Health-Resources.xlsx,2-3,1,1,bed,أسرة,المستشفيات والأسرة بالقطاعات الصحية بالمملكة حسب المنطقة الصحية 2022م
2022-Chapter-II-Health-Resources.xlsx,2-3,2,1,region,region,"Hospitals and Beds in KSA Health Sectors by Health Region, 2022G"
2022-Chapter-II-Health-Resources.xlsx,2-3,2,1,hospital,hospital,"Hospitals and Beds in KSA Health Sectors by Health Region, 2022G"
2022-Chapter-II-Health-Resources.xlsx,2-3,2,1,bed,bed,"Hospitals and Beds in KSA Health Sectors by Health Region, 2022G"
2022-Chapter-II-Health-Resources.xlsx,2-3,4,1,region,المنطقة,المنطقة الصحية
2022-Chapter-II-Health-Resources.xlsx,2-3,4,8,total,الإجمالي,الإجمالي
2022-Chapter-II-Health-Resources.xlsx,2-3,4,10,region,region,Health Region
2022-Chapter-II-Health-Resources.xlsx,2-3,5,8,total,total,Total
2022-Chapter-II-Health-Resources.xlsx,2-3,6,2,hospital,المستشفيات,عدد المستشفيات
2022-Chapter-II-Health-Resources.xlsx,2-3,6,3,bed,أسرة,عدد الأسرة
2022-Chapter-II-Health-Resources.xlsx,2-3,6,4,hospital,المستشفيات,عدد المستشفيات
2022-Chapter-II-Health-Resources.xlsx,2-3,6,5,bed,أسرة,عدد الأسرة
2022-Chapter-II-Health-Resources.xlsx,2-3,6,6,hospital,المستشفيات,عدد المستشفيات
2022-Chapter-II-Health-Resources.xlsx,2-3,6,7,bed,أسرة,عدد الأسرة
2022-Chapter-II-Health-Resources.xlsx,2-3,6,8,hospital,المستشفيات,عدد المستشفيات
2022-Chapter-II-Health-Resources.xlsx,2-3,6,9,bed,أسرة,عدد الأسرة
2022-Chapter-II-Health-Resources.xlsx,2-3,7,2,hospital,hospital,Hospitals
2022-Chapter-II-Health-Resources.xlsx,2-3,7,3,bed,bed,Beds
2022-Chapter-II-Health-Resources.xlsx,2-3,7,4,hospital,hospital,Hospitals
2022-Chapter-II-Health-Resources.xlsx,2-3,7,5,bed,bed,Beds
2022-Chapter-II-Health-Resources.xlsx,2-3,7,6,hospital,hospital,Hospitals
2022-Chapter-II-Health-Resources.xlsx,2-3,7,7,bed,bed,Beds
2022-Chapter-II-Health-Resources.xlsx,2-3,7,8,hospital,hospital,Hospitals
2022-Chapter-II-Health-Resources.xlsx,2-3,7,9,bed,bed,Beds
2022-Chapter-II-Health-Resources.xlsx,2-3,28,1,total,الإجمالي,الإجمالي
2022-Chapter-II-Health-Resources.xlsx,2-3,28,10,total,total,Total
2022-Chapter-II-Health-Resources.xlsx,2-4,1,1,year,عام,القوى العاملة الصحية بالقطاعات الصحية بالمملكة في الأعوام الخمسة الأخيرة
2022-Chapter-II-Health-Resources.xlsx,2-4,2,1,year,year,Health Manpower in KSA Health Sectors in the Last Five Years
2022-Chapter-II-Health-Resources.xlsx,2-4,6,2,physician,أطباء,أطباء بشريون
2022-Chapter-II-Health-Resources.xlsx,2-4,6,13,physician,physician,Physicians
2022-Chapter-II-Health-Resources.xlsx,2-4,7,2,physician,أطباء,أطباء أسنان
2022-Chapter-II-Health-Resources.xlsx,2-4,8,2,physician,أطباء,إجمالي الأطباء
2022-Chapter-II-Health-Resources.xlsx,2-4,8,13,physician,physician,Physicians & Dentists
2022-Chapter-II-Health-Resources.xlsx,2-4,9,2,nurse,تمريض,طاقم التمريض
2022-Chapter-II-Health-Resources.xlsx,2-4,9,13,nurse,nurse,Nurses
2022-Chapter-II-Health-Resources.xlsx,2-4,11,2,nurse,تمريض,إجمالي طاقم التمريض والقابلات
2022-Chapter-II-Health-Resources.xlsx,2-4,11,13,total,total,Total Nurses and Midwives
2022-Chapter-II-Health-Resources.xlsx,2-4,11,13,nurse,nurse,Total Nurses and Midwives
2022-Chapter-II-Health-Resources.xlsx,2-4,14,2,physician,أطباء,أطباء بشريون
2022-Chapter-II-Health-Resources.xlsx,2-4,14,13,physician,physician,Physicians
2022-Chapter-II-Health-Resources.xlsx,2-4,15,2,physician,أطباء,أطباء أسنان
2022-Chapter-II-Health-Resources.xlsx,2-4,16,2,physician,أطباء,إجمالي الأطباء
2022-Chapter-II-Health-Resources.xlsx,2-4,16,13,physician,physician,Physicians & Dentists
2022-Chapter-II-Health-Resources.xlsx,2-4,17,2,nurse,تمريض,طاقم التمريض
2022-Chapter-II-Health-Resources.xlsx,2-4,17,13,nurse,nurse,Nurses
2022-Chapter-II-Health-Resources.xlsx,2-4,19,2,nurse,تمريض,إجمالي طاقم التمريض والقابلات
2022-Chapter-II-Health-Resources.xlsx,2-4,19,13,total,total,Total Nurses and Midwives
2022-Chapter-II-Health-Resources.xlsx,2-4,19,13,nurse,nurse,Total Nurses and Midwives
2022-Chapter-II-Health-Resources.xlsx,2-4,22,2,physician,أطباء,أطباء بشريون
2022-Chapter-II-Health-Resources.xlsx,2-4,22,13,physician,physician,Physicians
2022-Chapter-II-Health-Resources.xlsx,2-4,23,2,physician,أطباء,أطباء أسنان
2022-Chapter-II-Health-Resources.xlsx,2-4,24,2,physician,أطباء,إجمالي الأطباء
2022-Chapter-II-Health-Resources.xlsx,2-4,24,13,physician,physician,Physicians & Dentists
2022-Chapter-II-Health-Resources.xlsx,2-4,25,2,nurse,تمريض,طاقم التمريض
2022-Chapter-II-Health-Resources.xlsx,2-4,25,13,nurse,nurse,Nurses
2022-Chapter-II-Health-Resources.xlsx,2-4,27,2,nurse,تمريض,إجمالي طاقم التمريض والقابلات
2022-Chapter-II-Health-Resources.xlsx,2-4,27,13,total,total,Total Nurses and Midwives
2022-Chapter-II-Health-Resources.xlsx,2-4,27,13,nurse,nurse,Total Nurses and Midwives
2022-Chapter-II-Health-Resources.xlsx,2-4,30,1,total,المجموع,المجموع
2022-Chapter-II-Health-Resources.xlsx,2-4,30,2,physician,أطباء,أطباء بشريون
2022-Chapter-II-Health-Resources.xlsx,2-4,30,13,physician,physician,Physicians
2022-Chapter-II-Health-Resources.xlsx,2-4,30,14,total,total,Total
2022-Chapter-II-Health-Resources.xlsx,2-4,31,2,physician,أطباء,أطباء أسنان
2022-Chapter-II-Health-Resources.xlsx,2-4,32,2,physician,أطباء,إجمالي الأطباء
2022-Chapter-II-Health-Resources.xlsx,2-4,32,13,physician,physician,Physicians & Dentists
2022-Chapter-II-Health-Resources.xlsx,2-4,33,2,nurse,تمريض,طاقم التمريض
2022-Chapter-II-Health-Resources.xlsx,2-4,33,13,nurse,nurse,Nurses
2022-Chapter-II-Health-Resources.xlsx,2-4,35,2,nurse,تمريض,إجمالي طاقم التمريض والقابلات
2022-Chapter-II-Health-Resources.xlsx,2-4,35,13,total,total,Total Nurses and Midwives
2022-Chapter-II-Health-Resources.xlsx,2-4,35,13,nurse,nurse,Total Nurses and Midwives
2022-Chapter-II-Health-Resources.xlsx,2-5,1,1,year,عام,الأطباء وأطباء الأسنان بالقطاعات الصحية بالمملكة حسب التخصص والتصنيف الوظيفي عام 2022م.
2022-Chapter-II-Health-Resources.xlsx,2-5,1,1,physician,أطباء,الأطباء وأطباء الأسنان بالقطاعات الصحية بالمملكة حسب التخصص والتصنيف الوظيفي عام 2022م.
2022-Chapter-II-Health-Resources.xlsx,2-5,2,1,physician,physician,"Physicians and Dentists in KSA Health Sectors by Speciality and Professional Categories, 2022G"
2022-Chapter-II-Health-Resources.xlsx,2-5,5,14,total,total,Total KSA
2022-Chapter-II-Health-Resources.xlsx,2-5,6,5,total,المجموع,المجموع
2022-Chapter-II-Health-Resources.xlsx,2-5,6,9,total,المجموع,المجموع
2022-Chapter-II-Health-Resources.xlsx,2-5,6,13,total,المجموع,المجموع
2022-Chapter-II-Health-Resources.xlsx,2-5,6,17,total,المجموع,المجموع
2022-Chapter-II-Health-Resources.xlsx,2-5,7,5,total,total,Total
2022-Chapter-II-Health-Resources.xlsx,2-5,7,9,total,total,Total
2022-Chapter-II-Health-Resources.xlsx,2-5,7,13,total,total,Total
2022-Chapter-II-Health-Resources.xlsx,2-5,7,17,total,total,Total
2022-Chapter-II-Health-Resources.xlsx,2-5,8,1,year,عام,عام
2022-Chapter-II-Health-Resources.xlsx,2-5,11,1,year,عام,جراحة عامة
2022-Chapter-II-Health-Resources.xlsx,2-5,24,1,year,عام,صحة عامة (طب مجتمع) وصحة مهنية
2022-Chapter-II-Health-Resources.xlsx,2-5,33,1,bed,أسرة,طب أسرة
2022-Chapter-II-Health-Resources.xlsx,2-6,1,1,region,المنطقة,المرافق الصحية بوزارة الصحة حسب المنطقة الصحية عام 2022م
2022-Chapter-II-Health-Resources.xlsx,2-6,1,1,year,عام,المرافق الصحية بوزارة الصحة حسب المنطقة الصحية عام 2022م
2022-Chapter-II-Health-Resources.xlsx,2-6,2,1,region,region,"Health Utilities in MoH by Health Region, 2022G"
2022-Chapter-II-Health-Resources.xlsx,2-6,4,1,region,المنطقة,المنطقة الصحية
2022-Chapter-II-Health-Resources.xlsx,2-6,4,3,hospital,مستشفى,مستشفى
2022-Chapter-II-Health-Resources.xlsx,2-6,4,14,region,region,Health Region
2022-Chapter-II-Health-Resources.xlsx,2-6,5,3,hospital,hospital,Hospital
2022-Chapter-II-Health-Resources.xlsx,2-6,5,10,region,region,Central/ Regional Laboratory
2022-Chapter-II-Health-Resources.xlsx,2-6,26,14,total,total,Total
2022-Chapter-II-Health-Resources.xlsx,2-7,1,1,region,المنطقة,القوى العاملة الصحية بوزارة الصحة حسب المنطقة الصحية والفئة والجنس والجنسية عام 2022م
2022-Chapter-II-Health-Resources.xlsx,2-7,1,1,year,عام,القوى العاملة الصحية بوزارة الصحة حسب المنطقة الصحية والفئة والجنس والجنسية عام 2022م
2022-Chapter-II-Health-Resources.xlsx,2-7,2,1,region,region,"Health Manpower in MoH by Health Region, Category, Sex and Nationality, 2022G"
2022-Chapter-II-Health-Resources.xlsx,2-7,6,5,total,المجموع,المجموع
2022-Chapter-II-Health-Resources.xlsx,2-7,6,8,total,المجموع,المجموع
2022-Chapter-II-Health-Resources.xlsx,2-7,6,11,total,المجموع,المجموع
2022-Chapter-II-Health-Resources.xlsx,2-7,6,14,total,المجموع,المجموع
2022-Chapter-II-Health-Resources.xlsx,2-7,7,5,total,total,Total
2022-Chapter-II-Health-Resources.xlsx,2-7,7,8,total,total,Total
2022-Chapter-II-Health-Resources.xlsx,2-7,7,11,total,total,Total
2022-Chapter-II-Health-Resources.xlsx,2-7,7,14,total,total,Total
2022-Chapter-II-Health-Resources.xlsx,2-7,8,1,physician,أطباء,أطباء بشريون
2022-Chapter-II-Health-Resources.xlsx,2-7,8,16,physician,physician,Physicians
2022-Chapter-II-Health-Resources.xlsx,2-7,10,2,total,المجموع,المجموع
2022-Chapter-II-Health-Resources.xlsx,2-7,10,15,total,total,Total
2022-Chapter-II-Health-Resources.xlsx,2-7,11,1,physician,أطباء,أطباء أسنان
2022-Chapter-II-Health-Resources.xlsx,2-7,13,2,total,المجموع,المجموع
2022-Chapter-II-Health-Resources.xlsx,2-7,13,15,total,total,Total
2022-Chapter-II-Health-Resources.xlsx,2-7,14,1,physician,أطباء,إجمالي الأطباء
2022-Chapter-II-Health-Resources.xlsx,2-7,14,16,total,total,Total Physicians and Dentists
2022-Chapter-II-Health-Resources.xlsx,2-7,14,16,physician,physician,Total Physicians and Dentists
2022-Chapter-II-Health-Resources.xlsx,2-7,16,2,total,المجموع,المجموع
2022-Chapter-II-Health-Resources.xlsx,2-7,16,15,total,total,Total
2022-Chapter-II-Health-Resources.xlsx,2-7,17,1,nurse,تمريض,طاقم التمريض
2022-Chapter-II-Health-Resources.xlsx,2-7,17,16,nurse,nurse,Nurses
2022-Chapter-II-Health-Resources.xlsx,2-7,19,2,total,المجموع,المجموع
2022-Chapter-II-Health-Resources.xlsx,2-7,19,15,total,total,Total
2022-Chapter-II-Health-Resources.xlsx,2-7,22,2,total,المجموع,المجموع
2022-Chapter-II-Health-Resources.xlsx,2-7,22,15,total,total,Total
2022-Chapter-II-Health-Resources.xlsx,2-7,23,1,nurse,تمريض,إجمالي طاقم التمريض والقابلات
2022-Chapter-II-Health-Resources.xlsx,2-7,23,16,total,total,Total Nurses and Midwives
2022-Chapter-II-Health-Resources.xlsx,2-7,23,16,nurse,nurse,Total Nurses and Midwives
2022-Chapter-II-Health-Resources.xlsx,2-7,25,2,total,المجموع,المجموع
2022-Chapter-II-Health-Resources.xlsx,2-7,25,15,total,total,Total
2022-Chapter-II-Health-Resources.xlsx,2-7,28,2,total,المجموع,المجموع
2022-Chapter-II-Health-Resources.xlsx,2-7,28,15,total,total,Total
2022-Chapter-II-Health-Resources.xlsx,2-7,31,2,total,المجموع,المجموع
2022-Chapter-II-Health-Resources.xlsx,2-7,31,15,total,total,Total
2022-Chapter-II-Health-Resources.xlsx,2-7,35,5,total,المجموع,المجموع
2022-Chapter-II-Health-Resources.xlsx,2-7,35,8,total,المجموع,المجموع
2022-Chapter-II-Health-Resources.xlsx,2-7,35,11,total,المجموع,المجموع
2022-Chapter-II-Health-Resources.xlsx,2-7,35,14,total,المجموع,المجموع
2022-Chapter-II-Health-Resources.xlsx,2-7,36,5,total,total,Total
2022-Chapter-II-Health-Resources.xlsx,2-7,36,8,total,total,Total
2022-Chapter-II-Health-Resources.xlsx,2-7,36,11,total,total,Total
2022-Chapter-II-Health-Resources.xlsx,2-7,36,14,total,total,Total
2022-Chapter-II-Health-Resources.xlsx,2-7,37,1,physician,أطباء,أطباء بشريون
2022-Chapter-II-Health-Resources.xlsx,2-7,37,16,physician,physician,Physicians
2022-Chapter-II-Health-Resources.xlsx,2-7,39,2,total,المجموع,المجموع
2022-Chapter-II-Health-Resources.xlsx,2-7,39,15,total,total,Total
2022-Chapter-II-Health-Resources.xlsx,2-7,40,1,physician,أطباء,أطباء أسنان
2022-Chapter-II-Health-Resources.xlsx,2-8 ,1,1,year,عام,القوى العاملة الصحية بوزارة الصحة حسب الجنسية في الأعوام الخمسة الأخيرة
2022-Chapter-II-Health-Resources.xlsx,2-8 ,2,1,year,year,Health Manpower in MoH by Nationality in the Last Five Years
2022-Chapter-II-Health-Resources.xlsx,2-8 ,4,4,year,year,Year
2022-Chapter-II-Health-Resources.xlsx,2-8 ,6,1,physician,أطباء,أطباء بشريون
2022-Chapter-II-Health-Resources.xlsx,2-8 ,6,9,physician,physician,Physicians
2022-Chapter-II-Health-Resources.xlsx,2-8 ,8,2,total,المجموع,المجموع
2022-Chapter-II-Health-Resources.xlsx,2-8 ,8,8,total,total,Total
2022-Chapter-II-Health-Resources.xlsx,2-8 ,9,1,physician,أطباء,أطباء أسنان
2022-Chapter-II-Health-Resources.xlsx,2-8 ,11,2,total,المجموع,المجموع
2022-Chapter-II-Health-Resources.xlsx,2-8 ,11,8,total,total,Total
2022-Chapter-II-Health-Resources.xlsx,2-8 ,12,1,physician,أطباء,إجمالي الأطباء
2022-Chapter-II-Health-Resources.xlsx,2-8 ,12,9,total,total,Total Physicians and Dentists
2022-Chapter-II-Health-Resources.xlsx,2-8 ,12,9,physician,physician,Total Physicians and Dentists
2022-Chapter-II-Health-Resources.xlsx,2-8 ,14,2,total,المجموع,المجموع
2022-Chapter-II-Health-Resources.xlsx,2-8 ,14,8,total,total,Total
2022-Chapter-II-Health-Resources.xlsx,2-8 ,15,1,nurse,تمريض,طاقم التمريض
2022-Chapter-II-Health-Resources.xlsx,2-8 ,15,9,nurse,nurse,Nurses
2022-Chapter-II-Health-Resources.xlsx,2-8 ,17,2,total,المجموع,المجموع
2022-Chapter-II-Health-Resources.xlsx,2-8 ,17,8,total,total,Total
2022-Chapter-II-Health-Resources.xlsx,2-8 ,20,2,total,المجموع,المجموع
2022-Chapter-II-Health-Resources.xlsx,2-8 ,20,8,total,total,Total
2022-Chapter-II-Health-Resources.xlsx,2-8 ,21,1,nurse,تمريض,إجمالي طاقم التمريض والقابلات
2022-Chapter-II-Health-Resources.xlsx,2-8 ,21,9,total,total,Total Nurses and Midwives
2022-Chapter-II-Health-Resources.xlsx,2-8 ,21,9,nurse,nurse,Total Nurses and Midwives
2022-Chapter-II-Health-Resources.xlsx,2-8 ,23,2,total,المجموع,المجموع
2022-Chapter-II-Health-Resources.xlsx,2-8 ,23,8,total,total,Total
2022-Chapter-II-Health-Resources.xlsx,2-8 ,26,2,total,المجموع,المجموع
2022-Chapter-II-Health-Resources.xlsx,2-8 ,26,8,total,total,Total
2022-Chapter-II-Health-Resources.xlsx,2-8 ,29,2,total,المجموع,المجموع
2022-Chapter-II-Health-Resources.xlsx,2-8 ,29,8,total,total,Total
2022-Chapter-II-Health-Resources.xlsx,2-9,1,1,year,عام,الفئات الطبية المساعدة بوزارة الصحة حسب التخصص والجنسية والجنس عام 2022م
2022-Chapter-II-Health-Resources.xlsx,2-9,4,8,total,المجموع,المجموع
2022-Chapter-II-Health-Resources.xlsx,2-9,5,8,total,total,Total
2022-Chapter-II-Health-Resources.xlsx,2-9,9,1,year,عام,صحة عامة
2022-Chapter-II-Health-Resources.xlsx,2-9,14,9,activity,operations,Surgical Operations
2022-Chapter-II-Health-Resources.xlsx,2-9,28,1,total,المجموع,المجموع
2022-Chapter-II-Health-Resources.xlsx,2-9,28,9,total,total,Total
2022-Chapter-II-Health-Resources.xlsx,2-10,1,1,region,المنطقة,القابلات بمرافق وزارة الصحة حسب المنطقة الصحية عام 2022م
2022-Chapter-II-Health-Resources.xlsx,2-10,1,1,year,عام,القابلات بمرافق وزارة الصحة حسب المنطقة الصحية عام 2022م
2022-Chapter-II-Health-Resources.xlsx,2-10,2,1,region,region,"Midwives in MoH Facilities by Health Region, 2022G"
2022-Chapter-II-Health-Resources.xlsx,2-10,4,1,region,المنطقة,المنطقة الصحية
2022-Chapter-II-Health-Resources.xlsx,2-10,4,2,hospital,المستشفيات,المستشفيات
2022-Chapter-II-Health-Resources.xlsx,2-10,4,11,total,الإجمالي,الإجمالي
2022-Chapter-II-Health-Resources.xlsx,2-10,4,14,region,region,Health Region
2022-Chapter-II-Health-Resources.xlsx,2-10,5,2,hospital,hospital,Hospitals
2022-Chapter-II-Health-Resources.xlsx,2-10,5,11,total,total,Total
2022-Chapter-II-Health-Resources.xlsx,2-10,6,4,total,المجموع,المجموع
2022-Chapter-II-Health-Resources.xlsx,2-10,6,7,total,المجموع,المجموع
2022-Chapter-II-Health-Resources.xlsx,2-10,6,10,total,المجموع,المجموع
2022-Chapter-II-Health-Resources.xlsx,2-10,6,13,total,المجموع,المجموع
2022-Chapter-II-Health-Resources.xlsx,2-10,7,4,total,total,Total
2022-Chapter-II-Health-Resources.xlsx,2-10,7,7,total,total,Total
2022-Chapter-II-Health-Resources.xlsx,2-10,7,10,total,total,Total
2022-Chapter-II-Health-Resources.xlsx,2-10,7,13,total,total,Total
2022-Chapter-II-Health-Resources.xlsx,2-10,29,1,total,الإجمالي,الإجمالي
2022-Chapter-II-Health-Resources.xlsx,2-10,29,14,total,total,Total
2022-Chapter-II-Health-Resources.xlsx,2-10,31,1,year,عام,المصدر : الإدارة العامة لشؤون التمريض بوزارة الصحة - إدارة القبالة
2022-Chapter-II-Health-Resources.xlsx,2-10,31,1,source,المصدر,المصدر : الإدارة العامة لشؤون التمريض بوزارة الصحة - إدارة القبالة
2022-Chapter-II-Health-Resources.xlsx,2-10,31,1,nurse,تمريض,المصدر : الإدارة العامة لشؤون التمريض بوزارة الصحة - إدارة القبالة
2022-Chapter-II-Health-Resources.xlsx,2-10,31,7,source,source,Source: General Department of Nursing Affairs- Midwifery Department
2022-Chapter-II-Health-Resources.xlsx,2-11,1,1,region,المنطقة,المستشفيات والأسرة بوزارة الصحة حسب المنطقة الصحية في الأعوام الخمسة الأخيرة
2022-Chapter-II-Health-Resources.xlsx,2-11,1,1,hospital,المستشفيات,المستشفيات والأسرة بوزارة الصحة حسب المنطقة الصحية في الأعوام الخمسة الأخيرة
2022-Chapter-II-Health-Resources.xlsx,2-11,1,1,bed,أسرة,المستشفيات والأسرة بوزارة الصحة حسب المنطقة الصحية في الأعوام الخمسة الأخيرة
2022-Chapter-II-Health-Resources.xlsx,2-11,2,1,region,region,"MOH Hospitals and Beds by Health Region, in the last Five Years"
2022-Chapter-II-Health-Resources.xlsx,2-11,2,1,year,year,"MOH Hospitals and Beds by Health Region, in the last Five Years"
2022-Chapter-II-Health-Resources.xlsx,2-11,2,1,hospital,hospital,"MOH Hospitals and Beds by Health Region, in the last Five Years"
2022-Chapter-II-Health-Resources.xlsx,2-11,2,1,bed,bed,"MOH Hospitals and Beds by Health Region, in the last Five Years"
2022-Chapter-II-Health-Resources.xlsx,2-11,5,1,region,المنطقة,المنطقة الصحية
2022-Chapter-II-Health-Resources.xlsx,2-11,5,3,bed,أسرة,أسرة
2022-Chapter-II-Health-Resources.xlsx,2-11,5,5,bed,أسرة,أسرة
2022-Chapter-II-Health-Resources.xlsx,2-11,5,7,bed,أسرة,أسرة
2022-Chapter-II-Health-Resources.xlsx,2-11,5,9,bed,أسرة,أسرة
2022-Chapter-II-Health-Resources.xlsx,2-11,5,11,bed,أسرة,أسرة
2022-Chapter-II-Health-Resources.xlsx,2-11,5,13,bed,أسرة,أسرة
2022-Chapter-II-Health-Resources.xlsx,2-11,5,14,region,region,Health Region
2022-Chapter-II-Health-Resources.xlsx,2-11,6,2,hospital,hospital,Hospitals
2022-Chapter-II-Health-Resources.xlsx,2-11,6,3,bed,bed,Beds
2022-Chapter-II-Health-Resources.xlsx,2-11,6,4,hospital,hospital,Hospitals
2022-Chapter-II-Health-Resources.xlsx,2-11,6,5,bed,bed,Beds
2022-Chapter-II-Health-Resources.xlsx,2-11,6,6,hospital,hospital,Hospitals
2022-Chapter-II-Health-Resources.xlsx,2-11,6,7,bed,bed,Beds
2022-Chapter-II-Health-Resources.xlsx,2-11,6,8,hospital,hospital,Hospitals
2022-Chapter-II-Health-Resources.xlsx,2-11,6,9,bed,bed,Beds
2022-Chapter-II-Health-Resources.xlsx,2-11,6,10,hospital,hospital,Hospitals
2022-Chapter-II-Health-Resources.xlsx,2-11,6,11,bed,bed,Beds
2022-Chapter-II-Health-Resources.xlsx,2-11,6,12,hospital,hospital,Hospitals
2022-Chapter-II-Health-Resources.xlsx,2-11,6,13,bed,bed,Beds
2022-Chapter-II-Health-Resources.xlsx,2-11,27,1,total,المجموع,المجموع
2022-Chapter-II-Health-Resources.xlsx,2-11,27,14,total,total,Total
2022-Chapter-II-Health-Resources.xlsx,2-12,1,1,region,المنطقة,مستشفيات وزارة الصحة وعدد الأسرة حسب المنطقة الصحية والتخصص لعام 2022م
2022-Chapter-II-Health-Resources.xlsx,2-12,1,1,year,عام,مستشفيات وزارة الصحة وعدد الأسرة حسب المنطقة الصحية والتخصص لعام 2022م
2022-Chapter-II-Health-Resources.xlsx,2-12,1,1,bed,أسرة,مستشفيات وزارة الصحة وعدد الأسرة حسب المنطقة الصحية والتخصص لعام 2022م
2022-Chapter-II-Health-Resources.xlsx,2-12,2,1,region,region,"MoH Hospitals and Beds by Health Region and Speciality, 2022G"
2022-Chapter-II-Health-Resources.xlsx,2-12,2,1,hospital,hospital,"MoH Hospitals and Beds by Health Region and Speciality, 2022G"
2022-Chapter-II-Health-Resources.xlsx,2-12,2,1,bed,bed,"MoH Hospitals and Beds by Health Region and Speciality, 2022G"
2022-Chapter-II-Health-Resources.xlsx,2-12,4,1,region,المنطقة,المنطقة الصحية
2022-Chapter-II-Health-Resources.xlsx,2-12,4,2,year,عام,عامة
2022-Chapter-II-Health-Resources.xlsx,2-12,4,16,total,المجموع,المجموع
2022-Chapter-II-Health-Resources.xlsx,2-12,4,18,region,region,Health Region
2022-Chapter-II-Health-Resources.xlsx,2-12,5,16,total,total,Total
2022-Chapter-II-Health-Resources.xlsx,2-12,6,3,bed,أسرة,أسرة
2022-Chapter-II-Health-Resources.xlsx,2-12,6,5,bed,أسرة,أسرة
2022-Chapter-II-Health-Resources.xlsx,2-12,6,7,bed,أسرة,أسرة
2022-Chapter-II-Health-Resources.xlsx,2-12,6,9,bed,أسرة,أسرة
2022-Chapter-II-Health-Resources.xlsx,2-12,6,11,bed,أسرة,أسرة
2022-Chapter-II-Health-Resources.xlsx,2-12,6,13,bed,أسرة,أسرة
2022-Chapter-II-Health-Resources.xlsx,2-12,6,15,bed,أسرة,أسرة
2022-Chapter-II-Health-Resources.xlsx,2-12,6,17,bed,أسرة,أسرة
2022-Chapter-II-Health-Resources.xlsx,2-12,7,2,hospital,hospital,Hospitals
2022-Chapter-II-Health-Resources.xlsx,2-12,7,3,bed,bed,Beds
2022-Chapter-II-Health-Resources.xlsx,2-12,7,4,hospital,hospital,Hospitals
2022-Chapter-II-Health-Resources.xlsx,2-12,7,5,bed,bed,Beds
2022-Chapter-II-Health-Resources.xlsx,2-12,7,6,hospital,hospital,Hospitals
2022-Chapter-II-Health-Resources.xlsx,2-12,7,7,bed,bed,Beds
2022-Chapter-II-Health-Resources.xlsx,2-12,7,8,hospital,hospital,Hospitals
2022-Chapter-II-Health-Resources.xlsx,2-12,7,9,bed,bed,Beds
2022-Chapter-II-Health-Resources.xlsx,2-12,7,10,hospital,hospital,Hospitals
2022-Chapter-II-Health-Resources.xlsx,2-12,7,11,bed,bed,Beds
2022-Chapter-II-Health-Resources.xlsx,2-12,7,12,hospital,hospital,Hospitals
2022-Chapter-II-Health-Resources.xlsx,2-12,7,13,bed,bed,Beds
2022-Chapter-II-Health-Resources.xlsx,2-12,7,14,hospital,hospital,Hospitals
2022-Chapter-II-Health-Resources.xlsx,2-12,7,15,bed,bed,Beds
2022-Chapter-II-Health-Resources.xlsx,2-12,7,16,hospital,hospital,Hospitals
2022-Chapter-II-Health-Resources.xlsx,2-12,7,17,bed,bed,Beds
2022-Chapter-II-Health-Resources.xlsx,2-12,28,1,total,المجموع,المجموع
2022-Chapter-II-Health-Resources.xlsx,2-12,28,18,total,total,Total
2022-Chapter-II-Health-Resources.xlsx,2-12,30,1,hospital,مستشفى,مستشفى النقاهة ببيشة تعتبر مستشفى رعاية مديدة وصحة نفسية (50 سرير رعاية مديدة + 50 سرير صحة نفسية)
2022-Chapter-II-Health-Resources.xlsx,2-12,30,1,bed,سرير,مستشفى النقاهة ببيشة تعتبر مستشفى رعاية مديدة وصحة نفسية (50 سرير رعاية مديدة + 50 سرير صحة نفسية)
2022-Chapter-II-Health-Resources.xlsx,2-12,30,18,hospital,hospital,Convalescence hospital in Bishah includes psychiatric hospital (each 50 beds)
2022-Chapter-II-Health-Resources.xlsx,2-12,30,18,bed,bed,Convalescence hospital in Bishah includes psychiatric hospital (each 50 beds)
2022-Chapter-II-Health-Resources.xlsx,2-12,31,1,hospital,مستشفى,مستشفى الرعاية المديدة بالعاصمة المقدسة تعتبر مستشفى رعاية مديدة وجذام (100 سرير رعاية مديدة +50سرير جذام)
2022-Chapter-II-Health-Resources.xlsx,2-12,31,1,bed,سرير,مستشفى الرعاية المديدة بالعاصمة المقدسة تعتبر مستشفى رعاية مديدة وجذام (100 سرير رعاية مديدة +50سرير جذام)
2022-Chapter-II-Health-Resources.xlsx,2-12,31,18,hospital,hospital,Long term care hospital in The Holy Capital includes 50 beds for Leprosy
2022-Chapter-II-Health-Resources.xlsx,2-12,31,18,bed,bed,Long term care hospital in The Holy Capital includes 50 beds for Leprosy
2022-Chapter-II-Health-Resources.xlsx,2-12,32,1,bed,سرير,اجمالي أسرة الرعاية المديدة 880 سرير
2022-Chapter-II-Health-Resources.xlsx,2-12,32,18,total,total,Total Long Term Care Beds is 880 beds
2022-Chapter-II-Health-Resources.xlsx,2-12,32,18,bed,bed,Total Long Term Care Beds is 880 beds
2022-Chapter-II-Health-Resources.xlsx,2-13,1,1,region,المنطقة,مستشفيات وزارة الصحة حسب السعة السريرية والمنطقة الصحية للعام 2022م
2022-Chapter-II-Health-Resources.xlsx,2-13,1,1,year,عام,مستشفيات وزارة الصحة حسب السعة السريرية والمنطقة الصحية للعام 2022م
2022-Chapter-II-Health-Resources.xlsx,2-13,1,1,bed,سرير,مستشفيات وزارة الصحة حسب السعة السريرية والمنطقة الصحية للعام 2022م
2022-Chapter-II-Health-Resources.xlsx,2-13,2,1,region,region,"MoH Hospitals  by Bed Capacity and Health Region, 2022G"
2022-Chapter-II-Health-Resources.xlsx,2-13,2,1,hospital,hospital,"MoH Hospitals  by Bed Capacity and Health Region, 2022G"
2022-Chapter-II-Health-Resources.xlsx,2-13,2,1,bed,bed,"MoH Hospitals  by Bed Capacity and Health Region, 2022G"
2022-Chapter-II-Health-Resources.xlsx,2-13,4,1,region,المنطقة,المنطقة الصحية
2022-Chapter-II-Health-Resources.xlsx,2-13,4,2,bed,سرير,السعة السريرية
2022-Chapter-II-Health-Resources.xlsx,2-13,4,6,bed,bed,Bed Capacity
2022-Chapter-II-Health-Resources.xlsx,2-13,4,10,region,region,Health Region
2022-Chapter-II-Health-Resources.xlsx,2-13,5,9,total,total,"الإجمالي 
Total"
2022-Chapter-II-Health-Resources.xlsx,2-13,26,1,total,المجموع,المجموع
2022-Chapter-II-Health-Resources.xlsx,2-13,26,10,total,total,Total
2022-Chapter-II-Health-Resources.xlsx,2.14,1,1,region,المنطقة,الأسرة بمستشفيات وزارة الصحة حسب المنطقة الصحية والتخصص لعام 2022م
2022-Chapter-II-Health-Resources.xlsx,2.14,1,1,year,عام,الأسرة بمستشفيات وزارة الصحة حسب المنطقة الصحية والتخصص لعام 2022م
2022-Chapter-II-Health-Resources.xlsx,2.14,1,1,bed,أسرة,الأسرة بمستشفيات وزارة الصحة حسب المنطقة الصحية والتخصص لعام 2022م
2022-Chapter-II-Health-Resources.xlsx,2.14,2,1,region,region,"Beds at MoH Hospitals By Health Region and Speciality, 2022G."
2022-Chapter-II-Health-Resources.xlsx,2.14,2,1,hospital,hospital,"Beds at MoH Hospitals By Health Region and Speciality, 2022G."
2022-Chapter-II-Health-Resources.xlsx,2.14,2,1,bed,bed,"Beds at MoH Hospitals By Health Region and Speciality, 2022G."
2022-Chapter-II-Health-Resources.xlsx,2.14,4,1,region,المنطقة,المنطقة الصحية
2022-Chapter-II-Health-Resources.xlsx,2.14,4,34,total,total,Total
2022-Chapter-II-Health-Resources.xlsx,2.14,4,35,total,المجموع,المجموع
2022-Chapter-II-Health-Resources.xlsx,2.14,4,36,region,region,Health Region
2022-Chapter-II-Health-Resources.xlsx,2.14,25,1,total,المجموع,المجموع
2022-Chapter-II-Health-Resources.xlsx,2.14,25,36,total,total,Total
2022-Chapter-II-Health-Resources.xlsx,2.15,1,1,region,المنطقة,أسرة العناية المركزة بمستشفيات وزارة الصحة حسب المنطقة الصحية لعام 2022م
2022-Chapter-II-Health-Resources.xlsx,2.15,1,1,year,عام,أسرة العناية المركزة بمستشفيات وزارة الصحة حسب المنطقة الصحية لعام 2022م
2022-Chapter-II-Health-Resources.xlsx,2.15,1,1,bed,أسرة,أسرة العناية المركزة بمستشفيات وزارة الصحة حسب المنطقة الصحية لعام 2022م
2022-Chapter-II-Health-Resources.xlsx,2.15,2,1,region,region,"Intensive Care Beds at MoH Hospitals By Health Region, 2022G"
2022-Chapter-II-Health-Resources.xlsx,2.15,2,1,hospital,hospital,"Intensive Care Beds at MoH Hospitals By Health Region, 2022G"
2022-Chapter-II-Health-Resources.xlsx,2.15,2,1,bed,bed,"Intensive Care Beds at MoH Hospitals By Health Region, 2022G"
2022-Chapter-II-Health-Resources.xlsx,2.15,4,1,region,المنطقة,المنطقة الصحية
2022-Chapter-II-Health-Resources.xlsx,2.15,4,2,hospital,المستشفيات,المستشفيات 100 سرير فأكثر
2022-Chapter-II-Health-Resources.xlsx,2.15,4,2,bed,سرير,المستشفيات 100 سرير فأكثر
2022-Chapter-II-Health-Resources.xlsx,2.15,4,5,hospital,المستشفيات,المستشفيات 50-99 سرير
2022-Chapter-II-Health-Resources.xlsx,2.15,4,5,bed,سرير,المستشفيات 50-99 سرير
2022-Chapter-II-Health-Resources.xlsx,2.15,4,8,total,الإجمالي,الإجمالي
2022-Chapter-II-Health-Resources.xlsx,2.15,4,11,region,region,Health Region
2022-Chapter-II-Health-Resources.xlsx,2.15,5,2,hospital,hospital,Hospitals 100+ Beds
2022-Chapter-II-Health-Resources.xlsx,2.15,5,2,bed,bed,Hospitals 100+ Beds
2022-Chapter-II-Health-Resources.xlsx,2.15,5,5,hospital,hospital,Hospitals 50-99 Beds
2022-Chapter-II-Health-Resources.xlsx,2.15,5,5,bed,bed,Hospitals 50-99 Beds
2022-Chapter-II-Health-Resources.xlsx,2.15,5,8,total,total,Total
2022-Chapter-II-Health-Resources.xlsx,2.15,28,1,total,المجموع,المجموع
2022-Chapter-II-Health-Resources.xlsx,2.15,28,11,total,total,Total
2022-Chapter-II-Health-Resources.xlsx,2.16,1,1,region,المنطقة,أسرة العزل والطوارئ بمستشفيات وزارة الصحة حسب المنطقة الصحية لعام 2022
2022-Chapter-II-Health-Resources.xlsx,2.16,1,1,year,عام,أسرة العزل والطوارئ بمستشفيات وزارة الصحة حسب المنطقة الصحية لعام 2022
2022-Chapter-II-Health-Resources.xlsx,2.16,1,1,bed,أسرة,أسرة العزل والطوارئ بمستشفيات وزارة الصحة حسب المنطقة الصحية لعام 2022
2022-Chapter-II-Health-Resources.xlsx,2.16,2,1,region,region,"Isolation & ER Beds at MoH Hospitals By Health Region, 2022G"
2022-Chapter-II-Health-Resources.xlsx,2.16,2,1,hospital,hospital,"Isolation & ER Beds at MoH Hospitals By Health Region, 2022G"
2022-Chapter-II-Health-Resources.xlsx,2.16,2,1,bed,bed,"Isolation & ER Beds at MoH Hospitals By Health Region, 2022G"
2022-Chapter-II-Health-Resources.xlsx,2.16,4,1,region,المنطقة,المنطقة الصحية
2022-Chapter-II-Health-Resources.xlsx,2.16,4,2,bed,أسرة,أسرة العزل
2022-Chapter-II-Health-Resources.xlsx,2.16,4,6,bed,أسرة,أسرة الطوارئ
2022-Chapter-II-Health-Resources.xlsx,2.16,4,9,region,region,Health Region
2022-Chapter-II-Health-Resources.xlsx,2.16,5,2,bed,bed,Isolation Beds
2022-Chapter-II-Health-Resources.xlsx,2.16,5,6,bed,bed,ER Beds
2022-Chapter-II-Health-Resources.xlsx,2.16,6,3,hospital,المستشفيات,المستشفيات 100 سرير فأكثر
2022-Chapter-II-Health-Resources.xlsx,2.16,6,3,bed,سرير,المستشفيات 100 سرير فأكثر
2022-Chapter-II-Health-Resources.xlsx,2.16,6,4,hospital,المستشفيات,المستشفيات 50-99 سرير
2022-Chapter-II-Health-Resources.xlsx,2.16,6,4,bed,سرير,المستشفيات 50-99 سرير
2022-Chapter-II-Health-Resources.xlsx,2.16,6,5,total,الإجمالي,الإجمالي
2022-Chapter-II-Health-Resources.xlsx,2.16,6,6,bed,أسرة,أسرة  بأجهزة مراقبة
2022-Chapter-II-Health-Resources.xlsx,2.16,6,7,bed,أسرة,أسرة بدون أجهزة مراقبة
2022-Chapter-II-Health-Resources.xlsx,2.16,6,8,total,الإجمالي,الإجمالي
2022-Chapter-II-Health-Resources.xlsx,2.16,7,3,hospital,hospital,Hospitals 100+ Beds
2022-Chapter-II-Health-Resources.xlsx,2.16,7,3,bed,bed,Hospitals 100+ Beds
2022-Chapter-II-Health-Resources.xlsx,2.16,7,4,hospital,hospital,Hospitals 50-99 Beds
2022-Chapter-II-Health-Resources.xlsx,2.16,7,4,bed,bed,Hospitals 50-99 Beds
2022-Chapter-II-Health-Resources.xlsx,2.16,7,5,total,total,Total
2022-Chapter-II-Health-Resources.xlsx,2.16,7,6,bed,bed,Beds with Monitors
2022-Chapter-II-Health-Resources.xlsx,2.16,7,7,bed,bed,Beds without Monitors
2022-Chapter-II-Health-Resources.xlsx,2.16,7,8,total,total,Total
2022-Chapter-II-Health-Resources.xlsx,2.16,28,1,total,المجموع,المجموع
2022-Chapter-II-Health-Resources.xlsx,2.16,28,9,total,total,Total
2022-Chapter-II-Health-Resources.xlsx,2.17,1,1,year,عام,القوى العاملة الصحية بمستشفيات وزارة الصحة حسب الجنسية في الأعوام الخمسة الأخيرة
2022-Chapter-II-Health-Resources.xlsx,2.17,2,1,year,year,"Health Manpower in MoH Hospitals by Nationality, in the last Five Years"
2022-Chapter-II-Health-Resources.xlsx,2.17,2,1,hospital,hospital,"Health Manpower in MoH Hospitals by Nationality, in the last Five Years"
2022-Chapter-II-Health-Resources.xlsx,2.17,4,4,year,year,Year
2022-Chapter-II-Health-Resources.xlsx,2.17,6,1,physician,أطباء,أطباء بشريون
2022-Chapter-II-Health-Resources.xlsx,2.17,6,9,physician,physician,Physicians
2022-Chapter-II-Health-Resources.xlsx,2.17,8,2,total,المجموع,المجموع
2022-Chapter-II-Health-Resources.xlsx,2.17,8,8,total,total,Total
2022-Chapter-II-Health-Resources.xlsx,2.17,9,1,physician,أطباء,أطباء أسنان
2022-Chapter-II-Health-Resources.xlsx,2.17,11,2,total,المجموع,المجموع
2022-Chapter-II-Health-Resources.xlsx,2.17,11,8,total,total,Total
2022-Chapter-II-Health-Resources.xlsx,2.17,12,1,physician,أطباء,إجمالي الأطباء
2022-Chapter-II-Health-Resources.xlsx,2.17,12,9,total,total,Total Physicians and Dentists
2022-Chapter-II-Health-Resources.xlsx,2.17,12,9,physician,physician,Total Physicians and Dentists
2022-Chapter-II-Health-Resources.xlsx,2.17,14,2,total,المجموع,المجموع
2022-Chapter-II-Health-Resources.xlsx,2.17,14,8,total,total,Total
2022-Chapter-II-Health-Resources.xlsx,2.17,15,1,nurse,تمريض,طاقم التمريض
2022-Chapter-II-Health-Resources.xlsx,2.17,15,9,nurse,nurse,Nurses
2022-Chapter-II-Health-Resources.xlsx,2.17,17,2,total,المجموع,المجموع
2022-Chapter-II-Health-Resources.xlsx,2.17,17,8,total,total,Total
2022-Chapter-II-Health-Resources.xlsx,2.17,20,2,total,المجموع,المجموع
2022-Chapter-II-Health-Resources.xlsx,2.17,20,8,total,total,Total
2022-Chapter-II-Health-Resources.xlsx,2.17,21,1,nurse,تمريض,إجمالي طاقم التمريض والقابلات
2022-Chapter-II-Health-Resources.xlsx,2.17,21,9,total,total,Total Nurses and Midwives
2022-Chapter-II-Health-Resources.xlsx,2.17,21,9,nurse,nurse,Total Nurses and Midwives
2022-Chapter-II-Health-Resources.xlsx,2.17,23,2,total,المجموع,المجموع
2022-Chapter-II-Health-Resources.xlsx,2.17,23,8,total,total,Total
2022-Chapter-II-Health-Resources.xlsx,2.17,26,2,total,المجموع,المجموع
2022-Chapter-II-Health-Resources.xlsx,2.17,26,8,total,total,Total
2022-Chapter-II-Health-Resources.xlsx,2.17,29,2,total,المجموع,المجموع
2022-Chapter-II-Health-Resources.xlsx,2.17,29,8,total,total,Total
2022-Chapter-II-Health-Resources.xlsx,2.18,1,1,region,المنطقة,القوى العاملة الصحية بمستشفيات وزارة الصحة حسب المنطقة الصحية والفئة والجنس والجنسية عام 2022م
2022-Chapter-II-Health-Resources.xlsx,2.18,1,1,year,عام,القوى العاملة الصحية بمستشفيات وزارة الصحة حسب المنطقة الصحية والفئة والجنس والجنسية عام 2022م
2022-Chapter-II-Health-Resources.xlsx,2.18,2,1,region,region,"Health Manpower in MoH Hospitals by Health Region, Category, Sex and Nationality, 2022G"
2022-Chapter-II-Health-Resources.xlsx,2.18,2,1,hospital,hospital,"Health Manpower in MoH Hospitals by Health Region, Category, Sex and Nationality, 2022G"
2022-Chapter-II-Health-Resources.xlsx,2.18,6,5,total,المجموع,المجموع
2022-Chapter-II-Health-Resources.xlsx,2.18,6,8,total,المجموع,المجموع
2022-Chapter-II-Health-Resources.xlsx,2.18,6,11,total,المجموع,المجموع
2022-Chapter-II-Health-Resources.xlsx,2.18,6,14,total,المجموع,المجموع
2022-Chapter-II-Health-Resources.xlsx,2.18,7,5,total,total,Total
2022-Chapter-II-Health-Resources.xlsx,2.18,7,8,total,total,Total
2022-Chapter-II-Health-Resources.xlsx,2.18,7,11,total,total,Total
2022-Chapter-II-Health-Resources.xlsx,2.18,7,14,total,total,Total
2022-Chapter-II-Health-Resources.xlsx,2.18,8,1,physician,أطباء,أطباء بشريون
2022-Chapter-II-Health-Resources.xlsx,2.18,8,16,physician,physician,Physicians
2022-Chapter-II-Health-Resources.xlsx,2.18,10,2,total,المجموع,المجموع
2022-Chapter-II-Health-Resources.xlsx,2.18,10,15,total,total,Total
2022-Chapter-II-Health-Resources.xlsx,2.18,11,1,physician,أطباء,أطباء أسنان
2022-Chapter-II-Health-Resources.xlsx,2.18,13,2,total,المجموع,المجموع
2022-Chapter-II-Health-Resources.xlsx,2.18,13,15,total,total,Total
2022-Chapter-II-Health-Resources.xlsx,2.18,14,1,physician,أطباء,إجمالي الأطباء
2022-Chapter-II-Health-Resources.xlsx,2.18,14,16,total,total,Total Physicians and Dentists
2022-Chapter-II-Health-Resources.xlsx,2.18,14,16,physician,physician,Total Physicians and Dentists
2022-Chapter-II-Health-Resources.xlsx,2.18,16,2,total,المجموع,المجموع
2022-Chapter-II-Health-Resources.xlsx,2.18,16,15,total,total,Total
2022-Chapter-II-Health-Resources.xlsx,2.18,17,1,nurse,تمريض,طاقم التمريض
2022-Chapter-II-Health-Resources.xlsx,2.18,17,16,nurse,nurse,Nurses
2022-Chapter-II-Health-Resources.xlsx,2.18,19,2,total,المجموع,المجموع
2022-Chapter-II-Health-Resources.xlsx,2.18,19,15,total,total,Total
2022-Chapter-II-Health-Resources.xlsx,2.18,22,2,total,المجموع,المجموع
2022-Chapter-II-Health-Resources.xlsx,2.18,22,15,total,total,Total
2022-Chapter-II-Health-Resources.xlsx,2.18,23,1,nurse,تمريض,إجمالي طاقم التمريض والقابلات
2022-Chapter-II-Health-Resources.xlsx,2.18,23,16,total,total,Total Nurses and Midwives
2022-Chapter-II-Health-Resources.xlsx,2.18,23,16,nurse,nurse,Total Nurses and Midwives
2022-Chapter-II-Health-Resources.xlsx,2.18,25,2,total,المجموع,المجموع
2022-Chapter-II-Health-Resources.xlsx,2.18,25,15,total,total,Total
2022-Chapter-II-Health-Resources.xlsx,2.18,28,2,total,المجموع,المجموع
2022-Chapter-II-Health-Resources.xlsx,2.18,28,15,total,total,Total
2022-Chapter-II-Health-Resources.xlsx,2.18,31,2,total,المجموع,المجموع
2022-Chapter-II-Health-Resources.xlsx,2.18,31,15,total,total,Total
2022-Chapter-II-Health-Resources.xlsx,2.18,35,5,total,المجموع,المجموع
2022-Chapter-II-Health-Resources.xlsx,2.18,35,8,total,المجموع,المجموع
2022-Chapter-II-Health-Resources.xlsx,2.18,35,11,total,المجموع,المجموع
2022-Chapter-II-Health-Resources.xlsx,2.18,35,14,total,المجموع,المجموع
2022-Chapter-II-Health-Resources.xlsx,2.18,36,5,total,total,Total
2022-Chapter-II-Health-Resources.xlsx,2.18,36,8,total,total,Total
2022-Chapter-II-Health-Resources.xlsx,2.18,36,11,total,total,Total
2022-Chapter-II-Health-Resources.xlsx,2.18,36,14,total,total,Total
2022-Chapter-II-Health-Resources.xlsx,2.18,37,1,physician,أطباء,أطباء بشريون
2022-Chapter-II-Health-Resources.xlsx,2.18,37,16,physician,physician,Physicians
2022-Chapter-II-Health-Resources.xlsx,2.18,39,2,total,المجموع,المجموع
2022-Chapter-II-Health-Resources.xlsx,2.18,39,15,total,total,Total
2022-Chapter-II-Health-Resources.xlsx,2.18,40,1,physician,أطباء,أطباء أسنان
2022-Chapter-II-Health-Resources.xlsx,2.19,1,1,region,المنطقة,الأطباء وأطباء الأسنان بمستشفيات وزارة الصحة حسب التخصص والتصنيف الوظيفي والمنطقة الصحية عام 2022م.
2022-Chapter-II-Health-Resources.xlsx,2.19,1,1,year,عام,الأطباء وأطباء الأسنان بمستشفيات وزارة الصحة حسب التخصص والتصنيف الوظيفي والمنطقة الصحية عام 2022م.
2022-Chapter-II-Health-Resources.xlsx,2.19,1,1,physician,أطباء,الأطباء وأطباء الأسنان بمستشفيات وزارة الصحة حسب التخصص والتصنيف الوظيفي والمنطقة الصحية عام 2022م.
2022-Chapter-II-Health-Resources.xlsx,2.19,2,1,region,region,"Physicians and Dentists, MoH Hospitals by Speciality, Professional Categories and Health Region, 2022G."
2022-Chapter-II-Health-Resources.xlsx,2.19,2,1,hospital,hospital,"Physicians and Dentists, MoH Hospitals by Speciality, Professional Categories and Health Region, 2022G."
2022-Chapter-II-Health-Resources.xlsx,2.19,2,1,physician,physician,"Physicians and Dentists, MoH Hospitals by Speciality, Professional Categories and Health Region, 2022G."
2022-Chapter-II-Health-Resources.xlsx,2.19,6,5,total,المجموع,المجموع
2022-Chapter-II-Health-Resources.xlsx,2.19,6,9,total,المجموع,المجموع
2022-Chapter-II-Health-Resources.xlsx,2.19,6,13,total,المجموع,المجموع
2022-Chapter-II-Health-Resources.xlsx,2.19,6,17,total,المجموع,المجموع
2022-Chapter-II-Health-Resources.xlsx,2.19,6,21,total,المجموع,المجموع
2022-Chapter-II-Health-Resources.xlsx,2.19,6,25,total,المجموع,المجموع
2022-Chapter-II-Health-Resources.xlsx,2.19,6,29,total,المجموع,المجموع
2022-Chapter-II-Health-Resources.xlsx,2.19,7,5,total,total,Total
2022-Chapter-II-Health-Resources.xlsx,2.19,7,9,total,total,Total
2022-Chapter-II-Health-Resources.xlsx,2.19,7,13,total,total,Total
2022-Chapter-II-Health-Resources.xlsx,2.19,7,17,total,total,Total
2022-Chapter-II-Health-Resources.xlsx,2.19,7,21,total,total,Total
2022-Chapter-II-Health-Resources.xlsx,2.19,7,25,total,total,Total
2022-Chapter-II-Health-Resources.xlsx,2.19,7,29,total,total,Total
2022-Chapter-II-Health-Resources.xlsx,2.19,8,1,year,عام,عام
2022-Chapter-II-Health-Resources.xlsx,2.19,11,1,year,عام,جراحة عامة
2022-Chapter-II-Health-Resources.xlsx,2.19,24,1,year,عام,صحة عامة (طب مجتمع) وصحة مهنية
2022-Chapter-II-Health-Resources.xlsx,2.19,33,1,bed,أسرة,طب أسرة
2022-Chapter-II-Health-Resources.xlsx,2.20,1,1,region,المنطقة,مراكز الرعاية الصحية الأولية بوزارة الصحة حسب المنطقة الصحية في الأعوام الخمسة الأخيرة
2022-Chapter-II-Health-Resources.xlsx,2.20,2,1,region,region,"Primary Health Care Centers in MoH by Health Region, in the last Five Years"
2022-Chapter-II-Health-Resources.xlsx,2.20,2,1,year,year,"Primary Health Care Centers in MoH by Health Region, in the last Five Years"
2022-Chapter-II-Health-Resources.xlsx,2.20,4,1,region,المنطقة,المنطقة الصحية
2022-Chapter-II-Health-Resources.xlsx,2.20,4,7,region,region,Health Region
2022-Chapter-II-Health-Resources.xlsx,2.20,25,1,total,المجموع,المجموع
2022-Chapter-II-Health-Resources.xlsx,2.20,25,7,total,total,Total
2022-Chapter-II-Health-Resources.xlsx,2.21,1,1,year,عام,القوى العاملة الصحية بمراكز الرعاية الصحية الأولية بوزارة الصحة في الأعوام الخمسة الأخيرة
2022-Chapter-II-Health-Resources.xlsx,2.21,2,1,year,year,"Health Manpower in Primary Health Care Centers, MoH, in the last Five Years"
2022-Chapter-II-Health-Resources.xlsx,2.21,4,3,year,عام,العام
2022-Chapter-II-Health-Resources.xlsx,2.21,4,5,year,year,Year
2022-Chapter-II-Health-Resources.xlsx,2.21,6,1,physician,أطباء,أطباء بشريون
2022-Chapter-II-Health-Resources.xlsx,2.21,6,9,physician,physician,Physicians
2022-Chapter-II-Health-Resources.xlsx,2.21,8,2,total,المجموع,المجموع
2022-Chapter-II-Health-Resources.xlsx,2.21,8,8,total,total,Total
2022-Chapter-II-Health-Resources.xlsx,2.21,9,1,physician,أطباء,أطباء أسنان
2022-Chapter-II-Health-Resources.xlsx,2.21,11,2,total,المجموع,المجموع
2022-Chapter-II-Health-Resources.xlsx,2.21,11,8,total,total,Total
2022-Chapter-II-Health-Resources.xlsx,2.21,12,1,physician,أطباء,إجمالي الأطباء
2022-Chapter-II-Health-Resources.xlsx,2.21,12,9,total,total,Total Physicians and Dentists
2022-Chapter-II-Health-Resources.xlsx,2.21,12,9,physician,physician,Total Physicians and Dentists
2022-Chapter-II-Health-Resources.xlsx,2.21,14,2,total,المجموع,المجموع
2022-Chapter-II-Health-Resources.xlsx,2.21,14,8,total,total,Total
2022-Chapter-II-Health-Resources.xlsx,2.21,15,1,nurse,تمريض,طاقم التمريض
2022-Chapter-II-Health-Resources.xlsx,2.21,15,9,nurse,nurse,Nurses
2022-Chapter-II-Health-Resources.xlsx,2.21,17,2,total,المجموع,المجموع
2022-Chapter-II-Health-Resources.xlsx,2.21,17,8,total,total,Total
2022-Chapter-II-Health-Resources.xlsx,2.21,20,2,total,المجموع,المجموع
2022-Chapter-II-Health-Resources.xlsx,2.21,20,8,total,total,Total
2022-Chapter-II-Health-Resources.xlsx,2.21,21,1,nurse,تمريض,إجمالي طاقم التمريض والقابلات
2022-Chapter-II-Health-Resources.xlsx,2.21,21,9,total,total,Total Nurses and Midwives
2022-Chapter-II-Health-Resources.xlsx,2.21,21,9,nurse,nurse,Total Nurses and Midwives
2022-Chapter-II-Health-Resources.xlsx,2.21,23,2,total,المجموع,المجموع
2022-Chapter-II-Health-Resources.xlsx,2.21,23,8,total,total,Total
2022-Chapter-II-Health-Resources.xlsx,2.21,26,2,total,المجموع,المجموع
2022-Chapter-II-Health-Resources.xlsx,2.21,26,8,total,total,Total
2022-Chapter-II-Health-Resources.xlsx,2.21,29,2,total,المجموع,المجموع
2022-Chapter-II-Health-Resources.xlsx,2.21,29,8,total,total,Total
2022-Chapter-II-Health-Resources.xlsx,2.22,1,1,physician,أطباء,الأطباء وأطباء الأسنان بمراكز الرعاية الصحية الأولية بوزارة الصحة حسب التخصص والجنسية في الأعوام الخمسة الأخيرة
2022-Chapter-II-Health-Resources.xlsx,2.22,2,1,year,year,"Physicians and Dentists in MoH Primary Health Care Centers by Speciality and Nationality, in the last Five Years"
2022-Chapter-II-Health-Resources.xlsx,2.22,2,1,physician,physician,"Physicians and Dentists in MoH Primary Health Care Centers by Speciality and Nationality, in the last Five Years"
2022-Chapter-II-Health-Resources.xlsx,2.22,4,6,year,year,Year
2022-Chapter-II-Health-Resources.xlsx,2.22,6,1,year,عام,طـب عام
2022-Chapter-II-Health-Resources.xlsx,2.22,8,2,total,المجموع,المجموع
2022-Chapter-II-Health-Resources.xlsx,2.22,8,8,total,total,Total
2022-Chapter-II-Health-Resources.xlsx,2.22,11,2,total,المجموع,المجموع
2022-Chapter-II-Health-Resources.xlsx,2.22,11,8,total,total,Total
2022-Chapter-II-Health-Resources.xlsx,2.22,14,2,total,المجموع,المجموع
2022-Chapter-II-Health-Resources.xlsx,2.22,14,8,total,total,Total
2022-Chapter-II-Health-Resources.xlsx,2.22,17,2,total,المجموع,المجموع
2022-Chapter-II-Health-Resources.xlsx,2.22,17,8,total,total,Total
2022-Chapter-II-Health-Resources.xlsx,2.22,18,1,bed,أسرة,طب أسرة
2022-Chapter-II-Health-Resources.xlsx,2.22,20,2,total,المجموع,المجموع
2022-Chapter-II-Health-Resources.xlsx,2.22,20,8,total,total,Total
2022-Chapter-II-Health-Resources.xlsx,2.22,23,2,total,المجموع,المجموع
2022-Chapter-II-Health-Resources.xlsx,2.22,23,8,total,total,Total
2022-Chapter-II-Health-Resources.xlsx,2.22,24,9,total,total,Total
2022-Chapter-II-Health-Resources.xlsx,2.22,26,2,total,المجموع,المجموع
2022-Chapter-II-Health-Resources.xlsx,2.22,26,8,total,total,Total
2022-Chapter-II-Health-Resources.xlsx,2.23,1,1,region,المنطقة,القوى العاملة الصحية بمراكز الرعاية الصحية الأولية بوزارة الصحة حسب المنطقة الصحية والفئة والجنس والجنسية عام 2022م
2022-Chapter-II-Health-Resources.xlsx,2.23,1,1,year,عام,القوى العاملة الصحية بمراكز الرعاية الصحية الأولية بوزارة الصحة حسب المنطقة الصحية والفئة والجنس والجنسية عام 2022م
2022-Chapter-II-Health-Resources.xlsx,2.23,2,1,region,region,"Health Manpower in MoH Primary Health Care Centers by Health Region, Category, Sex and Nationality, 2022G"
2022-Chapter-II-Health-Resources.xlsx,2.23,6,5,total,المجموع,المجموع
2022-Chapter-II-Health-Resources.xlsx,2.23,6,8,total,المجموع,المجموع
2022-Chapter-II-Health-Resources.xlsx,2.23,6,11,total,المجموع,المجموع
2022-Chapter-II-Health-Resources.xlsx,2.23,6,14,total,المجموع,المجموع
2022-Chapter-II-Health-Resources.xlsx,2.23,7,5,total,total,Total
2022-Chapter-II-Health-Resources.xlsx,2.23,7,8,total,total,Total
2022-Chapter-II-Health-Resources.xlsx,2.23,7,11,total,total,Total
2022-Chapter-II-Health-Resources.xlsx,2.23,7,14,total,total,Total
2022-Chapter-II-Health-Resources.xlsx,2.23,8,1,physician,أطباء,أطباء بشريون
2022-Chapter-II-Health-Resources.xlsx,2.23,8,16,physician,physician,Physicians
2022-Chapter-II-Health-Resources.xlsx,2.23,10,2,total,المجموع,المجموع
2022-Chapter-II-Health-Resources.xlsx,2.23,10,15,total,total,Total
2022-Chapter-II-Health-Resources.xlsx,2.23,11,1,physician,أطباء,أطباء أسنان
2022-Chapter-II-Health-Resources.xlsx,2.23,13,2,total,المجموع,المجموع
2022-Chapter-II-Health-Resources.xlsx,2.23,13,15,total,total,Total
2022-Chapter-II-Health-Resources.xlsx,2.23,14,1,physician,أطباء,إجمالي الأطباء
2022-Chapter-II-Health-Resources.xlsx,2.23,14,16,total,total,Total Physicians and Dentists
2022-Chapter-II-Health-Resources.xlsx,2.23,14,16,physician,physician,Total Physicians and Dentists
2022-Chapter-II-Health-Resources.xlsx,2.23,16,2,total,المجموع,المجموع
2022-Chapter-II-Health-Resources.xlsx,2.23,16,15,total,total,Total
2022-Chapter-II-Health-Resources.xlsx,2.23,17,1,nurse,تمريض,طاقم التمريض
2022-Chapter-II-Health-Resources.xlsx,2.23,17,16,nurse,nurse,Nurses
2022-Chapter-II-Health-Resources.xlsx,2.23,19,2,total,المجموع,المجموع
2022-Chapter-II-Health-Resources.xlsx,2.23,19,15,total,total,Total
2022-Chapter-II-Health-Resources.xlsx,2.23,22,2,total,المجموع,المجموع
2022-Chapter-II-Health-Resources.xlsx,2.23,22,15,total,total,Total
2022-Chapter-II-Health-Resources.xlsx,2.23,23,1,nurse,تمريض,إجمالي طاقم التمريض والقابلات
2022-Chapter-II-Health-Resources.xlsx,2.23,23,16,total,total,Total Nurses and Midwives
2022-Chapter-II-Health-Resources.xlsx,2.23,23,16,nurse,nurse,Total Nurses and Midwives
2022-Chapter-II-Health-Resources.xlsx,2.23,25,2,total,المجموع,المجموع
2022-Chapter-II-Health-Resources.xlsx,2.23,25,15,total,total,Total
2022-Chapter-II-Health-Resources.xlsx,2.23,28,2,total,المجموع,المجموع
2022-Chapter-II-Health-Resources.xlsx,2.23,28,15,total,total,Total
2022-Chapter-II-Health-Resources.xlsx,2.23,31,2,total,المجموع,المجموع
2022-Chapter-II-Health-Resources.xlsx,2.23,31,15,total,total,Total
2022-Chapter-II-Health-Resources.xlsx,2.23,35,5,total,المجموع,المجموع
2022-Chapter-II-Health-Resources.xlsx,2.23,35,8,total,المجموع,المجموع
2022-Chapter-II-Health-Resources.xlsx,2.23,35,11,total,المجموع,المجموع
2022-Chapter-II-Health-Resources.xlsx,2.23,35,14,total,المجموع,المجموع
2022-Chapter-II-Health-Resources.xlsx,2.23,36,5,total,total,Total
2022-Chapter-II-Health-Resources.xlsx,2.23,36,8,total,total,Total
2022-Chapter-II-Health-Resources.xlsx,2.23,36,11,total,total,Total
2022-Chapter-II-Health-Resources.xlsx,2.23,36,14,total,total,Total
2022-Chapter-II-Health-Resources.xlsx,2.23,37,1,physician,أطباء,أطباء بشريون
2022-Chapter-II-Health-Resources.xlsx,2.23,37,16,physician,physician,Physicians
2022-Chapter-II-Health-Resources.xlsx,2.23,39,2,total,المجموع,المجموع
2022-Chapter-II-Health-Resources.xlsx,2.23,39,15,total,total,Total
2022-Chapter-II-Health-Resources.xlsx,2.23,40,1,physician,أطباء,أطباء أسنان
2022-Chapter-II-Health-Resources.xlsx,2.24,1,1,region,المنطقة,الأطباء بمراكز الرعاية الصحية الأولية بوزارة الصحة حسب التخصصات الرئيسية والجنسية والجنس والمنطقة الصحية عام 2022م.
2022-Chapter-II-Health-Resources.xlsx,2.24,1,1,year,عام,الأطباء بمراكز الرعاية الصحية الأولية بوزارة الصحة حسب التخصصات الرئيسية والجنسية والجنس والمنطقة الصحية عام 2022م.
2022-Chapter-II-Health-Resources.xlsx,2.24,1,1,physician,أطباء,الأطباء بمراكز الرعاية الصحية الأولية بوزارة الصحة حسب التخصصات الرئيسية والجنسية والجنس والمنطقة الصحية عام 2022م.
2022-Chapter-II-Health-Resources.xlsx,2.24,2,1,region,region,"Physicians in MoH Primary Health Care Centers by Main Specialities, Nationality, Sex and Health Region, 2022G."
2022-Chapter-II-Health-Resources.xlsx,2.24,2,1,physician,physician,"Physicians in MoH Primary Health Care Centers by Main Specialities, Nationality, Sex and Health Region, 2022G."
2022-Chapter-II-Health-Resources.xlsx,2.24,6,5,total,المجموع,المجموع
2022-Chapter-II-Health-Resources.xlsx,2.24,6,8,total,المجموع,المجموع
2022-Chapter-II-Health-Resources.xlsx,2.24,6,11,total,المجموع,المجموع
2022-Chapter-II-Health-Resources.xlsx,2.24,6,14,total,المجموع,المجموع
2022-Chapter-II-Health-Resources.xlsx,2.24,7,5,total,total,Total
2022-Chapter-II-Health-Resources.xlsx,2.24,7,8,total,total,Total
2022-Chapter-II-Health-Resources.xlsx,2.24,7,11,total,total,Total
2022-Chapter-II-Health-Resources.xlsx,2.24,7,14,total,total,Total
2022-Chapter-II-Health-Resources.xlsx,2.24,8,1,year,عام,طب عام
2022-Chapter-II-Health-Resources.xlsx,2.24,10,2,total,المجموع,المجموع
2022-Chapter-II-Health-Resources.xlsx,2.24,10,15,total,total,Total
2022-Chapter-II-Health-Resources.xlsx,2.24,13,2,total,المجموع,المجموع
2022-Chapter-II-Health-Resources.xlsx,2.24,13,15,total,total,Total
2022-Chapter-II-Health-Resources.xlsx,2.24,16,2,total,المجموع,المجموع
2022-Chapter-II-Health-Resources.xlsx,2.24,16,15,total,total,Total
2022-Chapter-II-Health-Resources.xlsx,2.24,19,2,total,المجموع,المجموع
2022-Chapter-II-Health-Resources.xlsx,2.24,19,15,total,total,Total
2022-Chapter-II-Health-Resources.xlsx,2.24,20,1,bed,أسرة,طب أسرة
2022-Chapter-II-Health-Resources.xlsx,2.24,22,2,total,المجموع,المجموع
2022-Chapter-II-Health-Resources.xlsx,2.24,22,15,total,total,Total
2022-Chapter-II-Health-Resources.xlsx,2.24,23,1,physician,أطباء,أطباء آخرون
2022-Chapter-II-Health-Resources.xlsx,2.24,25,2,total,المجموع,المجموع
2022-Chapter-II-Health-Resources.xlsx,2.24,25,15,total,total,Total
2022-Chapter-II-Health-Resources.xlsx,2.24,26,1,total,المجموع,المجموع
2022-Chapter-II-Health-Resources.xlsx,2.24,26,16,total,total,Total
2022-Chapter-II-Health-Resources.xlsx,2.24,28,2,total,المجموع,المجموع
2022-Chapter-II-Health-Resources.xlsx,2.24,28,15,total,total,Total
2022-Chapter-II-Health-Resources.xlsx,2.24,32,5,total,المجموع,المجموع
2022-Chapter-II-Health-Resources.xlsx,2.24,32,8,total,المجموع,المجموع
2022-Chapter-II-Health-Resources.xlsx,2.24,32,11,total,المجموع,المجموع
2022-Chapter-II-Health-Resources.xlsx,2.24,32,14,total,المجموع,المجموع
2022-Chapter-II-Health-Resources.xlsx,2.24,33,5,total,total,Total
2022-Chapter-II-Health-Resources.xlsx,2.24,33,8,total,total,Total
2022-Chapter-II-Health-Resources.xlsx,2.24,33,11,total,total,Total
2022-Chapter-II-Health-Resources.xlsx,2.24,33,14,total,total,Total
2022-Chapter-II-Health-Resources.xlsx,2.24,34,1,year,عام,طب عام
2022-Chapter-II-Health-Resources.xlsx,2.24,36,2,total,المجموع,المجموع
2022-Chapter-II-Health-Resources.xlsx,2.24,36,15,total,total,Total
2022-Chapter-II-Health-Resources.xlsx,2.24,39,2,total,المجموع,المجموع
2022-Chapter-II-Health-Resources.xlsx,2.24,39,15,total,total,Total
2022-Chapter-II-Health-Resources.xlsx,2.25,1,1,year,عام,أسرة مستشفيات الجهات الحكومية الأخرى حسب التخصص عام 2022م.
2022-Chapter-II-Health-Resources.xlsx,2.25,1,1,bed,أسرة,أسرة مستشفيات الجهات الحكومية الأخرى حسب التخصص عام 2022م.
2022-Chapter-II-Health-Resources.xlsx,2.25,2,1,hospital,hospital,"Hospital Beds in Other Governmental Sector by Speciality, 2022G."
2022-Chapter-II-Health-Resources.xlsx,2.25,2,1,bed,bed,"Hospital Beds in Other Governmental Sector by Speciality, 2022G."
2022-Chapter-II-Health-Resources.xlsx,2.25,4,34,total,total,Total
2022-Chapter-II-Health-Resources.xlsx,2.25,4,35,total,المجموع,المجموع
2022-Chapter-II-Health-Resources.xlsx,2.25,8,1,hospital,مستشفى,مستشفى الملك فيصل التخصصي ومركز الأبحاث
2022-Chapter-II-Health-Resources.xlsx,2.25,8,36,hospital,hospital,King Faisal Specialist Hospital &R.C.
2022-Chapter-II-Health-Resources.xlsx,2.25,9,36,hospital,hospital,Royal Commission Hospitals
2022-Chapter-II-Health-Resources.xlsx,2.25,10,36,hospital,hospital,ARAMCO Hospitals
2022-Chapter-II-Health-Resources.xlsx,2.25,12,1,total,المجموع,المجموع
2022-Chapter-II-Health-Resources.xlsx,2.25,12,36,total,total,Total
2022-Chapter-II-Health-Resources.xlsx,2.26,1,1,year,عام,االقوى العاملة الصحية بالجهات الحكومية الأخرى حسب الفئــة والجنس والجنسية عام 2022م
2022-Chapter-II-Health-Resources.xlsx,2.26,5,12,hospital,hospital,King Faisal Specialist Hospital
2022-Chapter-II-Health-Resources.xlsx,2.26,6,5,total,المجموع,المجموع
2022-Chapter-II-Health-Resources.xlsx,2.26,6,8,total,المجموع,المجموع
2022-Chapter-II-Health-Resources.xlsx,2.26,6,11,total,المجموع,المجموع
2022-Chapter-II-Health-Resources.xlsx,2.26,6,14,total,المجموع,المجموع
2022-Chapter-II-Health-Resources.xlsx,2.26,7,5,total,total,Total
2022-Chapter-II-Health-Resources.xlsx,2.26,7,8,total,total,Total
2022-Chapter-II-Health-Resources.xlsx,2.26,7,11,total,total,Total
2022-Chapter-II-Health-Resources.xlsx,2.26,7,14,total,total,Total
2022-Chapter-II-Health-Resources.xlsx,2.26,8,1,physician,أطباء,أطباء بشريون
2022-Chapter-II-Health-Resources.xlsx,2.26,8,16,physician,physician,Physicians
2022-Chapter-II-Health-Resources.xlsx,2.26,10,2,total,المجموع,المجموع
2022-Chapter-II-Health-Resources.xlsx,2.26,10,15,total,total,Total
2022-Chapter-II-Health-Resources.xlsx,2.26,11,1,physician,أطباء,أطباء أسنان
2022-Chapter-II-Health-Resources.xlsx,2.26,13,2,total,المجموع,المجموع
2022-Chapter-II-Health-Resources.xlsx,2.26,13,15,total,total,Total
2022-Chapter-II-Health-Resources.xlsx,2.26,14,1,physician,أطباء,إجمالي الأطباء
2022-Chapter-II-Health-Resources.xlsx,2.26,14,16,total,total,Total Physicians and Dentists
2022-Chapter-II-Health-Resources.xlsx,2.26,14,16,physician,physician,Total Physicians and Dentists
2022-Chapter-II-Health-Resources.xlsx,2.26,16,2,total,المجموع,المجموع
2022-Chapter-II-Health-Resources.xlsx,2.26,16,15,total,total,Total
2022-Chapter-II-Health-Resources.xlsx,2.26,17,1,nurse,تمريض,طاقم التمريض
2022-Chapter-II-Health-Resources.xlsx,2.26,17,16,nurse,nurse,Nurses
2022-Chapter-II-Health-Resources.xlsx,2.26,19,2,total,المجموع,المجموع
2022-Chapter-II-Health-Resources.xlsx,2.26,19,15,total,total,Total
2022-Chapter-II-Health-Resources.xlsx,2.26,22,2,total,المجموع,المجموع
2022-Chapter-II-Health-Resources.xlsx,2.26,22,15,total,total,Total
2022-Chapter-II-Health-Resources.xlsx,2.26,23,1,nurse,تمريض,إجمالي طاقم التمريض والقابلات
2022-Chapter-II-Health-Resources.xlsx,2.26,23,16,total,total,Total Nurses and Midwives
2022-Chapter-II-Health-Resources.xlsx,2.26,23,16,nurse,nurse,Total Nurses and Midwives
2022-Chapter-II-Health-Resources.xlsx,2.26,25,2,total,المجموع,المجموع
2022-Chapter-II-Health-Resources.xlsx,2.26,25,15,total,total,Total
2022-Chapter-II-Health-Resources.xlsx,2.26,28,2,total,المجموع,المجموع
2022-Chapter-II-Health-Resources.xlsx,2.26,28,15,total,total,Total
2022-Chapter-II-Health-Resources.xlsx,2.26,31,2,total,المجموع,المجموع
2022-Chapter-II-Health-Resources.xlsx,2.26,31,15,total,total,Total
2022-Chapter-II-Health-Resources.xlsx,2.26,35,3,hospital,hospital,Royal Commission Hospitals
2022-Chapter-II-Health-Resources.xlsx,2.26,35,6,hospital,hospital,ARAMCO Hospitals
2022-Chapter-II-Health-Resources.xlsx,2.26,35,12,source,source,Ministry of Human Resources and Social Development
2022-Chapter-II-Health-Resources.xlsx,2.26,36,5,total,المجموع,المجموع
2022-Chapter-II-Health-Resources.xlsx,2.26,36,8,total,المجموع,المجموع
2022-Chapter-II-Health-Resources.xlsx,2.26,36,11,total,المجموع,المجموع
2022-Chapter-II-Health-Resources.xlsx,2.26,36,14,total,المجموع,المجموع
2022-Chapter-II-Health-Resources.xlsx,2.26,37,5,total,total,Total
2022-Chapter-II-Health-Resources.xlsx,2.26,37,8,total,total,Total
2022-Chapter-II-Health-Resources.xlsx,2.26,37,11,total,total,Total
2022-Chapter-II-Health-Resources.xlsx,2.26,37,14,total,total,Total
2022-Chapter-II-Health-Resources.xlsx,2.26,38,1,physician,أطباء,أطباء بشريون
2022-Chapter-II-Health-Resources.xlsx,2.26,38,16,physician,physician,Physicians
2022-Chapter-II-Health-Resources.xlsx,2.26,40,2,total,المجموع,المجموع
2022-Chapter-II-Health-Resources.xlsx,2.26,40,15,total,total,Total
2022-Chapter-II-Health-Resources.xlsx,2.27,1,1,year,عام,الأطباء وأطباء الأسنان بالجهات الحكومية الأخرى حسب التخصص والجنسية عام 2022م.
2022-Chapter-II-Health-Resources.xlsx,2.27,1,1,physician,أطباء,الأطباء وأطباء الأسنان بالجهات الحكومية الأخرى حسب التخصص والجنسية عام 2022م.
2022-Chapter-II-Health-Resources.xlsx,2.27,2,1,physician,physician,"Physicians & Dentists in Other Governmental Sector  by Speciality and Nationality, 2022G."
2022-Chapter-II-Health-Resources.xlsx,2.27,5,11,hospital,hospital,King Faisal Specialist Hospital
2022-Chapter-II-Health-Resources.xlsx,2.27,5,14,hospital,hospital,Royal Commission Hospitals
2022-Chapter-II-Health-Resources.xlsx,2.27,6,4,total,المجموع,المجموع
2022-Chapter-II-Health-Resources.xlsx,2.27,6,7,total,المجموع,المجموع
2022-Chapter-II-Health-Resources.xlsx,2.27,6,10,total,المجموع,المجموع
2022-Chapter-II-Health-Resources.xlsx,2.27,6,13,total,المجموع,المجموع
2022-Chapter-II-Health-Resources.xlsx,2.27,6,16,total,المجموع,المجموع
2022-Chapter-II-Health-Resources.xlsx,2.27,7,4,total,total,Total
2022-Chapter-II-Health-Resources.xlsx,2.27,7,7,total,total,Total
2022-Chapter-II-Health-Resources.xlsx,2.27,7,10,total,total,Total
2022-Chapter-II-Health-Resources.xlsx,2.27,7,13,total,total,Total
2022-Chapter-II-Health-Resources.xlsx,2.27,7,16,total,total,Total
2022-Chapter-II-Health-Resources.xlsx,2.27,8,1,year,عام,عام
2022-Chapter-II-Health-Resources.xlsx,2.27,11,1,year,عام,جراحة عامة
2022-Chapter-II-Health-Resources.xlsx,2.27,24,1,year,عام,صحة عامة (طب مجتمع ) وصحة مهنية
2022-Chapter-II-Health-Resources.xlsx,2.27,33,1,bed,أسرة,طب أسرة
2022-Chapter-II-Health-Resources.xlsx,2.28,1,1,year,عام,القوى العاملة الصحية بالجهات الحكومية الأخرى حسب الجنسية في الأعوام الخمسة الأخيرة
2022-Chapter-II-Health-Resources.xlsx,2.28,2,1,year,year,"Health Manpower in the Other Governmental Sector by Nationality, in the last Five Years"
2022-Chapter-II-Health-Resources.xlsx,2.28,4,3,year,عام,العام
2022-Chapter-II-Health-Resources.xlsx,2.28,4,5,year,year,Year
2022-Chapter-II-Health-Resources.xlsx,2.28,6,1,physician,أطباء,أطباء بشريون
2022-Chapter-II-Health-Resources.xlsx,2.28,6,10,physician,physician,Physicians
2022-Chapter-II-Health-Resources.xlsx,2.28,8,2,total,المجموع,المجموع
2022-Chapter-II-Health-Resources.xlsx,2.28,8,9,total,total,Total
2022-Chapter-II-Health-Resources.xlsx,2.28,9,1,physician,أطباء,أطباء أسنان
2022-Chapter-II-Health-Resources.xlsx,2.28,11,2,total,المجموع,المجموع
2022-Chapter-II-Health-Resources.xlsx,2.28,11,9,total,total,Total
2022-Chapter-II-Health-Resources.xlsx,2.28,12,1,physician,أطباء,إجمالي الأطباء
2022-Chapter-II-Health-Resources.xlsx,2.28,12,10,total,total,Total Physicians and Dentists
2022-Chapter-II-Health-Resources.xlsx,2.28,12,10,physician,physician,Total Physicians and Dentists
2022-Chapter-II-Health-Resources.xlsx,2.28,14,2,total,المجموع,المجموع
2022-Chapter-II-Health-Resources.xlsx,2.28,14,9,total,total,Total
2022-Chapter-II-Health-Resources.xlsx,2.28,15,1,nurse,تمريض,طاقم التمريض
2022-Chapter-II-Health-Resources.xlsx,2.28,15,10,nurse,nurse,Nurses
2022-Chapter-II-Health-Resources.xlsx,2.28,17,2,total,المجموع,المجموع
2022-Chapter-II-Health-Resources.xlsx,2.28,17,9,total,total,Total
2022-Chapter-II-Health-Resources.xlsx,2.28,20,2,total,المجموع,المجموع
2022-Chapter-II-Health-Resources.xlsx,2.28,20,9,total,total,Total
2022-Chapter-II-Health-Resources.xlsx,2.28,21,1,nurse,تمريض,إجمالي طاقم التمريض والقابلات
2022-Chapter-II-Health-Resources.xlsx,2.28,21,10,total,total,Total Nurses and Midwives
2022-Chapter-II-Health-Resources.xlsx,2.28,21,10,nurse,nurse,Total Nurses and Midwives
2022-Chapter-II-Health-Resources.xlsx,2.28,23,2,total,المجموع,المجموع
2022-Chapter-II-Health-Resources.xlsx,2.28,23,9,total,total,Total
2022-Chapter-II-Health-Resources.xlsx,2.28,26,2,total,المجموع,المجموع
2022-Chapter-II-Health-Resources.xlsx,2.28,26,9,total,total,Total
2022-Chapter-II-Health-Resources.xlsx,2.28,29,2,total,المجموع,المجموع
2022-Chapter-II-Health-Resources.xlsx,2.28,29,9,total,total,Total
2022-Chapter-II-Health-Resources.xlsx,2.29,1,1,region,المنطقة,المستشفيات والأسرة والمجمعات الطبية والمرافق الصحية الأخرى بالقطاع الخاص حسب المنطقة الصحية عام 2022م.
2022-Chapter-II-Health-Resources.xlsx,2.29,1,1,year,عام,المستشفيات والأسرة والمجمعات الطبية والمرافق الصحية الأخرى بالقطاع الخاص حسب المنطقة الصحية عام 2022م.
2022-Chapter-II-Health-Resources.xlsx,2.29,1,1,hospital,المستشفيات,المستشفيات والأسرة والمجمعات الطبية والمرافق الصحية الأخرى بالقطاع الخاص حسب المنطقة الصحية عام 2022م.
2022-Chapter-II-Health-Resources.xlsx,2.29,1,1,bed,أسرة,المستشفيات والأسرة والمجمعات الطبية والمرافق الصحية الأخرى بالقطاع الخاص حسب المنطقة الصحية عام 2022م.
2022-Chapter-II-Health-Resources.xlsx,2.29,2,1,region,region,"Private Sector Hospitals, Medical Complexes, Beds and Other Medical Facilities by Health Region, 2022G."
2022-Chapter-II-Health-Resources.xlsx,2.29,2,1,hospital,hospital,"Private Sector Hospitals, Medical Complexes, Beds and Other Medical Facilities by Health Region, 2022G."
2022-Chapter-II-Health-Resources.xlsx,2.29,2,1,bed,bed,"Private Sector Hospitals, Medical Complexes, Beds and Other Medical Facilities by Health Region, 2022G."
2022-Chapter-II-Health-Resources.xlsx,2.29,4,1,region,المنطقة,المنطقة الصحية
2022-Chapter-II-Health-Resources.xlsx,2.29,4,2,hospital,hospital,"عدد المستشفيات
Hospitals"
2022-Chapter-II-Health-Resources.xlsx,2.29,4,3,bed,bed,"عدد الأسرة
Beds"
2022-Chapter-II-Health-Resources.xlsx,2.29,4,5,physician,doctor,"عيادات   خاصه
Single Doctor Private Clinics"
2022-Chapter-II-Health-Resources.xlsx,2.29,4,11,region,region,Health Region
2022-Chapter-II-Health-Resources.xlsx,2.29,27,1,total,الإجمالي,الإجمالي
2022-Chapter-II-Health-Resources.xlsx,2.29,27,11,total,total,Total
2022-Chapter-II-Health-Resources.xlsx,2.30,1,1,region,المنطقة,المستشفيات والأسرة والمجمعات الطبية بالقطاع الخاص  حسب المنطقة الصحية في الأعوام الخمسة الأخيرة
2022-Chapter-II-Health-Resources.xlsx,2.30,1,1,hospital,المستشفيات,المستشفيات والأسرة والمجمعات الطبية بالقطاع الخاص  حسب المنطقة الصحية في الأعوام الخمسة الأخيرة
2022-Chapter-II-Health-Resources.xlsx,2.30,1,1,bed,أسرة,المستشفيات والأسرة والمجمعات الطبية بالقطاع الخاص  حسب المنطقة الصحية في الأعوام الخمسة الأخيرة
2022-Chapter-II-Health-Resources.xlsx,2.30,2,1,region,region,"Private Sector Hospitals, Beds and Medical Complexes by Health Region, in the last Five Years"
2022-Chapter-II-Health-Resources.xlsx,2.30,2,1,year,year,"Private Sector Hospitals, Beds and Medical Complexes by Health Region, in the last Five Years"
2022-Chapter-II-Health-Resources.xlsx,2.30,2,1,hospital,hospital,"Private Sector Hospitals, Beds and Medical Complexes by Health Region, in the last Five Years"
2022-Chapter-II-Health-Resources.xlsx,2.30,2,1,bed,bed,"Private Sector Hospitals, Beds and Medical Complexes by Health Region, in the last Five Years"
2022-Chapter-II-Health-Resources.xlsx,2.30,4,1,region,المنطقة,المنطقة الصحية
2022-Chapter-II-Health-Resources.xlsx,2.30,4,17,region,region,Health Region
2022-Chapter-II-Health-Resources.xlsx,2.30,5,2,hospital,hospital,"المستشفيات
Hospitals"
2022-Chapter-II-Health-Resources.xlsx,2.30,5,3,bed,bed,"الأسرة
Beds"
2022-Chapter-II-Health-Resources.xlsx,2.30,5,5,hospital,hospital,"المستشفيات
Hospitals"
2022-Chapter-II-Health-Resources.xlsx,2.30,5,6,bed,bed,"الأسرة
Beds"
2022-Chapter-II-Health-Resources.xlsx,2.30,5,8,hospital,hospital,"المستشفيات
Hospitals"
2022-Chapter-II-Health-Resources.xlsx,2.30,5,9,bed,bed,"الأسرة
Beds"
2022-Chapter-II-Health-Resources.xlsx,2.30,5,11,hospital,hospital,"المستشفيات
Hospitals"
2022-Chapter-II-Health-Resources.xlsx,2.30,5,12,bed,bed,"الأسرة
Beds"
2022-Chapter-II-Health-Resources.xlsx,2.30,5,14,hospital,hospital,"المستشفيات
Hospitals"
2022-Chapter-II-Health-Resources.xlsx,2.30,5,15,bed,bed,"الأسرة
Beds"
2022-Chapter-II-Health-Resources.xlsx,2.30,27,1,total,الإجمالي,الإجمالي
2022-Chapter-II-Health-Resources.xlsx,2.30,27,17,total,total,Total
2022-Chapter-II-Health-Resources.xlsx,2.31,1,1,region,المنطقة,أسرة مستشفيات القطاع الخاص حسب المنطقة الصحية والتخصص عام 2022م.
2022-Chapter-II-Health-Resources.xlsx,2.31,1,1,year,عام,أسرة مستشفيات القطاع الخاص حسب المنطقة الصحية والتخصص عام 2022م.
2022-Chapter-II-Health-Resources.xlsx,2.31,1,1,bed,أسرة,أسرة مستشفيات القطاع الخاص حسب المنطقة الصحية والتخصص عام 2022م.
2022-Chapter-II-Health-Resources.xlsx,2.31,2,1,region,region,"Hospital Beds at Private Sector by Health Region and Speciality , 2022G."
2022-Chapter-II-Health-Resources.xlsx,2.31,2,1,hospital,hospital,"Hospital Beds at Private Sector by Health Region and Speciality , 2022G."
2022-Chapter-II-Health-Resources.xlsx,2.31,2,1,bed,bed,"Hospital Beds at Private Sector by Health Region and Speciality , 2022G."
2022-Chapter-II-Health-Resources.xlsx,2.31,4,1,region,المنطقة,المنطقة الصحية
2022-Chapter-II-Health-Resources.xlsx,2.31,4,3,year,عام,عامة
2022-Chapter-II-Health-Resources.xlsx,2.31,4,36,total,total,Total
2022-Chapter-II-Health-Resources.xlsx,2.31,4,37,total,المجموع,المجموع
2022-Chapter-II-Health-Resources.xlsx,2.31,4,38,region,region,Health Region
2022-Chapter-II-Health-Resources.xlsx,2.31,21,1,total,المجموع,المجموع
2022-Chapter-II-Health-Resources.xlsx,2.31,21,38,total,total,Total
2022-Chapter-II-Health-Resources.xlsx,2.32,1,1,region,المنطقة,العيادات الخاصة للأطباء حسب المنطقة والتخصص عام 2022م.
2022-Chapter-II-Health-Resources.xlsx,2.32,1,1,year,عام,العيادات الخاصة للأطباء حسب المنطقة والتخصص عام 2022م.
2022-Chapter-II-Health-Resources.xlsx,2.32,1,1,physician,أطباء,العيادات الخاصة للأطباء حسب المنطقة والتخصص عام 2022م.
2022-Chapter-II-Health-Resources.xlsx,2.32,2,1,region,region,"Single Doctor Private Clinics by Health Region and Speciality, 2022G."
2022-Chapter-II-Health-Resources.xlsx,2.32,2,1,physician,doctor,"Single Doctor Private Clinics by Health Region and Speciality, 2022G."
2022-Chapter-II-Health-Resources.xlsx,2.32,4,1,region,المنطقة,المنطقة الصحية الصحية
2022-Chapter-II-Health-Resources.xlsx,2.32,4,3,year,عام,طـب عام
2022-Chapter-II-Health-Resources.xlsx,2.32,4,9,year,عام,جراحة عامة
2022-Chapter-II-Health-Resources.xlsx,2.32,4,30,total,total,Total
2022-Chapter-II-Health-Resources.xlsx,2.32,4,31,total,المجموع,المجموع
2022-Chapter-II-Health-Resources.xlsx,2.32,4,32,region,region,Health Region
2022-Chapter-II-Health-Resources.xlsx,2.32,18,1,total,المجموع,المجموع
2022-Chapter-II-Health-Resources.xlsx,2.32,18,32,total,total,Total
2022-Chapter-II-Health-Resources.xlsx,2.32,19,1,region,المناطق,* باقي المناطق لا يوجد بها عيادات خاصة للأطباء
2022-Chapter-II-Health-Resources.xlsx,2.32,19,1,physician,أطباء,* باقي المناطق لا يوجد بها عيادات خاصة للأطباء
2022-Chapter-II-Health-Resources.xlsx,2-33,1,1,year,عام,القوى العاملة الصحية بالقطاع الخاص في الأعوام الخمسة الأخيرة
2022-Chapter-II-Health-Resources.xlsx,2-33,2,1,year,year,Health Manpower at Private Sector in the last Five Years
2022-Chapter-II-Health-Resources.xlsx,2-33,4,3,year,عام,العام
2022-Chapter-II-Health-Resources.xlsx,2-33,4,5,year,year,Year
2022-Chapter-II-Health-Resources.xlsx,2-33,6,1,physician,أطباء,أطباء بشريون
2022-Chapter-II-Health-Resources.xlsx,2-33,6,9,physician,physician,Physicians
2022-Chapter-II-Health-Resources.xlsx,2-33,8,2,total,المجموع,المجموع
2022-Chapter-II-Health-Resources.xlsx,2-33,8,8,total,total,Total
2022-Chapter-II-Health-Resources.xlsx,2-33,9,1,physician,أطباء,أطباء أسنان
2022-Chapter-II-Health-Resources.xlsx,2-33,11,2,total,المجموع,المجموع
2022-Chapter-II-Health-Resources.xlsx,2-33,11,8,total,total,Total
2022-Chapter-II-Health-Resources.xlsx,2-33,12,1,physician,أطباء,إجمالي الأطباء
2022-Chapter-II-Health-Resources.xlsx,2-33,12,9,total,total,Total Physicians and Dentists
2022-Chapter-II-Health-Resources.xlsx,2-33,12,9,physician,physician,Total Physicians and Dentists
2022-Chapter-II-Health-Resources.xlsx,2-33,14,2,total,المجموع,المجموع
2022-Chapter-II-Health-Resources.xlsx,2-33,14,8,total,total,Total
2022-Chapter-II-Health-Resources.xlsx,2-33,15,1,nurse,تمريض,طاقم التمريض
2022-Chapter-II-Health-Resources.xlsx,2-33,15,9,nurse,nurse,Nurses
2022-Chapter-II-Health-Resources.xlsx,2-33,17,2,total,المجموع,المجموع
2022-Chapter-II-Health-Resources.xlsx,2-33,17,8,total,total,Total
2022-Chapter-II-Health-Resources.xlsx,2-33,20,2,total,المجموع,المجموع
2022-Chapter-II-Health-Resources.xlsx,2-33,20,8,total,total,Total
2022-Chapter-II-Health-Resources.xlsx,2-33,21,1,nurse,تمريض,إجمالي طاقم التمريض والقابلات
2022-Chapter-II-Health-Resources.xlsx,2-33,21,9,total,total,Total Nurses and Midwives
2022-Chapter-II-Health-Resources.xlsx,2-33,21,9,nurse,nurse,Total Nurses and Midwives
2022-Chapter-II-Health-Resources.xlsx,2-33,23,2,total,المجموع,المجموع
2022-Chapter-II-Health-Resources.xlsx,2-33,23,8,total,total,Total
2022-Chapter-II-Health-Resources.xlsx,2-33,26,2,total,المجموع,المجموع
2022-Chapter-II-Health-Resources.xlsx,2-33,26,8,total,total,Total
2022-Chapter-II-Health-Resources.xlsx,2-33,29,2,total,المجموع,المجموع
2022-Chapter-II-Health-Resources.xlsx,2-33,29,8,total,total,Total
2022-Chapter-II-Health-Resources.xlsx,2.34,1,1,region,المنطقة,القوى العاملة الصحية بالقطاع الخاص حسب المنطقة الصحية والفئة والجنس والجنسية عام 2022م
2022-Chapter-II-Health-Resources.xlsx,2.34,1,1,year,عام,القوى العاملة الصحية بالقطاع الخاص حسب المنطقة الصحية والفئة والجنس والجنسية عام 2022م
2022-Chapter-II-Health-Resources.xlsx,2.34,2,1,region,region,"Health Manpower in the Private Sector by Health Region,Category,Sex and Nationality, 2022G"
2022-Chapter-II-Health-Resources.xlsx,2.34,6,5,total,المجموع,المجموع
2022-Chapter-II-Health-Resources.xlsx,2.34,6,8,total,المجموع,المجموع
2022-Chapter-II-Health-Resources.xlsx,2.34,6,11,total,المجموع,المجموع
2022-Chapter-II-Health-Resources.xlsx,2.34,6,14,total,المجموع,المجموع
2022-Chapter-II-Health-Resources.xlsx,2.34,7,5,total,total,Total
2022-Chapter-II-Health-Resources.xlsx,2.34,7,8,total,total,Total
2022-Chapter-II-Health-Resources.xlsx,2.34,7,11,total,total,Total
2022-Chapter-II-Health-Resources.xlsx,2.34,7,14,total,total,Total
2022-Chapter-II-Health-Resources.xlsx,2.34,8,1,physician,أطباء,أطباء بشريون
2022-Chapter-II-Health-Resources.xlsx,2.34,8,16,physician,physician,Physicians
2022-Chapter-II-Health-Resources.xlsx,2.34,10,2,total,المجموع,المجموع
2022-Chapter-II-Health-Resources.xlsx,2.34,10,15,total,total,Total
2022-Chapter-II-Health-Resources.xlsx,2.34,11,1,physician,أطباء,أطباء أسنان
2022-Chapter-II-Health-Resources.xlsx,2.34,13,2,total,المجموع,المجموع
2022-Chapter-II-Health-Resources.xlsx,2.34,13,15,total,total,Total
2022-Chapter-II-Health-Resources.xlsx,2.34,14,1,physician,أطباء,إجمالي الأطباء
2022-Chapter-II-Health-Resources.xlsx,2.34,14,16,total,total,Total Physicians and Dentists
2022-Chapter-II-Health-Resources.xlsx,2.34,14,16,physician,physician,Total Physicians and Dentists
2022-Chapter-II-Health-Resources.xlsx,2.34,16,2,total,المجموع,المجموع
2022-Chapter-II-Health-Resources.xlsx,2.34,16,15,total,total,Total
2022-Chapter-II-Health-Resources.xlsx,2.34,17,1,nurse,تمريض,طاقم التمريض
2022-Chapter-II-Health-Resources.xlsx,2.34,17,16,nurse,nurse,Nurses
2022-Chapter-II-Health-Resources.xlsx,2.34,19,2,total,المجموع,المجموع
2022-Chapter-II-Health-Resources.xlsx,2.34,19,15,total,total,Total
2022-Chapter-II-Health-Resources.xlsx,2.34,22,2,total,المجموع,المجموع
2022-Chapter-II-Health-Resources.xlsx,2.34,22,15,total,total,Total
2022-Chapter-II-Health-Resources.xlsx,2.34,23,1,nurse,تمريض,إجمالي طاقم التمريض والقابلات
2022-Chapter-II-Health-Resources.xlsx,2.34,23,16,total,total,Total Nurses and Midwives
2022-Chapter-II-Health-Resources.xlsx,2.34,23,16,nurse,nurse,Total Nurses and Midwives
2022-Chapter-II-Health-Resources.xlsx,2.34,25,2,total,المجموع,المجموع
2022-Chapter-II-Health-Resources.xlsx,2.34,25,15,total,total,Total
2022-Chapter-II-Health-Resources.xlsx,2.34,28,2,total,المجموع,المجموع
2022-Chapter-II-Health-Resources.xlsx,2.34,28,15,total,total,Total
2022-Chapter-II-Health-Resources.xlsx,2.34,31,2,total,المجموع,المجموع
2022-Chapter-II-Health-Resources.xlsx,2.34,31,15,total,total,Total
2022-Chapter-II-Health-Resources.xlsx,2.34,35,5,total,المجموع,المجموع
2022-Chapter-II-Health-Resources.xlsx,2.34,35,8,total,المجموع,المجموع
2022-Chapter-II-Health-Resources.xlsx,2.34,35,11,total,المجموع,المجموع
2022-Chapter-II-Health-Resources.xlsx,2.34,35,14,total,المجموع,المجموع
2022-Chapter-II-Health-Resources.xlsx,2.34,36,5,total,total,Total
2022-Chapter-II-Health-Resources.xlsx,2.34,36,8,total,total,Total
2022-Chapter-II-Health-Resources.xlsx,2.34,36,11,total,total,Total
2022-Chapter-II-Health-Resources.xlsx,2.34,36,14,total,total,Total
2022-Chapter-II-Health-Resources.xlsx,2.34,37,1,physician,أطباء,أطباء بشريون
2022-Chapter-II-Health-Resources.xlsx,2.34,37,16,physician,physician,Physicians
2022-Chapter-II-Health-Resources.xlsx,2.34,39,2,total,المجموع,المجموع
2022-Chapter-II-Health-Resources.xlsx,2.34,39,15,total,total,Total
2022-Chapter-II-Health-Resources.xlsx,2.34,40,1,physician,أطباء,أطباء أسنان
2022-Chapter-II-Health-Resources.xlsx,2.35,1,1,region,المنطقة,القوى العاملة الصحية بمستشفيات القطاع الخاص حسب المنطقة الصحية والفئة والجنس والجنسية عام 2022م
2022-Chapter-II-Health-Resources.xlsx,2.35,1,1,year,عام,القوى العاملة الصحية بمستشفيات القطاع الخاص حسب المنطقة الصحية والفئة والجنس والجنسية عام 2022م
2022-Chapter-II-Health-Resources.xlsx,2.35,2,1,region,region,"Health Manpower in Private Sector Hospitals by Health Region,Category,Sex and Nationality, 2022G"
2022-Chapter-II-Health-Resources.xlsx,2.35,2,1,hospital,hospital,"Health Manpower in Private Sector Hospitals by Health Region,Category,Sex and Nationality, 2022G"
2022-Chapter-II-Health-Resources.xlsx,2.35,6,5,total,المجموع,المجموع
2022-Chapter-II-Health-Resources.xlsx,2.35,6,8,total,المجموع,المجموع
2022-Chapter-II-Health-Resources.xlsx,2.35,6,11,total,المجموع,المجموع
2022-Chapter-II-Health-Resources.xlsx,2.35,6,14,total,المجموع,المجموع
2022-Chapter-II-Health-Resources.xlsx,2.35,7,5,total,total,Total
2022-Chapter-II-Health-Resources.xlsx,2.35,7,8,total,total,Total
2022-Chapter-II-Health-Resources.xlsx,2.35,7,11,total,total,Total
2022-Chapter-II-Health-Resources.xlsx,2.35,7,14,total,total,Total
2022-Chapter-II-Health-Resources.xlsx,2.35,8,1,physician,أطباء,أطباء بشريون
2022-Chapter-II-Health-Resources.xlsx,2.35,8,16,physician,physician,Physicians
2022-Chapter-II-Health-Resources.xlsx,2.35,10,2,total,المجموع,المجموع
2022-Chapter-II-Health-Resources.xlsx,2.35,10,15,total,total,Total
2022-Chapter-II-Health-Resources.xlsx,2.35,11,1,physician,أطباء,أطباء أسنان
2022-Chapter-II-Health-Resources.xlsx,2.35,13,2,total,المجموع,المجموع
2022-Chapter-II-Health-Resources.xlsx,2.35,13,15,total,total,Total
2022-Chapter-II-Health-Resources.xlsx,2.35,14,1,physician,أطباء,إجمالي الأطباء
2022-Chapter-II-Health-Resources.xlsx,2.35,14,16,total,total,Total Physicians and Dentists
2022-Chapter-II-Health-Resources.xlsx,2.35,14,16,physician,physician,Total Physicians and Dentists
2022-Chapter-II-Health-Resources.xlsx,2.35,16,2,total,المجموع,المجموع
2022-Chapter-II-Health-Resources.xlsx,2.35,16,15,total,total,Total
2022-Chapter-II-Health-Resources.xlsx,2.35,17,1,nurse,تمريض,طاقم التمريض
2022-Chapter-II-Health-Resources.xlsx,2.35,17,16,nurse,nurse,Nurses
2022-Chapter-II-Health-Resources.xlsx,2.35,19,2,total,المجموع,المجموع
2022-Chapter-II-Health-Resources.xlsx,2.35,19,15,total,total,Total
2022-Chapter-II-Health-Resources.xlsx,2.35,22,2,total,المجموع,المجموع
2022-Chapter-II-Health-Resources.xlsx,2.35,22,15,total,total,Total
2022-Chapter-II-Health-Resources.xlsx,2.35,23,1,nurse,تمريض,إجمالي طاقم التمريض والقابلات
2022-Chapter-II-Health-Resources.xlsx,2.35,23,16,total,total,Total Nurses and Midwives
2022-Chapter-II-Health-Resources.xlsx,2.35,23,16,nurse,nurse,Total Nurses and Midwives
2022-Chapter-II-Health-Resources.xlsx,2.35,25,2,total,المجموع,المجموع
2022-Chapter-II-Health-Resources.xlsx,2.35,25,15,total,total,Total
2022-Chapter-II-Health-Resources.xlsx,2.35,28,2,total,المجموع,المجموع
2022-Chapter-II-Health-Resources.xlsx,2.35,28,15,total,total,Total
2022-Chapter-II-Health-Resources.xlsx,2.35,31,2,total,المجموع,المجموع
2022-Chapter-II-Health-Resources.xlsx,2.35,31,15,total,total,Total
2022-Chapter-II-Health-Resources.xlsx,2.35,35,5,total,المجموع,المجموع
2022-Chapter-II-Health-Resources.xlsx,2.35,35,8,total,المجموع,المجموع
2022-Chapter-II-Health-Resources.xlsx,2.35,35,11,total,المجموع,المجموع
2022-Chapter-II-Health-Resources.xlsx,2.35,35,14,total,المجموع,المجموع
2022-Chapter-II-Health-Resources.xlsx,2.35,36,5,total,total,Total
2022-Chapter-II-Health-Resources.xlsx,2.35,36,8,total,total,Total
2022-Chapter-II-Health-Resources.xlsx,2.35,36,11,total,total,Total
2022-Chapter-II-Health-Resources.xlsx,2.35,36,14,total,total,Total
2022-Chapter-II-Health-Resources.xlsx,2.35,37,1,physician,أطباء,أطباء بشريون
2022-Chapter-II-Health-Resources.xlsx,2.35,37,16,physician,physician,Physicians
2022-Chapter-II-Health-Resources.xlsx,2.35,39,2,total,المجموع,المجموع
2022-Chapter-II-Health-Resources.xlsx,2.35,39,15,total,total,Total
2022-Chapter-II-Health-Resources.xlsx,2.35,40,1,physician,أطباء,أطباء أسنان
2022-Chapter-II-Health-Resources.xlsx,2.36,1,1,region,المنطقة,القوى العاملة الصحية بمجمعات القطاع الخاص حسب المنطقة الصحية والفئة والجنس والجنسية عام 2022م
2022-Chapter-II-Health-Resources.xlsx,2.36,1,1,year,عام,القوى العاملة الصحية بمجمعات القطاع الخاص حسب المنطقة الصحية والفئة والجنس والجنسية عام 2022م
2022-Chapter-II-Health-Resources.xlsx,2.36,2,1,region,region,"Health Manpower in Private Sector Medical Complexes by Health Region, Category, Sex and Nationality, 2022G"
2022-Chapter-II-Health-Resources.xlsx,2.36,6,5,total,المجموع,المجموع
2022-Chapter-II-Health-Resources.xlsx,2.36,6,8,total,المجموع,المجموع
2022-Chapter-II-Health-Resources.xlsx,2.36,6,11,total,المجموع,المجموع
2022-Chapter-II-Health-Resources.xlsx,2.36,6,14,total,المجموع,المجموع
2022-Chapter-II-Health-Resources.xlsx,2.36,7,5,total,total,Total
2022-Chapter-II-Health-Resources.xlsx,2.36,7,8,total,total,Total
2022-Chapter-II-Health-Resources.xlsx,2.36,7,11,total,total,Total
2022-Chapter-II-Health-Resources.xlsx,2.36,7,14,total,total,Total
2022-Chapter-II-Health-Resources.xlsx,2.36,8,1,physician,أطباء,أطباء بشريون
2022-Chapter-II-Health-Resources.xlsx,2.36,8,16,physician,physician,Physicians
2022-Chapter-II-Health-Resources.xlsx,2.36,10,2,total,المجموع,المجموع
2022-Chapter-II-Health-Resources.xlsx,2.36,10,15,total,total,Total
2022-Chapter-II-Health-Resources.xlsx,2.36,11,1,physician,أطباء,أطباء أسنان
2022-Chapter-II-Health-Resources.xlsx,2.36,13,2,total,المجموع,المجموع
2022-Chapter-II-Health-Resources.xlsx,2.36,13,15,total,total,Total
2022-Chapter-II-Health-Resources.xlsx,2.36,14,1,physician,أطباء,إجمالي الأطباء
2022-Chapter-II-Health-Resources.xlsx,2.36,14,16,total,total,Total Physicians and Dentists
2022-Chapter-II-Health-Resources.xlsx,2.36,14,16,physician,physician,Total Physicians and Dentists
2022-Chapter-II-Health-Resources.xlsx,2.36,16,2,total,المجموع,المجموع
2022-Chapter-II-Health-Resources.xlsx,2.36,16,15,total,total,Total
2022-Chapter-II-Health-Resources.xlsx,2.36,17,1,nurse,تمريض,طاقم التمريض
2022-Chapter-II-Health-Resources.xlsx,2.36,17,16,nurse,nurse,Nurses
2022-Chapter-II-Health-Resources.xlsx,2.36,19,2,total,المجموع,المجموع
2022-Chapter-II-Health-Resources.xlsx,2.36,19,15,total,total,Total
2022-Chapter-II-Health-Resources.xlsx,2.36,22,2,total,المجموع,المجموع
2022-Chapter-II-Health-Resources.xlsx,2.36,22,15,total,total,Total
2022-Chapter-II-Health-Resources.xlsx,2.36,23,1,nurse,تمريض,إجمالي طاقم التمريض والقابلات
2022-Chapter-II-Health-Resources.xlsx,2.36,23,16,total,total,Total Nurses and Midwives
2022-Chapter-II-Health-Resources.xlsx,2.36,23,16,nurse,nurse,Total Nurses and Midwives
2022-Chapter-II-Health-Resources.xlsx,2.36,25,2,total,المجموع,المجموع
2022-Chapter-II-Health-Resources.xlsx,2.36,25,15,total,total,Total
2022-Chapter-II-Health-Resources.xlsx,2.36,28,2,total,المجموع,المجموع
2022-Chapter-II-Health-Resources.xlsx,2.36,28,15,total,total,Total
2022-Chapter-II-Health-Resources.xlsx,2.36,31,2,total,المجموع,المجموع
2022-Chapter-II-Health-Resources.xlsx,2.36,31,15,total,total,Total
2022-Chapter-II-Health-Resources.xlsx,2.36,35,5,total,المجموع,المجموع
2022-Chapter-II-Health-Resources.xlsx,2.36,35,8,total,المجموع,المجموع
2022-Chapter-II-Health-Resources.xlsx,2.36,35,11,total,المجموع,المجموع
2022-Chapter-II-Health-Resources.xlsx,2.36,35,14,total,المجموع,المجموع
2022-Chapter-II-Health-Resources.xlsx,2.36,36,5,total,total,Total
2022-Chapter-II-Health-Resources.xlsx,2.36,36,8,total,total,Total
2022-Chapter-II-Health-Resources.xlsx,2.36,36,11,total,total,Total
2022-Chapter-II-Health-Resources.xlsx,2.36,36,14,total,total,Total
2022-Chapter-II-Health-Resources.xlsx,2.36,37,1,physician,أطباء,أطباء بشريون
2022-Chapter-II-Health-Resources.xlsx,2.36,37,16,physician,physician,Physicians
2022-Chapter-II-Health-Resources.xlsx,2.36,39,2,total,المجموع,المجموع
2022-Chapter-II-Health-Resources.xlsx,2.36,39,15,total,total,Total
2022-Chapter-II-Health-Resources.xlsx,2.36,40,1,physician,أطباء,أطباء أسنان
2022-Chapter-II-Health-Resources.xlsx,2.37,1,1,region,المنطقة,الأطباء وأطباء الأسنان بالقطاع الخاص حسب التخصص والتصنيف الوظيفي والمنطقة الصحية عام 2022م.
2022-Chapter-II-Health-Resources.xlsx,2.37,1,1,year,عام,الأطباء وأطباء الأسنان بالقطاع الخاص حسب التخصص والتصنيف الوظيفي والمنطقة الصحية عام 2022م.
2022-Chapter-II-Health-Resources.xlsx,2.37,1,1,physician,أطباء,الأطباء وأطباء الأسنان بالقطاع الخاص حسب التخصص والتصنيف الوظيفي والمنطقة الصحية عام 2022م.
2022-Chapter-II-Health-Resources.xlsx,2.37,2,1,region,region,"Physicians and Dentists in the Private Sector by Speciality, Professional Categories and Health Region, 2022G."
2022-Chapter-II-Health-Resources.xlsx,2.37,2,1,physician,physician,"Physicians and Dentists in the Private Sector by Speciality, Professional Categories and Health Region, 2022G."
2022-Chapter-II-Health-Resources.xlsx,2.37,6,5,total,المجموع,المجموع
2022-Chapter-II-Health-Resources.xlsx,2.37,6,9,total,المجموع,المجموع
2022-Chapter-II-Health-Resources.xlsx,2.37,6,13,total,المجموع,المجموع
2022-Chapter-II-Health-Resources.xlsx,2.37,6,17,total,المجموع,المجموع
2022-Chapter-II-Health-Resources.xlsx,2.37,6,21,total,المجموع,المجموع
2022-Chapter-II-Health-Resources.xlsx,2.37,6,25,total,المجموع,المجموع
2022-Chapter-II-Health-Resources.xlsx,2.37,6,29,total,المجموع,المجموع
2022-Chapter-II-Health-Resources.xlsx,2.37,7,5,total,total,Total
2022-Chapter-II-Health-Resources.xlsx,2.37,7,9,total,total,Total
2022-Chapter-II-Health-Resources.xlsx,2.37,7,13,total,total,Total
2022-Chapter-II-Health-Resources.xlsx,2.37,7,17,total,total,Total
2022-Chapter-II-Health-Resources.xlsx,2.37,7,21,total,total,Total
2022-Chapter-II-Health-Resources.xlsx,2.37,7,25,total,total,Total
2022-Chapter-II-Health-Resources.xlsx,2.37,7,29,total,total,Total
2022-Chapter-II-Health-Resources.xlsx,2.37,8,1,year,عام,عام
2022-Chapter-II-Health-Resources.xlsx,2.37,11,1,year,عام,جراحة عامة
2022-Chapter-II-Health-Resources.xlsx,2.37,24,1,year,عام,صحة عامة (طب مجتمع) وصحة مهنية
2022-Chapter-II-Health-Resources.xlsx,2.37,33,1,bed,أسرة,طب أسرة
2022-Chapter-II-Health-Resources.xlsx,2.38,1,1,year,عام,القوى العاملة الصحية بالقطاع الخاص حسب الفئة والجنس والجنسية وتصنيف المنشأة عام 2022م.
2022-Chapter-II-Health-Resources.xlsx,2.38,4,15,total,المجموع,المجموع
2022-Chapter-II-Health-Resources.xlsx,2.38,5,3,hospital,hospital,Hospitals
2022-Chapter-II-Health-Resources.xlsx,2.38,5,15,total,total,Total
2022-Chapter-II-Health-Resources.xlsx,2.38,6,5,total,المجموع,المجموع
2022-Chapter-II-Health-Resources.xlsx,2.38,6,8,total,المجموع,المجموع
2022-Chapter-II-Health-Resources.xlsx,2.38,6,11,total,المجموع,المجموع
2022-Chapter-II-Health-Resources.xlsx,2.38,6,14,total,المجموع,المجموع
2022-Chapter-II-Health-Resources.xlsx,2.38,6,17,total,المجموع,المجموع
2022-Chapter-II-Health-Resources.xlsx,2.38,7,5,total,total,Total
2022-Chapter-II-Health-Resources.xlsx,2.38,7,8,total,total,Total
2022-Chapter-II-Health-Resources.xlsx,2.38,7,11,total,total,Total
2022-Chapter-II-Health-Resources.xlsx,2.38,7,14,total,total,Total
2022-Chapter-II-Health-Resources.xlsx,2.38,7,17,total,total,Total
2022-Chapter-II-Health-Resources.xlsx,2.38,8,1,physician,أطباء,أطباء بشريون
2022-Chapter-II-Health-Resources.xlsx,2.38,8,19,physician,physician,Physicians
2022-Chapter-II-Health-Resources.xlsx,2.38,10,2,total,المجموع,المجموع
2022-Chapter-II-Health-Resources.xlsx,2.38,10,18,total,total,Total
2022-Chapter-II-Health-Resources.xlsx,2.38,11,1,physician,أطباء,أطباء أسنان
2022-Chapter-II-Health-Resources.xlsx,2.38,13,2,total,المجموع,المجموع
2022-Chapter-II-Health-Resources.xlsx,2.38,13,18,total,total,Total
2022-Chapter-II-Health-Resources.xlsx,2.38,14,1,physician,أطباء,إجمالي الأطباء
2022-Chapter-II-Health-Resources.xlsx,2.38,14,19,total,total,Total Physicians and Dentists
2022-Chapter-II-Health-Resources.xlsx,2.38,14,19,physician,physician,Total Physicians and Dentists
2022-Chapter-II-Health-Resources.xlsx,2.38,16,2,total,المجموع,المجموع
2022-Chapter-II-Health-Resources.xlsx,2.38,16,18,total,total,Total
2022-Chapter-II-Health-Resources.xlsx,2.38,17,1,nurse,تمريض,طاقم التمريض
2022-Chapter-II-Health-Resources.xlsx,2.38,17,19,nurse,nurse,Nurses
2022-Chapter-II-Health-Resources.xlsx,2.38,19,2,total,المجموع,المجموع
2022-Chapter-II-Health-Resources.xlsx,2.38,19,18,total,total,Total
2022-Chapter-II-Health-Resources.xlsx,2.38,22,2,total,المجموع,المجموع
2022-Chapter-II-Health-Resources.xlsx,2.38,22,18,total,total,Total
2022-Chapter-II-Health-Resources.xlsx,2.38,23,1,nurse,تمريض,إجمالي طاقم التمريض والقابلات
2022-Chapter-II-Health-Resources.xlsx,2.38,23,19,total,total,Total Nurses and Midwives
2022-Chapter-II-Health-Resources.xlsx,2.38,23,19,nurse,nurse,Total Nurses and Midwives
2022-Chapter-II-Health-Resources.xlsx,2.38,25,2,total,المجموع,المجموع
2022-Chapter-II-Health-Resources.xlsx,2.38,25,18,total,total,Total
2022-Chapter-II-Health-Resources.xlsx,2.38,28,2,total,المجموع,المجموع
2022-Chapter-II-Health-Resources.xlsx,2.38,28,18,total,total,Total
2022-Chapter-II-Health-Resources.xlsx,2.38,31,2,total,المجموع,المجموع
2022-Chapter-II-Health-Resources.xlsx,2.38,31,18,total,total,Total
2022-Chapter-II-Health-Resources.xlsx,2.39,1,1,year,عام,الملتحقون والملتحقات الجدد من العاملين وزارة الصحة ببرامج الزمالات والدراسات العليا حسب التخصص عام 2022م
2022-Chapter-II-Health-Resources.xlsx,2.39,6,1,nurse,تمريض,التمريض
2022-Chapter-II-Health-Resources.xlsx,2.39,13,1,year,عام,الجراحة العامة
2022-Chapter-II-Health-Resources.xlsx,2.39,18,1,year,عام,صحة عامة
2022-Chapter-II-Health-Resources.xlsx,2.39,35,1,bed,سرير,تغذية سريرية
2022-Chapter-II-Health-Resources.xlsx,2.40,1,1,year,عام,أعداد المتدربين بمراكز تطوير المهارات الفنية بوزارة الصحة لعام 2022م.
2022-Chapter-II-Health-Resources.xlsx,2.40,15,1,physician,أطباء,دورة دعم الحياة المتقدم للاصابات الحرجة (أطباء)
2022-Chapter-II-Health-Resources.xlsx,2.40,16,1,nurse,تمريض,دورة دعم الحياة المتقدم للاصابات (تمريض)
2022-Chapter-II-Health-Resources.xlsx,2.40,19,1,total,الإجمالي,الإجمالي
2022-Chapter-II-Health-Resources.xlsx,2.40,19,3,total,total,Total
2022-Chapter-II-Health-Resources.xlsx,2-41,1,1,year,عام,الطلبة والطالبات في الكليات الصحية للعام الدراسي 2022-2023م.
2022-Chapter-II-Health-Resources.xlsx,2-41,2,1,year,year,Enrolled Students in health colleges for the academic year 2022-2023G.
2022-Chapter-II-Health-Resources.xlsx,2-41,4,6,total,المجموع,المجموع
2022-Chapter-II-Health-Resources.xlsx,2-41,6,6,total,total,Total
2022-Chapter-II-Health-Resources.xlsx,2.42,1,1,year,عام,خريجو وخريجات الكليات الصحية للعام الدراسي 2021-2022م.
2022-Chapter-II-Health-Resources.xlsx,2.42,2,1,year,year,Graduates in health colleges for the academic year 2021-2022G.
2022-Chapter-II-Health-Resources.xlsx,2.42,4,6,total,المجموع,المجموع
2022-Chapter-II-Health-Resources.xlsx,2.42,6,6,total,total,Total
2022-Chapter-II-Health-Resources.xlsx,2.43,2,1,hospital,hospital,CBAHI Accredited MoH Hospitals.
2022-Chapter-II-Health-Resources.xlsx,2.43,4,1,region,المنطقة,المنطقة الصحية
2022-Chapter-II-Health-Resources.xlsx,2.43,4,2,hospital,مستشفى,المستشفى
2022-Chapter-II-Health-Resources.xlsx,2.43,4,4,hospital,hospital,Hospital Name
2022-Chapter-II-Health-Resources.xlsx,2.43,4,6,region,region,Health Region
2022-Chapter-II-Health-Resources.xlsx,2.43,5,3,hospital,مستشفى,مستشفى الأمير محمد بن عبدالعزيز
2022-Chapter-II-Health-Resources.xlsx,2.43,5,4,hospital,hospital,Prince Mohammad Bin Abdulaziz Hospital
2022-Chapter-II-Health-Resources.xlsx,2.43,6,3,hospital,مستشفى,مستشفى الملك خالد بالخرج
2022-Chapter-II-Health-Resources.xlsx,2.43,6,4,hospital,hospital,King Khalid Hospital Al-Kharj
2022-Chapter-II-Health-Resources.xlsx,2.43,7,3,hospital,مستشفى,مستشفى الولادة والأطفال بالخرج
2022-Chapter-II-Health-Resources.xlsx,2.43,7,4,hospital,hospital,Maternity Hospital - Al-Kharj
2022-Chapter-II-Health-Resources.xlsx,2.43,8,3,year,عام,مستشفى الإيمان العام
2022-Chapter-II-Health-Resources.xlsx,2.43,8,3,hospital,مستشفى,مستشفى الإيمان العام
2022-Chapter-II-Health-Resources.xlsx,2.43,8,4,hospital,hospital,Al Iman General Hospital
2022-Chapter-II-Health-Resources.xlsx,2.43,9,3,year,عام,مستشفى الدوادمي العام
2022-Chapter-II-Health-Resources.xlsx,2.43,9,3,hospital,مستشفى,مستشفى الدوادمي العام
2022-Chapter-II-Health-Resources.xlsx,2.43,9,4,hospital,hospital,Dawadmi General Hospital
2022-Chapter-II-Health-Resources.xlsx,2.43,10,3,year,عام,مستشفى الزلفي العام
2022-Chapter-II-Health-Resources.xlsx,2.43,10,3,hospital,مستشفى,مستشفى الزلفي العام
2022-Chapter-II-Health-Resources.xlsx,2.43,10,4,hospital,hospital,Al Zulfi General Hospital
2022-Chapter-II-Health-Resources.xlsx,2.43,11,3,year,عام,مستشفى القويعية العام
2022-Chapter-II-Health-Resources.xlsx,2.43,11,3,hospital,مستشفى,مستشفى القويعية العام
2022-Chapter-II-Health-Resources.xlsx,2.43,11,4,hospital,hospital,Quwaiya General Hospital
2022-Chapter-II-Health-Resources.xlsx,2.43,14,3,hospital,مستشفى,مستشفى الملك سلمان
2022-Chapter-II-Health-Resources.xlsx,2.43,14,4,hospital,hospital,King Salman Hospital
2022-Chapter-II-Health-Resources.xlsx,2.43,15,3,hospital,مستشفى,مستشفى الإمام عبدالرحمن الفيصل
2022-Chapter-II-Health-Resources.xlsx,2.43,15,4,hospital,hospital,Imam Abdulrahman Alfaisal Hospital
2022-Chapter-II-Health-Resources.xlsx,2.43,16,3,year,عام,مستشفى شقراء العام
2022-Chapter-II-Health-Resources.xlsx,2.43,16,3,hospital,مستشفى,مستشفى شقراء العام
2022-Chapter-II-Health-Resources.xlsx,2.43,16,4,hospital,hospital,Shagra General Hospital
2022-Chapter-II-Health-Resources.xlsx,2.43,17,3,hospital,مستشفى,مستشفى الملك خالد التخصصي للعيون
2022-Chapter-II-Health-Resources.xlsx,2.43,17,4,hospital,hospital,King Khaled Eye Specialist Hospital
2022-Chapter-II-Health-Resources.xlsx,2.43,18,3,hospital,مستشفى,مستشفى اليمامة
2022-Chapter-II-Health-Resources.xlsx,2.43,18,4,hospital,hospital,Al-Yamama Hospital
2022-Chapter-II-Health-Resources.xlsx,2.43,19,3,hospital,مستشفى,مستشفى الملك عبد العزيز
2022-Chapter-II-Health-Resources.xlsx,2.43,19,4,hospital,hospital,King Abdulaziz  Hospital
2022-Chapter-II-Health-Resources.xlsx,2.43,20,3,year,عام,مستشفى حراء العام
2022-Chapter-II-Health-Resources.xlsx,2.43,20,3,hospital,مستشفى,مستشفى حراء العام
2022-Chapter-II-Health-Resources.xlsx,2.43,20,4,hospital,hospital,Herra General Hospital
2022-Chapter-II-Health-Resources.xlsx,2.43,21,3,hospital,مستشفى,مستشفى الولادة والأطفال
2022-Chapter-II-Health-Resources.xlsx,2.43,21,4,hospital,hospital,Maternity & Children Hospital
2022-Chapter-II-Health-Resources.xlsx,2.43,23,3,hospital,مستشفى,مستشفى الملك فيصل
2022-Chapter-II-Health-Resources.xlsx,2.43,23,4,hospital,hospital,Kung Faisal Hospital
2022-Chapter-II-Health-Resources.xlsx,2.43,24,3,hospital,مستشفى,مستشفى النور التخصصي
2022-Chapter-II-Health-Resources.xlsx,2.43,24,4,hospital,hospital,Al-Noor  Specialist Hospital
2022-Chapter-II-Health-Resources.xlsx,2.43,25,3,hospital,مستشفى,مستشفى الملك عبد العزيز ومركز الأورام
2022-Chapter-II-Health-Resources.xlsx,2.43,25,4,hospital,hospital,King Abdulaziz  Hospital & Oncology Center
2022-Chapter-II-Health-Resources.xlsx,2.43,26,3,year,عام,مستشفى الثغر العام
2022-Chapter-II-Health-Resources.xlsx,2.43,26,3,hospital,مستشفى,مستشفى الثغر العام
2022-Chapter-II-Health-Resources.xlsx,2.43,26,4,hospital,hospital,Al Thagher General Hospital
2022-Chapter-II-Health-Resources.xlsx,2.43,27,3,hospital,مستشفى,مستشفى شرق جدة
2022-Chapter-II-Health-Resources.xlsx,2.43,27,4,hospital,hospital,East Jeddah Hospital
2022-Chapter-II-Health-Resources.xlsx,2.43,28,3,hospital,مستشفى,مستشفى رابغ
2022-Chapter-II-Health-Resources.xlsx,2.43,28,4,hospital,hospital,Rabigh Hospital
2022-Chapter-II-Health-Resources.xlsx,2.43,30,3,hospital,مستشفى,مستشفى الملك عبد العزيز التخصصي
2022-Chapter-II-Health-Resources.xlsx,2.43,30,4,hospital,hospital,King Abdulaziz Specialist Hospital
2022-Chapter-II-Health-Resources.xlsx,2.43,32,3,year,عام,مستشفى المويه العام
2022-Chapter-II-Health-Resources.xlsx,2.43,32,3,hospital,مستشفى,مستشفى المويه العام
2022-Chapter-II-Health-Resources.xlsx,2.43,32,4,hospital,hospital,Al-Moya General Hospital
2022-Chapter-II-Health-Resources.xlsx,2.43,33,3,year,عام,مستشفى رنية العام
2022-Chapter-II-Health-Resources.xlsx,2.43,33,3,hospital,مستشفى,مستشفى رنية العام
2022-Chapter-II-Health-Resources.xlsx,2.43,33,4,hospital,hospital,Ranyah General Hospital
2022-Chapter-II-Health-Resources.xlsx,2.43,34,3,year,عام,مستشفى قيا العام
2022-Chapter-II-Health-Resources.xlsx,2.43,34,3,hospital,مستشفى,مستشفى قيا العام
2022-Chapter-II-Health-Resources.xlsx,2.43,34,4,hospital,hospital,Qia General Hospital
2022-Chapter-II-Health-Resources.xlsx,2.43,35,3,hospital,مستشفى,مستشفى الأطفال
2022-Chapter-II-Health-Resources.xlsx,2.43,35,4,hospital,hospital,Children Hospital
2022-Chapter-II-Health-Resources.xlsx,2.43,36,3,year,عام,مستشفى أحد العام
2022-Chapter-II-Health-Resources.xlsx,2.43,36,3,hospital,مستشفى,مستشفى أحد العام
2022-Chapter-II-Health-Resources.xlsx,2.43,36,4,hospital,hospital,Ohud General Hospital
2022-Chapter-II-Health-Resources.xlsx,2.43,37,3,year,عام,مستشفى ينبع العام
2022-Chapter-II-Health-Resources.xlsx,2.43,37,3,hospital,مستشفى,مستشفى ينبع العام
2022-Chapter-II-Health-Resources.xlsx,2.43,38,3,year,عام,مستشفى الميقات العام
2022-Chapter-II-Health-Resources.xlsx,2.43,38,3,hospital,مستشفى,مستشفى الميقات العام
2022-Chapter-II-Health-Resources.xlsx,2.43,38,4,hospital,hospital,Meeqat General Hospital
2022-Chapter-II-Health-Resources.xlsx,2.43,39,3,hospital,مستشفى,مستشفى الملك فهد
2022-Chapter-II-Health-Resources.xlsx,2.43,39,4,hospital,hospital,King Fahad Hospital
2022-Chapter-II-Health-Resources.xlsx,2.43,40,3,hospital,مستشفى,مستشفى الولادة والأطفال ببريدة
2022-Chapter-II-Health-Resources.xlsx,2.43,40,4,hospital,hospital,Maternity & Children Hospital
2022-Chapter-II-Health-Resources.xlsx,2.44,2,1,hospital,hospital,CBAHI Accredited Other Governmental Sector Hospitals
2022-Chapter-II-Health-Resources.xlsx,2.44,4,1,region,المنطقة,المنطقة الصحية
2022-Chapter-II-Health-Resources.xlsx,2.44,4,2,hospital,مستشفى,المستشفى
2022-Chapter-II-Health-Resources.xlsx,2.44,4,4,hospital,hospital,Hospital Name
2022-Chapter-II-Health-Resources.xlsx,2.44,4,6,region,region,Health Region
2022-Chapter-II-Health-Resources.xlsx,2.44,5,3,hospital,مستشفى,مستشفى الملك فيصل التخصصي ومركز الأبحاث
2022-Chapter-II-Health-Resources.xlsx,2.44,5,4,hospital,hospital,King Faisal Specialist Hospital and Research Center
2022-Chapter-II-Health-Resources.xlsx,2.44,6,3,hospital,مستشفى,مستشفى القوات المسلحة بالمصانع الحربية بالخرج
2022-Chapter-II-Health-Resources.xlsx,2.44,6,4,hospital,hospital,"Armed Forces Hospital in the military factories, Al-Kharj"
2022-Chapter-II-Health-Resources.xlsx,2.44,8,3,hospital,مستشفى,مستشفى القوات المسلحة بوادي الدواسر
2022-Chapter-II-Health-Resources.xlsx,2.44,8,4,hospital,hospital,Armed Forces Hospital in Wadi Al-Dawaser
2022-Chapter-II-Health-Resources.xlsx,2.44,9,3,hospital,مستشفى,مستشفى الملك خالد الجامعي بالرياض
2022-Chapter-II-Health-Resources.xlsx,2.44,9,4,hospital,hospital,King Khalid University Hospital - Riyadh
2022-Chapter-II-Health-Resources.xlsx,2.44,10,3,hospital,مستشفى,مستشفى الملك عبدالله بن عبدالعزيز بجامعة الأميرة نورة- الرياض
2022-Chapter-II-Health-Resources.xlsx,2.44,10,4,hospital,hospital,King Abdullah Bin Abdulaziz University Hospital - Riyadh
2022-Chapter-II-Health-Resources.xlsx,2.44,11,3,hospital,مستشفى,مستشفى قوى الأمن
2022-Chapter-II-Health-Resources.xlsx,2.44,11,4,hospital,hospital,Security Forces Hospital- Riyadh
2022-Chapter-II-Health-Resources.xlsx,2.44,12,3,hospital,مستشفى,مستشفى الملك عبد العزيز الجامعي - الرياض
2022-Chapter-II-Health-Resources.xlsx,2.44,12,4,hospital,hospital,King Abdulaziz University Hospital - Riyadh
2022-Chapter-II-Health-Resources.xlsx,2.44,13,3,hospital,مستشفى,مستشفى الأمن المركزي -الرياض
2022-Chapter-II-Health-Resources.xlsx,2.44,13,4,hospital,hospital,Central Security Hospital  - Riyadh
2022-Chapter-II-Health-Resources.xlsx,2.44,15,3,hospital,مستشفى,مستشفى قوى الأمن
2022-Chapter-II-Health-Resources.xlsx,2.44,15,4,hospital,hospital,Security Forces Hospital-Makkah
2022-Chapter-II-Health-Resources.xlsx,2.44,16,3,hospital,مستشفى,مستشفى الملك فهد للقوات المسلحة بجدة
2022-Chapter-II-Health-Resources.xlsx,2.44,16,4,hospital,hospital,King Fahad Armed Forces Hospital- Jeddah
2022-Chapter-II-Health-Resources.xlsx,2.44,17,3,hospital,مستشفى,مستشفى الامن المركزي بجدة
2022-Chapter-II-Health-Resources.xlsx,2.44,17,4,hospital,hospital,Central Security Hospital -Jeddah
2022-Chapter-II-Health-Resources.xlsx,2.44,19,3,hospital,مستشفى,مستشفى الملك عبد العزيز الجامعي - جدة
2022-Chapter-II-Health-Resources.xlsx,2.44,19,4,hospital,hospital,King Abdulaziz University Hospital - Jeddah
2022-Chapter-II-Health-Resources.xlsx,2.44,20,3,hospital,مستشفى,مستشفى الملك فيصل التخصصي ومركز الأبحاث
2022-Chapter-II-Health-Resources.xlsx,2.44,20,4,hospital,hospital,King Faisal Specialist Hospital and Research Center
2022-Chapter-II-Health-Resources.xlsx,2.44,21,3,hospital,مستشفى,مستشفى الأمير منصور العسكري
2022-Chapter-II-Health-Resources.xlsx,2.44,21,4,hospital,hospital,Prince Mansour Military Hospital
2022-Chapter-II-Health-Resources.xlsx,2.44,22,3,hospital,مستشفى,مستشفى الأمير سلطان العسكري- الطائف
2022-Chapter-II-Health-Resources.xlsx,2.44,22,4,hospital,hospital,Prince Sultan Military Hospital-Taif
2022-Chapter-II-Health-Resources.xlsx,2.44,23,3,hospital,مستشفى,مستشفى القوات المسلحة للتأهيل الصحي
2022-Chapter-II-Health-Resources.xlsx,2.44,23,4,hospital,hospital,Armed Forces Rehabilitation Hospital
2022-Chapter-II-Health-Resources.xlsx,2.44,24,3,hospital,مستشفى,مستشفى القوات المسلحة - الهدا
2022-Chapter-II-Health-Resources.xlsx,2.44,24,4,hospital,hospital,Al Hada Military Hospital
2022-Chapter-II-Health-Resources.xlsx,2.44,25,3,hospital,مستشفى,مستشفى الأمير محمد بن عبد العزيز
2022-Chapter-II-Health-Resources.xlsx,2.44,25,4,hospital,hospital,Prince Mohammed bin Abdulaziz Hospital
2022-Chapter-II-Health-Resources.xlsx,2.44,26,3,hospital,مستشفى,مستشفى الأمير سلطان للقوات المسلحة
2022-Chapter-II-Health-Resources.xlsx,2.44,28,3,hospital,مستشفى,مستشفى الأمن المركزي
2022-Chapter-II-Health-Resources.xlsx,2.44,28,4,hospital,hospital,"Central Security Hospital, Qaseem"
2022-Chapter-II-Health-Resources.xlsx,2.44,29,3,hospital,مستشفى,مستشفى الامام عبد الرحمن آل فيصل للحرس الوطني
2022-Chapter-II-Health-Resources.xlsx,2.44,29,4,hospital,hospital,Imam Abdul Rahman bin Faisal National Guard Hospital - Dammam
2022-Chapter-II-Health-Resources.xlsx,2.44,29,6,region,region,Eastern Region
2022-Chapter-II-Health-Resources.xlsx,2.44,32,3,hospital,مستشفى,مستشفى القوات المسلحة بقاعدة الملك عبد العزيز الجوية بالظهران
2022-Chapter-II-Health-Resources.xlsx,2.44,32,4,hospital,hospital,"Armed Forces Hospital, King Abdulaziz Air Base, Dhahran"
2022-Chapter-II-Health-Resources.xlsx,2.44,33,3,hospital,مستشفى,مستشفى قوى الأمن
2022-Chapter-II-Health-Resources.xlsx,2.44,33,4,hospital,hospital,Security Forces Hospital
2022-Chapter-II-Health-Resources.xlsx,2.44,35,3,hospital,مستشفى,مستشفى القوات المسلحة بقاعدة الملك عبد العزيز البحرية بالجبيل
2022-Chapter-II-Health-Resources.xlsx,2.44,35,4,hospital,hospital,"Armed Forces Hospital, King Abdulaziz Naval Base, Jubail"
2022-Chapter-II-Health-Resources.xlsx,2.44,36,3,hospital,مستشفى,مستشفى الملك فهد الجامعي التابع لجامعة الامام عبدالرحمن الفيصل
2022-Chapter-II-Health-Resources.xlsx,2.44,36,4,hospital,hospital,King Fahd University Hospital  - Al Khobar
2022-Chapter-II-Health-Resources.xlsx,2.44,37,3,hospital,مستشفى,مستشفى الامن المركزي
2022-Chapter-II-Health-Resources.xlsx,2.44,37,4,hospital,hospital,"Central Security Hospital, DAMMAM"
2022-Chapter-II-Health-Resources.xlsx,2.44,39,3,hospital,مستشفى,مستشفى القوات المسلحة بالشمالية بحفر الباطن
2022-Chapter-II-Health-Resources.xlsx,2.44,39,4,hospital,hospital,Northern Area Armed Forces Hospital - Hafr Al Batin
2022-Chapter-II-Health-Resources.xlsx,2.44,40,3,hospital,مستشفى,مستشفى الأمن المركزي - أبها
2022-Chapter-II-Health-Resources.xlsx,2.44,40,4,hospital,hospital,Central Security Hospital -Abha
2022-Chapter-II-Health-Resources.xlsx,2-45,2,1,hospital,hospital,CBAHI Accredited Private Hospitals
2022-Chapter-II-Health-Resources.xlsx,2-45,4,1,region,المنطقة,المنطقة الصحية
2022-Chapter-II-Health-Resources.xlsx,2-45,4,2,hospital,مستشفى,المستشفى
2022-Chapter-II-Health-Resources.xlsx,2-45,4,4,hospital,hospital,Hospital Name
2022-Chapter-II-Health-Resources.xlsx,2-45,4,6,region,region,Health Region
2022-Chapter-II-Health-Resources.xlsx,2-45,5,3,hospital,مستشفى,مستشفى رعاية الرياض
2022-Chapter-II-Health-Resources.xlsx,2-45,5,4,hospital,hospital,Riyadh Care Hospital
2022-Chapter-II-Health-Resources.xlsx,2-45,6,3,hospital,مستشفى,مستشفى شركة الدارة الطبية
2022-Chapter-II-Health-Resources.xlsx,2-45,6,4,hospital,hospital,Aldara Medical Company Hospital
2022-Chapter-II-Health-Resources.xlsx,2-45,7,3,hospital,مستشفى,مستشفى شركة دلة نمار الصحية القابضة
2022-Chapter-II-Health-Resources.xlsx,2-45,7,4,hospital,hospital,Dallah Namar Health Holding Company Hospital
2022-Chapter-II-Health-Resources.xlsx,2-45,8,3,hospital,مستشفى,مستشفى الدكتور سليمان الحبيب
2022-Chapter-II-Health-Resources.xlsx,2-45,8,4,hospital,hospital,Dr. Sulaiman Al Habib Hospital
2022-Chapter-II-Health-Resources.xlsx,2-45,9,3,hospital,مستشفى,مستشفى الأسرة الدولى
2022-Chapter-II-Health-Resources.xlsx,2-45,9,3,bed,أسرة,مستشفى الأسرة الدولى
2022-Chapter-II-Health-Resources.xlsx,2-45,9,4,hospital,hospital,Al Osrah International Hospital
2022-Chapter-II-Health-Resources.xlsx,2-45,10,3,hospital,مستشفى,مستشفى الجافل الدولي
2022-Chapter-II-Health-Resources.xlsx,2-45,10,4,hospital,hospital,Al Jafel International Hospital
2022-Chapter-II-Health-Resources.xlsx,2-45,11,3,hospital,مستشفى,مستشفى الغرب التخصصي للرعاية الطبية
2022-Chapter-II-Health-Resources.xlsx,2-45,11,4,hospital,hospital,Al Gharb Al Takhassusi Hospital for healthcare
2022-Chapter-II-Health-Resources.xlsx,2-45,12,3,hospital,مستشفى,مستشفى الحمادي 3 النزهه
2022-Chapter-II-Health-Resources.xlsx,2-45,12,4,hospital,hospital,Al Hammadi Hospital 3 Nuzha
2022-Chapter-II-Health-Resources.xlsx,2-45,13,3,hospital,مستشفى,مستشفى الوطني
2022-Chapter-II-Health-Resources.xlsx,2-45,13,4,hospital,hospital,Riyadh National Hospital
2022-Chapter-II-Health-Resources.xlsx,2-45,14,3,hospital,مستشفى,مستشفى الهلال الأخضر
2022-Chapter-II-Health-Resources.xlsx,2-45,14,4,hospital,hospital,Green Crescent Hospital
2022-Chapter-II-Health-Resources.xlsx,2-45,15,3,hospital,مستشفى,مستشفى العظام والمفاصل والعمود الفقري
2022-Chapter-II-Health-Resources.xlsx,2-45,15,4,hospital,hospital,Bone Joint and Spine Hospital
2022-Chapter-II-Health-Resources.xlsx,2-45,16,3,hospital,مستشفى,مستشفى الفلاح الدولي
2022-Chapter-II-Health-Resources.xlsx,2-45,16,4,hospital,hospital,Alfalah International Hospital
2022-Chapter-II-Health-Resources.xlsx,2-45,17,3,hospital,مستشفى,مستشفى الدكتور سليمان الحبيب للنساء والولادة
2022-Chapter-II-Health-Resources.xlsx,2-45,17,4,hospital,hospital,Dr. Sulaiman Al Habib Hospital for Obstetric and Gynecology
2022-Chapter-II-Health-Resources.xlsx,2-45,18,3,hospital,مستشفى,مستشفى النخبة
2022-Chapter-II-Health-Resources.xlsx,2-45,18,4,hospital,hospital,Alnokhbah Hospital
2022-Chapter-II-Health-Resources.xlsx,2-45,19,3,hospital,مستشفى,مستشفى شركة الدكتور محمد راشد الفقيه
2022-Chapter-II-Health-Resources.xlsx,2-45,19,4,hospital,hospital,Dr.Mohammed AlFagih Hospital
2022-Chapter-II-Health-Resources.xlsx,2-45,20,3,hospital,مستشفى,مستشفى علي بن محمد بن علي
2022-Chapter-II-Health-Resources.xlsx,2-45,20,4,hospital,hospital,Ali Bin Mohamed Bin Ali Hospital
2022-Chapter-II-Health-Resources.xlsx,2-45,21,3,hospital,مستشفى,مستشفى عناية العائلة
2022-Chapter-II-Health-Resources.xlsx,2-45,21,4,hospital,hospital,Family Care Hospital
2022-Chapter-II-Health-Resources.xlsx,2-45,22,3,hospital,مستشفى,مستشفى المملكة
2022-Chapter-II-Health-Resources.xlsx,2-45,22,4,hospital,hospital,Kingdom Hospital
2022-Chapter-II-Health-Resources.xlsx,2-45,23,3,hospital,مستشفى,شركة مستشفى دار الشفاء
2022-Chapter-II-Health-Resources.xlsx,2-45,23,4,hospital,hospital,Dar Al-Shefa Hospital Company
2022-Chapter-II-Health-Resources.xlsx,2-45,24,3,hospital,مستشفى,شركة مستشفى واحة الصحة لرعاية المسنين
2022-Chapter-II-Health-Resources.xlsx,2-45,24,4,hospital,hospital,Health Oasis Hospital Company
2022-Chapter-II-Health-Resources.xlsx,2-45,25,3,hospital,مستشفى,مستشفى المركز التخصصي الطبي 2
2022-Chapter-II-Health-Resources.xlsx,2-45,26,3,hospital,مستشفى,مستشفى السلام الطبي
2022-Chapter-II-Health-Resources.xlsx,2-45,26,4,hospital,hospital,Al Salam Medical Hospital
2022-Chapter-II-Health-Resources.xlsx,2-45,27,3,hospital,مستشفى,مستشفى أنفاس الراحة
2022-Chapter-II-Health-Resources.xlsx,2-45,27,4,hospital,hospital,Anfas Medical Care Hospital
2022-Chapter-II-Health-Resources.xlsx,2-45,28,3,hospital,مستشفى,مستشفى شركة صحة السويدي الطبية
2022-Chapter-II-Health-Resources.xlsx,2-45,28,4,hospital,hospital,Al Suwaidi Medical Health Company Hospital
2022-Chapter-II-Health-Resources.xlsx,2-45,29,3,hospital,مستشفى,مستشفى رابية الطبى
2022-Chapter-II-Health-Resources.xlsx,2-45,29,4,hospital,hospital,Rabiah Hospital - Riyadh
2022-Chapter-II-Health-Resources.xlsx,2-45,30,3,hospital,مستشفى,مستشفى شركة مغربي
2022-Chapter-II-Health-Resources.xlsx,2-45,30,4,hospital,hospital,Magrabi Hospital Company
2022-Chapter-II-Health-Resources.xlsx,2-45,31,3,hospital,مستشفى,مستشفى المركز التخصصي الطبي
2022-Chapter-II-Health-Resources.xlsx,2-45,32,3,hospital,مستشفى,مستشفى عبيد التخصصي بالرياض
2022-Chapter-II-Health-Resources.xlsx,2-45,32,4,hospital,hospital,Obaid Specialized Hospital
2022-Chapter-II-Health-Resources.xlsx,2-45,33,3,hospital,مستشفى,مستشفى الحمادي 2 السويدي
2022-Chapter-II-Health-Resources.xlsx,2-45,33,4,hospital,hospital,Al Hammadi Hospital 2 Al Suwaidi
2022-Chapter-II-Health-Resources.xlsx,2-45,34,3,hospital,مستشفى,مستشفى الجزيرة الطبي
2022-Chapter-II-Health-Resources.xlsx,2-45,34,4,hospital,hospital,Al Jazeera Medical Hospital
2022-Chapter-II-Health-Resources.xlsx,2-45,36,3,hospital,مستشفى,مستشفى المواساة بالرياض
2022-Chapter-II-Health-Resources.xlsx,2-45,36,4,hospital,hospital,Al Mouwasat Hospital
2022-Chapter-II-Health-Resources.xlsx,2-45,37,3,hospital,مستشفى,مستشفى الدكتور عبدالرحمن المشاري
2022-Chapter-II-Health-Resources.xlsx,2-45,37,4,hospital,hospital,Dr. Abdul Rahman Al-Mishari Hospital
2022-Chapter-II-Health-Resources.xlsx,2-45,38,3,hospital,مستشفى,مستشفى دله
2022-Chapter-II-Health-Resources.xlsx,2-45,38,4,hospital,hospital,Dallah Hospital
2022-Chapter-II-Health-Resources.xlsx,2-45,39,3,hospital,مستشفى,مستشفى أستر سند للرعاية الطبية
2022-Chapter-II-Health-Resources.xlsx,2-45,39,4,hospital,hospital,Aster Sanad Hospital for Medical Care
2022-Chapter-II-Health-Resources.xlsx,2-45,40,3,hospital,مستشفى,مستشفى السعودي الألماني فرع شركة الشرق الأوسط للرعاية الصحية بالرياض
2022-Chapter-II-Health-Resources.xlsx,2-45,40,4,hospital,hospital,Saudi German Hospital Middle East Healthcare Company
2022-Chapter-IV-Health-Activities.xlsx,فهرس الباب الرابع,1,2,activity,الأنشطة,الباب الرابع: الأنشطة والخدمات الصحية
2022-Chapter-IV-Health-Activities.xlsx,فهرس الباب الرابع,2,2,activity,activities,Chapter IV : Health Activities and Services
2022-Chapter-IV-Health-Activities.xlsx,فهرس الباب الرابع,3,2,region,المنطقة,زيارات واستشارات الرعاية الصحية الأولية بوزارة الصحة حسب المنطقة الصحية عام 2022م.
2022-Chapter-IV-Health-Activities.xlsx,فهرس الباب الرابع,3,2,year,عام,زيارات واستشارات الرعاية الصحية الأولية بوزارة الصحة حسب المنطقة الصحية عام 2022م.
2022-Chapter-IV-Health-Activities.xlsx,فهرس الباب الرابع,4,2,region,region,"MoH PHC  Encounters and Consultations by Health Region, 2022G."
2022-Chapter-IV-Health-Activities.xlsx,فهرس الباب الرابع,5,2,region,المنطقة,زيارات مراجعي الطوارئ المرضية بمستشفيات وزارة الصحة حسب الجنس والجنسية والمنطقة الصحية عام 2022م.
2022-Chapter-IV-Health-Activities.xlsx,فهرس الباب الرابع,5,2,year,عام,زيارات مراجعي الطوارئ المرضية بمستشفيات وزارة الصحة حسب الجنس والجنسية والمنطقة الصحية عام 2022م.
2022-Chapter-IV-Health-Activities.xlsx,فهرس الباب الرابع,6,2,region,region,"Medical Emergency Encounters in the MoH Hospitals by  Sex, Nationality  and Health Region, 2022G."
2022-Chapter-IV-Health-Activities.xlsx,فهرس الباب الرابع,6,2,hospital,hospital,"Medical Emergency Encounters in the MoH Hospitals by  Sex, Nationality  and Health Region, 2022G."
2022-Chapter-IV-Health-Activities.xlsx,فهرس الباب الرابع,7,2,region,المنطقة,زيارات مراجعي الطوارئ الجراحية بمستشفيات وزارة الصحة حسب الجنس والجنسية والمنطقة الصحية عام 2022م.
2022-Chapter-IV-Health-Activities.xlsx,فهرس الباب الرابع,7,2,year,عام,زيارات مراجعي الطوارئ الجراحية بمستشفيات وزارة الصحة حسب الجنس والجنسية والمنطقة الصحية عام 2022م.
2022-Chapter-IV-Health-Activities.xlsx,فهرس الباب الرابع,8,2,region,region,"Surgical Emergency Encounters in the MoH Hospitals by  Sex, Nationality  and Health Region, 2022G."
2022-Chapter-IV-Health-Activities.xlsx,فهرس الباب الرابع,8,2,hospital,hospital,"Surgical Emergency Encounters in the MoH Hospitals by  Sex, Nationality  and Health Region, 2022G."
2022-Chapter-IV-Health-Activities.xlsx,فهرس الباب الرابع,9,2,region,المنطقة,زيارات مراجعي  العيادات الخارجية بمستشفيات وزارة الصحة حسب الجنس والجنسية والمنطقة الصحية عام 2022م.
2022-Chapter-IV-Health-Activities.xlsx,فهرس الباب الرابع,9,2,year,عام,زيارات مراجعي  العيادات الخارجية بمستشفيات وزارة الصحة حسب الجنس والجنسية والمنطقة الصحية عام 2022م.
2022-Chapter-IV-Health-Activities.xlsx,فهرس الباب الرابع,10,2,region,region,"Encounters to Outpatient Clinics in MoH Hospitals by  Sex, Nationality  and Health Region, 2022G."
2022-Chapter-IV-Health-Activities.xlsx,فهرس الباب الرابع,10,2,hospital,hospital,"Encounters to Outpatient Clinics in MoH Hospitals by  Sex, Nationality  and Health Region, 2022G."
2022-Chapter-IV-Health-Activities.xlsx,فهرس الباب الرابع,11,2,region,المنطقة,زيارات المراجعين  للرعاية الصحية الأولية والعيادات الخارجية بمستشفيات وزارة الصحة حسب المنطقة الصحية عام 2022م
2022-Chapter-IV-Health-Activities.xlsx,فهرس الباب الرابع,11,2,year,عام,زيارات المراجعين  للرعاية الصحية الأولية والعيادات الخارجية بمستشفيات وزارة الصحة حسب المنطقة الصحية عام 2022م
2022-Chapter-IV-Health-Activities.xlsx,فهرس الباب الرابع,12,2,region,region,"PHCs' Encounters and Outpatients of MoH Hospitals by Health Region, 2022G."
2022-Chapter-IV-Health-Activities.xlsx,فهرس الباب الرابع,12,2,hospital,hospital,"PHCs' Encounters and Outpatients of MoH Hospitals by Health Region, 2022G."
2022-Chapter-IV-Health-Activities.xlsx,فهرس الباب الرابع,13,2,region,المنطقة,زيارات المراجعين لمراكز الرعاية الصحية الأولية والعيادات الخارجية بمستشفيات وزارة الصحة حسب المنطقة الصحية في الأعوام الخمسة الأخيرة
2022-Chapter-IV-Health-Activities.xlsx,فهرس الباب الرابع,14,2,region,region,PHCs' Encounters  and Outpatients in MoH Hospitals by Health Region in the last Five Years
2022-Chapter-IV-Health-Activities.xlsx,فهرس الباب الرابع,14,2,year,year,PHCs' Encounters  and Outpatients in MoH Hospitals by Health Region in the last Five Years
2022-Chapter-IV-Health-Activities.xlsx,فهرس الباب الرابع,14,2,hospital,hospital,PHCs' Encounters  and Outpatients in MoH Hospitals by Health Region in the last Five Years
2022-Chapter-IV-Health-Activities.xlsx,فهرس الباب الرابع,15,2,region,المنطقة,مراكز الإسعاف والسيارات التابعة لهيئة الهلال الأحمر السعودي حسب المنطقة الإدارية  عام 2022م.
2022-Chapter-IV-Health-Activities.xlsx,فهرس الباب الرابع,15,2,year,عام,مراكز الإسعاف والسيارات التابعة لهيئة الهلال الأحمر السعودي حسب المنطقة الإدارية  عام 2022م.
2022-Chapter-IV-Health-Activities.xlsx,فهرس الباب الرابع,16,2,region,region,"First Aid Centers and Ambulances of the Saudi Red Crescent Authority  by Administrative Region, 2022G."
2022-Chapter-IV-Health-Activities.xlsx,فهرس الباب الرابع,17,2,region,المنطقة,المرضى والمصابون الذين تم إسعافهم ونقلهم إلى المستشفيات بواسطة هيئة الهلال الأحمر السعودي حسب المنطقة الإدارية ونوع الحالة عام 2022م
2022-Chapter-IV-Health-Activities.xlsx,فهرس الباب الرابع,17,2,year,عام,المرضى والمصابون الذين تم إسعافهم ونقلهم إلى المستشفيات بواسطة هيئة الهلال الأحمر السعودي حسب المنطقة الإدارية ونوع الحالة عام 2022م
2022-Chapter-IV-Health-Activities.xlsx,فهرس الباب الرابع,17,2,hospital,المستشفيات,المرضى والمصابون الذين تم إسعافهم ونقلهم إلى المستشفيات بواسطة هيئة الهلال الأحمر السعودي حسب المنطقة الإدارية ونوع الحالة عام 2022م
2022-Chapter-IV-Health-Activities.xlsx,فهرس الباب الرابع,18,2,region,region,"Patients and Casualties Offered First Aid and Transported by Saudi Red Crescent Authority Ambulances by  Administrative Region and Type of Case  , 2022G."
2022-Chapter-IV-Health-Activities.xlsx,فهرس الباب الرابع,19,2,region,المنطقة,الحالات الإسعافية المنقولة بواسطة هيئة الهلال الأحمر السعودي حسب المنطقة الإدارية في الأعوام الخمسة الأخيرة
2022-Chapter-IV-Health-Activities.xlsx,فهرس الباب الرابع,20,2,region,region,Cases Offered First Aid and Transported by Ambulances of Saudi Red Crescent Authority by Administrative Region in the last Five Years
2022-Chapter-IV-Health-Activities.xlsx,فهرس الباب الرابع,20,2,year,year,Cases Offered First Aid and Transported by Ambulances of Saudi Red Crescent Authority by Administrative Region in the last Five Years
2022-Chapter-IV-Health-Activities.xlsx,فهرس الباب الرابع,21,2,year,عام,زيارات المراجعين للمستوصفات والعيادات الخارجية بمستشفيات الجهات الحكومية الأخرى  حسب الجنسية عام 2022م
2022-Chapter-IV-Health-Activities.xlsx,فهرس الباب الرابع,22,2,hospital,hospital,"OPD Encounters at  Other Governmental Sector Hospitals and Polyclinics by Nationality, 2022G."
2022-Chapter-IV-Health-Activities.xlsx,فهرس الباب الرابع,23,2,region,المنطقة,الخدمات الصحية بالقطاع الخاص  حسب المنطقة الإدارية عام 2022م
2022-Chapter-IV-Health-Activities.xlsx,فهرس الباب الرابع,23,2,year,عام,الخدمات الصحية بالقطاع الخاص  حسب المنطقة الإدارية عام 2022م
2022-Chapter-IV-Health-Activities.xlsx,فهرس الباب الرابع,24,2,region,region,"Health Services in the Private Sector by Administrative Regions, 2022G"
2022-Chapter-IV-Health-Activities.xlsx,فهرس الباب الرابع,25,2,population,السكان,زيارات المراجعين للقطاعات الصحية بالمملكة ومتوسط عدد الزيارات لكل فرد من السكان في الأعوام الخمسة الأخيرة
2022-Chapter-IV-Health-Activities.xlsx,فهرس الباب الرابع,25,2,activity,الزيارات,زيارات المراجعين للقطاعات الصحية بالمملكة ومتوسط عدد الزيارات لكل فرد من السكان في الأعوام الخمسة الأخيرة
2022-Chapter-IV-Health-Activities.xlsx,فهرس الباب الرابع,26,2,year,year,Encounters to Various Health Sectors & Average No. of Encounters Per Person in the last Five Years
2022-Chapter-IV-Health-Activities.xlsx,فهرس الباب الرابع,27,2,region,المنطقة,زيارات المراجعين لعيادات السكرى بمستشفيات وزارة الصحة حسب الجنس والجنسية والمنطقة الصحية عام 2022م.
2022-Chapter-IV-Health-Activities.xlsx,فهرس الباب الرابع,27,2,year,عام,زيارات المراجعين لعيادات السكرى بمستشفيات وزارة الصحة حسب الجنس والجنسية والمنطقة الصحية عام 2022م.
2022-Chapter-IV-Health-Activities.xlsx,فهرس الباب الرابع,28,2,region,region,"Encounters to  Diabetic  Clinics, MoH Hospitals by  Sex, Nationality  and Health Region, 2022G."
2022-Chapter-IV-Health-Activities.xlsx,فهرس الباب الرابع,28,2,hospital,hospital,"Encounters to  Diabetic  Clinics, MoH Hospitals by  Sex, Nationality  and Health Region, 2022G."
2022-Chapter-IV-Health-Activities.xlsx,فهرس الباب الرابع,29,2,year,عام,مضاعفات الحمل والولادة  بمستشفيات وزارة الصحة لعام 2022م.
2022-Chapter-IV-Health-Activities.xlsx,فهرس الباب الرابع,30,2,hospital,hospital,"Complications of pregnancy and child birth , MoH Hospitals, 2022G."
2022-Chapter-IV-Health-Activities.xlsx,فهرس الباب الرابع,31,2,year,عام,المراجعون والمنومون في أقسام الصحة النفسية بوزارة الصحة حسب المجموعات المرضية للتصنيف الدولي للأمراض (ICD-10 ) عام 2022م.
2022-Chapter-IV-Health-Activities.xlsx,فهرس الباب الرابع,31,2,total,المجموع,المراجعون والمنومون في أقسام الصحة النفسية بوزارة الصحة حسب المجموعات المرضية للتصنيف الدولي للأمراض (ICD-10 ) عام 2022م.
2022-Chapter-IV-Health-Activities.xlsx,فهرس الباب الرابع,33,2,region,المنطقة,زيارات المراجعين لعيادات الأسنان بوزارة الصحة حسب الجنس والجنسية والمنطقة الصحية عام 2022م
2022-Chapter-IV-Health-Activities.xlsx,فهرس الباب الرابع,33,2,year,عام,زيارات المراجعين لعيادات الأسنان بوزارة الصحة حسب الجنس والجنسية والمنطقة الصحية عام 2022م
2022-Chapter-IV-Health-Activities.xlsx,فهرس الباب الرابع,34,2,region,region,"Encounters to Dental Clinics, MoH by Sex, Nationality and Health Region, 2022G."
2022-Chapter-IV-Health-Activities.xlsx,فهرس الباب الرابع,35,2,region,المنطقة,الخدمات الرئيسية للأسنان بمراكز طب الأسنان بوزارة الصحة حسب نوع الخدمة والمنطقة الصحية عام 2022م.
2022-Chapter-IV-Health-Activities.xlsx,فهرس الباب الرابع,35,2,year,عام,الخدمات الرئيسية للأسنان بمراكز طب الأسنان بوزارة الصحة حسب نوع الخدمة والمنطقة الصحية عام 2022م.
2022-Chapter-IV-Health-Activities.xlsx,فهرس الباب الرابع,36,2,region,region,"Main Dental Services in Dental Centers, MoH by Type of Service and Health Region, 2022G."
2022-Chapter-IV-Health-Activities.xlsx,فهرس الباب الرابع,37,2,region,المنطقة,العمليات الجراحية للفك والأسنان وحالات الخلع بوزارة الصحة حسب المنطقة الصحية عام 2022م.
2022-Chapter-IV-Health-Activities.xlsx,فهرس الباب الرابع,37,2,year,عام,العمليات الجراحية للفك والأسنان وحالات الخلع بوزارة الصحة حسب المنطقة الصحية عام 2022م.
2022-Chapter-IV-Health-Activities.xlsx,فهرس الباب الرابع,37,2,activity,العمليات,العمليات الجراحية للفك والأسنان وحالات الخلع بوزارة الصحة حسب المنطقة الصحية عام 2022م.
2022-Chapter-IV-Health-Activities.xlsx,فهرس الباب الرابع,38,2,region,region,"Oral Surgery and Teeth Extraction at  MoH  Facilities by Health Region, 2022G."
2022-Chapter-IV-Health-Activities.xlsx,فهرس الباب الرابع,39,2,region,المنطقة,المنومون بمستشفيات وزارة الصحة حسب المنطقة الصحية والجنسية عام 2022م.
2022-Chapter-IV-Health-Activities.xlsx,فهرس الباب الرابع,39,2,year,عام,المنومون بمستشفيات وزارة الصحة حسب المنطقة الصحية والجنسية عام 2022م.
2022-Chapter-IV-Health-Activities.xlsx,فهرس الباب الرابع,40,2,region,region,"Inpatients at MoH Hospitals  by Health Region and Nationality, 2022G."
2022-Chapter-IV-Health-Activities.xlsx,فهرس الباب الرابع,40,2,hospital,hospital,"Inpatients at MoH Hospitals  by Health Region and Nationality, 2022G."
2022-Chapter-IV-Health-Activities.xlsx,1,1,1,region,المنطقة,زيارات واستشارات الرعاية الصحية الأولية بوزارة الصحة حسب المنطقة الصحية عام 2022م.
2022-Chapter-IV-Health-Activities.xlsx,1,1,1,year,عام,زيارات واستشارات الرعاية الصحية الأولية بوزارة الصحة حسب المنطقة الصحية عام 2022م.
2022-Chapter-IV-Health-Activities.xlsx,1,2,1,region,region,"MoH PHC  Encounters and Consultations by Health Region, 2022G."
2022-Chapter-IV-Health-Activities.xlsx,1,4,1,region,المنطقة,المنطقة الصحية
2022-Chapter-IV-Health-Activities.xlsx,1,4,7,total,الإجمالي,الإجمالي
2022-Chapter-IV-Health-Activities.xlsx,1,4,8,region,region,Health Region
2022-Chapter-IV-Health-Activities.xlsx,1,5,7,total,total,Total
2022-Chapter-IV-Health-Activities.xlsx,1,26,1,total,المجموع,المجموع
2022-Chapter-IV-Health-Activities.xlsx,1,26,8,total,total,Total
2022-Chapter-IV-Health-Activities.xlsx,2,1,1,region,المنطقة,زيارات مراجعي الطوارئ المرضية بمستشفيات وزارة الصحة حسب الجنس والجنسية والمنطقة الصحية عام 2022م.
2022-Chapter-IV-Health-Activities.xlsx,2,1,1,year,عام,زيارات مراجعي الطوارئ المرضية بمستشفيات وزارة الصحة حسب الجنس والجنسية والمنطقة الصحية عام 2022م.
2022-Chapter-IV-Health-Activities.xlsx,2,2,1,region,region,"Medical Emergency Encounters in the MOH Hospitals by Sex, Nationality  and Health Region, 2022G."
2022-Chapter-IV-Health-Activities.xlsx,2,2,1,hospital,hospital,"Medical Emergency Encounters in the MOH Hospitals by Sex, Nationality  and Health Region, 2022G."
2022-Chapter-IV-Health-Activities.xlsx,2,4,1,region,المنطقة,المنطقة الصحية
2022-Chapter-IV-Health-Activities.xlsx,2,4,6,total,الإجمالي,الإجمالي
2022-Chapter-IV-Health-Activities.xlsx,2,4,7,region,region,Health Region
2022-Chapter-IV-Health-Activities.xlsx,2,5,6,total,total,Total
2022-Chapter-IV-Health-Activities.xlsx,2,26,1,total,المجموع,المجموع
2022-Chapter-IV-Health-Activities.xlsx,2,26,7,total,total,Total
2022-Chapter-IV-Health-Activities.xlsx,3,1,1,region,المنطقة,زيارات مراجعي الطوارئ الجراحية بمستشفيات وزارة الصحة حسب الجنس والجنسية والمنطقة الصحية عام 2022م.
2022-Chapter-IV-Health-Activities.xlsx,3,1,1,year,عام,زيارات مراجعي الطوارئ الجراحية بمستشفيات وزارة الصحة حسب الجنس والجنسية والمنطقة الصحية عام 2022م.
2022-Chapter-IV-Health-Activities.xlsx,3,2,1,region,region,"Surgical Emergency Encounters in the MOH Hospitals by  Sex, Nationality  and Health Region, 2022G."
2022-Chapter-IV-Health-Activities.xlsx,3,2,1,hospital,hospital,"Surgical Emergency Encounters in the MOH Hospitals by  Sex, Nationality  and Health Region, 2022G."
2022-Chapter-IV-Health-Activities.xlsx,3,4,1,region,المنطقة,المنطقة الصحية
2022-Chapter-IV-Health-Activities.xlsx,3,4,6,total,الإجمالي,الإجمالي
2022-Chapter-IV-Health-Activities.xlsx,3,4,7,region,region,Health Region
2022-Chapter-IV-Health-Activities.xlsx,3,5,1,region,region,Region
2022-Chapter-IV-Health-Activities.xlsx,3,5,6,total,total,Total
2022-Chapter-IV-Health-Activities.xlsx,3,26,1,total,المجموع,المجموع
2022-Chapter-IV-Health-Activities.xlsx,3,26,7,total,total,Total
2022-Chapter-IV-Health-Activities.xlsx,4,1,1,region,المنطقة,زيارات مراجعي  العيادات الخارجية بمستشفيات وزارة الصحة حسب الجنس والجنسية والمنطقة الصحية عام 2022م.
2022-Chapter-IV-Health-Activities.xlsx,4,1,1,year,عام,زيارات مراجعي  العيادات الخارجية بمستشفيات وزارة الصحة حسب الجنس والجنسية والمنطقة الصحية عام 2022م.
2022-Chapter-IV-Health-Activities.xlsx,4,2,1,region,region,"Encounters to Outpatient Clinics in MOH Hospitals by Sex, Nationality  and Health Region, 2022G."
2022-Chapter-IV-Health-Activities.xlsx,4,2,1,hospital,hospital,"Encounters to Outpatient Clinics in MOH Hospitals by Sex, Nationality  and Health Region, 2022G."
2022-Chapter-IV-Health-Activities.xlsx,4,4,1,region,المنطقة,المنطقة الصحية
2022-Chapter-IV-Health-Activities.xlsx,4,4,6,total,الإجمالي,الإجمالي
2022-Chapter-IV-Health-Activities.xlsx,4,4,7,region,region,Health Region
2022-Chapter-IV-Health-Activities.xlsx,4,5,1,region,region,Region
2022-Chapter-IV-Health-Activities.xlsx,4,5,6,total,total,Total
2022-Chapter-IV-Health-Activities.xlsx,4,26,1,total,المجموع,المجموع
2022-Chapter-IV-Health-Activities.xlsx,4,26,7,total,total,Total
2022-Chapter-IV-Health-Activities.xlsx,5,1,1,region,المنطقة,زيارات المراجعين  للرعاية الصحية الأولية والعيادات الخارجية بمستشفيات وزارة الصحة حسب المنطقة الصحية عام 2022م
2022-Chapter-IV-Health-Activities.xlsx,5,1,1,year,عام,زيارات المراجعين  للرعاية الصحية الأولية والعيادات الخارجية بمستشفيات وزارة الصحة حسب المنطقة الصحية عام 2022م
2022-Chapter-IV-Health-Activities.xlsx,5,2,1,region,region,"PHCs' Encounters and Outpatients of MOH Hospitals by Health Region, 2022G."
2022-Chapter-IV-Health-Activities.xlsx,5,2,1,hospital,hospital,"PHCs' Encounters and Outpatients of MOH Hospitals by Health Region, 2022G."
2022-Chapter-IV-Health-Activities.xlsx,5,4,1,region,المنطقة,المنطقة الصحية
2022-Chapter-IV-Health-Activities.xlsx,5,4,4,total,المجموع,المجموع
2022-Chapter-IV-Health-Activities.xlsx,5,4,6,region,region,Health Region
2022-Chapter-IV-Health-Activities.xlsx,5,5,4,total,total,Total
2022-Chapter-IV-Health-Activities.xlsx,5,5,5,total,total,PHC Encounters as % of total Encounters
2022-Chapter-IV-Health-Activities.xlsx,5,26,1,total,المجموع,المجموع
2022-Chapter-IV-Health-Activities.xlsx,5,26,6,total,total,Total
2022-Chapter-IV-Health-Activities.xlsx,6,1,1,region,المنطقة,زيارات المراجعين لمراكز الرعاية الصحية الأولية والعيادات الخارجية بمستشفيات وزارة الصحة حسب المنطقة الصحية في الأعوام الخمسة الأخيرة
2022-Chapter-IV-Health-Activities.xlsx,6,2,1,region,region,PHCs' Encounters  and Outpatients in MOH Hospitals by Health Region in the last Five Years
2022-Chapter-IV-Health-Activities.xlsx,6,2,1,year,year,PHCs' Encounters  and Outpatients in MOH Hospitals by Health Region in the last Five Years
2022-Chapter-IV-Health-Activities.xlsx,6,2,1,hospital,hospital,PHCs' Encounters  and Outpatients in MOH Hospitals by Health Region in the last Five Years
2022-Chapter-IV-Health-Activities.xlsx,6,4,1,region,المنطقة,المنطقة الصحية
2022-Chapter-IV-Health-Activities.xlsx,6,4,12,region,region,Health Region
2022-Chapter-IV-Health-Activities.xlsx,6,27,1,total,المجموع,المجموع
2022-Chapter-IV-Health-Activities.xlsx,6,27,12,total,total,Total
2022-Chapter-IV-Health-Activities.xlsx,6,28,1,activity,الزيارات,إجمالي الزيارات
2022-Chapter-IV-Health-Activities.xlsx,6,28,12,total,total,Total Encounters
2022-Chapter-IV-Health-Activities.xlsx,6,29,1,year,السنة,متوسط عدد الزيارات لكل فرد من السكان في السنة
2022-Chapter-IV-Health-Activities.xlsx,6,29,1,population,السكان,متوسط عدد الزيارات لكل فرد من السكان في السنة
2022-Chapter-IV-Health-Activities.xlsx,6,29,1,activity,الزيارات,متوسط عدد الزيارات لكل فرد من السكان في السنة
2022-Chapter-IV-Health-Activities.xlsx,6,29,12,year,year,Average no. of Encounters / person / year
2022-Chapter-IV-Health-Activities.xlsx,7,1,1,region,المنطقة,مراكز الإسعاف والسيارات التابعة لهيئة الهلال الأحمر السعودي حسب المنطقة الإدارية  عام 2022م.
2022-Chapter-IV-Health-Activities.xlsx,7,1,1,year,عام,مراكز الإسعاف والسيارات التابعة لهيئة الهلال الأحمر السعودي حسب المنطقة الإدارية  عام 2022م.
2022-Chapter-IV-Health-Activities.xlsx,7,2,1,region,region,"First Aid Centers and Ambulances of the Saudi Red Crescent Authority  by Administrative Region, 2022G."
2022-Chapter-IV-Health-Activities.xlsx,7,4,1,region,المنطقة,المنطقة الإدارية
2022-Chapter-IV-Health-Activities.xlsx,7,4,7,region,region,Administrative Region
2022-Chapter-IV-Health-Activities.xlsx,7,6,2,hospital,hospital,"Cases offered first aid, Transported to hospitals"
2022-Chapter-IV-Health-Activities.xlsx,7,21,1,total,المجموع,المجموع
2022-Chapter-IV-Health-Activities.xlsx,7,21,7,total,total,Total
2022-Chapter-IV-Health-Activities.xlsx,8,1,1,region,المنطقة,المرضى والمصابون الذين تم إسعافهم ونقلهم إلى المستشفيات بواسطة هيئة الهلال الأحمر السعودي حسب المنطقة الإدارية ونوع الحالة عام 2022م
2022-Chapter-IV-Health-Activities.xlsx,8,1,1,year,عام,المرضى والمصابون الذين تم إسعافهم ونقلهم إلى المستشفيات بواسطة هيئة الهلال الأحمر السعودي حسب المنطقة الإدارية ونوع الحالة عام 2022م
2022-Chapter-IV-Health-Activities.xlsx,8,1,1,hospital,المستشفيات,المرضى والمصابون الذين تم إسعافهم ونقلهم إلى المستشفيات بواسطة هيئة الهلال الأحمر السعودي حسب المنطقة الإدارية ونوع الحالة عام 2022م
2022-Chapter-IV-Health-Activities.xlsx,8,2,1,region,region,"Patients and Casualties Offered First Aid and Transported by Saudi Red Crescent Authority Ambulances by  Administrative Region and Type of Case, 2022G."
2022-Chapter-IV-Health-Activities.xlsx,8,4,1,region,المنطقة,المنطقة الإدارية
2022-Chapter-IV-Health-Activities.xlsx,8,4,10,region,region,Administrative Region
2022-Chapter-IV-Health-Activities.xlsx,8,5,9,total,المجموع,المجموع
2022-Chapter-IV-Health-Activities.xlsx,8,6,9,total,total,Total
2022-Chapter-IV-Health-Activities.xlsx,8,20,1,total,المجموع,المجموع
2022-Chapter-IV-Health-Activities.xlsx,8,20,10,total,total,Total
2022-Chapter-IV-Health-Activities.xlsx,9,1,1,region,المنطقة,الحالات الإسعافية المنقولة بواسطة هيئة الهلال الأحمر السعودي حسب المنطقة الإدارية في الأعوام الخمسة الأخيرة
2022-Chapter-IV-Health-Activities.xlsx,9,2,1,region,region,Cases Offered First Aid and Transported by Ambulances of Saudi Red Crescent Authority by Administrative Region in the last Five Years
2022-Chapter-IV-Health-Activities.xlsx,9,2,1,year,year,Cases Offered First Aid and Transported by Ambulances of Saudi Red Crescent Authority by Administrative Region in the last Five Years
2022-Chapter-IV-Health-Activities.xlsx,9,4,1,region,المنطقة,المنطقة  الإدارية
2022-Chapter-IV-Health-Activities.xlsx,9,4,2,year,عام,العام
2022-Chapter-IV-Health-Activities.xlsx,9,4,6,year,year,Year
2022-Chapter-IV-Health-Activities.xlsx,9,4,7,region,region,Administrative Region
2022-Chapter-IV-Health-Activities.xlsx,9,19,1,total,المجموع,المجموع
2022-Chapter-IV-Health-Activities.xlsx,9,19,7,total,total,Total
2022-Chapter-IV-Health-Activities.xlsx,10,1,1,year,عام,زيارات المراجعين للمستوصفات والعيادات الخارجية بمستشفيات الجهات الحكومية الأخرى  حسب الجنسية عام 2022م
2022-Chapter-IV-Health-Activities.xlsx,10,2,1,hospital,hospital,"OPD Encounters at  Other Governmental Sector Hospitals and Polyclinics by Nationality, 2022G."
2022-Chapter-IV-Health-Activities.xlsx,10,4,2,activity,الزيارات,عدد الزيارات
2022-Chapter-IV-Health-Activities.xlsx,10,6,4,total,المجموع,المجموع
2022-Chapter-IV-Health-Activities.xlsx,10,7,4,total,total,Total
2022-Chapter-IV-Health-Activities.xlsx,10,11,1,hospital,مستشفى,مستشفى الملك فيصل التخصصي ومركز الأبحاث
2022-Chapter-IV-Health-Activities.xlsx,10,11,6,hospital,hospital,King Faisal Specialist Hospital
2022-Chapter-IV-Health-Activities.xlsx,10,12,6,hospital,hospital,Royal Commission Hospitals
2022-Chapter-IV-Health-Activities.xlsx,10,13,6,hospital,hospital,ARAMCO Hospitals
2022-Chapter-IV-Health-Activities.xlsx,10,15,1,year,عام,المؤسسة العامة لتحلية المياه المالحة
2022-Chapter-IV-Health-Activities.xlsx,10,18,1,total,المجموع,المجموع
2022-Chapter-IV-Health-Activities.xlsx,10,18,6,total,total,Total
2022-Chapter-IV-Health-Activities.xlsx,4.11,1,1,region,المنطقة,زيارات المراجعين للمجمعات والمستشفيات بالقطاع الخاص  حسب المنطقة الصحية والجنسية عام 2021م
2022-Chapter-IV-Health-Activities.xlsx,4.11,1,1,year,عام,زيارات المراجعين للمجمعات والمستشفيات بالقطاع الخاص  حسب المنطقة الصحية والجنسية عام 2021م
2022-Chapter-IV-Health-Activities.xlsx,4.11,1,1,hospital,المستشفيات,زيارات المراجعين للمجمعات والمستشفيات بالقطاع الخاص  حسب المنطقة الصحية والجنسية عام 2021م
2022-Chapter-IV-Health-Activities.xlsx,4.11,2,1,region,region,"Visits to Polyclinics and  Hospitals of the Private Sector  by Health Region and Nationality, 2021G"
2022-Chapter-IV-Health-Activities.xlsx,4.11,2,1,hospital,hospital,"Visits to Polyclinics and  Hospitals of the Private Sector  by Health Region and Nationality, 2021G"
2022-Chapter-IV-Health-Activities.xlsx,4.11,2,1,activity,visits,"Visits to Polyclinics and  Hospitals of the Private Sector  by Health Region and Nationality, 2021G"
2022-Chapter-IV-Health-Activities.xlsx,4.11,4,1,region,المنطقة,المنطقة الصحية
2022-Chapter-IV-Health-Activities.xlsx,4.11,4,4,total,الإجمالي,الإجمالي
2022-Chapter-IV-Health-Activities.xlsx,4.11,4,5,region,region,Health Region
2022-Chapter-IV-Health-Activities.xlsx,4.11,25,1,total,المجموع,المجموع
2022-Chapter-IV-Health-Activities.xlsx,4.11,25,5,total,total,Total
2022-Chapter-IV-Health-Activities.xlsx,112020,1,1,region,المنطقة,الخدمات الصحية بالقطاع الخاص  حسب المنطقة الصحية والجنسية عام 2020م
2022-Chapter-IV-Health-Activities.xlsx,112020,1,1,year,عام,الخدمات الصحية بالقطاع الخاص  حسب المنطقة الصحية والجنسية عام 2020م
2022-Chapter-IV-Health-Activities.xlsx,112020,2,1,region,region,"Health Services in the Private Sector  by Health Region and Nationality, 2020G"
2022-Chapter-IV-Health-Activities.xlsx,112020,4,1,region,المنطقة,المنطقة الصحية
2022-Chapter-IV-Health-Activities.xlsx,112020,4,7,region,region,Health Region
2022-Chapter-IV-Health-Activities.xlsx,112020,4,9,region,المنطقة,المنطقة الصحية
2022-Chapter-IV-Health-Activities.xlsx,112020,4,15,region,region,Health Region
2022-Chapter-IV-Health-Activities.xlsx,112020,26,1,total,المجموع,المجموع
2022-Chapter-IV-Health-Activities.xlsx,112020,26,7,total,total,Total
2022-Chapter-IV-Health-Activities.xlsx,112020,26,9,total,المجموع,المجموع
2022-Chapter-IV-Health-Activities.xlsx,112020,26,15,total,total,Total
2022-Chapter-IV-Health-Activities.xlsx,11,1,1,region,المنطقة,الخدمات الصحية بالقطاع الخاص  حسب المنطقة الإدارية عام 2022م
2022-Chapter-IV-Health-Activities.xlsx,11,1,1,year,عام,الخدمات الصحية بالقطاع الخاص  حسب المنطقة الإدارية عام 2022م
2022-Chapter-IV-Health-Activities.xlsx,11,2,1,region,region,"Health Services in the Private Sector by Administrative Regions, 2022G"
2022-Chapter-IV-Health-Activities.xlsx,11,4,1,region,المنطقة,المنطقة الإدارية
2022-Chapter-IV-Health-Activities.xlsx,11,4,11,region,region,Administrative Region
2022-Chapter-IV-Health-Activities.xlsx,11,20,1,total,المجموع,المجموع
2022-Chapter-IV-Health-Activities.xlsx,11,20,11,total,total,Total
2022-Chapter-IV-Health-Activities.xlsx,11,21,1,source,المصدر,المصدر: مجلس الضمان الصحي
2022-Chapter-IV-Health-Activities.xlsx,11,21,11,source,source,Source: Council of Health Insurance
2022-Chapter-IV-Health-Activities.xlsx,12,1,1,population,السكان,زيارات المراجعين للقطاعات الصحية بالمملكة ومتوسط عدد الزيارات لكل فرد من السكان في الأعوام الخمسة الأخيرة
2022-Chapter-IV-Health-Activities.xlsx,12,1,1,activity,الزيارات,زيارات المراجعين للقطاعات الصحية بالمملكة ومتوسط عدد الزيارات لكل فرد من السكان في الأعوام الخمسة الأخيرة
2022-Chapter-IV-Health-Activities.xlsx,12,2,1,year,year,Encounters to Various Health Sectors & Average No. of Encounters Per Person in the last Five Years
2022-Chapter-IV-Health-Activities.xlsx,12,4,6,year,year,Year
2022-Chapter-IV-Health-Activities.xlsx,12,9,1,total,المجموع,المجموع
2022-Chapter-IV-Health-Activities.xlsx,12,9,7,total,total,Total
2022-Chapter-IV-Health-Activities.xlsx,12,10,1,year,السنة,متوسط عدد الزيارات لكل فرد من السكان في السنة
2022-Chapter-IV-Health-Activities.xlsx,12,10,1,population,السكان,متوسط عدد الزيارات لكل فرد من السكان في السنة
2022-Chapter-IV-Health-Activities.xlsx,12,10,1,activity,الزيارات,متوسط عدد الزيارات لكل فرد من السكان في السنة
2022-Chapter-IV-Health-Activities.xlsx,12,10,7,year,year,Average  no. of  Encounters per person/year
2022-Chapter-IV-Health-Activities.xlsx,13,1,1,region,المنطقة,زيارات المراجعين لعيادات السكرى بمستشفيات وزارة الصحة حسب الجنس والجنسية والمنطقة الصحية عام 2022م.
2022-Chapter-IV-Health-Activities.xlsx,13,1,1,year,عام,زيارات المراجعين لعيادات السكرى بمستشفيات وزارة الصحة حسب الجنس والجنسية والمنطقة الصحية عام 2022م.
2022-Chapter-IV-Health-Activities.xlsx,13,2,1,region,region,"Encounters to  Diabetic  Clinics, MOH Hospitals by Sex, Nationality  and Health Region, 2022G."
2022-Chapter-IV-Health-Activities.xlsx,13,2,1,hospital,hospital,"Encounters to  Diabetic  Clinics, MOH Hospitals by Sex, Nationality  and Health Region, 2022G."
2022-Chapter-IV-Health-Activities.xlsx,13,4,1,region,المنطقة,المنطقة الصحية
2022-Chapter-IV-Health-Activities.xlsx,13,4,6,total,الإجمالي,الإجمالي
2022-Chapter-IV-Health-Activities.xlsx,13,4,7,region,region,Health Region
2022-Chapter-IV-Health-Activities.xlsx,13,5,6,total,total,Total
2022-Chapter-IV-Health-Activities.xlsx,13,26,1,total,المجموع,المجموع
2022-Chapter-IV-Health-Activities.xlsx,13,26,7,total,total,Total
2022-Chapter-IV-Health-Activities.xlsx,14,1,1,year,عام,مضاعفات الحمل والولادة  بمستشفيات وزارة الصحة لعام 2022م.
2022-Chapter-IV-Health-Activities.xlsx,14,2,1,hospital,hospital,"Complications of pregnancy and child birth, MOH Hospitals, 2022G."
2022-Chapter-IV-Health-Activities.xlsx,14,4,4,total,الإجمالي,الإجمالي
2022-Chapter-IV-Health-Activities.xlsx,14,5,4,total,total,Total
2022-Chapter-IV-Health-Activities.xlsx,15,1,1,year,عام,المراجعون والمنومون في أقسام الصحة النفسية بوزارة الصحة حسب المجموعات المرضية للتصنيف الدولي للأمراض (ICD-10 ) عام 2022م.
2022-Chapter-IV-Health-Activities.xlsx,15,1,1,total,المجموع,المراجعون والمنومون في أقسام الصحة النفسية بوزارة الصحة حسب المجموعات المرضية للتصنيف الدولي للأمراض (ICD-10 ) عام 2022م.
2022-Chapter-IV-Health-Activities.xlsx,15,5,4,total,total,"المجموع
Total"
2022-Chapter-IV-Health-Activities.xlsx,15,5,7,total,total,"المجموع
Total"
2022-Chapter-IV-Health-Activities.xlsx,15,17,1,total,المجموع,المجموع
2022-Chapter-IV-Health-Activities.xlsx,15,17,9,total,total,Total
2022-Chapter-IV-Health-Activities.xlsx,15,18,1,year,عام,المصدر: الإدارة العامة للصحة النفسية والاجتماعية
2022-Chapter-IV-Health-Activities.xlsx,15,18,1,source,المصدر,المصدر: الإدارة العامة للصحة النفسية والاجتماعية
2022-Chapter-IV-Health-Activities.xlsx,16,1,1,region,المنطقة,زيارات المراجعين لعيادات الأسنان بوزارة الصحة حسب الجنس والجنسية والمنطقة الصحية عام 2022م
2022-Chapter-IV-Health-Activities.xlsx,16,1,1,year,عام,زيارات المراجعين لعيادات الأسنان بوزارة الصحة حسب الجنس والجنسية والمنطقة الصحية عام 2022م
2022-Chapter-IV-Health-Activities.xlsx,16,2,1,region,region,"Encounters to Dental Clinics, MOH by Sex, Nationality and Health Region, 2022G."
2022-Chapter-IV-Health-Activities.xlsx,16,4,1,region,المنطقة,المنطقة الصحية
2022-Chapter-IV-Health-Activities.xlsx,16,4,2,activity,الزيارات,عدد الزيارات
2022-Chapter-IV-Health-Activities.xlsx,16,4,8,region,region,Health Region
2022-Chapter-IV-Health-Activities.xlsx,16,26,1,total,المجموع,المجموع
2022-Chapter-IV-Health-Activities.xlsx,16,26,8,total,total,Total
2022-Chapter-IV-Health-Activities.xlsx,16,27,1,hospital,المستشفيات,يشمل عيادات الأسنان بالمستشفيات ومراكز طب الأسنان ومراكز الرعاية الصحية الأولية
2022-Chapter-IV-Health-Activities.xlsx,16,27,5,hospital,hospital,"Include dental clinics in the hospitals, dental centers and PHC"
2022-Chapter-IV-Health-Activities.xlsx,16,28,1,year,عام,المصدر: الإدارة العامة لطب الأسنان
2022-Chapter-IV-Health-Activities.xlsx,16,28,1,source,المصدر,المصدر: الإدارة العامة لطب الأسنان
2022-Chapter-IV-Health-Activities.xlsx,16,28,5,source,source,Source: General Directorate for Dentistry
2022-Chapter-IV-Health-Activities.xlsx,17,1,1,region,المنطقة,الخدمات الرئيسية للأسنان بمراكز طب الأسنان بوزارة الصحة حسب نوع الخدمة والمنطقة الصحية عام 2022م.
2022-Chapter-IV-Health-Activities.xlsx,17,1,1,year,عام,الخدمات الرئيسية للأسنان بمراكز طب الأسنان بوزارة الصحة حسب نوع الخدمة والمنطقة الصحية عام 2022م.
2022-Chapter-IV-Health-Activities.xlsx,17,2,1,region,region,"Main Dental Services in Dental Centers, MoH by Type of Service and Health Region, 2022G."
2022-Chapter-IV-Health-Activities.xlsx,17,4,1,region,المنطقة,المنطقة الصحية
2022-Chapter-IV-Health-Activities.xlsx,17,4,13,total,الإجمالي,الإجمالي
2022-Chapter-IV-Health-Activities.xlsx,17,4,14,region,region,Health Region
2022-Chapter-IV-Health-Activities.xlsx,17,6,13,total,total,Total
2022-Chapter-IV-Health-Activities.xlsx,17,28,1,total,المجموع,المجموع
2022-Chapter-IV-Health-Activities.xlsx,17,28,14,total,total,Total
2022-Chapter-IV-Health-Activities.xlsx,17,29,1,year,عام,المصدر: الإدارة العامة لطب الأسنان
2022-Chapter-IV-Health-Activities.xlsx,17,29,1,source,المصدر,المصدر: الإدارة العامة لطب الأسنان
2022-Chapter-IV-Health-Activities.xlsx,17,29,8,source,source,Source: General Directorate for Dentistry
2022-Chapter-IV-Health-Activities.xlsx,18,1,1,region,المنطقة,العمليات الجراحية للفك والأسنان وحالات الخلع بوزارة الصحة حسب المنطقة الصحية عام 2022م.
2022-Chapter-IV-Health-Activities.xlsx,18,1,1,year,عام,العمليات الجراحية للفك والأسنان وحالات الخلع بوزارة الصحة حسب المنطقة الصحية عام 2022م.
2022-Chapter-IV-Health-Activities.xlsx,18,1,1,activity,العمليات,العمليات الجراحية للفك والأسنان وحالات الخلع بوزارة الصحة حسب المنطقة الصحية عام 2022م.
2022-Chapter-IV-Health-Activities.xlsx,18,2,1,region,region,"Oral Surgery and Teeth Extraction at  MoH Facilities by Health Region, 2022G."
2022-Chapter-IV-Health-Activities.xlsx,18,4,1,region,المنطقة,المنطقة الصحية
2022-Chapter-IV-Health-Activities.xlsx,18,4,6,region,region,Health Region
2022-Chapter-IV-Health-Activities.xlsx,18,5,4,total,total,Total teeth extraction cases
2022-Chapter-IV-Health-Activities.xlsx,18,26,1,total,المجموع,المجموع
2022-Chapter-IV-Health-Activities.xlsx,18,26,6,total,total,Total
2022-Chapter-IV-Health-Activities.xlsx,18,27,1,hospital,المستشفيات,يشمل عيادات وأقسام الأسنان بالمستشفيات ومراكز طب الأسنان ومراكز الرعاية الصحية الأولية
2022-Chapter-IV-Health-Activities.xlsx,18,27,4,hospital,hospital,"Include dental clinics & departments in the hospitals, dental centers and PHC"
2022-Chapter-IV-Health-Activities.xlsx,18,28,1,year,عام,المصدر: الإدارة العامة لطب الأسنان
2022-Chapter-IV-Health-Activities.xlsx,18,28,1,source,المصدر,المصدر: الإدارة العامة لطب الأسنان
2022-Chapter-IV-Health-Activities.xlsx,18,28,4,source,source,Source: General Directorate for Dentistry
2022-Chapter-IV-Health-Activities.xlsx,19,1,1,region,المنطقة,المنومون بمستشفيات وزارة الصحة حسب المنطقة الصحية والجنسية عام 2022م.
2022-Chapter-IV-Health-Activities.xlsx,19,1,1,year,عام,المنومون بمستشفيات وزارة الصحة حسب المنطقة الصحية والجنسية عام 2022م.
2022-Chapter-IV-Health-Activities.xlsx,19,2,1,region,region,"Inpatients at MoH Hospitals by Health Region and Nationality, 2022G."
2022-Chapter-IV-Health-Activities.xlsx,19,2,1,hospital,hospital,"Inpatients at MoH Hospitals by Health Region and Nationality, 2022G."
2022-Chapter-IV-Health-Activities.xlsx,19,4,1,region,المنطقة,المنطقة الصحية
2022-Chapter-IV-Health-Activities.xlsx,19,4,8,region,region,Health Region
2022-Chapter-IV-Health-Activities.xlsx,19,5,5,total,total,Total Non Saudi
2022-Chapter-IV-Health-Activities.xlsx,19,5,6,total,total,Total Inpatients
2022-Chapter-IV-Health-Activities.xlsx,19,26,1,total,المجموع,المجموع
2022-Chapter-IV-Health-Activities.xlsx,19,26,8,total,total,Total
2022-Chapter-IV-Health-Activities.xlsx,19,27,1,source,المصدر,المصدر: مركز الإحالات الطبية
2022-Chapter-IV-Health-Activities.xlsx,19,27,5,source,source,Source: MRC
2022-Chapter-IV-Health-Activities.xlsx,20,1,1,region,المنطقة,المرضى  المنومون بمستشفيات الرعاية المديدة وأسرة الرعاية المديدة بالمستشفيات العامة بوزارة الصحة حسب المنطقة الصحية عام 2022م.
2022-Chapter-IV-Health-Activities.xlsx,20,1,1,year,عام,المرضى  المنومون بمستشفيات الرعاية المديدة وأسرة الرعاية المديدة بالمستشفيات العامة بوزارة الصحة حسب المنطقة الصحية عام 2022م.
2022-Chapter-IV-Health-Activities.xlsx,20,1,1,hospital,المستشفيات,المرضى  المنومون بمستشفيات الرعاية المديدة وأسرة الرعاية المديدة بالمستشفيات العامة بوزارة الصحة حسب المنطقة الصحية عام 2022م.
2022-Chapter-IV-Health-Activities.xlsx,20,1,1,bed,أسرة,المرضى  المنومون بمستشفيات الرعاية المديدة وأسرة الرعاية المديدة بالمستشفيات العامة بوزارة الصحة حسب المنطقة الصحية عام 2022م.
2022-Chapter-IV-Health-Activities.xlsx,20,2,1,region,region,"Inpatients at Long-term Hospitals and Long-term Beds of General Hospitals of MoH by Health Region, 2022G."
2022-Chapter-IV-Health-Activities.xlsx,20,2,1,hospital,hospital,"Inpatients at Long-term Hospitals and Long-term Beds of General Hospitals of MoH by Health Region, 2022G."
2022-Chapter-IV-Health-Activities.xlsx,20,2,1,bed,bed,"Inpatients at Long-term Hospitals and Long-term Beds of General Hospitals of MoH by Health Region, 2022G."
2022-Chapter-IV-Health-Activities.xlsx,20,4,1,region,المنطقة,المنطقة الصحية
2022-Chapter-IV-Health-Activities.xlsx,20,4,3,hospital,hospital,Long-term care hospitals
2022-Chapter-IV-Health-Activities.xlsx,20,4,5,year,عام,مستشفيات عامة بها رعاية مديدة
2022-Chapter-IV-Health-Activities.xlsx,20,4,6,hospital,hospital,General Hospitals Having Long-term care
2022-Chapter-IV-Health-Activities.xlsx,20,4,8,bed,أسرة,إجمالي أسرة الرعاية المديدة
2022-Chapter-IV-Health-Activities.xlsx,20,4,10,region,region,Health Region
2022-Chapter-IV-Health-Activities.xlsx,20,5,2,hospital,المستشفيات,المستشفيات
2022-Chapter-IV-Health-Activities.xlsx,20,5,3,bed,أسرة,الأسرة النشطة
2022-Chapter-IV-Health-Activities.xlsx,20,5,5,hospital,المستشفيات,المستشفيات
2022-Chapter-IV-Health-Activities.xlsx,20,5,6,bed,أسرة,أسرة الرعاية المديدة
2022-Chapter-IV-Health-Activities.xlsx,20,6,2,hospital,hospital,Hospitals
2022-Chapter-IV-Health-Activities.xlsx,20,6,3,bed,bed,Active Beds
2022-Chapter-IV-Health-Activities.xlsx,20,6,5,hospital,hospital,Hospitals
2022-Chapter-IV-Health-Activities.xlsx,20,6,6,bed,bed,Long-term care Beds
2022-Chapter-IV-Health-Activities.xlsx,20,6,8,total,total,Total Long-term Beds
2022-Chapter-IV-Health-Activities.xlsx,20,6,8,bed,bed,Total Long-term Beds
2022-Chapter-IV-Health-Activities.xlsx,20,6,9,total,total,Total Inpatients
2022-Chapter-IV-Health-Activities.xlsx,20,27,1,total,المجموع,المجموع
2022-Chapter-IV-Health-Activities.xlsx,20,27,10,total,total,Total
2022-Chapter-IV-Health-Activities.xlsx,21,1,1,region,المنطقة,المؤشرات المختارة عن خدمات مستشفيات وزارة الصحة (100 سرير فأكثر) حسب المنطقة الصحية عام 2022م.
2022-Chapter-IV-Health-Activities.xlsx,21,1,1,year,عام,المؤشرات المختارة عن خدمات مستشفيات وزارة الصحة (100 سرير فأكثر) حسب المنطقة الصحية عام 2022م.
2022-Chapter-IV-Health-Activities.xlsx,21,1,1,bed,سرير,المؤشرات المختارة عن خدمات مستشفيات وزارة الصحة (100 سرير فأكثر) حسب المنطقة الصحية عام 2022م.
2022-Chapter-IV-Health-Activities.xlsx,21,2,1,region,region,"Selected Indicators of MOH Hospital Services (100+ beds) by Health Region, 2022G."
2022-Chapter-IV-Health-Activities.xlsx,21,2,1,hospital,hospital,"Selected Indicators of MOH Hospital Services (100+ beds) by Health Region, 2022G."
2022-Chapter-IV-Health-Activities.xlsx,21,2,1,bed,bed,"Selected Indicators of MOH Hospital Services (100+ beds) by Health Region, 2022G."
2022-Chapter-IV-Health-Activities.xlsx,21,4,1,region,المنطقة,المنطقة الصحية
2022-Chapter-IV-Health-Activities.xlsx,21,4,2,bed,أسرة,معدل إشغال الأسرة %
2022-Chapter-IV-Health-Activities.xlsx,21,4,6,bed,سرير,معدل دوران السرير / الشهر
2022-Chapter-IV-Health-Activities.xlsx,21,4,8,region,region,Health Region
2022-Chapter-IV-Health-Activities.xlsx,21,27,1,source,المصدر,المصدر: مركز الإحالات الطبية
2022-Chapter-IV-Health-Activities.xlsx,21,27,5,source,source,Source: MRC
2022-Chapter-IV-Health-Activities.xlsx,22,1,1,region,المنطقة,بعض المؤشرات المختارة عن خدمات مستشفيات وزارة الصحة (50 سرير) حسب المنطقة الصحية عام 2022م.
2022-Chapter-IV-Health-Activities.xlsx,22,1,1,year,عام,بعض المؤشرات المختارة عن خدمات مستشفيات وزارة الصحة (50 سرير) حسب المنطقة الصحية عام 2022م.
2022-Chapter-IV-Health-Activities.xlsx,22,1,1,bed,سرير,بعض المؤشرات المختارة عن خدمات مستشفيات وزارة الصحة (50 سرير) حسب المنطقة الصحية عام 2022م.
2022-Chapter-IV-Health-Activities.xlsx,22,2,1,region,region,"Some Selected Indicators of MOH Hospital Services (50 beds) by Health Region, 2022G."
2022-Chapter-IV-Health-Activities.xlsx,22,2,1,hospital,hospital,"Some Selected Indicators of MOH Hospital Services (50 beds) by Health Region, 2022G."
2022-Chapter-IV-Health-Activities.xlsx,22,2,1,bed,bed,"Some Selected Indicators of MOH Hospital Services (50 beds) by Health Region, 2022G."
2022-Chapter-IV-Health-Activities.xlsx,22,4,1,region,المنطقة,المنطقة الصحية
2022-Chapter-IV-Health-Activities.xlsx,22,4,2,bed,أسرة,معدل إشغال الأسرة %
2022-Chapter-IV-Health-Activities.xlsx,22,4,6,bed,سرير,معدل دوران السرير / الشهر
2022-Chapter-IV-Health-Activities.xlsx,22,4,8,region,region,Health Region
2022-Chapter-IV-Health-Activities.xlsx,22,27,1,source,المصدر,المصدر: مركز الإحالات الطبية
2022-Chapter-IV-Health-Activities.xlsx,22,27,5,source,source,Source: MRC
2022-Chapter-IV-Health-Activities.xlsx,23,1,1,region,المنطقة,بعض المؤشرات المختارة عن خدمات مستشفيات الصحة النفسية والرعاية المديدة والتأهيل بوزارة الصحة حسب المنطقة الصحية عام 2022م.
2022-Chapter-IV-Health-Activities.xlsx,23,1,1,year,عام,بعض المؤشرات المختارة عن خدمات مستشفيات الصحة النفسية والرعاية المديدة والتأهيل بوزارة الصحة حسب المنطقة الصحية عام 2022م.
2022-Chapter-IV-Health-Activities.xlsx,23,2,1,region,region,"Some Selected Indicators of MOH Psychiatric, Long Term Care and Rehabilitation Hospitals by Health Region, 2022G."
2022-Chapter-IV-Health-Activities.xlsx,23,2,1,hospital,hospital,"Some Selected Indicators of MOH Psychiatric, Long Term Care and Rehabilitation Hospitals by Health Region, 2022G."
2022-Chapter-IV-Health-Activities.xlsx,23,4,1,region,المنطقة,المنطقة الصحية
2022-Chapter-IV-Health-Activities.xlsx,23,4,2,bed,أسرة,معدل إشغال الأسرة %
2022-Chapter-IV-Health-Activities.xlsx,23,4,3,bed,سرير,معدل دوران السرير / الشهر
2022-Chapter-IV-Health-Activities.xlsx,23,4,5,region,region,Health Region
2022-Chapter-IV-Health-Activities.xlsx,23,27,1,source,المصدر,المصدر: مركز الإحالات الطبية
2022-Chapter-IV-Health-Activities.xlsx,23,27,3,source,source,Source: MRC
2022-Chapter-IV-Health-Activities.xlsx,24,2,1,hospital,hospital,"Inpatients in Other Governmental Sector Hospitals by Nationality, 2022G"
2022-Chapter-IV-Health-Activities.xlsx,24,4,2,activity,التنويم,عدد حالات التنويم
2022-Chapter-IV-Health-Activities.xlsx,24,6,4,total,المجموع,المجموع
2022-Chapter-IV-Health-Activities.xlsx,24,7,4,total,total,Total
2022-Chapter-IV-Health-Activities.xlsx,24,11,1,hospital,مستشفى,مستشفى الملك فيصل التخصصي ومركز الأبحاث
2022-Chapter-IV-Health-Activities.xlsx,24,11,6,hospital,hospital,King Faisal Specialist Hospital & R.C.
2022-Chapter-IV-Health-Activities.xlsx,24,12,6,hospital,hospital,Royal Commission Hospitals
2022-Chapter-IV-Health-Activities.xlsx,24,13,6,hospital,hospital,ARAMCO Hospitals
2022-Chapter-IV-Health-Activities.xlsx,24,15,1,total,المجموع,المجموع
2022-Chapter-IV-Health-Activities.xlsx,24,15,6,total,total,Total
2022-Chapter-IV-Health-Activities.xlsx,4.22,1,1,region,المنطقة,المنومون بمستشفيات القطاع الخاص  حسب المنطقة الصحية والجنسية عام 2021م
2022-Chapter-IV-Health-Activities.xlsx,4.22,1,1,year,عام,المنومون بمستشفيات القطاع الخاص  حسب المنطقة الصحية والجنسية عام 2021م
2022-Chapter-IV-Health-Activities.xlsx,4.22,2,1,region,region,"Inpatients of the Private Sector  by Health Region and Nationality, 2021G"
2022-Chapter-IV-Health-Activities.xlsx,4.22,4,1,region,المنطقة,المنطقة الصحية
2022-Chapter-IV-Health-Activities.xlsx,4.22,4,4,total,الإجمالي,الإجمالي
2022-Chapter-IV-Health-Activities.xlsx,4.22,4,5,region,region,Health Region
2022-Chapter-IV-Health-Activities.xlsx,4.22,25,1,total,المجموع,المجموع
2022-Chapter-IV-Health-Activities.xlsx,4.22,25,5,total,total,Total
2022-Chapter-IV-Health-Activities.xlsx,25,2,1,year,year,"Inpatients in Health Sectors Hospitals, KSA in the last Five Years"
2022-Chapter-IV-Health-Activities.xlsx,25,2,1,hospital,hospital,"Inpatients in Health Sectors Hospitals, KSA in the last Five Years"
2022-Chapter-IV-Health-Activities.xlsx,25,4,2,year,عام,العام
2022-Chapter-IV-Health-Activities.xlsx,25,4,6,year,year,Year
2022-Chapter-IV-Health-Activities.xlsx,25,9,1,total,المجموع,المجموع
2022-Chapter-IV-Health-Activities.xlsx,25,9,7,total,total,Total
2022-Chapter-IV-Health-Activities.xlsx,25,10,7,activity,admissions,Average no. of admissions per 100 persons
2022-Chapter-IV-Health-Activities.xlsx,26,1,1,region,المنطقة,الولادات بمستشفيات وزارة الصحة حسب المنطقة الصحية ونوع الولادة عام 2022م.
2022-Chapter-IV-Health-Activities.xlsx,26,1,1,year,عام,الولادات بمستشفيات وزارة الصحة حسب المنطقة الصحية ونوع الولادة عام 2022م.
2022-Chapter-IV-Health-Activities.xlsx,26,2,1,region,region,"Deliveries in MOH Hospitals by Health Region and Type of Delivery, 2022G."
2022-Chapter-IV-Health-Activities.xlsx,26,2,1,hospital,hospital,"Deliveries in MOH Hospitals by Health Region and Type of Delivery, 2022G."
2022-Chapter-IV-Health-Activities.xlsx,26,4,1,region,المنطقة,المنطقة الصحية
2022-Chapter-IV-Health-Activities.xlsx,26,4,13,region,region,Health Region
2022-Chapter-IV-Health-Activities.xlsx,26,5,8,total,المجموع,المجموع
2022-Chapter-IV-Health-Activities.xlsx,26,6,8,total,total,Total
2022-Chapter-IV-Health-Activities.xlsx,26,6,9,total,total,Total
2022-Chapter-IV-Health-Activities.xlsx,26,7,12,total,total,Total
2022-Chapter-IV-Health-Activities.xlsx,26,28,1,total,المجموع,المجموع
2022-Chapter-IV-Health-Activities.xlsx,26,28,13,total,total,Total
2022-Chapter-IV-Health-Activities.xlsx,26,29,13,total,total,% of total  deliveries
2022-Chapter-IV-Health-Activities.xlsx,27,1,1,year,عام,الولادات بمستشفيات الجهات الحكومية الأخرى حسب نوع الولادة عام 2022م
2022-Chapter-IV-Health-Activities.xlsx,27,2,1,hospital,hospital,"Deliveries at Other Governmental Sector Hospitals by Type of Delivery, 2022G"
2022-Chapter-IV-Health-Activities.xlsx,27,5,8,total,المجموع,المجموع
2022-Chapter-IV-Health-Activities.xlsx,27,6,8,total,total,Total
2022-Chapter-IV-Health-Activities.xlsx,27,6,9,total,total,Total
2022-Chapter-IV-Health-Activities.xlsx,27,7,12,total,total,Total
2022-Chapter-IV-Health-Activities.xlsx,27,11,1,hospital,مستشفى,مستشفى الملك فيصل التخصصي ومركز الأبحاث
2022-Chapter-IV-Health-Activities.xlsx,27,11,13,hospital,hospital,King Faisal Specialist HospitalR.C.
2022-Chapter-IV-Health-Activities.xlsx,27,12,13,hospital,hospital,Royal Commission Hospitals
2022-Chapter-IV-Health-Activities.xlsx,27,13,13,hospital,hospital,ARAMCO Hospitals
2022-Chapter-IV-Health-Activities.xlsx,27,15,1,total,المجموع,المجموع
2022-Chapter-IV-Health-Activities.xlsx,27,15,13,total,total,Total
2022-Chapter-IV-Health-Activities.xlsx,27,16,13,total,total,% of total deliveries
2022-Chapter-IV-Health-Activities.xlsx,28,1,1,year,عام,المواليدالأحياء بالقطاع الخاص حسب الجنس عام 2022م
2022-Chapter-IV-Health-Activities.xlsx,28,4,1,region,المنطقة,المنطقة الصحية
2022-Chapter-IV-Health-Activities.xlsx,28,4,5,region,region,Health Region
2022-Chapter-IV-Health-Activities.xlsx,28,7,4,total,total,Total
2022-Chapter-IV-Health-Activities.xlsx,28,28,1,total,المجموع,المجموع
2022-Chapter-IV-Health-Activities.xlsx,28,28,5,total,total,Total
2022-Chapter-IV-Health-Activities.xlsx,28,29,5,total,total,% of total  deliveries
2022-Chapter-IV-Health-Activities.xlsx,29,1,1,region,المنطقة,التدخلات الجراحية بمستشفيات وزارة الصحة حسب المنطقة الصحية والقسم لعام 2022م.
2022-Chapter-IV-Health-Activities.xlsx,29,1,1,year,عام,التدخلات الجراحية بمستشفيات وزارة الصحة حسب المنطقة الصحية والقسم لعام 2022م.
2022-Chapter-IV-Health-Activities.xlsx,29,2,1,region,region,"Surgical Interventions at MoH Hospitals by Health Region and Hospital Sections, 2022G."
2022-Chapter-IV-Health-Activities.xlsx,29,2,1,hospital,hospital,"Surgical Interventions at MoH Hospitals by Health Region and Hospital Sections, 2022G."
2022-Chapter-IV-Health-Activities.xlsx,29,4,1,region,المنطقة,المنطقة الصحية
2022-Chapter-IV-Health-Activities.xlsx,29,4,15,region,region,Health Region
2022-Chapter-IV-Health-Activities.xlsx,29,6,2,year,عام,جراحة عامة
2022-Chapter-IV-Health-Activities.xlsx,29,6,14,total,المجموع,المجموع
2022-Chapter-IV-Health-Activities.xlsx,29,7,14,total,total,Total
2022-Chapter-IV-Health-Activities.xlsx,29,28,1,total,المجموع,المجموع
2022-Chapter-IV-Health-Activities.xlsx,29,28,15,total,total,Total
2022-Chapter-IV-Health-Activities.xlsx,30,1,1,year,عام,التدخلات الجراحية بمستشفيات الجهات الحكومية الأخرى حسب القسم لعام 2022م
2022-Chapter-IV-Health-Activities.xlsx,30,2,1,hospital,hospital,"Surgical Interventions at Other Governmental Sector Hospitals by Section, 2022G"
2022-Chapter-IV-Health-Activities.xlsx,30,6,2,year,عام,جراحة عامة
2022-Chapter-IV-Health-Activities.xlsx,30,6,14,total,المجموع,المجموع
2022-Chapter-IV-Health-Activities.xlsx,30,7,14,total,total,Total
2022-Chapter-IV-Health-Activities.xlsx,30,11,1,hospital,مستشفى,مستشفى الملك فيصل التخصصي ومركز الأبحاث
2022-Chapter-IV-Health-Activities.xlsx,30,11,15,hospital,hospital,King Faisal Specialist Hospital&R.C.
2022-Chapter-IV-Health-Activities.xlsx,30,12,15,hospital,hospital,Royal Commission Hospitals
2022-Chapter-IV-Health-Activities.xlsx,30,13,15,hospital,hospital,ARAMCO Hospitals
2022-Chapter-IV-Health-Activities.xlsx,30,16,1,total,المجموع,المجموع
2022-Chapter-IV-Health-Activities.xlsx,30,16,15,total,total,Total
2022-Chapter-IV-Health-Activities.xlsx,4-32,1,1,region,المنطقة,التدخلات الجراحية بالقطاع الخاص حسب المنطقة الصحية والقسم لعام 2021م.
2022-Chapter-IV-Health-Activities.xlsx,4-32,1,1,year,عام,التدخلات الجراحية بالقطاع الخاص حسب المنطقة الصحية والقسم لعام 2021م.
2022-Chapter-IV-Health-Activities.xlsx,4-32,2,1,region,region,"Surgical Interventions in the Private Sector by Health Region and Hospital Sections, 2020G."
2022-Chapter-IV-Health-Activities.xlsx,4-32,2,1,hospital,hospital,"Surgical Interventions in the Private Sector by Health Region and Hospital Sections, 2020G."
2022-Chapter-IV-Health-Activities.xlsx,4-32,4,1,region,المنطقة,المنطقة الصحية
2022-Chapter-IV-Health-Activities.xlsx,4-32,4,15,region,region,Health Region
2022-Chapter-IV-Health-Activities.xlsx,4-32,6,2,year,عام,جراحة عامة
2022-Chapter-IV-Health-Activities.xlsx,4-32,6,14,total,المجموع,المجموع
2022-Chapter-IV-Health-Activities.xlsx,4-32,7,14,total,total,Total
2022-Chapter-IV-Health-Activities.xlsx,4-32,28,1,total,المجموع,المجموع
2022-Chapter-IV-Health-Activities.xlsx,4-32,28,15,total,total,Total
2022-Chapter-IV-Health-Activities.xlsx,32ملغى,1,1,region,المنطقة,جراحات اليوم الواحد  بوزارة الصحة حسب المنطقة الصحية  لعام 2020م.
2022-Chapter-IV-Health-Activities.xlsx,32ملغى,1,1,year,عام,جراحات اليوم الواحد  بوزارة الصحة حسب المنطقة الصحية  لعام 2020م.
2022-Chapter-IV-Health-Activities.xlsx,32ملغى,2,1,region,region,"Day Surgery  by Health Region, MoH, 2020G."
2022-Chapter-IV-Health-Activities.xlsx,32ملغى,4,1,region,المنطقة,المنطقة الصحية
2022-Chapter-IV-Health-Activities.xlsx,32ملغى,4,3,region,region,Health Region
2022-Chapter-IV-Health-Activities.xlsx,32ملغى,26,1,total,المجموع,المجموع
2022-Chapter-IV-Health-Activities.xlsx,32ملغى,26,3,total,total,Total
2022-Chapter-IV-Health-Activities.xlsx,32ملغى,27,1,source,المصدر,المصدر: إدارة جراحات اليوم الواحد
2022-Chapter-IV-Health-Activities.xlsx,32ملغى,27,3,source,source,Source: Day Surgery Directorate
2022-Chapter-IV-Health-Activities.xlsx,31,1,1,hospital,مستشفى,الأنشطة والخدمات الرئيسية بمستشفى الملك خالد التخصصي للعيون بالرياض في الأعوام الخمسة الأخيرة
2022-Chapter-IV-Health-Activities.xlsx,31,1,1,activity,الأنشطة,الأنشطة والخدمات الرئيسية بمستشفى الملك خالد التخصصي للعيون بالرياض في الأعوام الخمسة الأخيرة
2022-Chapter-IV-Health-Activities.xlsx,31,2,1,year,year,"Main Activities and Services at King Khaled Eye Specialist Hospital, in the last Five Years"
2022-Chapter-IV-Health-Activities.xlsx,31,2,1,hospital,hospital,"Main Activities and Services at King Khaled Eye Specialist Hospital, in the last Five Years"
2022-Chapter-IV-Health-Activities.xlsx,31,2,1,activity,activities,"Main Activities and Services at King Khaled Eye Specialist Hospital, in the last Five Years"
2022-Chapter-IV-Health-Activities.xlsx,31,5,2,activity,الزيارات,عدد الزيارات الأولية
2022-Chapter-IV-Health-Activities.xlsx,31,9,2,total,المجموع,المجموع
2022-Chapter-IV-Health-Activities.xlsx,31,9,8,total,total,Total
2022-Chapter-IV-Health-Activities.xlsx,31,14,2,total,المجموع,المجموع
2022-Chapter-IV-Health-Activities.xlsx,31,14,8,total,total,Total
2022-Chapter-IV-Health-Activities.xlsx,31,15,8,activity,admissions,Admissions
2022-Chapter-IV-Health-Activities.xlsx,31,17,1,activity,العمليات,العمليات الجراحية
2022-Chapter-IV-Health-Activities.xlsx,32,1,1,year,عام,حالات الأورام الخبيثة التي سجلت بمستشفى الملك فيصل التخصصي ومركز الأبحاث حسب موضع الورم والجنس لعام 2022م.
2022-Chapter-IV-Health-Activities.xlsx,32,1,1,hospital,مستشفى,حالات الأورام الخبيثة التي سجلت بمستشفى الملك فيصل التخصصي ومركز الأبحاث حسب موضع الورم والجنس لعام 2022م.
2022-Chapter-IV-Health-Activities.xlsx,32,2,1,hospital,hospital,"Cases of Malignant Tumours Registered at King Faisal Specialist Hospital and Research Center by Site and Sex, 2022G."
2022-Chapter-IV-Health-Activities.xlsx,32,24,1,total,المجموع,المجموع
2022-Chapter-IV-Health-Activities.xlsx,32,24,14,total,total,Total
2022-Chapter-IV-Health-Activities.xlsx,32,25,1,source,المصدر,المصدر : مستشفى الملك فيصل التخصصي  ومركز الأبحاث
2022-Chapter-IV-Health-Activities.xlsx,32,25,1,hospital,مستشفى,المصدر : مستشفى الملك فيصل التخصصي  ومركز الأبحاث
2022-Chapter-IV-Health-Activities.xlsx,32,25,8,source,source,Source : King Faisal Specialist Hospital and Research Center
2022-Chapter-IV-Health-Activities.xlsx,32,25,8,hospital,hospital,Source : King Faisal Specialist Hospital and Research Center
2022-Chapter-IV-Health-Activities.xlsx,33,1,1,year,عام,حالات الأطفال بتشخيص الأورام المحولين الي مستشفى الملك فيصل التخصصي ومركز الأبحاث حسب موضع الورم عام 2022م.
2022-Chapter-IV-Health-Activities.xlsx,33,1,1,hospital,مستشفى,حالات الأطفال بتشخيص الأورام المحولين الي مستشفى الملك فيصل التخصصي ومركز الأبحاث حسب موضع الورم عام 2022م.
2022-Chapter-IV-Health-Activities.xlsx,33,2,1,hospital,hospital,"Cases of Tumours among Children Referred to King Faisal Specialist Hospital by Site, 2022G."
2022-Chapter-IV-Health-Activities.xlsx,33,17,1,total,المجموع,المجموع
2022-Chapter-IV-Health-Activities.xlsx,33,17,8,total,total,Total
2022-Chapter-IV-Health-Activities.xlsx,33,18,1,source,المصدر,المصدر : مستشفى الملك فيصل التخصصي  ومركز الابحاث
2022-Chapter-IV-Health-Activities.xlsx,33,18,1,hospital,مستشفى,المصدر : مستشفى الملك فيصل التخصصي  ومركز الابحاث
2022-Chapter-IV-Health-Activities.xlsx,33,18,5,source,source,Source : King Faisal Specialist Hospital and Research Center
2022-Chapter-IV-Health-Activities.xlsx,33,18,5,hospital,hospital,Source : King Faisal Specialist Hospital and Research Center
2022-Chapter-IV-Health-Activities.xlsx,34,1,1,year,عام,مراكز ومرضى الغسيل الكلوي حسب القطاعات الصحية عام 2021م.
2022-Chapter-IV-Health-Activities.xlsx,34,4,5,total,المجموع,المجموع
2022-Chapter-IV-Health-Activities.xlsx,34,5,5,total,total,Total
2022-Chapter-IV-Health-Activities.xlsx,35,1,1,year,عام,مرضى التنقية الدموية حسب القطاعات الصحية والجنسية والجنس عام 2021م.
2022-Chapter-IV-Health-Activities.xlsx,35,7,7,hospital,hospital,M.o.H. Hospitals
2022-Chapter-IV-Health-Activities.xlsx,35,8,7,hospital,hospital,Other Governmental Sector Hospitals
2022-Chapter-IV-Health-Activities.xlsx,35,9,7,hospital,hospital,Private Sector Hospitals
2022-Chapter-IV-Health-Activities.xlsx,35,10,1,total,المجموع,المجموع
2022-Chapter-IV-Health-Activities.xlsx,35,10,7,total,total,Total
2022-Chapter-IV-Health-Activities.xlsx,36,1,1,year,عام,عدد زيارات مراكز وأقسام التأهيل الطبي بوزارة الصحة عام 2022م.
2022-Chapter-IV-Health-Activities.xlsx,36,4,1,region,المنطقة,المنطقة الصحية
2022-Chapter-IV-Health-Activities.xlsx,36,4,7,total,المجموع,المجموع
2022-Chapter-IV-Health-Activities.xlsx,36,4,8,region,region,Health Region
2022-Chapter-IV-Health-Activities.xlsx,36,7,7,total,total,Total
2022-Chapter-IV-Health-Activities.xlsx,36,28,1,total,المجموع,المجموع
2022-Chapter-IV-Health-Activities.xlsx,36,28,8,total,total,Total
2022-Chapter-IV-Health-Activities.xlsx,37,1,1,year,عام,زيارات ما بعد البتر لمراكز وأقسام التأهيل الطبي بوزارة الصحة حسب الجنس والجنسية وسبب الإصابة لعام  2022م.
2022-Chapter-IV-Health-Activities.xlsx,37,4,6,total,الإجمالي,الإجمالي
2022-Chapter-IV-Health-Activities.xlsx,37,5,6,total,total,Total
2022-Chapter-IV-Health-Activities.xlsx,37,12,1,total,المجموع,المجموع
2022-Chapter-IV-Health-Activities.xlsx,37,12,7,total,total,Total
2022-Chapter-IV-Health-Activities.xlsx,38,1,1,year,عام,خدمات  التأهيل  بالجهات الحكومية الأخرى عام 2022م
2022-Chapter-IV-Health-Activities.xlsx,38,4,11,total,total,"اجمالي عدد الجلسات
Total Sessions"
2022-Chapter-IV-Health-Activities.xlsx,38,5,10,total,total,"المجموع
Total"
2022-Chapter-IV-Health-Activities.xlsx,38,9,1,hospital,مستشفى,مستشفى الملك فيصل التخصصي ومركز الأبحاث
2022-Chapter-IV-Health-Activities.xlsx,38,9,12,hospital,hospital,King Faisal Specialist Hospital
2022-Chapter-IV-Health-Activities.xlsx,38,10,12,hospital,hospital,Royal Commission Hospitals
2022-Chapter-IV-Health-Activities.xlsx,38,11,12,hospital,hospital,ARAMCO Hospitals
2022-Chapter-IV-Health-Activities.xlsx,38,15,12,source,source,Ministry of Human Resources and Social Development
2022-Chapter-IV-Health-Activities.xlsx,38,16,1,total,المجموع,المجموع
2022-Chapter-IV-Health-Activities.xlsx,38,16,12,total,total,Total
2022-Chapter-IV-Health-Activities.xlsx,39,1,1,year,عام,خدمات مركز رعاية وتأهيل الأطفال ذوي الإعاقة حسب العمر خلال عام 2022
2022-Chapter-IV-Health-Activities.xlsx,39,4,1,year,السنة,فئة العمر (بالسنة)
2022-Chapter-IV-Health-Activities.xlsx,39,6,13,nurse,تمريض,تمريض
2022-Chapter-IV-Health-Activities.xlsx,39,6,15,total,المجموع,المجموع
2022-Chapter-IV-Health-Activities.xlsx,39,7,1,year,year,Age group (year)
2022-Chapter-IV-Health-Activities.xlsx,39,7,15,total,total,Total
2022-Chapter-IV-Health-Activities.xlsx,39,20,1,total,total,المجموع    Total
2022-Chapter-IV-Health-Activities.xlsx,39,22,1,source,المصدر,المصدر : الجمعية السعودية الخيرية لرعاية الأطفال المعوقين
2022-Chapter-IV-Health-Activities.xlsx,39,22,8,source,source,Source: Saudi Society of Caring Handicapped Children
2022-Chapter-IV-Health-Activities.xlsx,40,1,1,region,المنطقة,الفحوص المخبرية وعدد مرضى الفحوص الشعاعية بمستشفيات وزارة الصحة حسب المنطقة الصحية عام 2022م.
2022-Chapter-IV-Health-Activities.xlsx,40,1,1,year,عام,الفحوص المخبرية وعدد مرضى الفحوص الشعاعية بمستشفيات وزارة الصحة حسب المنطقة الصحية عام 2022م.
2022-Chapter-IV-Health-Activities.xlsx,40,2,1,region,region,"Laboratory Investigations and Radiology patients at MoH Hospitals by Health Region, 2022G."
2022-Chapter-IV-Health-Activities.xlsx,40,2,1,hospital,hospital,"Laboratory Investigations and Radiology patients at MoH Hospitals by Health Region, 2022G."
2022-Chapter-IV-Health-Activities.xlsx,40,4,1,region,المنطقة,المنطقة الصحية
2022-Chapter-IV-Health-Activities.xlsx,40,4,4,region,region,Health Region
2022-Chapter-IV-Health-Activities.xlsx,40,26,1,total,المجموع,المجموع
2022-Chapter-IV-Health-Activities.xlsx,40,26,4,total,total,Total
2022-Chapter-IV-Health-Activities.xlsx,41,1,1,region,المنطقة,الفحوص المخبرية بمستشفيات وزارة الصحة حسب المنطقة الصحية ونوع الفحص لعام 2022م.
2022-Chapter-IV-Health-Activities.xlsx,41,1,1,year,عام,الفحوص المخبرية بمستشفيات وزارة الصحة حسب المنطقة الصحية ونوع الفحص لعام 2022م.
2022-Chapter-IV-Health-Activities.xlsx,41,2,1,region,region,"Laboratory investigations at MoH Hospitals by Health Region and Type of investigations, 2022G."
2022-Chapter-IV-Health-Activities.xlsx,41,2,1,hospital,hospital,"Laboratory investigations at MoH Hospitals by Health Region and Type of investigations, 2022G."
2022-Chapter-IV-Health-Activities.xlsx,41,4,1,region,المنطقة,المنطقة الصحية
2022-Chapter-IV-Health-Activities.xlsx,41,4,19,total,total,"الإجمالي
Total"
2022-Chapter-IV-Health-Activities.xlsx,41,4,20,region,region,Health Region
2022-Chapter-IV-Health-Activities.xlsx,41,28,1,total,المجموع,المجموع
2022-Chapter-IV-Health-Activities.xlsx,41,28,20,total,total,Total
2022-Chapter-IV-Health-Activities.xlsx,42,2,1,year,year,"Laboratory Investigations and Number of  Radiology & Physiotherapy patients at MoH Facilities, in the last Five Years"
2022-Chapter-IV-Health-Activities.xlsx,42,4,1,activity,النشاط,النشاط
2022-Chapter-IV-Health-Activities.xlsx,42,4,7,activity,activity,Activity
2022-Chapter-IV-Health-Activities.xlsx,43,1,1,year,عام,الفحوص المخبرية والشعاعية بالجهات الحكومية الأخرى عام 2022م
2022-Chapter-IV-Health-Activities.xlsx,43,9,1,hospital,مستشفى,مستشفى الملك فيصل التخصصي ومركز الأبحاث
2022-Chapter-IV-Health-Activities.xlsx,43,9,4,hospital,hospital,King Faisal Specialist Hospital
2022-Chapter-IV-Health-Activities.xlsx,43,10,4,hospital,hospital,Royal Commission Hospitals
2022-Chapter-IV-Health-Activities.xlsx,43,11,4,hospital,hospital,ARAMCO Hospitals
2022-Chapter-IV-Health-Activities.xlsx,43,14,1,year,عام,المؤسسة العامة لتحلية المياه المالحة
2022-Chapter-IV-Health-Activities.xlsx,43,15,1,total,المجموع,المجموع
2022-Chapter-IV-Health-Activities.xlsx,43,15,4,total,total,Total
2022-Chapter-IV-Health-Activities.xlsx,4.50,1,1,region,المنطقة,الفحوص المخبرية وعدد مرضى الفحوص الشعاعية بالقطاع الخاص حسب المنطقة الصحية عام 2021م.
2022-Chapter-IV-Health-Activities.xlsx,4.50,1,1,year,عام,الفحوص المخبرية وعدد مرضى الفحوص الشعاعية بالقطاع الخاص حسب المنطقة الصحية عام 2021م.
2022-Chapter-IV-Health-Activities.xlsx,4.50,2,1,region,region,"Laboratory Investigations and Radiology patients in the Private Sector by Health Region, 2021G."
2022-Chapter-IV-Health-Activities.xlsx,4.50,4,1,region,المنطقة,المنطقة الصحية
2022-Chapter-IV-Health-Activities.xlsx,4.50,4,4,region,region,Health Region
2022-Chapter-IV-Health-Activities.xlsx,4.50,26,1,total,المجموع,المجموع
2022-Chapter-IV-Health-Activities.xlsx,4.50,26,4,total,total,Total
2022-Chapter-IV-Health-Activities.xlsx,44,1,1,region,المنطقة,أعداد العينات والاختبارات التي أجريت بمراكز مراقبة السموم والكيمياء الطبية الشرعية بوزارة الصحة  حسب المنطقة الصحية لعام 2022م.
2022-Chapter-IV-Health-Activities.xlsx,44,1,1,year,عام,أعداد العينات والاختبارات التي أجريت بمراكز مراقبة السموم والكيمياء الطبية الشرعية بوزارة الصحة  حسب المنطقة الصحية لعام 2022م.
2022-Chapter-IV-Health-Activities.xlsx,44,2,1,region,region,"Number of Samples and Tests Conducted at MoH Poison Control and Forensic Chemistry Centers, by Health Region, 2022G."
2022-Chapter-IV-Health-Activities.xlsx,44,4,1,region,المنطقة,المنطقة الصحية
2022-Chapter-IV-Health-Activities.xlsx,44,4,7,region,region,Health Region
2022-Chapter-IV-Health-Activities.xlsx,44,5,5,total,total,Total No. of Samples
2022-Chapter-IV-Health-Activities.xlsx,44,16,1,total,المجموع,المجموع
2022-Chapter-IV-Health-Activities.xlsx,44,16,7,total,total,Total
2022-Chapter-IV-Health-Activities.xlsx,45,1,1,region,المنطقة,أنشطة بنوك الدم بوزارة الصحة حسب المنطقة الصحية عام 2022م.
2022-Chapter-IV-Health-Activities.xlsx,45,1,1,year,عام,أنشطة بنوك الدم بوزارة الصحة حسب المنطقة الصحية عام 2022م.
2022-Chapter-IV-Health-Activities.xlsx,45,2,1,region,region,"Activities at MoH Blood Banks by Health Region, 2022G."
2022-Chapter-IV-Health-Activities.xlsx,45,2,1,activity,activities,"Activities at MoH Blood Banks by Health Region, 2022G."
2022-Chapter-IV-Health-Activities.xlsx,45,4,1,region,المنطقة,المنطقة الصحية
2022-Chapter-IV-Health-Activities.xlsx,45,4,5,region,region,Health Region
2022-Chapter-IV-Health-Activities.xlsx,45,5,2,total,total,Total investigations
2022-Chapter-IV-Health-Activities.xlsx,45,26,1,total,المجموع,المجموع
2022-Chapter-IV-Health-Activities.xlsx,45,26,5,total,total,Total
2022-Chapter-IV-Health-Activities.xlsx,46,2,1,year,year,Activities at MoH Blood Banks in the last Five Years
2022-Chapter-IV-Health-Activities.xlsx,46,2,1,activity,activities,Activities at MoH Blood Banks in the last Five Years
2022-Chapter-IV-Health-Activities.xlsx,46,4,1,activity,النشاط,النشاط
2022-Chapter-IV-Health-Activities.xlsx,46,4,7,activity,activity,Activity
2022-Chapter-IV-Health-Activities.xlsx,47,1,1,year,عام,أنشطة بنوك الدم بالجهات الحكومية الأخرى لعام 2022م
2022-Chapter-IV-Health-Activities.xlsx,47,2,1,activity,activities,"Activities of Blood Banks at  Other Governmental Sector, 2022G"
2022-Chapter-IV-Health-Activities.xlsx,47,9,1,hospital,مستشفى,مستشفى الملك فيصل التخصصي ومركز الأبحاث
2022-Chapter-IV-Health-Activities.xlsx,47,9,6,hospital,hospital,King Faisal Specialist Hospital
2022-Chapter-IV-Health-Activities.xlsx,47,10,6,hospital,hospital,Royal Commission Hospitals
2022-Chapter-IV-Health-Activities.xlsx,47,11,6,hospital,hospital,ARAMCO Hospitals
2022-Chapter-IV-Health-Activities.xlsx,47,13,1,total,المجموع,المجموع
2022-Chapter-IV-Health-Activities.xlsx,47,13,6,total,total,Total
2022-Chapter-IV-Health-Activities.xlsx,48,1,1,region,المنطقة,الحالات المعروضة على مراكز الطب الشرعي بوزارة الصحة حسب المنطقة الصحية وطبيعة الفحص الطبي الشرعي لعام 2022
2022-Chapter-IV-Health-Activities.xlsx,48,1,1,year,عام,الحالات المعروضة على مراكز الطب الشرعي بوزارة الصحة حسب المنطقة الصحية وطبيعة الفحص الطبي الشرعي لعام 2022
2022-Chapter-IV-Health-Activities.xlsx,48,2,1,region,region,"Cases of MoH Forensic Medicine Centers by Health Region and Different Examinations, 2022G."
2022-Chapter-IV-Health-Activities.xlsx,48,4,1,region,المنطقة,المنطقة الصحية
2022-Chapter-IV-Health-Activities.xlsx,48,4,4,total,المجموع,المجموع
2022-Chapter-IV-Health-Activities.xlsx,48,4,7,total,الإجمالي,الإجمالي
2022-Chapter-IV-Health-Activities.xlsx,48,4,8,region,region,Health Region
2022-Chapter-IV-Health-Activities.xlsx,48,6,4,total,total,Total
2022-Chapter-IV-Health-Activities.xlsx,48,6,7,total,total,Grand Total
2022-Chapter-IV-Health-Activities.xlsx,48,27,1,total,المجموع,المجموع
2022-Chapter-IV-Health-Activities.xlsx,48,27,8,total,total,Total
2022-Chapter-IV-Health-Activities.xlsx,49,1,1,region,المنطقة,عدد الهيئات الصحية الشرعية وعدد قضايا الأخطاء الطبية المعروضة عليها  حسب المنطقة الصحية لعام 2022م.
2022-Chapter-IV-Health-Activities.xlsx,49,1,1,year,عام,عدد الهيئات الصحية الشرعية وعدد قضايا الأخطاء الطبية المعروضة عليها  حسب المنطقة الصحية لعام 2022م.
2022-Chapter-IV-Health-Activities.xlsx,49,2,1,region,region,Number of Medico Legal Committees and Number of  Referred Medical Malpractice Cases by Health Region in 2022G.
2022-Chapter-IV-Health-Activities.xlsx,49,4,1,region,المنطقة,المنطقة الصحية
2022-Chapter-IV-Health-Activities.xlsx,49,4,5,total,المجموع,المجموع
2022-Chapter-IV-Health-Activities.xlsx,49,4,7,year,عام,عدد القضايا المرحلة للعام التالي
2022-Chapter-IV-Health-Activities.xlsx,49,4,8,region,region,Health Region
2022-Chapter-IV-Health-Activities.xlsx,49,7,5,total,total,Total
2022-Chapter-IV-Health-Activities.xlsx,49,7,7,year,year,Ongoing Cases to the next year
2022-Chapter-IV-Health-Activities.xlsx,49,23,1,total,المجموع,المجموع
2022-Chapter-IV-Health-Activities.xlsx,49,23,8,total,total,Total
2022-Chapter-IV-Health-Activities.xlsx,50,1,1,year,عام,قضايا الوفيات الناتجة عن الأخطاء الطبية الصادرة عن الهيئات الصحية الشرعية تبعا للإدانة من عدمها عام 2022م.
2022-Chapter-IV-Health-Activities.xlsx,50,4,1,region,المنطقة,المنطقة الصحية
2022-Chapter-IV-Health-Activities.xlsx,50,4,7,region,region,Health Region
2022-Chapter-IV-Health-Activities.xlsx,50,5,6,total,total,Total of Dead Cases' Resolutions
2022-Chapter-IV-Health-Activities.xlsx,50,22,1,total,المجموع,المجموع
2022-Chapter-IV-Health-Activities.xlsx,50,22,7,total,total,Total
2022-Chapter-IV-Health-Activities.xlsx,51,1,1,region,المنطقة,الحالات التي تمت إحالتها إلى المستشفيات الحكومية العامة أو التخصصية حسب المنطقة المحيلة والمستقبلة عام 2022م.
2022-Chapter-IV-Health-Activities.xlsx,51,1,1,year,عام,الحالات التي تمت إحالتها إلى المستشفيات الحكومية العامة أو التخصصية حسب المنطقة المحيلة والمستقبلة عام 2022م.
2022-Chapter-IV-Health-Activities.xlsx,51,1,1,hospital,المستشفيات,الحالات التي تمت إحالتها إلى المستشفيات الحكومية العامة أو التخصصية حسب المنطقة المحيلة والمستقبلة عام 2022م.
2022-Chapter-IV-Health-Activities.xlsx,51,2,1,region,region,"Cases Referred to  Governmental General or Specialist Hospitals by Source and Destination Region , 2022G."
2022-Chapter-IV-Health-Activities.xlsx,51,2,1,source,source,"Cases Referred to  Governmental General or Specialist Hospitals by Source and Destination Region , 2022G."
2022-Chapter-IV-Health-Activities.xlsx,51,2,1,hospital,hospital,"Cases Referred to  Governmental General or Specialist Hospitals by Source and Destination Region , 2022G."
2022-Chapter-IV-Health-Activities.xlsx,51,4,1,region,المنطقة,المنطقة المحيلة
2022-Chapter-IV-Health-Activities.xlsx,51,4,24,total,المجموع,المجموع
2022-Chapter-IV-Health-Activities.xlsx,51,5,1,region,المنطقة,المنطقة المستقبلة
2022-Chapter-IV-Health-Activities.xlsx,51,5,24,total,total,Total
2022-Chapter-IV-Health-Activities.xlsx,51,28,1,total,المجموع,المجموع
2022-Chapter-IV-Health-Activities.xlsx,51,28,25,total,total,Total
2022-Chapter-IV-Health-Activities.xlsx,52,1,1,year,عام,الحالات التي أرسلت للعلاج بالخارج من قبل الهيئات الطبية حسب الدولة والحالة الطبية عام  2022م.
2022-Chapter-IV-Health-Activities.xlsx,52,4,8,total,الإجمالي,الإجمالي
2022-Chapter-IV-Health-Activities.xlsx,52,5,8,total,total,Total
2022-Chapter-IV-Health-Activities.xlsx,52,11,1,year,عام,الجراحة العامة
2022-Chapter-IV-Health-Activities.xlsx,52,20,1,year,عام,الباطنة العامة
2022-Chapter-IV-Health-Activities.xlsx,52,25,1,total,المجموع,المجموع
2022-Chapter-IV-Health-Activities.xlsx,52,25,9,total,total,Total
2022-Chapter-IV-Health-Activities.xlsx,53,1,1,year,عام,المرضى المحالون إلى أقسام الخدمة الاجتماعية بمستشفيات وزارة الصحة حسب أسباب البحث الاجتماعي والجنس عام 2022م.
2022-Chapter-IV-Health-Activities.xlsx,53,2,1,hospital,hospital,"Cases Referred to Social Service Departements at MOH Hospitals, According to Cause of Social Investigation and Sex, 2022G."
2022-Chapter-IV-Health-Activities.xlsx,53,4,4,total,total,"الإجمالي
Total"
2022-Chapter-IV-Health-Activities.xlsx,54,1,1,region,المنطقة,عدد الوجبات التقريبي لمستحقي التغذية في مستشفيات وزارة الصحة حسب المنطقة الصحية لعام 2022م.
2022-Chapter-IV-Health-Activities.xlsx,54,1,1,year,عام,عدد الوجبات التقريبي لمستحقي التغذية في مستشفيات وزارة الصحة حسب المنطقة الصحية لعام 2022م.
2022-Chapter-IV-Health-Activities.xlsx,54,2,1,region,region,"Approximate No. of Meals Served in MoH Hospitals by Health Region, 2022G."
2022-Chapter-IV-Health-Activities.xlsx,54,2,1,hospital,hospital,"Approximate No. of Meals Served in MoH Hospitals by Health Region, 2022G."
2022-Chapter-IV-Health-Activities.xlsx,54,4,1,region,المنطقة,المنطقة الصحية
2022-Chapter-IV-Health-Activities.xlsx,54,4,2,bed,أسرة,عدد الأسرة
2022-Chapter-IV-Health-Activities.xlsx,54,4,4,nurse,تمريض,وجبات التمريض والمناوبين
2022-Chapter-IV-Health-Activities.xlsx,54,4,9,year,السنة,متوسط وجبات المرضى لكل سرير في السنة
2022-Chapter-IV-Health-Activities.xlsx,54,4,9,bed,سرير,متوسط وجبات المرضى لكل سرير في السنة
2022-Chapter-IV-Health-Activities.xlsx,54,4,10,region,region,Health Region
2022-Chapter-IV-Health-Activities.xlsx,54,5,2,bed,bed,No. of beds
2022-Chapter-IV-Health-Activities.xlsx,54,5,4,nurse,nurse,Nurses & on duties meals
2022-Chapter-IV-Health-Activities.xlsx,54,5,6,total,total,Total no. of meals
2022-Chapter-IV-Health-Activities.xlsx,54,5,8,total,total,Percent of  patient  meals / total meals
2022-Chapter-IV-Health-Activities.xlsx,54,5,9,year,year,Average  patient      meals /  bed in year
2022-Chapter-IV-Health-Activities.xlsx,54,5,9,bed,bed,Average  patient      meals /  bed in year
2022-Chapter-IV-Health-Activities.xlsx,54,26,1,total,المجموع,المجموع
2022-Chapter-IV-Health-Activities.xlsx,54,26,10,total,total,Total
2022-Chapter-IV-Health-Activities.xlsx,54,27,1,year,عام,المصدر: الإدارة العامة للتغذية
2022-Chapter-IV-Health-Activities.xlsx,54,27,1,source,المصدر,المصدر: الإدارة العامة للتغذية
2022-Chapter-IV-Health-Activities.xlsx,55,1,1,region,المنطقة,عدد المستشفيات المنفذة لبرنامج الرعاية الصحية المنزلية بوزارة الصحة والعاملين وعدد المستفيدين حسب المنطقة الصحية لعام 2022م
2022-Chapter-IV-Health-Activities.xlsx,55,1,1,year,عام,عدد المستشفيات المنفذة لبرنامج الرعاية الصحية المنزلية بوزارة الصحة والعاملين وعدد المستفيدين حسب المنطقة الصحية لعام 2022م
2022-Chapter-IV-Health-Activities.xlsx,55,1,1,hospital,المستشفيات,عدد المستشفيات المنفذة لبرنامج الرعاية الصحية المنزلية بوزارة الصحة والعاملين وعدد المستفيدين حسب المنطقة الصحية لعام 2022م
2022-Chapter-IV-Health-Activities.xlsx,55,2,1,region,region,"Number of MoH Hospitals Implementing Home Health Care Program, Manpower and Beneficiaries by Health Region, 2022G"
2022-Chapter-IV-Health-Activities.xlsx,55,2,1,hospital,hospital,"Number of MoH Hospitals Implementing Home Health Care Program, Manpower and Beneficiaries by Health Region, 2022G"
2022-Chapter-IV-Health-Activities.xlsx,55,4,1,region,المنطقة,المنطقة الصحية
2022-Chapter-IV-Health-Activities.xlsx,55,4,2,hospital,المستشفيات,عدد المستشفيات
2022-Chapter-IV-Health-Activities.xlsx,55,4,4,year,عام,عدد العاملين
2022-Chapter-IV-Health-Activities.xlsx,55,4,6,year,عام,عدد المستفيدين التراكمي نهاية عام 2022
2022-Chapter-IV-Health-Activities.xlsx,55,4,7,region,region,Health Region
2022-Chapter-IV-Health-Activities.xlsx,55,5,2,hospital,hospital,No. of Hospitals
2022-Chapter-IV-Health-Activities.xlsx,55,26,1,total,المجموع,المجموع
2022-Chapter-IV-Health-Activities.xlsx,55,26,7,total,total,Total
2022-Chapter-IV-Health-Activities.xlsx,56,1,1,year,عام,الخدمات المقدمة من الإدارة العامة لمراكز الاتصال خلال الأعوام الخمسة الأخيرة
2022-Chapter-IV-Health-Activities.xlsx,56,2,1,year,year,Services Provided by General Directorate for Call Centers in the Last Five Years.
2022-Chapter-IV-Health-Activities.xlsx,57,1,1,year,عام,مؤشرات الإدارة العامة لمراكز الاتصال لعام 2022م
2022-Chapter-IV-Health-Activities.xlsx,57,26,1,year,عام,المصدر: الإدارة العامة لمراكز الإتصال
2022-Chapter-IV-Health-Activities.xlsx,57,26,1,source,المصدر,المصدر: الإدارة العامة لمراكز الإتصال
2022-Chapter-IV-Health-Activities.xlsx,57,26,6,source,source,Source: General Directorate for Call Centers
2022-Chapter-IV-Health-Activities.xlsx,58,1,1,region,المنطقة,موارد وأنشطة الطب الاتصالي بوزارة الصحة حسب المنطقة الصحية لعام 2022م
2022-Chapter-IV-Health-Activities.xlsx,58,1,1,year,عام,موارد وأنشطة الطب الاتصالي بوزارة الصحة حسب المنطقة الصحية لعام 2022م
2022-Chapter-IV-Health-Activities.xlsx,58,2,1,region,region,"Resources and Activities of Telemedicine at MoH by Health Regions, 2022G"
2022-Chapter-IV-Health-Activities.xlsx,58,2,1,source,source,"Resources and Activities of Telemedicine at MoH by Health Regions, 2022G"
2022-Chapter-IV-Health-Activities.xlsx,58,2,1,activity,activities,"Resources and Activities of Telemedicine at MoH by Health Regions, 2022G"
2022-Chapter-IV-Health-Activities.xlsx,58,4,1,region,المنطقة,المنطقة الصحية
2022-Chapter-IV-Health-Activities.xlsx,58,4,9,region,region,Health Region
2022-Chapter-IV-Health-Activities.xlsx,58,5,2,hospital,المستشفيات,المستشفيات
2022-Chapter-IV-Health-Activities.xlsx,58,6,2,hospital,hospital,Hospitals
2022-Chapter-IV-Health-Activities.xlsx,58,6,5,total,total,Total Facilities
2022-Chapter-IV-Health-Activities.xlsx,58,27,1,total,المجموع,المجموع
2022-Chapter-IV-Health-Activities.xlsx,58,27,9,total,total,Total
2022-Chapter-IV-Health-Activities.xlsx,59,1,1,region,المنطقة,خدمات الصحة المدرسية حسب نوع الخدمة والمنطقة الصحية لعام 2022م
2022-Chapter-IV-Health-Activities.xlsx,59,1,1,year,عام,خدمات الصحة المدرسية حسب نوع الخدمة والمنطقة الصحية لعام 2022م
2022-Chapter-IV-Health-Activities.xlsx,59,2,1,region,region,"School Health Services by Type of Service and Health Region, 2022G"
2022-Chapter-IV-Health-Activities.xlsx,59,4,1,region,المنطقة,المنطقة الصحية
2022-Chapter-IV-Health-Activities.xlsx,59,4,6,region,region,Health Region
2022-Chapter-IV-Health-Activities.xlsx,59,27,1,total,المجموع,المجموع
2022-Chapter-IV-Health-Activities.xlsx,59,27,6,total,total,Total
2022-Chapter-IV-Health-Activities.xlsx,fig1,39,2,year,year,Year
2022-Chapter-IV-Health-Activities.xlsx,fig2,8,25,year,year,YearMonth
2022-Chapter-IV-Health-Activities.xlsx,fig2,36,2,year,year,Year
2022-Chapter-IV-Health-Activities.xlsx,fig3,1,1,hospital,مستشفى,متوسط مدة الإقامة للمرضى داخل المستشفى (بالأيام)
2022-Chapter-IV-Health-Activities.xlsx,fig3,7,26,year,year,Year Month
2022-Chapter-IV-Health-Activities.xlsx,fig3,40,2,year,year,Year
2022-Chapter-IV-Health-Activities.xlsx,fig4,5,25,year,year,Year Month
2022-Chapter-IV-Health-Activities.xlsx,fig4,37,2,year,year,Year
2022-Chapter-IV-Health-Activities.xlsx,fig5,1,1,activity,العمليات,غرفة العمليات – متوسط وقت انتظار الجراحة (بالأيام)
2022-Chapter-IV-Health-Activities.xlsx,fig5,6,25,year,year,Year Month
2022-Chapter-IV-Health-Activities.xlsx,fig6,8,28,year,year,YearMonth
2022-Chapter-IV-Health-Activities.xlsx,fig6,39,2,year,year,Year
2022-Chapter-IV-Health-Activities.xlsx,fig7,8,24,year,year,YearMonth
Statistical-Yearbook-2021-Chapter-I-Health-Indicators.xlsx,فهرس الباب الأول,3,2,population,السكان,المؤشرات السكانية
Statistical-Yearbook-2021-Chapter-I-Health-Indicators.xlsx,فهرس الباب الأول,10,2,year,year,"Health Resources Indicators (per 10,000 population) in the Last Five Years."
Statistical-Yearbook-2021-Chapter-I-Health-Indicators.xlsx,فهرس الباب الأول,10,2,source,source,"Health Resources Indicators (per 10,000 population) in the Last Five Years."
Statistical-Yearbook-2021-Chapter-I-Health-Indicators.xlsx,فهرس الباب الأول,10,2,population,population,"Health Resources Indicators (per 10,000 population) in the Last Five Years."
Statistical-Yearbook-2021-Chapter-I-Health-Indicators.xlsx,فهرس الباب الأول,11,2,region,المناطق,معدل أسرة مستشفيات وزارة الصحة لكل عشرة آلاف نسمة حسب المناطق الصحية في الأعوام الخمسة الأخيرة.
Statistical-Yearbook-2021-Chapter-I-Health-Indicators.xlsx,فهرس الباب الأول,11,2,bed,أسرة,معدل أسرة مستشفيات وزارة الصحة لكل عشرة آلاف نسمة حسب المناطق الصحية في الأعوام الخمسة الأخيرة.
Statistical-Yearbook-2021-Chapter-I-Health-Indicators.xlsx,فهرس الباب الأول,12,2,region,region,"Rate of MOH Hospital Beds /10,000 Population by  Health Regions, in the Last Five Years."
Statistical-Yearbook-2021-Chapter-I-Health-Indicators.xlsx,فهرس الباب الأول,12,2,year,year,"Rate of MOH Hospital Beds /10,000 Population by  Health Regions, in the Last Five Years."
Statistical-Yearbook-2021-Chapter-I-Health-Indicators.xlsx,فهرس الباب الأول,12,2,population,population,"Rate of MOH Hospital Beds /10,000 Population by  Health Regions, in the Last Five Years."
Statistical-Yearbook-2021-Chapter-I-Health-Indicators.xlsx,فهرس الباب الأول,12,2,hospital,hospital,"Rate of MOH Hospital Beds /10,000 Population by  Health Regions, in the Last Five Years."
Statistical-Yearbook-2021-Chapter-I-Health-Indicators.xlsx,فهرس الباب الأول,12,2,bed,bed,"Rate of MOH Hospital Beds /10,000 Population by  Health Regions, in the Last Five Years."
Statistical-Yearbook-2021-Chapter-I-Health-Indicators.xlsx,فهرس الباب الأول,13,2,region,المنطقة,مؤشرات مختارة عن الموارد المتاحة بمستشفيات وزارة الصحة حسب المنطقة الصحية لعام 2021 م.
Statistical-Yearbook-2021-Chapter-I-Health-Indicators.xlsx,فهرس الباب الأول,13,2,year,عام,مؤشرات مختارة عن الموارد المتاحة بمستشفيات وزارة الصحة حسب المنطقة الصحية لعام 2021 م.
Statistical-Yearbook-2021-Chapter-I-Health-Indicators.xlsx,فهرس الباب الأول,14,2,region,region,"Selected Indicators of Available Resources at MoH Hospitals by Health Region, 2021G"
Statistical-Yearbook-2021-Chapter-I-Health-Indicators.xlsx,فهرس الباب الأول,14,2,source,source,"Selected Indicators of Available Resources at MoH Hospitals by Health Region, 2021G"
Statistical-Yearbook-2021-Chapter-I-Health-Indicators.xlsx,فهرس الباب الأول,14,2,hospital,hospital,"Selected Indicators of Available Resources at MoH Hospitals by Health Region, 2021G"
Statistical-Yearbook-2021-Chapter-I-Health-Indicators.xlsx,فهرس الباب الأول,16,2,year,year,Basic Immunization Coverage (%) in the Last Five Years.
Statistical-Yearbook-2021-Chapter-I-Health-Indicators.xlsx,فهرس الباب الأول,17,2,population,السكان,معدلات الإصابة لبعض الأمراض المستهدفة بالتحصين (لكل مائة ألف من السكان) في الأعوام الخمسة الأخيرة.
Statistical-Yearbook-2021-Chapter-I-Health-Indicators.xlsx,فهرس الباب الأول,18,2,year,year,"Incidence Rate of Some Immunization Targeted Diseases (per 100,000 population) in the Last Five Years."
Statistical-Yearbook-2021-Chapter-I-Health-Indicators.xlsx,فهرس الباب الأول,18,2,population,population,"Incidence Rate of Some Immunization Targeted Diseases (per 100,000 population) in the Last Five Years."
Statistical-Yearbook-2021-Chapter-I-Health-Indicators.xlsx,فهرس الباب الأول,20,2,year,year,Injuries and Deaths  from Road Traffic Accidents (RTA) in the Last Five Years
Statistical-Yearbook-2021-Chapter-I-Health-Indicators.xlsx,فهرس الباب الأول,23,2,year,عام,السكان حسب الجنسية والجنس والفئات العمرية لعام 2021م
Statistical-Yearbook-2021-Chapter-I-Health-Indicators.xlsx,فهرس الباب الأول,23,2,population,السكان,السكان حسب الجنسية والجنس والفئات العمرية لعام 2021م
Statistical-Yearbook-2021-Chapter-I-Health-Indicators.xlsx,فهرس الباب الأول,24,2,population,population,"Population by Nationality, Gender, and Age groups, 2021G"
Statistical-Yearbook-2021-Chapter-I-Health-Indicators.xlsx,1,3,1,population,السكان,المؤشرات السكانية
Statistical-Yearbook-2021-Chapter-I-Health-Indicators.xlsx,1,6,3,year,year,"العام
Year"
Statistical-Yearbook-2021-Chapter-I-Health-Indicators.xlsx,1,7,1,population,السكان,إجمالي عدد السكان التقديري
Statistical-Yearbook-2021-Chapter-I-Health-Indicators.xlsx,1,7,4,total,total,Total Estimated Population Size
Statistical-Yearbook-2021-Chapter-I-Health-Indicators.xlsx,1,7,4,population,population,Total Estimated Population Size
Statistical-Yearbook-2021-Chapter-I-Health-Indicators.xlsx,1,8,1,population,السكان,عدد السكان الذكور
Statistical-Yearbook-2021-Chapter-I-Health-Indicators.xlsx,1,8,4,population,population,Male Population
Statistical-Yearbook-2021-Chapter-I-Health-Indicators.xlsx,1,9,1,population,السكان,عدد السكان الإناث
Statistical-Yearbook-2021-Chapter-I-Health-Indicators.xlsx,1,9,4,population,population,Female Population
Statistical-Yearbook-2021-Chapter-I-Health-Indicators.xlsx,1,10,4,population,population,Crude Birth Rate /1000 Population
Statistical-Yearbook-2021-Chapter-I-Health-Indicators.xlsx,1,11,4,population,population,Annual Population Growth Rate (%)
Statistical-Yearbook-2021-Chapter-I-Health-Indicators.xlsx,1,12,4,year,year,% Population Under 5 Years
Statistical-Yearbook-2021-Chapter-I-Health-Indicators.xlsx,1,12,4,population,population,% Population Under 5 Years
Statistical-Yearbook-2021-Chapter-I-Health-Indicators.xlsx,1,13,4,year,year,% Population Under 15 Years
Statistical-Yearbook-2021-Chapter-I-Health-Indicators.xlsx,1,13,4,population,population,% Population Under 15 Years
Statistical-Yearbook-2021-Chapter-I-Health-Indicators.xlsx,1,14,4,year,year,% Population 15- 64 Years
Statistical-Yearbook-2021-Chapter-I-Health-Indicators.xlsx,1,14,4,population,population,% Population 15- 64 Years
Statistical-Yearbook-2021-Chapter-I-Health-Indicators.xlsx,1,15,4,year,year,% Population 65+ Years
Statistical-Yearbook-2021-Chapter-I-Health-Indicators.xlsx,1,15,4,population,population,% Population 65+ Years
Statistical-Yearbook-2021-Chapter-I-Health-Indicators.xlsx,1,16,4,total,total,Total Fertility Rate
Statistical-Yearbook-2021-Chapter-I-Health-Indicators.xlsx,1,21,1,year,عام,المصدر : الهيئة العامة للإحصاء
Statistical-Yearbook-2021-Chapter-I-Health-Indicators.xlsx,1,21,1,source,المصدر,المصدر : الهيئة العامة للإحصاء
Statistical-Yearbook-2021-Chapter-I-Health-Indicators.xlsx,1,21,3,source,source,Source:General Authority for Statistics
Statistical-Yearbook-2021-Chapter-I-Health-Indicators.xlsx,2,4,3,year,year,"العام
Year"
Statistical-Yearbook-2021-Chapter-I-Health-Indicators.xlsx,2,5,4,population,population,Crude Death Rate /1000 Population
Statistical-Yearbook-2021-Chapter-I-Health-Indicators.xlsx,2,10,1,year,عام,المصدر : الهيئة العامة للإحصاء
Statistical-Yearbook-2021-Chapter-I-Health-Indicators.xlsx,2,10,1,source,المصدر,المصدر : الهيئة العامة للإحصاء
Statistical-Yearbook-2021-Chapter-I-Health-Indicators.xlsx,2,10,3,source,source,Source:General Authority for Statistics
Statistical-Yearbook-2021-Chapter-I-Health-Indicators.xlsx,3,4,1,total,الإجمالي,نصيب الفرد  من الناتج  المحلي الإجمالي بالدولار الأمريكي
Statistical-Yearbook-2021-Chapter-I-Health-Indicators.xlsx,3,6,1,year,عام,العام
Statistical-Yearbook-2021-Chapter-I-Health-Indicators.xlsx,3,6,2,total,الإجمالي,نصيب الفرد  من الناتج  المحلي الإجمالي بالدولار الأمريكي
Statistical-Yearbook-2021-Chapter-I-Health-Indicators.xlsx,3,7,1,year,year,Year
Statistical-Yearbook-2021-Chapter-I-Health-Indicators.xlsx,3,19,1,year,عام,المصدر : الهيئة العامة للإحصاء
Statistical-Yearbook-2021-Chapter-I-Health-Indicators.xlsx,3,19,1,source,المصدر,المصدر : الهيئة العامة للإحصاء
Statistical-Yearbook-2021-Chapter-I-Health-Indicators.xlsx,3,19,2,source,source,Source:General Authority for Statistics
Statistical-Yearbook-2021-Chapter-I-Health-Indicators.xlsx,4,2,1,year,year,"Health Resources Indicators (per 10,000 population) in the Last Five Years"
Statistical-Yearbook-2021-Chapter-I-Health-Indicators.xlsx,4,2,1,source,source,"Health Resources Indicators (per 10,000 population) in the Last Five Years"
Statistical-Yearbook-2021-Chapter-I-Health-Indicators.xlsx,4,2,1,population,population,"Health Resources Indicators (per 10,000 population) in the Last Five Years"
Statistical-Yearbook-2021-Chapter-I-Health-Indicators.xlsx,4,5,1,physician,أطباء,الأطبـــــاء (شاملا أطباء الأسنان)
Statistical-Yearbook-2021-Chapter-I-Health-Indicators.xlsx,4,5,7,physician,physician,Physicians (including Dentists)
Statistical-Yearbook-2021-Chapter-I-Health-Indicators.xlsx,4,6,1,physician,أطباء,الأطباء البشريون
Statistical-Yearbook-2021-Chapter-I-Health-Indicators.xlsx,4,6,7,physician,physician,Physicians
Statistical-Yearbook-2021-Chapter-I-Health-Indicators.xlsx,4,7,1,physician,أطباء,أطباء الأسنان
Statistical-Yearbook-2021-Chapter-I-Health-Indicators.xlsx,4,9,1,nurse,تمريض,التمريض (شاملا القابلات)
Statistical-Yearbook-2021-Chapter-I-Health-Indicators.xlsx,4,9,7,nurse,nurse,Nurses (including midwives)
Statistical-Yearbook-2021-Chapter-I-Health-Indicators.xlsx,4,10,1,nurse,تمريض,التمريض
Statistical-Yearbook-2021-Chapter-I-Health-Indicators.xlsx,4,10,7,nurse,nurse,Nurses
Statistical-Yearbook-2021-Chapter-I-Health-Indicators.xlsx,4,14,1,hospital,المستشفيات,أسرة المستشفيات  بالمملكة (كل القطاعات)
Statistical-Yearbook-2021-Chapter-I-Health-Indicators.xlsx,4,14,1,bed,أسرة,أسرة المستشفيات  بالمملكة (كل القطاعات)
Statistical-Yearbook-2021-Chapter-I-Health-Indicators.xlsx,4,14,7,hospital,hospital,"Hospital Beds (All Sectors), KSA"
Statistical-Yearbook-2021-Chapter-I-Health-Indicators.xlsx,4,14,7,bed,bed,"Hospital Beds (All Sectors), KSA"
Statistical-Yearbook-2021-Chapter-I-Health-Indicators.xlsx,4,15,1,bed,أسرة,أسرة مستشفيات  وزارة الصحة
Statistical-Yearbook-2021-Chapter-I-Health-Indicators.xlsx,4,15,7,hospital,hospital,MoH Hospital Beds
Statistical-Yearbook-2021-Chapter-I-Health-Indicators.xlsx,4,15,7,bed,bed,MoH Hospital Beds
Statistical-Yearbook-2021-Chapter-I-Health-Indicators.xlsx,4,16,1,bed,أسرة,أسرة مستشفيات  الجهات الحكومية الأخرى
Statistical-Yearbook-2021-Chapter-I-Health-Indicators.xlsx,4,16,7,hospital,hospital,Other Governmental Sector Hospital Beds
Statistical-Yearbook-2021-Chapter-I-Health-Indicators.xlsx,4,16,7,bed,bed,Other Governmental Sector Hospital Beds
Statistical-Yearbook-2021-Chapter-I-Health-Indicators.xlsx,4,17,1,bed,أسرة,أسرة مستشفيات القطاع الخاص
Statistical-Yearbook-2021-Chapter-I-Health-Indicators.xlsx,4,17,7,hospital,hospital,Private Sector Hospital Beds
Statistical-Yearbook-2021-Chapter-I-Health-Indicators.xlsx,4,17,7,bed,bed,Private Sector Hospital Beds
Statistical-Yearbook-2021-Chapter-I-Health-Indicators.xlsx,5,1,1,region,المناطق,معدل أسرة مستشفيات وزارة الصحة لكل عشرة آلاف نسمة حسب المناطق الصحية في الأعوام الخمسة الأخيرة
Statistical-Yearbook-2021-Chapter-I-Health-Indicators.xlsx,5,1,1,bed,أسرة,معدل أسرة مستشفيات وزارة الصحة لكل عشرة آلاف نسمة حسب المناطق الصحية في الأعوام الخمسة الأخيرة
Statistical-Yearbook-2021-Chapter-I-Health-Indicators.xlsx,5,2,1,region,region,"Rate of MOH Hospital Beds /10,000 Population by  Health Regions, in the Last Five Years"
Statistical-Yearbook-2021-Chapter-I-Health-Indicators.xlsx,5,2,1,year,year,"Rate of MOH Hospital Beds /10,000 Population by  Health Regions, in the Last Five Years"
Statistical-Yearbook-2021-Chapter-I-Health-Indicators.xlsx,5,2,1,population,population,"Rate of MOH Hospital Beds /10,000 Population by  Health Regions, in the Last Five Years"
Statistical-Yearbook-2021-Chapter-I-Health-Indicators.xlsx,5,2,1,hospital,hospital,"Rate of MOH Hospital Beds /10,000 Population by  Health Regions, in the Last Five Years"
Statistical-Yearbook-2021-Chapter-I-Health-Indicators.xlsx,5,2,1,bed,bed,"Rate of MOH Hospital Beds /10,000 Population by  Health Regions, in the Last Five Years"
Statistical-Yearbook-2021-Chapter-I-Health-Indicators.xlsx,5,4,1,region,المنطقة,المنطقة الصحية
Statistical-Yearbook-2021-Chapter-I-Health-Indicators.xlsx,5,4,7,region,region,Health Region
Statistical-Yearbook-2021-Chapter-I-Health-Indicators.xlsx,6,1,1,region,المنطقة,مؤشرات مختارة عن الموارد المتاحة بمستشفيات وزارة الصحة حسب المنطقة الصحية لعام 2021 م
Statistical-Yearbook-2021-Chapter-I-Health-Indicators.xlsx,6,1,1,year,عام,مؤشرات مختارة عن الموارد المتاحة بمستشفيات وزارة الصحة حسب المنطقة الصحية لعام 2021 م
Statistical-Yearbook-2021-Chapter-I-Health-Indicators.xlsx,6,2,1,region,region,"Selected Indicators of Available Resources at MoH Hospitals by Health Region, 2021G"
Statistical-Yearbook-2021-Chapter-I-Health-Indicators.xlsx,6,2,1,source,source,"Selected Indicators of Available Resources at MoH Hospitals by Health Region, 2021G"
Statistical-Yearbook-2021-Chapter-I-Health-Indicators.xlsx,6,2,1,hospital,hospital,"Selected Indicators of Available Resources at MoH Hospitals by Health Region, 2021G"
Statistical-Yearbook-2021-Chapter-I-Health-Indicators.xlsx,6,4,1,region,المنطقة,المنطقة الصحية
Statistical-Yearbook-2021-Chapter-I-Health-Indicators.xlsx,6,4,2,bed,bed,"عدد الأسرة
No. of Beds"
Statistical-Yearbook-2021-Chapter-I-Health-Indicators.xlsx,6,4,3,physician,physician,"عدد الأطباء
No. of Physicians"
Statistical-Yearbook-2021-Chapter-I-Health-Indicators.xlsx,6,4,4,bed,bed,"الأطباء لكل مائة سرير
Physicians/100 beds"
Statistical-Yearbook-2021-Chapter-I-Health-Indicators.xlsx,6,4,4,physician,physician,"الأطباء لكل مائة سرير
Physicians/100 beds"
Statistical-Yearbook-2021-Chapter-I-Health-Indicators.xlsx,6,4,5,nurse,nurse,"عدد التمريض شاملا القابلات
 No. of Nurses  including midwives"
Statistical-Yearbook-2021-Chapter-I-Health-Indicators.xlsx,6,4,6,bed,bed,"التمريض لكل مائة سرير
Nurses/100 beds"
Statistical-Yearbook-2021-Chapter-I-Health-Indicators.xlsx,6,4,6,nurse,nurse,"التمريض لكل مائة سرير
Nurses/100 beds"
Statistical-Yearbook-2021-Chapter-I-Health-Indicators.xlsx,6,4,7,physician,physician,"التمريض لكل مائة طبيب
Nurses/ 100 physicians"
Statistical-Yearbook-2021-Chapter-I-Health-Indicators.xlsx,6,4,7,nurse,nurse,"التمريض لكل مائة طبيب
Nurses/ 100 physicians"
Statistical-Yearbook-2021-Chapter-I-Health-Indicators.xlsx,6,4,8,region,region,Health Region
Statistical-Yearbook-2021-Chapter-I-Health-Indicators.xlsx,7,2,1,year,year,Basic Immunization Coverage (%) in the Last Five Years
Statistical-Yearbook-2021-Chapter-I-Health-Indicators.xlsx,8,1,1,population,السكان,معدلات الإصابة لبعض الأمراض المستهدفة بالتحصين (لكل مائة ألف من السكان) في الأعوام الخمسة الأخيرة
Statistical-Yearbook-2021-Chapter-I-Health-Indicators.xlsx,8,2,1,year,year,"Incidence Rate of Some Immunization Targeted Diseases (per 100,000 population) in the Last Five Years"
Statistical-Yearbook-2021-Chapter-I-Health-Indicators.xlsx,8,2,1,population,population,"Incidence Rate of Some Immunization Targeted Diseases (per 100,000 population) in the Last Five Years"
Statistical-Yearbook-2021-Chapter-I-Health-Indicators.xlsx,9,2,1,year,year,Injuries and Deaths  from Road Traffic Accidents (RTA) in the Last Five Years
Statistical-Yearbook-2021-Chapter-I-Health-Indicators.xlsx,9,5,9,population,population,"RTA Injuries per 100,000 Population"
Statistical-Yearbook-2021-Chapter-I-Health-Indicators.xlsx,9,6,9,population,population,"RTA Deaths per 100,000 Population"
Statistical-Yearbook-2021-Chapter-I-Health-Indicators.xlsx,10,4,2,year,السنة,آخر قيمة متوفرة للمؤشر والسنة
Statistical-Yearbook-2021-Chapter-I-Health-Indicators.xlsx,10,5,2,year,year,Most recent avialable Indicator value and Year
Statistical-Yearbook-2021-Chapter-I-Health-Indicators.xlsx,10,6,3,year,year,"العام
Year"
Statistical-Yearbook-2021-Chapter-I-Health-Indicators.xlsx,10,8,1,population,السكان,"3-3-1 عدد الإصـــــابات الجديدة بفيروس نقص المناعة البشـــــرية لكل 1,000 شــــخص غير مصـــاب من الســـكان بحســـب الجنس والعمر والفئات الرئيسية من السكان"
Statistical-Yearbook-2021-Chapter-I-Health-Indicators.xlsx,10,8,10,population,population,"3.3.1 Number of new HIV infections per 1,000 uninfected population, by sex, age and key populations"
Statistical-Yearbook-2021-Chapter-I-Health-Indicators.xlsx,10,9,10,population,population,"3.3.3 Malaria incidence per 1,000 population"
Statistical-Yearbook-2021-Chapter-I-Health-Indicators.xlsx,10,11,1,bed,أسرة,٣-٧-١ نسبة النساء اللاتي في سن الإنجاب (15-49 سنة) واللاتي لُبّيت حاجتُهن إلى تنظيم الأسرة بطرق حديثة(%)
Statistical-Yearbook-2021-Chapter-I-Health-Indicators.xlsx,10,11,10,year,year,3.7.1 Proportion of women of reproductive age (aged 15–49 years) who have their need for family planning satisfied with modern methods (%)
Statistical-Yearbook-2021-Chapter-I-Health-Indicators.xlsx,10,12,1,population,السكان,٣-٨-١ نسبة السكان المستهدفين المشمولين بالخدمات الصحية الأساسية (%)
Statistical-Yearbook-2021-Chapter-I-Health-Indicators.xlsx,10,13,1,population,السكان,"٣-٩-٣ معدل الوفيات المنسوب إلى التسمم غير المتعمد لكل 100,000 من السكان"
Statistical-Yearbook-2021-Chapter-I-Health-Indicators.xlsx,10,13,10,population,population,3.9.3 Mortality rate attributed to unintentional poisoning 100 000 population
Statistical-Yearbook-2021-Chapter-I-Health-Indicators.xlsx,10,14,10,year,year,3.a.1 Age-standardized prevalence of current tobacco use among persons aged 15 years and older
Statistical-Yearbook-2021-Chapter-I-Health-Indicators.xlsx,10,18,10,year,year,2.2.1 Prevalence of stunting (height for age <-2 standard deviation from the median of the World Health Organization (WHO) Child Growth Standards) among children under 5 years of age (%)
Statistical-Yearbook-2021-Chapter-I-Health-Indicators.xlsx,10,19,10,year,year,"2.2.2.a : Prevalence of malnutrition : Wasting  (weight for height :  <-2 standard deviation from the median of the WHO Child Growth Standards) among children under 5 years of age, (%)"
Statistical-Yearbook-2021-Chapter-I-Health-Indicators.xlsx,10,20,10,year,year,"2.2.2.b:  Prevalence of malnutrition : Overweight  (weight for height :  >+2 standard deviation from the median of the WHO Child Growth Standards) among children under 5 years of age,  (%)"
Statistical-Yearbook-2021-Chapter-I-Health-Indicators.xlsx,10,21,10,year,year,"Prevalence of malnutrition : Obesity  (weight for height :  >+3 standard deviation from the median of the WHO Child Growth Standards) among children under 5 years of age,  (%)"
Statistical-Yearbook-2021-Chapter-I-Health-Indicators.xlsx,11,1,1,year,عام,السكان حسب الجنسية والجنس والفئات العمرية لعام 2021م
Statistical-Yearbook-2021-Chapter-I-Health-Indicators.xlsx,11,1,1,population,السكان,السكان حسب الجنسية والجنس والفئات العمرية لعام 2021م
Statistical-Yearbook-2021-Chapter-I-Health-Indicators.xlsx,11,2,1,population,population,"Population by Nationality, Gender, and Age groups, 2021G"
Statistical-Yearbook-2021-Chapter-I-Health-Indicators.xlsx,11,4,8,total,total,جملة السكان     Total Population
Statistical-Yearbook-2021-Chapter-I-Health-Indicators.xlsx,11,4,8,population,population,جملة السكان     Total Population
Statistical-Yearbook-2021-Chapter-I-Health-Indicators.xlsx,11,5,4,total,total,جملة    Total
Statistical-Yearbook-2021-Chapter-I-Health-Indicators.xlsx,11,5,7,total,total,جملة    Total
Statistical-Yearbook-2021-Chapter-I-Health-Indicators.xlsx,11,5,10,total,total,جملة    Total
Statistical-Yearbook-2021-Chapter-I-Health-Indicators.xlsx,11,20,1,total,total,جملة               Total
Statistical-Yearbook-2021-Chapter-I-Health-Indicators.xlsx,11,21,1,year,عام,المصدر : الهيئة العامة للإحصاء
Statistical-Yearbook-2021-Chapter-I-Health-Indicators.xlsx,11,21,1,source,المصدر,المصدر : الهيئة العامة للإحصاء
Statistical-Yearbook-2021-Chapter-I-Health-Indicators.xlsx,11,21,5,source,source,Source:General Authority for Statistics
statistical-yearbook-2021-chapter-II-health-resources.xlsx,فهرس الباب الثاني,2,2,source,source,Chapter II : Health Resources
statistical-yearbook-2021-chapter-II-health-resources.xlsx,فهرس الباب الثاني,3,2,year,عام,الميزانية المخصصة لوزارة الصحة ( بمليارات الريالات) في الأعوام الخمسة الأخيرة بالنسبة للميزانية العامة للدولة
statistical-yearbook-2021-chapter-II-health-resources.xlsx,فهرس الباب الثاني,4,2,year,year,Budget Appropriations for  MOH in relation to Government Budget (by billion SR) in the last Five Years
statistical-yearbook-2021-chapter-II-health-resources.xlsx,فهرس الباب الثاني,5,2,population,السكان,المستشفيات والأسرة بالقطاعات الصحية بالمملكة حسب الجهة ومعدل الأسرة لكل عشرة آلاف من السكان في الأعوام الخمسة الأخيرة
statistical-yearbook-2021-chapter-II-health-resources.xlsx,فهرس الباب الثاني,5,2,hospital,المستشفيات,المستشفيات والأسرة بالقطاعات الصحية بالمملكة حسب الجهة ومعدل الأسرة لكل عشرة آلاف من السكان في الأعوام الخمسة الأخيرة
statistical-yearbook-2021-chapter-II-health-resources.xlsx,فهرس الباب الثاني,5,2,bed,أسرة,المستشفيات والأسرة بالقطاعات الصحية بالمملكة حسب الجهة ومعدل الأسرة لكل عشرة آلاف من السكان في الأعوام الخمسة الأخيرة
statistical-yearbook-2021-chapter-II-health-resources.xlsx,فهرس الباب الثاني,6,2,year,year,"Hospitals and Beds in All Health Sectors, KSA and Rate of Beds / 10,000 population, in the last Five Years"
statistical-yearbook-2021-chapter-II-health-resources.xlsx,فهرس الباب الثاني,6,2,population,population,"Hospitals and Beds in All Health Sectors, KSA and Rate of Beds / 10,000 population, in the last Five Years"
statistical-yearbook-2021-chapter-II-health-resources.xlsx,فهرس الباب الثاني,6,2,hospital,hospital,"Hospitals and Beds in All Health Sectors, KSA and Rate of Beds / 10,000 population, in the last Five Years"
statistical-yearbook-2021-chapter-II-health-resources.xlsx,فهرس الباب الثاني,6,2,bed,bed,"Hospitals and Beds in All Health Sectors, KSA and Rate of Beds / 10,000 population, in the last Five Years"
statistical-yearbook-2021-chapter-II-health-resources.xlsx,فهرس الباب الثاني,7,2,region,المنطقة,المستشفيات والأسرة بالقطاعات الصحية بالمملكة حسب المنطقة الصحية 2021م
statistical-yearbook-2021-chapter-II-health-resources.xlsx,فهرس الباب الثاني,7,2,hospital,المستشفيات,المستشفيات والأسرة بالقطاعات الصحية بالمملكة حسب المنطقة الصحية 2021م
statistical-yearbook-2021-chapter-II-health-resources.xlsx,فهرس الباب الثاني,7,2,bed,أسرة,المستشفيات والأسرة بالقطاعات الصحية بالمملكة حسب المنطقة الصحية 2021م
statistical-yearbook-2021-chapter-II-health-resources.xlsx,فهرس الباب الثاني,8,2,region,region,"Hospitals and Beds in KSA Health Sectors by Health Region, 2021G"
statistical-yearbook-2021-chapter-II-health-resources.xlsx,فهرس الباب الثاني,8,2,hospital,hospital,"Hospitals and Beds in KSA Health Sectors by Health Region, 2021G"
statistical-yearbook-2021-chapter-II-health-resources.xlsx,فهرس الباب الثاني,8,2,bed,bed,"Hospitals and Beds in KSA Health Sectors by Health Region, 2021G"
statistical-yearbook-2021-chapter-II-health-resources.xlsx,فهرس الباب الثاني,9,2,year,عام,القوى العاملة الصحية بالقطاعات الصحية بالمملكة في الأعوام الخمسة الأخيرة
statistical-yearbook-2021-chapter-II-health-resources.xlsx,فهرس الباب الثاني,10,2,year,year,Health Manpower in KSA Health Sectors in the Last Five Years
statistical-yearbook-2021-chapter-II-health-resources.xlsx,فهرس الباب الثاني,11,2,year,عام,الأطباء وأطباء الأسنان بالقطاعات الصحية بالمملكة حسب التخصص والتصنيف الوظيفي عام 2021م.
statistical-yearbook-2021-chapter-II-health-resources.xlsx,فهرس الباب الثاني,11,2,physician,أطباء,الأطباء وأطباء الأسنان بالقطاعات الصحية بالمملكة حسب التخصص والتصنيف الوظيفي عام 2021م.
statistical-yearbook-2021-chapter-II-health-resources.xlsx,فهرس الباب الثاني,12,2,physician,physician,"Physicians and Dentists in KSA Health Sectors by Speciality and Professional Categories, 2021G"
statistical-yearbook-2021-chapter-II-health-resources.xlsx,فهرس الباب الثاني,13,2,region,المنطقة,المرافق الصحية بوزارة الصحة حسب المنطقة الصحية عام 2021م
statistical-yearbook-2021-chapter-II-health-resources.xlsx,فهرس الباب الثاني,13,2,year,عام,المرافق الصحية بوزارة الصحة حسب المنطقة الصحية عام 2021م
statistical-yearbook-2021-chapter-II-health-resources.xlsx,فهرس الباب الثاني,14,2,region,region,"Health Utilities in MoH by Health Region, 2021G"
statistical-yearbook-2021-chapter-II-health-resources.xlsx,فهرس الباب الثاني,15,2,region,المنطقة,القوى العاملة الصحية بوزارة الصحة حسب المنطقة الصحية والفئة والجنس والجنسية عام 2021م
statistical-yearbook-2021-chapter-II-health-resources.xlsx,فهرس الباب الثاني,15,2,year,عام,القوى العاملة الصحية بوزارة الصحة حسب المنطقة الصحية والفئة والجنس والجنسية عام 2021م
statistical-yearbook-2021-chapter-II-health-resources.xlsx,فهرس الباب الثاني,16,2,region,region,"Health Manpower in MoH by Health Region,Category,Sex and Nationality, 2021G"
statistical-yearbook-2021-chapter-II-health-resources.xlsx,فهرس الباب الثاني,17,2,year,عام,القوى العاملة الصحية بوزارة الصحة حسب الجنسية في الأعوام الخمسة الأخيرة
statistical-yearbook-2021-chapter-II-health-resources.xlsx,فهرس الباب الثاني,18,2,year,year,Health Manpower in MOH by Nationality  in the Last Five Years
statistical-yearbook-2021-chapter-II-health-resources.xlsx,فهرس الباب الثاني,19,2,year,عام,الفئات الطبية المساعدة بوزارة الصحة حسب التخصص والجنسية والجنس عام 2021م
statistical-yearbook-2021-chapter-II-health-resources.xlsx,فهرس الباب الثاني,21,2,region,المنطقة,القابلات بمرافق وزارة الصحة حسب المنطقة الصحية عام 2021م
statistical-yearbook-2021-chapter-II-health-resources.xlsx,فهرس الباب الثاني,21,2,year,عام,القابلات بمرافق وزارة الصحة حسب المنطقة الصحية عام 2021م
statistical-yearbook-2021-chapter-II-health-resources.xlsx,فهرس الباب الثاني,22,2,region,region,"Midwives in MoH Facilities by Health Region, 2021G"
statistical-yearbook-2021-chapter-II-health-resources.xlsx,فهرس الباب الثاني,23,2,region,المنطقة,المستشفيات والأسرة بوزارة الصحة حسب المنطقة الصحية في الأعوام الخمسة الأخيرة
statistical-yearbook-2021-chapter-II-health-resources.xlsx,فهرس الباب الثاني,23,2,hospital,المستشفيات,المستشفيات والأسرة بوزارة الصحة حسب المنطقة الصحية في الأعوام الخمسة الأخيرة
statistical-yearbook-2021-chapter-II-health-resources.xlsx,فهرس الباب الثاني,23,2,bed,أسرة,المستشفيات والأسرة بوزارة الصحة حسب المنطقة الصحية في الأعوام الخمسة الأخيرة
statistical-yearbook-2021-chapter-II-health-resources.xlsx,فهرس الباب الثاني,24,2,region,region,"MOH Hospitals and Beds by Health Region, in the last Five Years"
statistical-yearbook-2021-chapter-II-health-resources.xlsx,فهرس الباب الثاني,24,2,year,year,"MOH Hospitals and Beds by Health Region, in the last Five Years"
statistical-yearbook-2021-chapter-II-health-resources.xlsx,فهرس الباب الثاني,24,2,hospital,hospital,"MOH Hospitals and Beds by Health Region, in the last Five Years"
statistical-yearbook-2021-chapter-II-health-resources.xlsx,فهرس الباب الثاني,24,2,bed,bed,"MOH Hospitals and Beds by Health Region, in the last Five Years"
statistical-yearbook-2021-chapter-II-health-resources.xlsx,فهرس الباب الثاني,25,2,region,المنطقة,مستشفيات وزارة الصحة وعدد الأسرة حسب المنطقة الصحية والتخصص لعام 2021م
statistical-yearbook-2021-chapter-II-health-resources.xlsx,فهرس الباب الثاني,25,2,year,عام,مستشفيات وزارة الصحة وعدد الأسرة حسب المنطقة الصحية والتخصص لعام 2021م
statistical-yearbook-2021-chapter-II-health-resources.xlsx,فهرس الباب الثاني,25,2,bed,أسرة,مستشفيات وزارة الصحة وعدد الأسرة حسب المنطقة الصحية والتخصص لعام 2021م
statistical-yearbook-2021-chapter-II-health-resources.xlsx,فهرس الباب الثاني,26,2,region,region,"MOH Hospitals and Beds by Health Region and Speciality, 2021G"
statistical-yearbook-2021-chapter-II-health-resources.xlsx,فهرس الباب الثاني,26,2,hospital,hospital,"MOH Hospitals and Beds by Health Region and Speciality, 2021G"
statistical-yearbook-2021-chapter-II-health-resources.xlsx,فهرس الباب الثاني,26,2,bed,bed,"MOH Hospitals and Beds by Health Region and Speciality, 2021G"
statistical-yearbook-2021-chapter-II-health-resources.xlsx,فهرس الباب الثاني,27,2,region,المنطقة,مستشفيات وزارة الصحة حسب السعة السريرية والمنطقة الصحية للعام 2021م
statistical-yearbook-2021-chapter-II-health-resources.xlsx,فهرس الباب الثاني,27,2,year,عام,مستشفيات وزارة الصحة حسب السعة السريرية والمنطقة الصحية للعام 2021م
statistical-yearbook-2021-chapter-II-health-resources.xlsx,فهرس الباب الثاني,27,2,bed,سرير,مستشفيات وزارة الصحة حسب السعة السريرية والمنطقة الصحية للعام 2021م
statistical-yearbook-2021-chapter-II-health-resources.xlsx,فهرس الباب الثاني,28,2,region,region,"MOH Hospitals  by Bed Capacity and Health Region, 2021G"
statistical-yearbook-2021-chapter-II-health-resources.xlsx,فهرس الباب الثاني,28,2,hospital,hospital,"MOH Hospitals  by Bed Capacity and Health Region, 2021G"
statistical-yearbook-2021-chapter-II-health-resources.xlsx,فهرس الباب الثاني,28,2,bed,bed,"MOH Hospitals  by Bed Capacity and Health Region, 2021G"
statistical-yearbook-2021-chapter-II-health-resources.xlsx,فهرس الباب الثاني,29,2,region,المنطقة,الأسرة بمستشفيات وزارة الصحة حسب المنطقة الصحية والتخصص لعام 2021م
statistical-yearbook-2021-chapter-II-health-resources.xlsx,فهرس الباب الثاني,29,2,year,عام,الأسرة بمستشفيات وزارة الصحة حسب المنطقة الصحية والتخصص لعام 2021م
statistical-yearbook-2021-chapter-II-health-resources.xlsx,فهرس الباب الثاني,29,2,bed,أسرة,الأسرة بمستشفيات وزارة الصحة حسب المنطقة الصحية والتخصص لعام 2021م
statistical-yearbook-2021-chapter-II-health-resources.xlsx,فهرس الباب الثاني,30,2,region,region,"Beds at MOH Hospitals By Health Region and Speciality, 2021G."
statistical-yearbook-2021-chapter-II-health-resources.xlsx,فهرس الباب الثاني,30,2,hospital,hospital,"Beds at MOH Hospitals By Health Region and Speciality, 2021G."
statistical-yearbook-2021-chapter-II-health-resources.xlsx,فهرس الباب الثاني,30,2,bed,bed,"Beds at MOH Hospitals By Health Region and Speciality, 2021G."
statistical-yearbook-2021-chapter-II-health-resources.xlsx,فهرس الباب الثاني,31,2,region,المنطقة,أسرة العناية المركزة بمستشفيات وزارة الصحة حسب المنطقة الصحية لعام 2021م
statistical-yearbook-2021-chapter-II-health-resources.xlsx,فهرس الباب الثاني,31,2,year,عام,أسرة العناية المركزة بمستشفيات وزارة الصحة حسب المنطقة الصحية لعام 2021م
statistical-yearbook-2021-chapter-II-health-resources.xlsx,فهرس الباب الثاني,31,2,bed,أسرة,أسرة العناية المركزة بمستشفيات وزارة الصحة حسب المنطقة الصحية لعام 2021م
statistical-yearbook-2021-chapter-II-health-resources.xlsx,فهرس الباب الثاني,32,2,region,region,"Intensive Care  Beds at MOH Hospitals By Health Region, 2021G"
statistical-yearbook-2021-chapter-II-health-resources.xlsx,فهرس الباب الثاني,32,2,hospital,hospital,"Intensive Care  Beds at MOH Hospitals By Health Region, 2021G"
statistical-yearbook-2021-chapter-II-health-resources.xlsx,فهرس الباب الثاني,32,2,bed,bed,"Intensive Care  Beds at MOH Hospitals By Health Region, 2021G"
statistical-yearbook-2021-chapter-II-health-resources.xlsx,فهرس الباب الثاني,33,2,region,المنطقة,أسرة العزل والطوارئ بمستشفيات وزارة الصحة حسب المنطقة الصحية لعام 2021
statistical-yearbook-2021-chapter-II-health-resources.xlsx,فهرس الباب الثاني,33,2,year,عام,أسرة العزل والطوارئ بمستشفيات وزارة الصحة حسب المنطقة الصحية لعام 2021
statistical-yearbook-2021-chapter-II-health-resources.xlsx,فهرس الباب الثاني,33,2,bed,أسرة,أسرة العزل والطوارئ بمستشفيات وزارة الصحة حسب المنطقة الصحية لعام 2021
statistical-yearbook-2021-chapter-II-health-resources.xlsx,فهرس الباب الثاني,34,2,region,region,"Isolation & ER Beds at MOH Hospitals By Health Region, 2021G"
statistical-yearbook-2021-chapter-II-health-resources.xlsx,فهرس الباب الثاني,34,2,hospital,hospital,"Isolation & ER Beds at MOH Hospitals By Health Region, 2021G"
statistical-yearbook-2021-chapter-II-health-resources.xlsx,فهرس الباب الثاني,34,2,bed,bed,"Isolation & ER Beds at MOH Hospitals By Health Region, 2021G"
statistical-yearbook-2021-chapter-II-health-resources.xlsx,فهرس الباب الثاني,35,2,year,عام,القوى العاملة الصحية بمستشفيات وزارة الصحة حسب الجنسية في الأعوام الخمسة الأخيرة
statistical-yearbook-2021-chapter-II-health-resources.xlsx,فهرس الباب الثاني,36,2,year,year,"Health Manpower in MOH Hospitals by Nationality, in the last Five Years"
statistical-yearbook-2021-chapter-II-health-resources.xlsx,فهرس الباب الثاني,36,2,hospital,hospital,"Health Manpower in MOH Hospitals by Nationality, in the last Five Years"
statistical-yearbook-2021-chapter-II-health-resources.xlsx,فهرس الباب الثاني,37,2,region,المنطقة,القوى العاملة الصحية بمستشفيات وزارة الصحة حسب المنطقة الصحية والفئة والجنس والجنسية عام 2021م
statistical-yearbook-2021-chapter-II-health-resources.xlsx,فهرس الباب الثاني,37,2,year,عام,القوى العاملة الصحية بمستشفيات وزارة الصحة حسب المنطقة الصحية والفئة والجنس والجنسية عام 2021م
statistical-yearbook-2021-chapter-II-health-resources.xlsx,فهرس الباب الثاني,38,2,region,region,"Health Manpower in MoH Hospitals by Health Region,Category,Sex and Nationality, 2021G"
statistical-yearbook-2021-chapter-II-health-resources.xlsx,فهرس الباب الثاني,38,2,hospital,hospital,"Health Manpower in MoH Hospitals by Health Region,Category,Sex and Nationality, 2021G"
statistical-yearbook-2021-chapter-II-health-resources.xlsx,فهرس الباب الثاني,39,2,region,المنطقة,الأطباء وأطباء الأسنان بمستشفيات وزارة الصحة حسب التخصص والتصنيف الوظيفي والمنطقة الصحية عام 2021م.
statistical-yearbook-2021-chapter-II-health-resources.xlsx,فهرس الباب الثاني,39,2,year,عام,الأطباء وأطباء الأسنان بمستشفيات وزارة الصحة حسب التخصص والتصنيف الوظيفي والمنطقة الصحية عام 2021م.
statistical-yearbook-2021-chapter-II-health-resources.xlsx,فهرس الباب الثاني,39,2,physician,أطباء,الأطباء وأطباء الأسنان بمستشفيات وزارة الصحة حسب التخصص والتصنيف الوظيفي والمنطقة الصحية عام 2021م.
statistical-yearbook-2021-chapter-II-health-resources.xlsx,فهرس الباب الثاني,40,2,region,region,"Physicians and Dentists, MOH Hospitals  by Speciality, Professional Categories and Health Region, 2021G."
statistical-yearbook-2021-chapter-II-health-resources.xlsx,فهرس الباب الثاني,40,2,hospital,hospital,"Physicians and Dentists, MOH Hospitals  by Speciality, Professional Categories and Health Region, 2021G."
statistical-yearbook-2021-chapter-II-health-resources.xlsx,فهرس الباب الثاني,40,2,physician,physician,"Physicians and Dentists, MOH Hospitals  by Speciality, Professional Categories and Health Region, 2021G."
statistical-yearbook-2021-chapter-II-health-resources.xlsx,2-1,1,1,year,عام,الميزانية المخصصة لوزارة الصحة ( بمليارات الريالات) في الأعوام الخمسة الأخيرة بالنسبة للميزانية العامة للدولة
statistical-yearbook-2021-chapter-II-health-resources.xlsx,2-1,2,1,year,year,Budget Appropriations for  MOH in relation to Government Budget (by billion SR) in the last Five Years
statistical-yearbook-2021-chapter-II-health-resources.xlsx,2-1,4,1,year,السنة,السنة الميلادية
statistical-yearbook-2021-chapter-II-health-resources.xlsx,2-1,6,1,year,year,G. Year
statistical-yearbook-2021-chapter-II-health-resources.xlsx,2-1,6,2,total,total,Total Governmental Budget
statistical-yearbook-2021-chapter-II-health-resources.xlsx,2-1,13,4,total,total,* As % of Total Government Budget
statistical-yearbook-2021-chapter-II-health-resources.xlsx,2-2,1,1,population,السكان,المستشفيات والأسرة بالقطاعات الصحية بالمملكة حسب الجهة ومعدل الأسرة لكل عشرة آلاف من السكان في الأعوام الخمسة الأخيرة
statistical-yearbook-2021-chapter-II-health-resources.xlsx,2-2,1,1,hospital,المستشفيات,المستشفيات والأسرة بالقطاعات الصحية بالمملكة حسب الجهة ومعدل الأسرة لكل عشرة آلاف من السكان في الأعوام الخمسة الأخيرة
statistical-yearbook-2021-chapter-II-health-resources.xlsx,2-2,1,1,bed,أسرة,المستشفيات والأسرة بالقطاعات الصحية بالمملكة حسب الجهة ومعدل الأسرة لكل عشرة آلاف من السكان في الأعوام الخمسة الأخيرة
statistical-yearbook-2021-chapter-II-health-resources.xlsx,2-2,2,1,year,year,"Hospitals and Beds in All Health Sectors, KSA and Rate of Beds / 10,000 population, in the last Five Years"
statistical-yearbook-2021-chapter-II-health-resources.xlsx,2-2,2,1,population,population,"Hospitals and Beds in All Health Sectors, KSA and Rate of Beds / 10,000 population, in the last Five Years"
statistical-yearbook-2021-chapter-II-health-resources.xlsx,2-2,2,1,hospital,hospital,"Hospitals and Beds in All Health Sectors, KSA and Rate of Beds / 10,000 population, in the last Five Years"
statistical-yearbook-2021-chapter-II-health-resources.xlsx,2-2,2,1,bed,bed,"Hospitals and Beds in All Health Sectors, KSA and Rate of Beds / 10,000 population, in the last Five Years"
statistical-yearbook-2021-chapter-II-health-resources.xlsx,2-2,4,2,year,عام,العام
statistical-yearbook-2021-chapter-II-health-resources.xlsx,2-2,4,21,year,year,Year
statistical-yearbook-2021-chapter-II-health-resources.xlsx,2-2,6,2,hospital,hospital,Hospitals
statistical-yearbook-2021-chapter-II-health-resources.xlsx,2-2,6,3,hospital,المستشفيات,المستشفيات
statistical-yearbook-2021-chapter-II-health-resources.xlsx,2-2,6,4,bed,bed,Beds
statistical-yearbook-2021-chapter-II-health-resources.xlsx,2-2,6,5,bed,أسرة,الأسرة
statistical-yearbook-2021-chapter-II-health-resources.xlsx,2-2,6,6,hospital,hospital,Hospitals
statistical-yearbook-2021-chapter-II-health-resources.xlsx,2-2,6,7,hospital,المستشفيات,المستشفيات
statistical-yearbook-2021-chapter-II-health-resources.xlsx,2-2,6,8,bed,bed,Beds
statistical-yearbook-2021-chapter-II-health-resources.xlsx,2-2,6,9,bed,أسرة,الأسرة
statistical-yearbook-2021-chapter-II-health-resources.xlsx,2-2,6,10,hospital,hospital,Hospitals
statistical-yearbook-2021-chapter-II-health-resources.xlsx,2-2,6,11,hospital,المستشفيات,المستشفيات
statistical-yearbook-2021-chapter-II-health-resources.xlsx,2-2,6,12,bed,bed,Beds
statistical-yearbook-2021-chapter-II-health-resources.xlsx,2-2,6,13,bed,أسرة,الأسرة
statistical-yearbook-2021-chapter-II-health-resources.xlsx,2-2,6,14,hospital,hospital,Hospitals
statistical-yearbook-2021-chapter-II-health-resources.xlsx,2-2,6,15,hospital,المستشفيات,المستشفيات
statistical-yearbook-2021-chapter-II-health-resources.xlsx,2-2,6,16,bed,bed,Beds
statistical-yearbook-2021-chapter-II-health-resources.xlsx,2-2,6,17,bed,أسرة,الأسرة
statistical-yearbook-2021-chapter-II-health-resources.xlsx,2-2,6,18,hospital,hospital,Hospitals
statistical-yearbook-2021-chapter-II-health-resources.xlsx,2-2,6,19,hospital,المستشفيات,المستشفيات
statistical-yearbook-2021-chapter-II-health-resources.xlsx,2-2,6,20,bed,bed,Beds
statistical-yearbook-2021-chapter-II-health-resources.xlsx,2-2,6,21,bed,أسرة,الأسرة
statistical-yearbook-2021-chapter-II-health-resources.xlsx,2-2,10,1,total,المجموع,المجموع
statistical-yearbook-2021-chapter-II-health-resources.xlsx,2-2,10,22,total,total,Total
statistical-yearbook-2021-chapter-II-health-resources.xlsx,2-2,11,1,bed,أسرة,معدل الأسرة لكل عشرة آلاف نسمة
statistical-yearbook-2021-chapter-II-health-resources.xlsx,2-2,11,22,population,population,"Rate of beds /10,000 population"
statistical-yearbook-2021-chapter-II-health-resources.xlsx,2-2,11,22,bed,bed,"Rate of beds /10,000 population"
statistical-yearbook-2021-chapter-II-health-resources.xlsx,2-3,1,1,region,المنطقة,المستشفيات والأسرة بالقطاعات الصحية بالمملكة حسب المنطقة الصحية 2021م
statistical-yearbook-2021-chapter-II-health-resources.xlsx,2-3,1,1,hospital,المستشفيات,المستشفيات والأسرة بالقطاعات الصحية بالمملكة حسب المنطقة الصحية 2021م
statistical-yearbook-2021-chapter-II-health-resources.xlsx,2-3,1,1,bed,أسرة,المستشفيات والأسرة بالقطاعات الصحية بالمملكة حسب المنطقة الصحية 2021م
statistical-yearbook-2021-chapter-II-health-resources.xlsx,2-3,2,1,region,region,"Hospitals and Beds in KSA Health Sectors by Health Region, 2021G"
statistical-yearbook-2021-chapter-II-health-resources.xlsx,2-3,2,1,hospital,hospital,"Hospitals and Beds in KSA Health Sectors by Health Region, 2021G"
statistical-yearbook-2021-chapter-II-health-resources.xlsx,2-3,2,1,bed,bed,"Hospitals and Beds in KSA Health Sectors by Health Region, 2021G"
statistical-yearbook-2021-chapter-II-health-resources.xlsx,2-3,4,1,region,المنطقة,المنطقة الصحية
statistical-yearbook-2021-chapter-II-health-resources.xlsx,2-3,4,8,total,الإجمالي,الإجمالي
statistical-yearbook-2021-chapter-II-health-resources.xlsx,2-3,4,10,region,region,Health Region
statistical-yearbook-2021-chapter-II-health-resources.xlsx,2-3,5,8,total,total,Total
statistical-yearbook-2021-chapter-II-health-resources.xlsx,2-3,6,2,hospital,المستشفيات,عدد المستشفيات
statistical-yearbook-2021-chapter-II-health-resources.xlsx,2-3,6,3,bed,أسرة,عدد الأسرة
statistical-yearbook-2021-chapter-II-health-resources.xlsx,2-3,6,4,hospital,المستشفيات,عدد المستشفيات
statistical-yearbook-2021-chapter-II-health-resources.xlsx,2-3,6,5,bed,أسرة,عدد الأسرة
statistical-yearbook-2021-chapter-II-health-resources.xlsx,2-3,6,6,hospital,المستشفيات,عدد المستشفيات
statistical-yearbook-2021-chapter-II-health-resources.xlsx,2-3,6,7,bed,أسرة,عدد الأسرة
statistical-yearbook-2021-chapter-II-health-resources.xlsx,2-3,6,8,hospital,المستشفيات,عدد المستشفيات
statistical-yearbook-2021-chapter-II-health-resources.xlsx,2-3,6,9,bed,أسرة,عدد الأسرة
statistical-yearbook-2021-chapter-II-health-resources.xlsx,2-3,7,2,hospital,hospital,Hospitals
statistical-yearbook-2021-chapter-II-health-resources.xlsx,2-3,7,3,bed,bed,Beds
statistical-yearbook-2021-chapter-II-health-resources.xlsx,2-3,7,4,hospital,hospital,Hospitals
statistical-yearbook-2021-chapter-II-health-resources.xlsx,2-3,7,5,bed,bed,Beds
statistical-yearbook-2021-chapter-II-health-resources.xlsx,2-3,7,6,hospital,hospital,Hospitals
statistical-yearbook-2021-chapter-II-health-resources.xlsx,2-3,7,7,bed,bed,Beds
statistical-yearbook-2021-chapter-II-health-resources.xlsx,2-3,7,8,hospital,hospital,Hospitals
statistical-yearbook-2021-chapter-II-health-resources.xlsx,2-3,7,9,bed,bed,Beds
statistical-yearbook-2021-chapter-II-health-resources.xlsx,2-3,28,1,total,الإجمالي,الإجمالي
statistical-yearbook-2021-chapter-II-health-resources.xlsx,2-3,28,10,total,total,Total
statistical-yearbook-2021-chapter-II-health-resources.xlsx,2-4,1,1,year,عام,القوى العاملة الصحية بالقطاعات الصحية بالمملكة في الأعوام الخمسة الأخيرة
statistical-yearbook-2021-chapter-II-health-resources.xlsx,2-4,2,1,year,year,Health Manpower in KSA Health Sectors in the Last Five Years
statistical-yearbook-2021-chapter-II-health-resources.xlsx,2-4,6,2,physician,أطباء,أطباء بشريون
statistical-yearbook-2021-chapter-II-health-resources.xlsx,2-4,6,13,physician,physician,Physicians
statistical-yearbook-2021-chapter-II-health-resources.xlsx,2-4,7,2,physician,أطباء,أطباء أسنان
statistical-yearbook-2021-chapter-II-health-resources.xlsx,2-4,8,2,physician,أطباء,إجمالي الأطباء
statistical-yearbook-2021-chapter-II-health-resources.xlsx,2-4,8,13,physician,physician,Physicians & Dentists
statistical-yearbook-2021-chapter-II-health-resources.xlsx,2-4,9,2,nurse,تمريض,طاقم التمريض
statistical-yearbook-2021-chapter-II-health-resources.xlsx,2-4,9,13,nurse,nurse,Nurses
statistical-yearbook-2021-chapter-II-health-resources.xlsx,2-4,11,2,nurse,تمريض,إجمالي طاقم التمريض والقابلات
statistical-yearbook-2021-chapter-II-health-resources.xlsx,2-4,11,13,total,total,Total Nurses and Midwives
statistical-yearbook-2021-chapter-II-health-resources.xlsx,2-4,11,13,nurse,nurse,Total Nurses and Midwives
statistical-yearbook-2021-chapter-II-health-resources.xlsx,2-4,14,2,physician,أطباء,أطباء بشريون
statistical-yearbook-2021-chapter-II-health-resources.xlsx,2-4,14,13,physician,physician,Physicians
statistical-yearbook-2021-chapter-II-health-resources.xlsx,2-4,15,2,physician,أطباء,أطباء أسنان
statistical-yearbook-2021-chapter-II-health-resources.xlsx,2-4,16,2,physician,أطباء,إجمالي الأطباء
statistical-yearbook-2021-chapter-II-health-resources.xlsx,2-4,16,13,physician,physician,Physicians & Dentists
statistical-yearbook-2021-chapter-II-health-resources.xlsx,2-4,17,2,nurse,تمريض,طاقم التمريض
statistical-yearbook-2021-chapter-II-health-resources.xlsx,2-4,17,13,nurse,nurse,Nurses
statistical-yearbook-2021-chapter-II-health-resources.xlsx,2-4,19,2,nurse,تمريض,إجمالي طاقم التمريض والقابلات
statistical-yearbook-2021-chapter-II-health-resources.xlsx,2-4,19,13,total,total,Total Nurses and Midwives
statistical-yearbook-2021-chapter-II-health-resources.xlsx,2-4,19,13,nurse,nurse,Total Nurses and Midwives
statistical-yearbook-2021-chapter-II-health-resources.xlsx,2-4,22,2,physician,أطباء,أطباء بشريون
statistical-yearbook-2021-chapter-II-health-resources.xlsx,2-4,22,13,physician,physician,Physicians
statistical-yearbook-2021-chapter-II-health-resources.xlsx,2-4,23,2,physician,أطباء,أطباء أسنان
statistical-yearbook-2021-chapter-II-health-resources.xlsx,2-4,24,2,physician,أطباء,إجمالي الأطباء
statistical-yearbook-2021-chapter-II-health-resources.xlsx,2-4,24,13,physician,physician,Physicians & Dentists
statistical-yearbook-2021-chapter-II-health-resources.xlsx,2-4,25,2,nurse,تمريض,طاقم التمريض
statistical-yearbook-2021-chapter-II-health-resources.xlsx,2-4,25,13,nurse,nurse,Nurses
statistical-yearbook-2021-chapter-II-health-resources.xlsx,2-4,27,2,nurse,تمريض,إجمالي طاقم التمريض والقابلات
statistical-yearbook-2021-chapter-II-health-resources.xlsx,2-4,27,13,total,total,Total Nurses and Midwives
statistical-yearbook-2021-chapter-II-health-resources.xlsx,2-4,27,13,nurse,nurse,Total Nurses and Midwives
statistical-yearbook-2021-chapter-II-health-resources.xlsx,2-4,30,1,total,المجموع,المجموع
statistical-yearbook-2021-chapter-II-health-resources.xlsx,2-4,30,2,physician,أطباء,أطباء بشريون
statistical-yearbook-2021-chapter-II-health-resources.xlsx,2-4,30,13,physician,physician,Physicians
statistical-yearbook-2021-chapter-II-health-resources.xlsx,2-4,30,14,total,total,Total
statistical-yearbook-2021-chapter-II-health-resources.xlsx,2-4,31,2,physician,أطباء,أطباء أسنان
statistical-yearbook-2021-chapter-II-health-resources.xlsx,2-4,32,2,physician,أطباء,إجمالي الأطباء
statistical-yearbook-2021-chapter-II-health-resources.xlsx,2-4,32,13,physician,physician,Physicians & Dentists
statistical-yearbook-2021-chapter-II-health-resources.xlsx,2-4,33,2,nurse,تمريض,طاقم التمريض
statistical-yearbook-2021-chapter-II-health-resources.xlsx,2-4,33,13,nurse,nurse,Nurses
statistical-yearbook-2021-chapter-II-health-resources.xlsx,2-4,35,2,nurse,تمريض,إجمالي طاقم التمريض والقابلات
statistical-yearbook-2021-chapter-II-health-resources.xlsx,2-4,35,13,total,total,Total Nurses and Midwives
statistical-yearbook-2021-chapter-II-health-resources.xlsx,2-4,35,13,nurse,nurse,Total Nurses and Midwives
statistical-yearbook-2021-chapter-II-health-resources.xlsx,2-5,1,1,year,عام,الأطباء وأطباء الأسنان بالقطاعات الصحية بالمملكة حسب التخصص والتصنيف الوظيفي عام 2021م.
statistical-yearbook-2021-chapter-II-health-resources.xlsx,2-5,1,1,physician,أطباء,الأطباء وأطباء الأسنان بالقطاعات الصحية بالمملكة حسب التخصص والتصنيف الوظيفي عام 2021م.
statistical-yearbook-2021-chapter-II-health-resources.xlsx,2-5,2,1,physician,physician,"Physicians and Dentists in KSA Health Sectors by Speciality and Professional Categories, 2021G"
statistical-yearbook-2021-chapter-II-health-resources.xlsx,2-5,5,14,total,total,Total KSA
statistical-yearbook-2021-chapter-II-health-resources.xlsx,2-5,6,5,total,المجموع,المجموع
statistical-yearbook-2021-chapter-II-health-resources.xlsx,2-5,6,9,total,المجموع,المجموع
statistical-yearbook-2021-chapter-II-health-resources.xlsx,2-5,6,13,total,المجموع,المجموع
statistical-yearbook-2021-chapter-II-health-resources.xlsx,2-5,6,17,total,المجموع,المجموع
statistical-yearbook-2021-chapter-II-health-resources.xlsx,2-5,7,5,total,total,Total
statistical-yearbook-2021-chapter-II-health-resources.xlsx,2-5,7,9,total,total,Total
statistical-yearbook-2021-chapter-II-health-resources.xlsx,2-5,7,13,total,total,Total
statistical-yearbook-2021-chapter-II-health-resources.xlsx,2-5,7,17,total,total,Total
statistical-yearbook-2021-chapter-II-health-resources.xlsx,2-5,8,1,year,عام,عام
statistical-yearbook-2021-chapter-II-health-resources.xlsx,2-5,11,1,year,عام,جراحة عامة
statistical-yearbook-2021-chapter-II-health-resources.xlsx,2-5,24,1,year,عام,صحة عامة (طب مجتمع) وصحة مهنية
statistical-yearbook-2021-chapter-II-health-resources.xlsx,2-5,33,1,bed,أسرة,طب أسرة
statistical-yearbook-2021-chapter-II-health-resources.xlsx,2-6,1,1,region,المنطقة,المرافق الصحية بوزارة الصحة حسب المنطقة الصحية عام 2021م
statistical-yearbook-2021-chapter-II-health-resources.xlsx,2-6,1,1,year,عام,المرافق الصحية بوزارة الصحة حسب المنطقة الصحية عام 2021م
statistical-yearbook-2021-chapter-II-health-resources.xlsx,2-6,2,1,region,region,"Health Utilities in MoH by Health Region, 2021G"
statistical-yearbook-2021-chapter-II-health-resources.xlsx,2-6,4,1,region,المنطقة,المنطقة الصحية
statistical-yearbook-2021-chapter-II-health-resources.xlsx,2-6,4,3,hospital,مستشفى,مستشفى
statistical-yearbook-2021-chapter-II-health-resources.xlsx,2-6,4,14,region,region,Health Region
statistical-yearbook-2021-chapter-II-health-resources.xlsx,2-6,5,3,hospital,hospital,Hospital
statistical-yearbook-2021-chapter-II-health-resources.xlsx,2-6,5,10,region,region,Central/ Regional Laboratory
statistical-yearbook-2021-chapter-II-health-resources.xlsx,2-6,26,14,total,total,Total
statistical-yearbook-2021-chapter-II-health-resources.xlsx,2-7,1,1,region,المنطقة,القوى العاملة الصحية بوزارة الصحة حسب المنطقة الصحية والفئة والجنس والجنسية عام 2021م
statistical-yearbook-2021-chapter-II-health-resources.xlsx,2-7,1,1,year,عام,القوى العاملة الصحية بوزارة الصحة حسب المنطقة الصحية والفئة والجنس والجنسية عام 2021م
statistical-yearbook-2021-chapter-II-health-resources.xlsx,2-7,2,1,region,region,"Health Manpower in MoH by Health Region,Category,Sex and Nationality, 2021G"
statistical-yearbook-2021-chapter-II-health-resources.xlsx,2-7,6,5,total,المجموع,المجموع
statistical-yearbook-2021-chapter-II-health-resources.xlsx,2-7,6,8,total,المجموع,المجموع
statistical-yearbook-2021-chapter-II-health-resources.xlsx,2-7,6,11,total,المجموع,المجموع
statistical-yearbook-2021-chapter-II-health-resources.xlsx,2-7,6,14,total,المجموع,المجموع
statistical-yearbook-2021-chapter-II-health-resources.xlsx,2-7,7,5,total,total,Total
statistical-yearbook-2021-chapter-II-health-resources.xlsx,2-7,7,8,total,total,Total
statistical-yearbook-2021-chapter-II-health-resources.xlsx,2-7,7,11,total,total,Total
statistical-yearbook-2021-chapter-II-health-resources.xlsx,2-7,7,14,total,total,Total
statistical-yearbook-2021-chapter-II-health-resources.xlsx,2-7,8,1,physician,أطباء,أطباء بشريون
statistical-yearbook-2021-chapter-II-health-resources.xlsx,2-7,8,16,physician,physician,Physicians
statistical-yearbook-2021-chapter-II-health-resources.xlsx,2-7,10,2,total,المجموع,المجموع
statistical-yearbook-2021-chapter-II-health-resources.xlsx,2-7,10,15,total,total,Total
statistical-yearbook-2021-chapter-II-health-resources.xlsx,2-7,11,1,physician,أطباء,أطباء أسنان
statistical-yearbook-2021-chapter-II-health-resources.xlsx,2-7,13,2,total,المجموع,المجموع
statistical-yearbook-2021-chapter-II-health-resources.xlsx,2-7,13,15,total,total,Total
statistical-yearbook-2021-chapter-II-health-resources.xlsx,2-7,14,1,physician,أطباء,إجمالي الأطباء
statistical-yearbook-2021-chapter-II-health-resources.xlsx,2-7,14,16,total,total,Total Physicians and Dentists
statistical-yearbook-2021-chapter-II-health-resources.xlsx,2-7,14,16,physician,physician,Total Physicians and Dentists
statistical-yearbook-2021-chapter-II-health-resources.xlsx,2-7,16,2,total,المجموع,المجموع
statistical-yearbook-2021-chapter-II-health-resources.xlsx,2-7,16,15,total,total,Total
statistical-yearbook-2021-chapter-II-health-resources.xlsx,2-7,17,1,nurse,تمريض,طاقم التمريض
statistical-yearbook-2021-chapter-II-health-resources.xlsx,2-7,17,16,nurse,nurse,Nurses
statistical-yearbook-2021-chapter-II-health-resources.xlsx,2-7,19,2,total,المجموع,المجموع
statistical-yearbook-2021-chapter-II-health-resources.xlsx,2-7,19,15,total,total,Total
statistical-yearbook-2021-chapter-II-health-resources.xlsx,2-7,22,2,total,المجموع,المجموع
statistical-yearbook-2021-chapter-II-health-resources.xlsx,2-7,22,15,total,total,Total
statistical-yearbook-2021-chapter-II-health-resources.xlsx,2-7,23,1,nurse,تمريض,إجمالي طاقم التمريض والقابلات
statistical-yearbook-2021-chapter-II-health-resources.xlsx,2-7,23,16,total,total,Total Nurses and Midwives
statistical-yearbook-2021-chapter-II-health-resources.xlsx,2-7,23,16,nurse,nurse,Total Nurses and Midwives
statistical-yearbook-2021-chapter-II-health-resources.xlsx,2-7,25,2,total,المجموع,المجموع
statistical-yearbook-2021-chapter-II-health-resources.xlsx,2-7,25,15,total,total,Total
statistical-yearbook-2021-chapter-II-health-resources.xlsx,2-7,28,2,total,المجموع,المجموع
statistical-yearbook-2021-chapter-II-health-resources.xlsx,2-7,28,15,total,total,Total
statistical-yearbook-2021-chapter-II-health-resources.xlsx,2-7,31,2,total,المجموع,المجموع
statistical-yearbook-2021-chapter-II-health-resources.xlsx,2-7,31,15,total,total,Total
statistical-yearbook-2021-chapter-II-health-resources.xlsx,2-7,35,5,total,المجموع,المجموع
statistical-yearbook-2021-chapter-II-health-resources.xlsx,2-7,35,8,total,المجموع,المجموع
statistical-yearbook-2021-chapter-II-health-resources.xlsx,2-7,35,11,total,المجموع,المجموع
statistical-yearbook-2021-chapter-II-health-resources.xlsx,2-7,35,14,total,المجموع,المجموع
statistical-yearbook-2021-chapter-II-health-resources.xlsx,2-7,36,5,total,total,Total
statistical-yearbook-2021-chapter-II-health-resources.xlsx,2-7,36,8,total,total,Total
statistical-yearbook-2021-chapter-II-health-resources.xlsx,2-7,36,11,total,total,Total
statistical-yearbook-2021-chapter-II-health-resources.xlsx,2-7,36,14,total,total,Total
statistical-yearbook-2021-chapter-II-health-resources.xlsx,2-7,37,1,physician,أطباء,أطباء بشريون
statistical-yearbook-2021-chapter-II-health-resources.xlsx,2-7,37,16,physician,physician,Physicians
statistical-yearbook-2021-chapter-II-health-resources.xlsx,2-7,39,2,total,المجموع,المجموع
statistical-yearbook-2021-chapter-II-health-resources.xlsx,2-7,39,15,total,total,Total
statistical-yearbook-2021-chapter-II-health-resources.xlsx,2-7,40,1,physician,أطباء,أطباء أسنان
statistical-yearbook-2021-chapter-II-health-resources.xlsx,2-8 ,1,1,year,عام,القوى العاملة الصحية بوزارة الصحة حسب الجنسية في الأعوام الخمسة الأخيرة
statistical-yearbook-2021-chapter-II-health-resources.xlsx,2-8 ,2,1,year,year,Health Manpower in MOH by Nationality  in the Last Five Years
statistical-yearbook-2021-chapter-II-health-resources.xlsx,2-8 ,4,3,year,عام,العام
statistical-yearbook-2021-chapter-II-health-resources.xlsx,2-8 ,4,5,year,year,Year
statistical-yearbook-2021-chapter-II-health-resources.xlsx,2-8 ,6,1,physician,أطباء,أطباء بشريون
statistical-yearbook-2021-chapter-II-health-resources.xlsx,2-8 ,6,9,physician,physician,Physicians
statistical-yearbook-2021-chapter-II-health-resources.xlsx,2-8 ,8,2,total,المجموع,المجموع
statistical-yearbook-2021-chapter-II-health-resources.xlsx,2-8 ,8,8,total,total,Total
statistical-yearbook-2021-chapter-II-health-resources.xlsx,2-8 ,9,1,physician,أطباء,أطباء أسنان
statistical-yearbook-2021-chapter-II-health-resources.xlsx,2-8 ,11,2,total,المجموع,المجموع
statistical-yearbook-2021-chapter-II-health-resources.xlsx,2-8 ,11,8,total,total,Total
statistical-yearbook-2021-chapter-II-health-resources.xlsx,2-8 ,12,1,physician,أطباء,إجمالي الأطباء
statistical-yearbook-2021-chapter-II-health-resources.xlsx,2-8 ,12,9,total,total,Total Physicians and Dentists
statistical-yearbook-2021-chapter-II-health-resources.xlsx,2-8 ,12,9,physician,physician,Total Physicians and Dentists
statistical-yearbook-2021-chapter-II-health-resources.xlsx,2-8 ,14,2,total,المجموع,المجموع
statistical-yearbook-2021-chapter-II-health-resources.xlsx,2-8 ,14,8,total,total,Total
statistical-yearbook-2021-chapter-II-health-resources.xlsx,2-8 ,15,1,nurse,تمريض,طاقم التمريض
statistical-yearbook-2021-chapter-II-health-resources.xlsx,2-8 ,15,9,nurse,nurse,Nurses
statistical-yearbook-2021-chapter-II-health-resources.xlsx,2-8 ,17,2,total,المجموع,المجموع
statistical-yearbook-2021-chapter-II-health-resources.xlsx,2-8 ,17,8,total,total,Total
statistical-yearbook-2021-chapter-II-health-resources.xlsx,2-8 ,20,2,total,المجموع,المجموع
statistical-yearbook-2021-chapter-II-health-resources.xlsx,2-8 ,20,8,total,total,Total
statistical-yearbook-2021-chapter-II-health-resources.xlsx,2-8 ,21,1,nurse,تمريض,إجمالي طاقم التمريض والقابلات
statistical-yearbook-2021-chapter-II-health-resources.xlsx,2-8 ,21,9,total,total,Total Nurses and Midwives
statistical-yearbook-2021-chapter-II-health-resources.xlsx,2-8 ,21,9,nurse,nurse,Total Nurses and Midwives
statistical-yearbook-2021-chapter-II-health-resources.xlsx,2-8 ,23,2,total,المجموع,المجموع
statistical-yearbook-2021-chapter-II-health-resources.xlsx,2-8 ,23,8,total,total,Total
statistical-yearbook-2021-chapter-II-health-resources.xlsx,2-8 ,26,2,total,المجموع,المجموع
statistical-yearbook-2021-chapter-II-health-resources.xlsx,2-8 ,26,8,total,total,Total
statistical-yearbook-2021-chapter-II-health-resources.xlsx,2-8 ,29,2,total,المجموع,المجموع
statistical-yearbook-2021-chapter-II-health-resources.xlsx,2-8 ,29,8,total,total,Total
statistical-yearbook-2021-chapter-II-health-resources.xlsx,2-9,1,1,year,عام,الفئات الطبية المساعدة بوزارة الصحة حسب التخصص والجنسية والجنس عام 2021م
statistical-yearbook-2021-chapter-II-health-resources.xlsx,2-9,4,8,total,المجموع,المجموع
statistical-yearbook-2021-chapter-II-health-resources.xlsx,2-9,5,8,total,total,Total
statistical-yearbook-2021-chapter-II-health-resources.xlsx,2-9,9,1,year,عام,صحة عامة
statistical-yearbook-2021-chapter-II-health-resources.xlsx,2-9,14,9,activity,operations,Surgical Operations
statistical-yearbook-2021-chapter-II-health-resources.xlsx,2-9,28,1,total,المجموع,المجموع
statistical-yearbook-2021-chapter-II-health-resources.xlsx,2-9,28,9,total,total,Total
statistical-yearbook-2021-chapter-II-health-resources.xlsx,2-10,1,1,region,المنطقة,القابلات بمرافق وزارة الصحة حسب المنطقة الصحية عام 2021م
statistical-yearbook-2021-chapter-II-health-resources.xlsx,2-10,1,1,year,عام,القابلات بمرافق وزارة الصحة حسب المنطقة الصحية عام 2021م
statistical-yearbook-2021-chapter-II-health-resources.xlsx,2-10,2,1,region,region,"Midwives in MoH Facilities by Health Region, 2021G"
statistical-yearbook-2021-chapter-II-health-resources.xlsx,2-10,4,1,region,المنطقة,المنطقة الصحية
statistical-yearbook-2021-chapter-II-health-resources.xlsx,2-10,4,2,hospital,المستشفيات,المستشفيات
statistical-yearbook-2021-chapter-II-health-resources.xlsx,2-10,4,11,total,الإجمالي,الإجمالي
statistical-yearbook-2021-chapter-II-health-resources.xlsx,2-10,4,14,region,region,Health Region
statistical-yearbook-2021-chapter-II-health-resources.xlsx,2-10,5,2,hospital,hospital,Hospitals
statistical-yearbook-2021-chapter-II-health-resources.xlsx,2-10,5,11,total,total,Total
statistical-yearbook-2021-chapter-II-health-resources.xlsx,2-10,6,4,total,المجموع,المجموع
statistical-yearbook-2021-chapter-II-health-resources.xlsx,2-10,6,7,total,المجموع,المجموع
statistical-yearbook-2021-chapter-II-health-resources.xlsx,2-10,6,10,total,المجموع,المجموع
statistical-yearbook-2021-chapter-II-health-resources.xlsx,2-10,6,13,total,المجموع,المجموع
statistical-yearbook-2021-chapter-II-health-resources.xlsx,2-10,7,4,total,total,Total
statistical-yearbook-2021-chapter-II-health-resources.xlsx,2-10,7,7,total,total,Total
statistical-yearbook-2021-chapter-II-health-resources.xlsx,2-10,7,10,total,total,Total
statistical-yearbook-2021-chapter-II-health-resources.xlsx,2-10,7,13,total,total,Total
statistical-yearbook-2021-chapter-II-health-resources.xlsx,2-10,29,1,total,الإجمالي,الإجمالي
statistical-yearbook-2021-chapter-II-health-resources.xlsx,2-10,29,14,total,total,Total
statistical-yearbook-2021-chapter-II-health-resources.xlsx,2-10,31,1,year,عام,المصدر : الإدارة العامة لشؤون التمريض بوزارة الصحة - إدارة القابلات
statistical-yearbook-2021-chapter-II-health-resources.xlsx,2-10,31,1,source,المصدر,المصدر : الإدارة العامة لشؤون التمريض بوزارة الصحة - إدارة القابلات
statistical-yearbook-2021-chapter-II-health-resources.xlsx,2-10,31,1,nurse,تمريض,المصدر : الإدارة العامة لشؤون التمريض بوزارة الصحة - إدارة القابلات
statistical-yearbook-2021-chapter-II-health-resources.xlsx,2-10,31,7,source,source,Source: General Directorate of Nursing Affairs - Midwifery Directortate - MoH
statistical-yearbook-2021-chapter-II-health-resources.xlsx,2-11,1,1,region,المنطقة,المستشفيات والأسرة بوزارة الصحة حسب المنطقة الصحية في الأعوام الخمسة الأخيرة
statistical-yearbook-2021-chapter-II-health-resources.xlsx,2-11,1,1,hospital,المستشفيات,المستشفيات والأسرة بوزارة الصحة حسب المنطقة الصحية في الأعوام الخمسة الأخيرة
statistical-yearbook-2021-chapter-II-health-resources.xlsx,2-11,1,1,bed,أسرة,المستشفيات والأسرة بوزارة الصحة حسب المنطقة الصحية في الأعوام الخمسة الأخيرة
statistical-yearbook-2021-chapter-II-health-resources.xlsx,2-11,2,1,region,region,"MOH Hospitals and Beds by Health Region, in the last Five Years"
statistical-yearbook-2021-chapter-II-health-resources.xlsx,2-11,2,1,year,year,"MOH Hospitals and Beds by Health Region, in the last Five Years"
statistical-yearbook-2021-chapter-II-health-resources.xlsx,2-11,2,1,hospital,hospital,"MOH Hospitals and Beds by Health Region, in the last Five Years"
statistical-yearbook-2021-chapter-II-health-resources.xlsx,2-11,2,1,bed,bed,"MOH Hospitals and Beds by Health Region, in the last Five Years"
statistical-yearbook-2021-chapter-II-health-resources.xlsx,2-11,5,1,region,المنطقة,المنطقة الصحية
statistical-yearbook-2021-chapter-II-health-resources.xlsx,2-11,5,3,bed,أسرة,أسرة
statistical-yearbook-2021-chapter-II-health-resources.xlsx,2-11,5,5,bed,أسرة,أسرة
statistical-yearbook-2021-chapter-II-health-resources.xlsx,2-11,5,7,bed,أسرة,أسرة
statistical-yearbook-2021-chapter-II-health-resources.xlsx,2-11,5,9,bed,أسرة,أسرة
statistical-yearbook-2021-chapter-II-health-resources.xlsx,2-11,5,11,bed,أسرة,أسرة
statistical-yearbook-2021-chapter-II-health-resources.xlsx,2-11,5,12,region,region,Health Region
statistical-yearbook-2021-chapter-II-health-resources.xlsx,2-11,6,2,hospital,hospital,Hospitals
statistical-yearbook-2021-chapter-II-health-resources.xlsx,2-11,6,3,bed,bed,Beds
statistical-yearbook-2021-chapter-II-health-resources.xlsx,2-11,6,4,hospital,hospital,Hospitals
statistical-yearbook-2021-chapter-II-health-resources.xlsx,2-11,6,5,bed,bed,Beds
statistical-yearbook-2021-chapter-II-health-resources.xlsx,2-11,6,6,hospital,hospital,Hospitals
statistical-yearbook-2021-chapter-II-health-resources.xlsx,2-11,6,7,bed,bed,Beds
statistical-yearbook-2021-chapter-II-health-resources.xlsx,2-11,6,8,hospital,hospital,Hospitals
statistical-yearbook-2021-chapter-II-health-resources.xlsx,2-11,6,9,bed,bed,Beds
statistical-yearbook-2021-chapter-II-health-resources.xlsx,2-11,6,10,hospital,hospital,Hospitals
statistical-yearbook-2021-chapter-II-health-resources.xlsx,2-11,6,11,bed,bed,Beds
statistical-yearbook-2021-chapter-II-health-resources.xlsx,2-11,27,1,total,المجموع,المجموع
statistical-yearbook-2021-chapter-II-health-resources.xlsx,2-11,27,12,total,total,Total
statistical-yearbook-2021-chapter-II-health-resources.xlsx,2-12,1,1,region,المنطقة,مستشفيات وزارة الصحة وعدد الأسرة حسب المنطقة الصحية والتخصص لعام 2021م
statistical-yearbook-2021-chapter-II-health-resources.xlsx,2-12,1,1,year,عام,مستشفيات وزارة الصحة وعدد الأسرة حسب المنطقة الصحية والتخصص لعام 2021م
statistical-yearbook-2021-chapter-II-health-resources.xlsx,2-12,1,1,bed,أسرة,مستشفيات وزارة الصحة وعدد الأسرة حسب المنطقة الصحية والتخصص لعام 2021م
statistical-yearbook-2021-chapter-II-health-resources.xlsx,2-12,2,1,region,region,"MOH Hospitals and Beds by Health Region and Speciality, 2021G"
statistical-yearbook-2021-chapter-II-health-resources.xlsx,2-12,2,1,hospital,hospital,"MOH Hospitals and Beds by Health Region and Speciality, 2021G"
statistical-yearbook-2021-chapter-II-health-resources.xlsx,2-12,2,1,bed,bed,"MOH Hospitals and Beds by Health Region and Speciality, 2021G"
statistical-yearbook-2021-chapter-II-health-resources.xlsx,2-12,4,1,region,المنطقة,المنطقة الصحية
statistical-yearbook-2021-chapter-II-health-resources.xlsx,2-12,4,2,year,عام,عامة
statistical-yearbook-2021-chapter-II-health-resources.xlsx,2-12,4,16,total,المجموع,المجموع
statistical-yearbook-2021-chapter-II-health-resources.xlsx,2-12,4,18,region,region,Health Region
statistical-yearbook-2021-chapter-II-health-resources.xlsx,2-12,5,16,total,total,Total
statistical-yearbook-2021-chapter-II-health-resources.xlsx,2-12,6,3,bed,أسرة,أسرة
statistical-yearbook-2021-chapter-II-health-resources.xlsx,2-12,6,5,bed,أسرة,أسرة
statistical-yearbook-2021-chapter-II-health-resources.xlsx,2-12,6,7,bed,أسرة,أسرة
statistical-yearbook-2021-chapter-II-health-resources.xlsx,2-12,6,9,bed,أسرة,أسرة
statistical-yearbook-2021-chapter-II-health-resources.xlsx,2-12,6,11,bed,أسرة,أسرة
statistical-yearbook-2021-chapter-II-health-resources.xlsx,2-12,6,13,bed,أسرة,أسرة
statistical-yearbook-2021-chapter-II-health-resources.xlsx,2-12,6,15,bed,أسرة,أسرة
statistical-yearbook-2021-chapter-II-health-resources.xlsx,2-12,6,17,bed,أسرة,أسرة
statistical-yearbook-2021-chapter-II-health-resources.xlsx,2-12,7,2,hospital,hospital,Hospitals
statistical-yearbook-2021-chapter-II-health-resources.xlsx,2-12,7,3,bed,bed,Beds
statistical-yearbook-2021-chapter-II-health-resources.xlsx,2-12,7,4,hospital,hospital,Hospitals
statistical-yearbook-2021-chapter-II-health-resources.xlsx,2-12,7,5,bed,bed,Beds
statistical-yearbook-2021-chapter-II-health-resources.xlsx,2-12,7,6,hospital,hospital,Hospitals
statistical-yearbook-2021-chapter-II-health-resources.xlsx,2-12,7,7,bed,bed,Beds
statistical-yearbook-2021-chapter-II-health-resources.xlsx,2-12,7,8,hospital,hospital,Hospitals
statistical-yearbook-2021-chapter-II-health-resources.xlsx,2-12,7,9,bed,bed,Beds
statistical-yearbook-2021-chapter-II-health-resources.xlsx,2-12,7,10,hospital,hospital,Hospitals
statistical-yearbook-2021-chapter-II-health-resources.xlsx,2-12,7,11,bed,bed,Beds
statistical-yearbook-2021-chapter-II-health-resources.xlsx,2-12,7,12,hospital,hospital,Hospitals
statistical-yearbook-2021-chapter-II-health-resources.xlsx,2-12,7,13,bed,bed,Beds
statistical-yearbook-2021-chapter-II-health-resources.xlsx,2-12,7,14,hospital,hospital,Hospitals
statistical-yearbook-2021-chapter-II-health-resources.xlsx,2-12,7,15,bed,bed,Beds
statistical-yearbook-2021-chapter-II-health-resources.xlsx,2-12,7,16,hospital,hospital,Hospitals
statistical-yearbook-2021-chapter-II-health-resources.xlsx,2-12,7,17,bed,bed,Beds
statistical-yearbook-2021-chapter-II-health-resources.xlsx,2-12,28,1,total,المجموع,المجموع
statistical-yearbook-2021-chapter-II-health-resources.xlsx,2-12,28,18,total,total,Total
statistical-yearbook-2021-chapter-II-health-resources.xlsx,2-12,30,1,hospital,مستشفى,مستشفى النقاهة ببيشة تعتبر مستشفى رعاية مديدة وصحة نفسية (50 سرير رعاية مديدة + 50 سرير صحة نفسية)
statistical-yearbook-2021-chapter-II-health-resources.xlsx,2-12,30,1,bed,سرير,مستشفى النقاهة ببيشة تعتبر مستشفى رعاية مديدة وصحة نفسية (50 سرير رعاية مديدة + 50 سرير صحة نفسية)
statistical-yearbook-2021-chapter-II-health-resources.xlsx,2-12,30,18,hospital,hospital,Convalescence hospital in Bishah includes psychiatric hospital (each 50 beds)
statistical-yearbook-2021-chapter-II-health-resources.xlsx,2-12,30,18,bed,bed,Convalescence hospital in Bishah includes psychiatric hospital (each 50 beds)
statistical-yearbook-2021-chapter-II-health-resources.xlsx,2-13,1,1,region,المنطقة,مستشفيات وزارة الصحة حسب السعة السريرية والمنطقة الصحية للعام 2021م
statistical-yearbook-2021-chapter-II-health-resources.xlsx,2-13,1,1,year,عام,مستشفيات وزارة الصحة حسب السعة السريرية والمنطقة الصحية للعام 2021م
statistical-yearbook-2021-chapter-II-health-resources.xlsx,2-13,1,1,bed,سرير,مستشفيات وزارة الصحة حسب السعة السريرية والمنطقة الصحية للعام 2021م
statistical-yearbook-2021-chapter-II-health-resources.xlsx,2-13,2,1,region,region,"MOH Hospitals  by Bed Capacity and Health Region, 2021G"
statistical-yearbook-2021-chapter-II-health-resources.xlsx,2-13,2,1,hospital,hospital,"MOH Hospitals  by Bed Capacity and Health Region, 2021G"
statistical-yearbook-2021-chapter-II-health-resources.xlsx,2-13,2,1,bed,bed,"MOH Hospitals  by Bed Capacity and Health Region, 2021G"
statistical-yearbook-2021-chapter-II-health-resources.xlsx,2-13,4,1,region,المنطقة,المنطقة الصحية
statistical-yearbook-2021-chapter-II-health-resources.xlsx,2-13,4,2,bed,سرير,السعة السريرية
statistical-yearbook-2021-chapter-II-health-resources.xlsx,2-13,4,6,bed,bed,Bed Capacity
statistical-yearbook-2021-chapter-II-health-resources.xlsx,2-13,4,10,region,region,Health Region
statistical-yearbook-2021-chapter-II-health-resources.xlsx,2-13,5,9,total,total,"الإجمالي 
Total"
statistical-yearbook-2021-chapter-II-health-resources.xlsx,2-13,26,1,total,المجموع,المجموع
statistical-yearbook-2021-chapter-II-health-resources.xlsx,2-13,26,10,total,total,Total
statistical-yearbook-2021-chapter-II-health-resources.xlsx,2.14,1,1,region,المنطقة,الأسرة بمستشفيات وزارة الصحة حسب المنطقة الصحية والتخصص لعام 2021م
statistical-yearbook-2021-chapter-II-health-resources.xlsx,2.14,1,1,year,عام,الأسرة بمستشفيات وزارة الصحة حسب المنطقة الصحية والتخصص لعام 2021م
statistical-yearbook-2021-chapter-II-health-resources.xlsx,2.14,1,1,bed,أسرة,الأسرة بمستشفيات وزارة الصحة حسب المنطقة الصحية والتخصص لعام 2021م
statistical-yearbook-2021-chapter-II-health-resources.xlsx,2.14,2,1,region,region,"Beds at MOH Hospitals By Health Region and Speciality, 2021G."
statistical-yearbook-2021-chapter-II-health-resources.xlsx,2.14,2,1,hospital,hospital,"Beds at MOH Hospitals By Health Region and Speciality, 2021G."
statistical-yearbook-2021-chapter-II-health-resources.xlsx,2.14,2,1,bed,bed,"Beds at MOH Hospitals By Health Region and Speciality, 2021G."
statistical-yearbook-2021-chapter-II-health-resources.xlsx,2.14,4,1,region,المنطقة,المنطقة الصحية
statistical-yearbook-2021-chapter-II-health-resources.xlsx,2.14,4,34,total,total,Total
statistical-yearbook-2021-chapter-II-health-resources.xlsx,2.14,4,35,total,المجموع,المجموع
statistical-yearbook-2021-chapter-II-health-resources.xlsx,2.14,4,36,region,region,Health Region
statistical-yearbook-2021-chapter-II-health-resources.xlsx,2.14,25,1,total,المجموع,المجموع
statistical-yearbook-2021-chapter-II-health-resources.xlsx,2.14,25,36,total,total,Total
statistical-yearbook-2021-chapter-II-health-resources.xlsx,2.15,1,1,region,المنطقة,أسرة العناية المركزة بمستشفيات وزارة الصحة حسب المنطقة الصحية لعام 2021م
statistical-yearbook-2021-chapter-II-health-resources.xlsx,2.15,1,1,year,عام,أسرة العناية المركزة بمستشفيات وزارة الصحة حسب المنطقة الصحية لعام 2021م
statistical-yearbook-2021-chapter-II-health-resources.xlsx,2.15,1,1,bed,أسرة,أسرة العناية المركزة بمستشفيات وزارة الصحة حسب المنطقة الصحية لعام 2021م
statistical-yearbook-2021-chapter-II-health-resources.xlsx,2.15,2,1,region,region,"Intensive Care  Beds at MOH Hospitals By Health Region, 2021G"
statistical-yearbook-2021-chapter-II-health-resources.xlsx,2.15,2,1,hospital,hospital,"Intensive Care  Beds at MOH Hospitals By Health Region, 2021G"
statistical-yearbook-2021-chapter-II-health-resources.xlsx,2.15,2,1,bed,bed,"Intensive Care  Beds at MOH Hospitals By Health Region, 2021G"
statistical-yearbook-2021-chapter-II-health-resources.xlsx,2.15,4,1,region,المنطقة,المنطقة الصحية
statistical-yearbook-2021-chapter-II-health-resources.xlsx,2.15,4,5,hospital,المستشفيات,المستشفيات 100 سرير فأكثر
statistical-yearbook-2021-chapter-II-health-resources.xlsx,2.15,4,5,bed,سرير,المستشفيات 100 سرير فأكثر
statistical-yearbook-2021-chapter-II-health-resources.xlsx,2.15,4,8,hospital,المستشفيات,المستشفيات 50-99 سرير
statistical-yearbook-2021-chapter-II-health-resources.xlsx,2.15,4,8,bed,سرير,المستشفيات 50-99 سرير
statistical-yearbook-2021-chapter-II-health-resources.xlsx,2.15,4,11,total,الإجمالي,الإجمالي
statistical-yearbook-2021-chapter-II-health-resources.xlsx,2.15,4,14,region,region,Health Region
statistical-yearbook-2021-chapter-II-health-resources.xlsx,2.15,5,5,hospital,hospital,Hospitals 100+ Beds
statistical-yearbook-2021-chapter-II-health-resources.xlsx,2.15,5,5,bed,bed,Hospitals 100+ Beds
statistical-yearbook-2021-chapter-II-health-resources.xlsx,2.15,5,8,hospital,hospital,Hospitals 50-99 Beds
statistical-yearbook-2021-chapter-II-health-resources.xlsx,2.15,5,8,bed,bed,Hospitals 50-99 Beds
statistical-yearbook-2021-chapter-II-health-resources.xlsx,2.15,5,11,total,total,Total
statistical-yearbook-2021-chapter-II-health-resources.xlsx,2.15,28,1,total,المجموع,المجموع
statistical-yearbook-2021-chapter-II-health-resources.xlsx,2.15,28,14,total,total,Total
statistical-yearbook-2021-chapter-II-health-resources.xlsx,2.16,1,1,region,المنطقة,أسرة العزل والطوارئ بمستشفيات وزارة الصحة حسب المنطقة الصحية لعام 2021
statistical-yearbook-2021-chapter-II-health-resources.xlsx,2.16,1,1,year,عام,أسرة العزل والطوارئ بمستشفيات وزارة الصحة حسب المنطقة الصحية لعام 2021
statistical-yearbook-2021-chapter-II-health-resources.xlsx,2.16,1,1,bed,أسرة,أسرة العزل والطوارئ بمستشفيات وزارة الصحة حسب المنطقة الصحية لعام 2021
statistical-yearbook-2021-chapter-II-health-resources.xlsx,2.16,2,1,region,region,"Isolation & ER Beds at MOH Hospitals By Health Region, 2021G"
statistical-yearbook-2021-chapter-II-health-resources.xlsx,2.16,2,1,hospital,hospital,"Isolation & ER Beds at MOH Hospitals By Health Region, 2021G"
statistical-yearbook-2021-chapter-II-health-resources.xlsx,2.16,2,1,bed,bed,"Isolation & ER Beds at MOH Hospitals By Health Region, 2021G"
statistical-yearbook-2021-chapter-II-health-resources.xlsx,2.16,4,1,region,المنطقة,المنطقة الصحية
statistical-yearbook-2021-chapter-II-health-resources.xlsx,2.16,4,2,bed,أسرة,أسرة العزل
statistical-yearbook-2021-chapter-II-health-resources.xlsx,2.16,4,6,bed,أسرة,أسرة الطوارئ
statistical-yearbook-2021-chapter-II-health-resources.xlsx,2.16,4,9,region,region,Health Region
statistical-yearbook-2021-chapter-II-health-resources.xlsx,2.16,5,2,bed,bed,Isolation Beds
statistical-yearbook-2021-chapter-II-health-resources.xlsx,2.16,5,6,bed,bed,ER Beds
statistical-yearbook-2021-chapter-II-health-resources.xlsx,2.16,6,3,hospital,المستشفيات,المستشفيات 100 سرير فأكثر
statistical-yearbook-2021-chapter-II-health-resources.xlsx,2.16,6,3,bed,سرير,المستشفيات 100 سرير فأكثر
statistical-yearbook-2021-chapter-II-health-resources.xlsx,2.16,6,4,hospital,المستشفيات,المستشفيات 50-99 سرير
statistical-yearbook-2021-chapter-II-health-resources.xlsx,2.16,6,4,bed,سرير,المستشفيات 50-99 سرير
statistical-yearbook-2021-chapter-II-health-resources.xlsx,2.16,6,5,total,الإجمالي,الإجمالي
statistical-yearbook-2021-chapter-II-health-resources.xlsx,2.16,6,6,bed,أسرة,أسرة  بأجهزة مراقبة
statistical-yearbook-2021-chapter-II-health-resources.xlsx,2.16,6,7,bed,أسرة,أسرة بدون أجهزة مراقبة
statistical-yearbook-2021-chapter-II-health-resources.xlsx,2.16,6,8,total,الإجمالي,الإجمالي
statistical-yearbook-2021-chapter-II-health-resources.xlsx,2.16,7,3,hospital,hospital,Hospitals 100+ Beds
statistical-yearbook-2021-chapter-II-health-resources.xlsx,2.16,7,3,bed,bed,Hospitals 100+ Beds
statistical-yearbook-2021-chapter-II-health-resources.xlsx,2.16,7,4,hospital,hospital,Hospitals 50-99 Beds
statistical-yearbook-2021-chapter-II-health-resources.xlsx,2.16,7,4,bed,bed,Hospitals 50-99 Beds
statistical-yearbook-2021-chapter-II-health-resources.xlsx,2.16,7,5,total,total,Total
statistical-yearbook-2021-chapter-II-health-resources.xlsx,2.16,7,6,bed,bed,Beds with Monitors
statistical-yearbook-2021-chapter-II-health-resources.xlsx,2.16,7,7,bed,bed,Beds without Monitors
statistical-yearbook-2021-chapter-II-health-resources.xlsx,2.16,7,8,total,total,Total
statistical-yearbook-2021-chapter-II-health-resources.xlsx,2.16,28,1,total,المجموع,المجموع
statistical-yearbook-2021-chapter-II-health-resources.xlsx,2.16,28,9,total,total,Total
statistical-yearbook-2021-chapter-II-health-resources.xlsx,2.17,1,1,year,عام,القوى العاملة الصحية بمستشفيات وزارة الصحة حسب الجنسية في الأعوام الخمسة الأخيرة
statistical-yearbook-2021-chapter-II-health-resources.xlsx,2.17,2,1,year,year,"Health Manpower in MOH Hospitals by Nationality, in the last Five Years"
statistical-yearbook-2021-chapter-II-health-resources.xlsx,2.17,2,1,hospital,hospital,"Health Manpower in MOH Hospitals by Nationality, in the last Five Years"
statistical-yearbook-2021-chapter-II-health-resources.xlsx,2.17,4,3,year,عام,العام
statistical-yearbook-2021-chapter-II-health-resources.xlsx,2.17,4,5,year,year,Year
statistical-yearbook-2021-chapter-II-health-resources.xlsx,2.17,6,1,physician,أطباء,أطباء بشريون
statistical-yearbook-2021-chapter-II-health-resources.xlsx,2.17,6,9,physician,physician,Physicians
statistical-yearbook-2021-chapter-II-health-resources.xlsx,2.17,8,2,total,المجموع,المجموع
statistical-yearbook-2021-chapter-II-health-resources.xlsx,2.17,8,8,total,total,Total
statistical-yearbook-2021-chapter-II-health-resources.xlsx,2.17,9,1,physician,أطباء,أطباء أسنان
statistical-yearbook-2021-chapter-II-health-resources.xlsx,2.17,11,2,total,المجموع,المجموع
statistical-yearbook-2021-chapter-II-health-resources.xlsx,2.17,11,8,total,total,Total
statistical-yearbook-2021-chapter-II-health-resources.xlsx,2.17,12,1,physician,أطباء,إجمالي الأطباء
statistical-yearbook-2021-chapter-II-health-resources.xlsx,2.17,12,9,total,total,Total Physicians and Dentists
statistical-yearbook-2021-chapter-II-health-resources.xlsx,2.17,12,9,physician,physician,Total Physicians and Dentists
statistical-yearbook-2021-chapter-II-health-resources.xlsx,2.17,14,2,total,المجموع,المجموع
statistical-yearbook-2021-chapter-II-health-resources.xlsx,2.17,14,8,total,total,Total
statistical-yearbook-2021-chapter-II-health-resources.xlsx,2.17,15,1,nurse,تمريض,طاقم التمريض
statistical-yearbook-2021-chapter-II-health-resources.xlsx,2.17,15,9,nurse,nurse,Nurses
statistical-yearbook-2021-chapter-II-health-resources.xlsx,2.17,17,2,total,المجموع,المجموع
statistical-yearbook-2021-chapter-II-health-resources.xlsx,2.17,17,8,total,total,Total
statistical-yearbook-2021-chapter-II-health-resources.xlsx,2.17,20,2,total,المجموع,المجموع
statistical-yearbook-2021-chapter-II-health-resources.xlsx,2.17,20,8,total,total,Total
statistical-yearbook-2021-chapter-II-health-resources.xlsx,2.17,21,1,nurse,تمريض,إجمالي طاقم التمريض والقابلات
statistical-yearbook-2021-chapter-II-health-resources.xlsx,2.17,21,9,total,total,Total Nurses and Midwives
statistical-yearbook-2021-chapter-II-health-resources.xlsx,2.17,21,9,nurse,nurse,Total Nurses and Midwives
statistical-yearbook-2021-chapter-II-health-resources.xlsx,2.17,23,2,total,المجموع,المجموع
statistical-yearbook-2021-chapter-II-health-resources.xlsx,2.17,23,8,total,total,Total
statistical-yearbook-2021-chapter-II-health-resources.xlsx,2.17,26,2,total,المجموع,المجموع
statistical-yearbook-2021-chapter-II-health-resources.xlsx,2.17,26,8,total,total,Total
statistical-yearbook-2021-chapter-II-health-resources.xlsx,2.17,29,2,total,المجموع,المجموع
statistical-yearbook-2021-chapter-II-health-resources.xlsx,2.17,29,8,total,total,Total
statistical-yearbook-2021-chapter-II-health-resources.xlsx,2.18,1,1,region,المنطقة,القوى العاملة الصحية بمستشفيات وزارة الصحة حسب المنطقة الصحية والفئة والجنس والجنسية عام 2021م
statistical-yearbook-2021-chapter-II-health-resources.xlsx,2.18,1,1,year,عام,القوى العاملة الصحية بمستشفيات وزارة الصحة حسب المنطقة الصحية والفئة والجنس والجنسية عام 2021م
statistical-yearbook-2021-chapter-II-health-resources.xlsx,2.18,2,1,region,region,"Health Manpower in MoH Hospitals by Health Region,Category,Sex and Nationality, 2021G"
statistical-yearbook-2021-chapter-II-health-resources.xlsx,2.18,2,1,hospital,hospital,"Health Manpower in MoH Hospitals by Health Region,Category,Sex and Nationality, 2021G"
statistical-yearbook-2021-chapter-II-health-resources.xlsx,2.18,6,5,total,المجموع,المجموع
statistical-yearbook-2021-chapter-II-health-resources.xlsx,2.18,6,8,total,المجموع,المجموع
statistical-yearbook-2021-chapter-II-health-resources.xlsx,2.18,6,11,total,المجموع,المجموع
statistical-yearbook-2021-chapter-II-health-resources.xlsx,2.18,6,14,total,المجموع,المجموع
statistical-yearbook-2021-chapter-II-health-resources.xlsx,2.18,7,5,total,total,Total
statistical-yearbook-2021-chapter-II-health-resources.xlsx,2.18,7,8,total,total,Total
statistical-yearbook-2021-chapter-II-health-resources.xlsx,2.18,7,11,total,total,Total
statistical-yearbook-2021-chapter-II-health-resources.xlsx,2.18,7,14,total,total,Total
statistical-yearbook-2021-chapter-II-health-resources.xlsx,2.18,8,1,physician,أطباء,أطباء بشريون
statistical-yearbook-2021-chapter-II-health-resources.xlsx,2.18,8,16,physician,physician,Physicians
statistical-yearbook-2021-chapter-II-health-resources.xlsx,2.18,10,2,total,المجموع,المجموع
statistical-yearbook-2021-chapter-II-health-resources.xlsx,2.18,10,15,total,total,Total
statistical-yearbook-2021-chapter-II-health-resources.xlsx,2.18,11,1,physician,أطباء,أطباء أسنان
statistical-yearbook-2021-chapter-II-health-resources.xlsx,2.18,13,2,total,المجموع,المجموع
statistical-yearbook-2021-chapter-II-health-resources.xlsx,2.18,13,15,total,total,Total
statistical-yearbook-2021-chapter-II-health-resources.xlsx,2.18,14,1,physician,أطباء,إجمالي الأطباء
statistical-yearbook-2021-chapter-II-health-resources.xlsx,2.18,14,16,total,total,Total Physicians and Dentists
statistical-yearbook-2021-chapter-II-health-resources.xlsx,2.18,14,16,physician,physician,Total Physicians and Dentists
statistical-yearbook-2021-chapter-II-health-resources.xlsx,2.18,16,2,total,المجموع,المجموع
statistical-yearbook-2021-chapter-II-health-resources.xlsx,2.18,16,15,total,total,Total
statistical-yearbook-2021-chapter-II-health-resources.xlsx,2.18,17,1,nurse,تمريض,طاقم التمريض
statistical-yearbook-2021-chapter-II-health-resources.xlsx,2.18,17,16,nurse,nurse,Nurses
statistical-yearbook-2021-chapter-II-health-resources.xlsx,2.18,19,2,total,المجموع,المجموع
statistical-yearbook-2021-chapter-II-health-resources.xlsx,2.18,19,15,total,total,Total
statistical-yearbook-2021-chapter-II-health-resources.xlsx,2.18,22,2,total,المجموع,المجموع
statistical-yearbook-2021-chapter-II-health-resources.xlsx,2.18,22,15,total,total,Total
statistical-yearbook-2021-chapter-II-health-resources.xlsx,2.18,23,1,nurse,تمريض,إجمالي طاقم التمريض والقابلات
statistical-yearbook-2021-chapter-II-health-resources.xlsx,2.18,23,16,total,total,Total Nurses and Midwives
statistical-yearbook-2021-chapter-II-health-resources.xlsx,2.18,23,16,nurse,nurse,Total Nurses and Midwives
statistical-yearbook-2021-chapter-II-health-resources.xlsx,2.18,25,2,total,المجموع,المجموع
statistical-yearbook-2021-chapter-II-health-resources.xlsx,2.18,25,15,total,total,Total
statistical-yearbook-2021-chapter-II-health-resources.xlsx,2.18,28,2,total,المجموع,المجموع
statistical-yearbook-2021-chapter-II-health-resources.xlsx,2.18,28,15,total,total,Total
statistical-yearbook-2021-chapter-II-health-resources.xlsx,2.18,31,2,total,المجموع,المجموع
statistical-yearbook-2021-chapter-II-health-resources.xlsx,2.18,31,15,total,total,Total
statistical-yearbook-2021-chapter-II-health-resources.xlsx,2.18,35,5,total,المجموع,المجموع
statistical-yearbook-2021-chapter-II-health-resources.xlsx,2.18,35,8,total,المجموع,المجموع
statistical-yearbook-2021-chapter-II-health-resources.xlsx,2.18,35,11,total,المجموع,المجموع
statistical-yearbook-2021-chapter-II-health-resources.xlsx,2.18,35,14,total,المجموع,المجموع
statistical-yearbook-2021-chapter-II-health-resources.xlsx,2.18,36,5,total,total,Total
statistical-yearbook-2021-chapter-II-health-resources.xlsx,2.18,36,8,total,total,Total
statistical-yearbook-2021-chapter-II-health-resources.xlsx,2.18,36,11,total,total,Total
statistical-yearbook-2021-chapter-II-health-resources.xlsx,2.18,36,14,total,total,Total
statistical-yearbook-2021-chapter-II-health-resources.xlsx,2.18,37,1,physician,أطباء,أطباء بشريون
statistical-yearbook-2021-chapter-II-health-resources.xlsx,2.18,37,16,physician,physician,Physicians
statistical-yearbook-2021-chapter-II-health-resources.xlsx,2.18,39,2,total,المجموع,المجموع
statistical-yearbook-2021-chapter-II-health-resources.xlsx,2.18,39,15,total,total,Total
statistical-yearbook-2021-chapter-II-health-resources.xlsx,2.18,40,1,physician,أطباء,أطباء أسنان
statistical-yearbook-2021-chapter-II-health-resources.xlsx,2.19,1,1,region,المنطقة,الأطباء وأطباء الأسنان بمستشفيات وزارة الصحة حسب التخصص والتصنيف الوظيفي والمنطقة الصحية عام 2021م.
statistical-yearbook-2021-chapter-II-health-resources.xlsx,2.19,1,1,year,عام,الأطباء وأطباء الأسنان بمستشفيات وزارة الصحة حسب التخصص والتصنيف الوظيفي والمنطقة الصحية عام 2021م.
statistical-yearbook-2021-chapter-II-health-resources.xlsx,2.19,1,1,physician,أطباء,الأطباء وأطباء الأسنان بمستشفيات وزارة الصحة حسب التخصص والتصنيف الوظيفي والمنطقة الصحية عام 2021م.
statistical-yearbook-2021-chapter-II-health-resources.xlsx,2.19,2,1,region,region,"Physicians and Dentists, MOH Hospitals  by Speciality, Professional Categories and Health Region, 2021G."
statistical-yearbook-2021-chapter-II-health-resources.xlsx,2.19,2,1,hospital,hospital,"Physicians and Dentists, MOH Hospitals  by Speciality, Professional Categories and Health Region, 2021G."
statistical-yearbook-2021-chapter-II-health-resources.xlsx,2.19,2,1,physician,physician,"Physicians and Dentists, MOH Hospitals  by Speciality, Professional Categories and Health Region, 2021G."
statistical-yearbook-2021-chapter-II-health-resources.xlsx,2.19,6,5,total,المجموع,المجموع
statistical-yearbook-2021-chapter-II-health-resources.xlsx,2.19,6,9,total,المجموع,المجموع
statistical-yearbook-2021-chapter-II-health-resources.xlsx,2.19,6,13,total,المجموع,المجموع
statistical-yearbook-2021-chapter-II-health-resources.xlsx,2.19,6,17,total,المجموع,المجموع
statistical-yearbook-2021-chapter-II-health-resources.xlsx,2.19,6,21,total,المجموع,المجموع
statistical-yearbook-2021-chapter-II-health-resources.xlsx,2.19,6,25,total,المجموع,المجموع
statistical-yearbook-2021-chapter-II-health-resources.xlsx,2.19,6,29,total,المجموع,المجموع
statistical-yearbook-2021-chapter-II-health-resources.xlsx,2.19,7,5,total,total,Total
statistical-yearbook-2021-chapter-II-health-resources.xlsx,2.19,7,9,total,total,Total
statistical-yearbook-2021-chapter-II-health-resources.xlsx,2.19,7,13,total,total,Total
statistical-yearbook-2021-chapter-II-health-resources.xlsx,2.19,7,17,total,total,Total
statistical-yearbook-2021-chapter-II-health-resources.xlsx,2.19,7,21,total,total,Total
statistical-yearbook-2021-chapter-II-health-resources.xlsx,2.19,7,25,total,total,Total
statistical-yearbook-2021-chapter-II-health-resources.xlsx,2.19,7,29,total,total,Total
statistical-yearbook-2021-chapter-II-health-resources.xlsx,2.19,8,1,year,عام,عام
statistical-yearbook-2021-chapter-II-health-resources.xlsx,2.19,11,1,year,عام,جراحة عامة
statistical-yearbook-2021-chapter-II-health-resources.xlsx,2.19,24,1,year,عام,صحة عامة (طب مجتمع) وصحة مهنية
statistical-yearbook-2021-chapter-II-health-resources.xlsx,2.19,33,1,bed,أسرة,طب أسرة
statistical-yearbook-2021-chapter-II-health-resources.xlsx,2.20,1,1,region,المنطقة,مراكز الرعاية الصحية الأولية بوزارة الصحة حسب المنطقة الصحية في الأعوام الخمسة الأخيرة
statistical-yearbook-2021-chapter-II-health-resources.xlsx,2.20,2,1,region,region,"Primary Health Care Centers in MOH by Health Region, in the last Five Years"
statistical-yearbook-2021-chapter-II-health-resources.xlsx,2.20,2,1,year,year,"Primary Health Care Centers in MOH by Health Region, in the last Five Years"
statistical-yearbook-2021-chapter-II-health-resources.xlsx,2.20,4,1,region,المنطقة,المنطقة الصحية
statistical-yearbook-2021-chapter-II-health-resources.xlsx,2.20,4,7,region,region,Health Region
statistical-yearbook-2021-chapter-II-health-resources.xlsx,2.20,25,1,total,المجموع,المجموع
statistical-yearbook-2021-chapter-II-health-resources.xlsx,2.20,25,7,total,total,Total
statistical-yearbook-2021-chapter-II-health-resources.xlsx,2.21,1,1,year,عام,القوى العاملة الصحية بمراكز الرعاية الصحية الأولية بوزارة الصحة في الأعوام الخمسة الأخيرة
statistical-yearbook-2021-chapter-II-health-resources.xlsx,2.21,2,1,year,year,"Health Manpower in Primary Health Care Centers, MOH, in the last Five Years"
statistical-yearbook-2021-chapter-II-health-resources.xlsx,2.21,4,3,year,عام,العام
statistical-yearbook-2021-chapter-II-health-resources.xlsx,2.21,4,5,year,year,Year
statistical-yearbook-2021-chapter-II-health-resources.xlsx,2.21,6,1,physician,أطباء,أطباء بشريون
statistical-yearbook-2021-chapter-II-health-resources.xlsx,2.21,6,9,physician,physician,Physicians
statistical-yearbook-2021-chapter-II-health-resources.xlsx,2.21,8,2,total,المجموع,المجموع
statistical-yearbook-2021-chapter-II-health-resources.xlsx,2.21,8,8,total,total,Total
statistical-yearbook-2021-chapter-II-health-resources.xlsx,2.21,9,1,physician,أطباء,أطباء أسنان
statistical-yearbook-2021-chapter-II-health-resources.xlsx,2.21,11,2,total,المجموع,المجموع
statistical-yearbook-2021-chapter-II-health-resources.xlsx,2.21,11,8,total,total,Total
statistical-yearbook-2021-chapter-II-health-resources.xlsx,2.21,12,1,physician,أطباء,إجمالي الأطباء
statistical-yearbook-2021-chapter-II-health-resources.xlsx,2.21,12,9,total,total,Total Physicians and Dentists
statistical-yearbook-2021-chapter-II-health-resources.xlsx,2.21,12,9,physician,physician,Total Physicians and Dentists
statistical-yearbook-2021-chapter-II-health-resources.xlsx,2.21,14,2,total,المجموع,المجموع
statistical-yearbook-2021-chapter-II-health-resources.xlsx,2.21,14,8,total,total,Total
statistical-yearbook-2021-chapter-II-health-resources.xlsx,2.21,15,1,nurse,تمريض,طاقم التمريض
statistical-yearbook-2021-chapter-II-health-resources.xlsx,2.21,15,9,nurse,nurse,Nurses
statistical-yearbook-2021-chapter-II-health-resources.xlsx,2.21,17,2,total,المجموع,المجموع
statistical-yearbook-2021-chapter-II-health-resources.xlsx,2.21,17,8,total,total,Total
statistical-yearbook-2021-chapter-II-health-resources.xlsx,2.21,20,2,total,المجموع,المجموع
statistical-yearbook-2021-chapter-II-health-resources.xlsx,2.21,20,8,total,total,Total
statistical-yearbook-2021-chapter-II-health-resources.xlsx,2.21,21,1,nurse,تمريض,إجمالي طاقم التمريض والقابلات
statistical-yearbook-2021-chapter-II-health-resources.xlsx,2.21,21,9,total,total,Total Nurses and Midwives
statistical-yearbook-2021-chapter-II-health-resources.xlsx,2.21,21,9,nurse,nurse,Total Nurses and Midwives
statistical-yearbook-2021-chapter-II-health-resources.xlsx,2.21,23,2,total,المجموع,المجموع
statistical-yearbook-2021-chapter-II-health-resources.xlsx,2.21,23,8,total,total,Total
statistical-yearbook-2021-chapter-II-health-resources.xlsx,2.21,26,2,total,المجموع,المجموع
statistical-yearbook-2021-chapter-II-health-resources.xlsx,2.21,26,8,total,total,Total
statistical-yearbook-2021-chapter-II-health-resources.xlsx,2.21,29,2,total,المجموع,المجموع
statistical-yearbook-2021-chapter-II-health-resources.xlsx,2.21,29,8,total,total,Total
statistical-yearbook-2021-chapter-II-health-resources.xlsx,2.22,1,1,physician,أطباء,الأطباء وأطباء الأسنان بمراكز الرعاية الصحية الأولية بوزارة الصحة حسب التخصص والجنسية في الأعوام الخمسة الأخيرة
statistical-yearbook-2021-chapter-II-health-resources.xlsx,2.22,2,1,year,year,"Physicians and Dentists in MOH Primary Health Care Centers by Speciality and Nationality, in the last Five Years"
statistical-yearbook-2021-chapter-II-health-resources.xlsx,2.22,2,1,physician,physician,"Physicians and Dentists in MOH Primary Health Care Centers by Speciality and Nationality, in the last Five Years"
statistical-yearbook-2021-chapter-II-health-resources.xlsx,2.22,4,6,year,year,Year
statistical-yearbook-2021-chapter-II-health-resources.xlsx,2.22,6,1,year,عام,طـب عام
statistical-yearbook-2021-chapter-II-health-resources.xlsx,2.22,8,2,total,المجموع,المجموع
statistical-yearbook-2021-chapter-II-health-resources.xlsx,2.22,8,8,total,total,Total
statistical-yearbook-2021-chapter-II-health-resources.xlsx,2.22,11,2,total,المجموع,المجموع
statistical-yearbook-2021-chapter-II-health-resources.xlsx,2.22,11,8,total,total,Total
statistical-yearbook-2021-chapter-II-health-resources.xlsx,2.22,14,2,total,المجموع,المجموع
statistical-yearbook-2021-chapter-II-health-resources.xlsx,2.22,14,8,total,total,Total
statistical-yearbook-2021-chapter-II-health-resources.xlsx,2.22,17,2,total,المجموع,المجموع
statistical-yearbook-2021-chapter-II-health-resources.xlsx,2.22,17,8,total,total,Total
statistical-yearbook-2021-chapter-II-health-resources.xlsx,2.22,18,1,bed,أسرة,طب أسرة
statistical-yearbook-2021-chapter-II-health-resources.xlsx,2.22,20,2,total,المجموع,المجموع
statistical-yearbook-2021-chapter-II-health-resources.xlsx,2.22,20,8,total,total,Total
statistical-yearbook-2021-chapter-II-health-resources.xlsx,2.22,23,2,total,المجموع,المجموع
statistical-yearbook-2021-chapter-II-health-resources.xlsx,2.22,23,8,total,total,Total
statistical-yearbook-2021-chapter-II-health-resources.xlsx,2.22,24,9,total,total,Total
statistical-yearbook-2021-chapter-II-health-resources.xlsx,2.22,26,2,total,المجموع,المجموع
statistical-yearbook-2021-chapter-II-health-resources.xlsx,2.22,26,8,total,total,Total
statistical-yearbook-2021-chapter-II-health-resources.xlsx,2.23,1,1,region,المنطقة,القوى العاملة الصحية بمراكز الرعاية الصحية الأولية بوزارة الصحة حسب المنطقة الصحية والفئة والجنس والجنسية عام 2021م
statistical-yearbook-2021-chapter-II-health-resources.xlsx,2.23,1,1,year,عام,القوى العاملة الصحية بمراكز الرعاية الصحية الأولية بوزارة الصحة حسب المنطقة الصحية والفئة والجنس والجنسية عام 2021م
statistical-yearbook-2021-chapter-II-health-resources.xlsx,2.23,2,1,region,region,"Health Manpower in MoH Primary Health Care Centers by Health Region,Category,Sex and Nationality, 2021G"
statistical-yearbook-2021-chapter-II-health-resources.xlsx,2.23,6,5,total,المجموع,المجموع
statistical-yearbook-2021-chapter-II-health-resources.xlsx,2.23,6,8,total,المجموع,المجموع
statistical-yearbook-2021-chapter-II-health-resources.xlsx,2.23,6,11,total,المجموع,المجموع
statistical-yearbook-2021-chapter-II-health-resources.xlsx,2.23,6,14,total,المجموع,المجموع
statistical-yearbook-2021-chapter-II-health-resources.xlsx,2.23,7,5,total,total,Total
statistical-yearbook-2021-chapter-II-health-resources.xlsx,2.23,7,8,total,total,Total
statistical-yearbook-2021-chapter-II-health-resources.xlsx,2.23,7,11,total,total,Total
statistical-yearbook-2021-chapter-II-health-resources.xlsx,2.23,7,14,total,total,Total
statistical-yearbook-2021-chapter-II-health-resources.xlsx,2.23,8,1,physician,أطباء,أطباء بشريون
statistical-yearbook-2021-chapter-II-health-resources.xlsx,2.23,8,16,physician,physician,Physicians
statistical-yearbook-2021-chapter-II-health-resources.xlsx,2.23,10,2,total,المجموع,المجموع
statistical-yearbook-2021-chapter-II-health-resources.xlsx,2.23,10,15,total,total,Total
statistical-yearbook-2021-chapter-II-health-resources.xlsx,2.23,11,1,physician,أطباء,أطباء أسنان
statistical-yearbook-2021-chapter-II-health-resources.xlsx,2.23,13,2,total,المجموع,المجموع
statistical-yearbook-2021-chapter-II-health-resources.xlsx,2.23,13,15,total,total,Total
statistical-yearbook-2021-chapter-II-health-resources.xlsx,2.23,14,1,physician,أطباء,إجمالي الأطباء
statistical-yearbook-2021-chapter-II-health-resources.xlsx,2.23,14,16,total,total,Total Physicians and Dentists
statistical-yearbook-2021-chapter-II-health-resources.xlsx,2.23,14,16,physician,physician,Total Physicians and Dentists
statistical-yearbook-2021-chapter-II-health-resources.xlsx,2.23,16,2,total,المجموع,المجموع
statistical-yearbook-2021-chapter-II-health-resources.xlsx,2.23,16,15,total,total,Total
statistical-yearbook-2021-chapter-II-health-resources.xlsx,2.23,17,1,nurse,تمريض,طاقم التمريض
statistical-yearbook-2021-chapter-II-health-resources.xlsx,2.23,17,16,nurse,nurse,Nurses
statistical-yearbook-2021-chapter-II-health-resources.xlsx,2.23,19,2,total,المجموع,المجموع
statistical-yearbook-2021-chapter-II-health-resources.xlsx,2.23,19,15,total,total,Total
statistical-yearbook-2021-chapter-II-health-resources.xlsx,2.23,22,2,total,المجموع,المجموع
statistical-yearbook-2021-chapter-II-health-resources.xlsx,2.23,22,15,total,total,Total
statistical-yearbook-2021-chapter-II-health-resources.xlsx,2.23,23,1,nurse,تمريض,إجمالي طاقم التمريض والقابلات
statistical-yearbook-2021-chapter-II-health-resources.xlsx,2.23,23,16,total,total,Total Nurses and Midwives
statistical-yearbook-2021-chapter-II-health-resources.xlsx,2.23,23,16,nurse,nurse,Total Nurses and Midwives
statistical-yearbook-2021-chapter-II-health-resources.xlsx,2.23,25,2,total,المجموع,المجموع
statistical-yearbook-2021-chapter-II-health-resources.xlsx,2.23,25,15,total,total,Total
statistical-yearbook-2021-chapter-II-health-resources.xlsx,2.23,28,2,total,المجموع,المجموع
statistical-yearbook-2021-chapter-II-health-resources.xlsx,2.23,28,15,total,total,Total
statistical-yearbook-2021-chapter-II-health-resources.xlsx,2.23,31,2,total,المجموع,المجموع
statistical-yearbook-2021-chapter-II-health-resources.xlsx,2.23,31,15,total,total,Total
statistical-yearbook-2021-chapter-II-health-resources.xlsx,2.23,35,5,total,المجموع,المجموع
statistical-yearbook-2021-chapter-II-health-resources.xlsx,2.23,35,8,total,المجموع,المجموع
statistical-yearbook-2021-chapter-II-health-resources.xlsx,2.23,35,11,total,المجموع,المجموع
statistical-yearbook-2021-chapter-II-health-resources.xlsx,2.23,35,14,total,المجموع,المجموع
statistical-yearbook-2021-chapter-II-health-resources.xlsx,2.23,36,5,total,total,Total
statistical-yearbook-2021-chapter-II-health-resources.xlsx,2.23,36,8,total,total,Total
statistical-yearbook-2021-chapter-II-health-resources.xlsx,2.23,36,11,total,total,Total
statistical-yearbook-2021-chapter-II-health-resources.xlsx,2.23,36,14,total,total,Total
statistical-yearbook-2021-chapter-II-health-resources.xlsx,2.23,37,1,physician,أطباء,أطباء بشريون
statistical-yearbook-2021-chapter-II-health-resources.xlsx,2.23,37,16,physician,physician,Physicians
statistical-yearbook-2021-chapter-II-health-resources.xlsx,2.23,39,2,total,المجموع,المجموع
statistical-yearbook-2021-chapter-II-health-resources.xlsx,2.23,39,15,total,total,Total
statistical-yearbook-2021-chapter-II-health-resources.xlsx,2.23,40,1,physician,أطباء,أطباء أسنان
statistical-yearbook-2021-chapter-II-health-resources.xlsx,2.24,1,1,region,المنطقة,الأطباء بمراكز الرعاية الصحية الأولية بوزارة الصحة حسب التخصصات الرئيسية والجنسية والجنس والمنطقة الصحية عام 2021م.
statistical-yearbook-2021-chapter-II-health-resources.xlsx,2.24,1,1,year,عام,الأطباء بمراكز الرعاية الصحية الأولية بوزارة الصحة حسب التخصصات الرئيسية والجنسية والجنس والمنطقة الصحية عام 2021م.
statistical-yearbook-2021-chapter-II-health-resources.xlsx,2.24,1,1,physician,أطباء,الأطباء بمراكز الرعاية الصحية الأولية بوزارة الصحة حسب التخصصات الرئيسية والجنسية والجنس والمنطقة الصحية عام 2021م.
statistical-yearbook-2021-chapter-II-health-resources.xlsx,2.24,2,1,region,region,"Physicians in MoH Primary Health Care Centers  by Main Specialities, Nationality , Sex and Health Region, 2021G."
statistical-yearbook-2021-chapter-II-health-resources.xlsx,2.24,2,1,physician,physician,"Physicians in MoH Primary Health Care Centers  by Main Specialities, Nationality , Sex and Health Region, 2021G."
statistical-yearbook-2021-chapter-II-health-resources.xlsx,2.24,6,5,total,المجموع,المجموع
statistical-yearbook-2021-chapter-II-health-resources.xlsx,2.24,6,8,total,المجموع,المجموع
statistical-yearbook-2021-chapter-II-health-resources.xlsx,2.24,6,11,total,المجموع,المجموع
statistical-yearbook-2021-chapter-II-health-resources.xlsx,2.24,6,14,total,المجموع,المجموع
statistical-yearbook-2021-chapter-II-health-resources.xlsx,2.24,7,5,total,total,Total
statistical-yearbook-2021-chapter-II-health-resources.xlsx,2.24,7,8,total,total,Total
statistical-yearbook-2021-chapter-II-health-resources.xlsx,2.24,7,11,total,total,Total
statistical-yearbook-2021-chapter-II-health-resources.xlsx,2.24,7,14,total,total,Total
statistical-yearbook-2021-chapter-II-health-resources.xlsx,2.24,8,1,year,عام,طب عام
statistical-yearbook-2021-chapter-II-health-resources.xlsx,2.24,10,2,total,المجموع,المجموع
statistical-yearbook-2021-chapter-II-health-resources.xlsx,2.24,10,15,total,total,Total
statistical-yearbook-2021-chapter-II-health-resources.xlsx,2.24,13,2,total,المجموع,المجموع
statistical-yearbook-2021-chapter-II-health-resources.xlsx,2.24,13,15,total,total,Total
statistical-yearbook-2021-chapter-II-health-resources.xlsx,2.24,16,2,total,المجموع,المجموع
statistical-yearbook-2021-chapter-II-health-resources.xlsx,2.24,16,15,total,total,Total
statistical-yearbook-2021-chapter-II-health-resources.xlsx,2.24,19,2,total,المجموع,المجموع
statistical-yearbook-2021-chapter-II-health-resources.xlsx,2.24,19,15,total,total,Total
statistical-yearbook-2021-chapter-II-health-resources.xlsx,2.24,20,1,bed,أسرة,طب أسرة
statistical-yearbook-2021-chapter-II-health-resources.xlsx,2.24,22,2,total,المجموع,المجموع
statistical-yearbook-2021-chapter-II-health-resources.xlsx,2.24,22,15,total,total,Total
statistical-yearbook-2021-chapter-II-health-resources.xlsx,2.24,23,1,physician,أطباء,أطباء آخرون
statistical-yearbook-2021-chapter-II-health-resources.xlsx,2.24,25,2,total,المجموع,المجموع
statistical-yearbook-2021-chapter-II-health-resources.xlsx,2.24,25,15,total,total,Total
statistical-yearbook-2021-chapter-II-health-resources.xlsx,2.24,26,1,total,المجموع,المجموع
statistical-yearbook-2021-chapter-II-health-resources.xlsx,2.24,26,16,total,total,Total
statistical-yearbook-2021-chapter-II-health-resources.xlsx,2.24,28,2,total,المجموع,المجموع
statistical-yearbook-2021-chapter-II-health-resources.xlsx,2.24,28,15,total,total,Total
statistical-yearbook-2021-chapter-II-health-resources.xlsx,2.24,32,5,total,المجموع,المجموع
statistical-yearbook-2021-chapter-II-health-resources.xlsx,2.24,32,8,total,المجموع,المجموع
statistical-yearbook-2021-chapter-II-health-resources.xlsx,2.24,32,11,total,المجموع,المجموع
statistical-yearbook-2021-chapter-II-health-resources.xlsx,2.24,32,14,total,المجموع,المجموع
statistical-yearbook-2021-chapter-II-health-resources.xlsx,2.24,33,5,total,total,Total
statistical-yearbook-2021-chapter-II-health-resources.xlsx,2.24,33,8,total,total,Total
statistical-yearbook-2021-chapter-II-health-resources.xlsx,2.24,33,11,total,total,Total
statistical-yearbook-2021-chapter-II-health-resources.xlsx,2.24,33,14,total,total,Total
statistical-yearbook-2021-chapter-II-health-resources.xlsx,2.24,34,1,year,عام,طب عام
statistical-yearbook-2021-chapter-II-health-resources.xlsx,2.24,36,2,total,المجموع,المجموع
statistical-yearbook-2021-chapter-II-health-resources.xlsx,2.24,36,15,total,total,Total
statistical-yearbook-2021-chapter-II-health-resources.xlsx,2.24,39,2,total,المجموع,المجموع
statistical-yearbook-2021-chapter-II-health-resources.xlsx,2.24,39,15,total,total,Total
statistical-yearbook-2021-chapter-II-health-resources.xlsx,2.25,1,1,year,عام,أسرة مستشفيات الجهات الحكومية الأخرى حسب التخصص عام 2021م.
statistical-yearbook-2021-chapter-II-health-resources.xlsx,2.25,1,1,bed,أسرة,أسرة مستشفيات الجهات الحكومية الأخرى حسب التخصص عام 2021م.
statistical-yearbook-2021-chapter-II-health-resources.xlsx,2.25,2,1,hospital,hospital,"Hospital Beds in Other Governmental Sector by Speciality, 2021G."
statistical-yearbook-2021-chapter-II-health-resources.xlsx,2.25,2,1,bed,bed,"Hospital Beds in Other Governmental Sector by Speciality, 2021G."
statistical-yearbook-2021-chapter-II-health-resources.xlsx,2.25,4,34,total,total,Total
statistical-yearbook-2021-chapter-II-health-resources.xlsx,2.25,4,35,total,المجموع,المجموع
statistical-yearbook-2021-chapter-II-health-resources.xlsx,2.25,8,1,hospital,مستشفى,مستشفى الملك فيصل التخصصي ومركز الأبحاث
statistical-yearbook-2021-chapter-II-health-resources.xlsx,2.25,8,36,hospital,hospital,King Faisal Specialist Hospital &R.C.
statistical-yearbook-2021-chapter-II-health-resources.xlsx,2.25,9,36,hospital,hospital,Royal Commission Hospitals
statistical-yearbook-2021-chapter-II-health-resources.xlsx,2.25,10,36,hospital,hospital,ARAMCO Hospitals
statistical-yearbook-2021-chapter-II-health-resources.xlsx,2.25,12,1,total,المجموع,المجموع
statistical-yearbook-2021-chapter-II-health-resources.xlsx,2.25,12,36,total,total,Total
statistical-yearbook-2021-chapter-II-health-resources.xlsx,2.26,1,1,year,عام,االقوى العاملة الصحية بالجهات الحكومية الأخرى حسب الفئــة والجنس والجنسية عام 2021م
statistical-yearbook-2021-chapter-II-health-resources.xlsx,2.26,5,12,hospital,hospital,King Faisal Specialist Hospital
statistical-yearbook-2021-chapter-II-health-resources.xlsx,2.26,6,5,total,المجموع,المجموع
statistical-yearbook-2021-chapter-II-health-resources.xlsx,2.26,6,8,total,المجموع,المجموع
statistical-yearbook-2021-chapter-II-health-resources.xlsx,2.26,6,11,total,المجموع,المجموع
statistical-yearbook-2021-chapter-II-health-resources.xlsx,2.26,6,14,total,المجموع,المجموع
statistical-yearbook-2021-chapter-II-health-resources.xlsx,2.26,7,5,total,total,Total
statistical-yearbook-2021-chapter-II-health-resources.xlsx,2.26,7,8,total,total,Total
statistical-yearbook-2021-chapter-II-health-resources.xlsx,2.26,7,11,total,total,Total
statistical-yearbook-2021-chapter-II-health-resources.xlsx,2.26,7,14,total,total,Total
statistical-yearbook-2021-chapter-II-health-resources.xlsx,2.26,8,1,physician,أطباء,أطباء بشريون
statistical-yearbook-2021-chapter-II-health-resources.xlsx,2.26,8,16,physician,physician,Physicians
statistical-yearbook-2021-chapter-II-health-resources.xlsx,2.26,10,2,total,المجموع,المجموع
statistical-yearbook-2021-chapter-II-health-resources.xlsx,2.26,10,15,total,total,Total
statistical-yearbook-2021-chapter-II-health-resources.xlsx,2.26,11,1,physician,أطباء,أطباء أسنان
statistical-yearbook-2021-chapter-II-health-resources.xlsx,2.26,13,2,total,المجموع,المجموع
statistical-yearbook-2021-chapter-II-health-resources.xlsx,2.26,13,15,total,total,Total
statistical-yearbook-2021-chapter-II-health-resources.xlsx,2.26,14,1,physician,أطباء,إجمالي الأطباء
statistical-yearbook-2021-chapter-II-health-resources.xlsx,2.26,14,16,total,total,Total Physicians and Dentists
statistical-yearbook-2021-chapter-II-health-resources.xlsx,2.26,14,16,physician,physician,Total Physicians and Dentists
statistical-yearbook-2021-chapter-II-health-resources.xlsx,2.26,16,2,total,المجموع,المجموع
statistical-yearbook-2021-chapter-II-health-resources.xlsx,2.26,16,15,total,total,Total
statistical-yearbook-2021-chapter-II-health-resources.xlsx,2.26,17,1,nurse,تمريض,طاقم التمريض
statistical-yearbook-2021-chapter-II-health-resources.xlsx,2.26,17,16,nurse,nurse,Nurses
statistical-yearbook-2021-chapter-II-health-resources.xlsx,2.26,19,2,total,المجموع,المجموع
statistical-yearbook-2021-chapter-II-health-resources.xlsx,2.26,19,15,total,total,Total
statistical-yearbook-2021-chapter-II-health-resources.xlsx,2.26,22,2,total,المجموع,المجموع
statistical-yearbook-2021-chapter-II-health-resources.xlsx,2.26,22,15,total,total,Total
statistical-yearbook-2021-chapter-II-health-resources.xlsx,2.26,23,1,nurse,تمريض,إجمالي طاقم التمريض والقابلات
statistical-yearbook-2021-chapter-II-health-resources.xlsx,2.26,23,16,total,total,Total Nurses and Midwives
statistical-yearbook-2021-chapter-II-health-resources.xlsx,2.26,23,16,nurse,nurse,Total Nurses and Midwives
statistical-yearbook-2021-chapter-II-health-resources.xlsx,2.26,25,2,total,المجموع,المجموع
statistical-yearbook-2021-chapter-II-health-resources.xlsx,2.26,25,15,total,total,Total
statistical-yearbook-2021-chapter-II-health-resources.xlsx,2.26,28,2,total,المجموع,المجموع
statistical-yearbook-2021-chapter-II-health-resources.xlsx,2.26,28,15,total,total,Total
statistical-yearbook-2021-chapter-II-health-resources.xlsx,2.26,31,2,total,المجموع,المجموع
statistical-yearbook-2021-chapter-II-health-resources.xlsx,2.26,31,15,total,total,Total
statistical-yearbook-2021-chapter-II-health-resources.xlsx,2.26,35,3,hospital,hospital,Royal Commission Hospitals
statistical-yearbook-2021-chapter-II-health-resources.xlsx,2.26,35,6,hospital,hospital,ARAMCO Hospitals
statistical-yearbook-2021-chapter-II-health-resources.xlsx,2.26,35,12,source,source,Ministry of Human Resources and Social Development
statistical-yearbook-2021-chapter-II-health-resources.xlsx,2.26,36,5,total,المجموع,المجموع
statistical-yearbook-2021-chapter-II-health-resources.xlsx,2.26,36,8,total,المجموع,المجموع
statistical-yearbook-2021-chapter-II-health-resources.xlsx,2.26,36,11,total,المجموع,المجموع
statistical-yearbook-2021-chapter-II-health-resources.xlsx,2.26,36,14,total,المجموع,المجموع
statistical-yearbook-2021-chapter-II-health-resources.xlsx,2.26,37,5,total,total,Total
statistical-yearbook-2021-chapter-II-health-resources.xlsx,2.26,37,8,total,total,Total
statistical-yearbook-2021-chapter-II-health-resources.xlsx,2.26,37,11,total,total,Total
statistical-yearbook-2021-chapter-II-health-resources.xlsx,2.26,37,14,total,total,Total
statistical-yearbook-2021-chapter-II-health-resources.xlsx,2.26,38,1,physician,أطباء,أطباء بشريون
statistical-yearbook-2021-chapter-II-health-resources.xlsx,2.26,38,16,physician,physician,Physicians
statistical-yearbook-2021-chapter-II-health-resources.xlsx,2.26,40,2,total,المجموع,المجموع
statistical-yearbook-2021-chapter-II-health-resources.xlsx,2.26,40,15,total,total,Total
statistical-yearbook-2021-chapter-II-health-resources.xlsx,2.27,1,1,year,عام,الأطباء وأطباء الأسنان بالجهات الحكومية الأخرى حسب التخصص والجنسية عام 2021م.
statistical-yearbook-2021-chapter-II-health-resources.xlsx,2.27,1,1,physician,أطباء,الأطباء وأطباء الأسنان بالجهات الحكومية الأخرى حسب التخصص والجنسية عام 2021م.
statistical-yearbook-2021-chapter-II-health-resources.xlsx,2.27,2,1,physician,physician,"Physicians & Dentists in Other Governmental Sector  by Speciality and Nationality, 2021G."
statistical-yearbook-2021-chapter-II-health-resources.xlsx,2.27,5,11,hospital,hospital,King Faisal Specialist Hospital
statistical-yearbook-2021-chapter-II-health-resources.xlsx,2.27,5,14,hospital,hospital,Royal Commission Hospitals
statistical-yearbook-2021-chapter-II-health-resources.xlsx,2.27,6,4,total,المجموع,المجموع
statistical-yearbook-2021-chapter-II-health-resources.xlsx,2.27,6,7,total,المجموع,المجموع
statistical-yearbook-2021-chapter-II-health-resources.xlsx,2.27,6,10,total,المجموع,المجموع
statistical-yearbook-2021-chapter-II-health-resources.xlsx,2.27,6,13,total,المجموع,المجموع
statistical-yearbook-2021-chapter-II-health-resources.xlsx,2.27,6,16,total,المجموع,المجموع
statistical-yearbook-2021-chapter-II-health-resources.xlsx,2.27,7,4,total,total,Total
statistical-yearbook-2021-chapter-II-health-resources.xlsx,2.27,7,7,total,total,Total
statistical-yearbook-2021-chapter-II-health-resources.xlsx,2.27,7,10,total,total,Total
statistical-yearbook-2021-chapter-II-health-resources.xlsx,2.27,7,13,total,total,Total
statistical-yearbook-2021-chapter-II-health-resources.xlsx,2.27,7,16,total,total,Total
statistical-yearbook-2021-chapter-II-health-resources.xlsx,2.27,8,1,year,عام,عام
statistical-yearbook-2021-chapter-II-health-resources.xlsx,2.27,11,1,year,عام,جراحة عامة
statistical-yearbook-2021-chapter-II-health-resources.xlsx,2.27,24,1,year,عام,صحة عامة (طب مجتمع ) وصحة مهنية
statistical-yearbook-2021-chapter-II-health-resources.xlsx,2.27,33,1,bed,أسرة,طب أسرة
statistical-yearbook-2021-chapter-II-health-resources.xlsx,2.28,1,1,year,عام,القوى العاملة الصحية بالجهات الحكومية الأخرى حسب الجنسية في الأعوام الخمسة الأخيرة
statistical-yearbook-2021-chapter-II-health-resources.xlsx,2.28,2,1,year,year,"Health Manpower in the Other Governmental Sector by Nationality, in the last Five Years"
statistical-yearbook-2021-chapter-II-health-resources.xlsx,2.28,4,3,year,عام,العام
statistical-yearbook-2021-chapter-II-health-resources.xlsx,2.28,4,5,year,year,Year
statistical-yearbook-2021-chapter-II-health-resources.xlsx,2.28,6,1,physician,أطباء,أطباء بشريون
statistical-yearbook-2021-chapter-II-health-resources.xlsx,2.28,6,9,physician,physician,Physicians
statistical-yearbook-2021-chapter-II-health-resources.xlsx,2.28,8,2,total,المجموع,المجموع
statistical-yearbook-2021-chapter-II-health-resources.xlsx,2.28,8,8,total,total,Total
statistical-yearbook-2021-chapter-II-health-resources.xlsx,2.28,9,1,physician,أطباء,أطباء أسنان
statistical-yearbook-2021-chapter-II-health-resources.xlsx,2.28,11,2,total,المجموع,المجموع
statistical-yearbook-2021-chapter-II-health-resources.xlsx,2.28,11,8,total,total,Total
statistical-yearbook-2021-chapter-II-health-resources.xlsx,2.28,12,1,physician,أطباء,إجمالي الأطباء
statistical-yearbook-2021-chapter-II-health-resources.xlsx,2.28,12,9,total,total,Total Physicians and Dentists
statistical-yearbook-2021-chapter-II-health-resources.xlsx,2.28,12,9,physician,physician,Total Physicians and Dentists
statistical-yearbook-2021-chapter-II-health-resources.xlsx,2.28,14,2,total,المجموع,المجموع
statistical-yearbook-2021-chapter-II-health-resources.xlsx,2.28,14,8,total,total,Total
statistical-yearbook-2021-chapter-II-health-resources.xlsx,2.28,15,1,nurse,تمريض,طاقم التمريض
statistical-yearbook-2021-chapter-II-health-resources.xlsx,2.28,15,9,nurse,nurse,Nurses
statistical-yearbook-2021-chapter-II-health-resources.xlsx,2.28,17,2,total,المجموع,المجموع
statistical-yearbook-2021-chapter-II-health-resources.xlsx,2.28,17,8,total,total,Total
statistical-yearbook-2021-chapter-II-health-resources.xlsx,2.28,20,2,total,المجموع,المجموع
statistical-yearbook-2021-chapter-II-health-resources.xlsx,2.28,20,8,total,total,Total
statistical-yearbook-2021-chapter-II-health-resources.xlsx,2.28,21,1,nurse,تمريض,إجمالي طاقم التمريض والقابلات
statistical-yearbook-2021-chapter-II-health-resources.xlsx,2.28,21,9,total,total,Total Nurses and Midwives
statistical-yearbook-2021-chapter-II-health-resources.xlsx,2.28,21,9,nurse,nurse,Total Nurses and Midwives
statistical-yearbook-2021-chapter-II-health-resources.xlsx,2.28,23,2,total,المجموع,المجموع
statistical-yearbook-2021-chapter-II-health-resources.xlsx,2.28,23,8,total,total,Total
statistical-yearbook-2021-chapter-II-health-resources.xlsx,2.28,26,2,total,المجموع,المجموع
statistical-yearbook-2021-chapter-II-health-resources.xlsx,2.28,26,8,total,total,Total
statistical-yearbook-2021-chapter-II-health-resources.xlsx,2.28,29,2,total,المجموع,المجموع
statistical-yearbook-2021-chapter-II-health-resources.xlsx,2.28,29,8,total,total,Total
statistical-yearbook-2021-chapter-II-health-resources.xlsx,2.29,1,1,region,المنطقة,المستشفيات والأسرة والمجمعات الطبية والمرافق الصحية الأخرى بالقطاع الخاص حسب المنطقة الصحية عام 2021م.
statistical-yearbook-2021-chapter-II-health-resources.xlsx,2.29,1,1,year,عام,المستشفيات والأسرة والمجمعات الطبية والمرافق الصحية الأخرى بالقطاع الخاص حسب المنطقة الصحية عام 2021م.
statistical-yearbook-2021-chapter-II-health-resources.xlsx,2.29,1,1,hospital,المستشفيات,المستشفيات والأسرة والمجمعات الطبية والمرافق الصحية الأخرى بالقطاع الخاص حسب المنطقة الصحية عام 2021م.
statistical-yearbook-2021-chapter-II-health-resources.xlsx,2.29,1,1,bed,أسرة,المستشفيات والأسرة والمجمعات الطبية والمرافق الصحية الأخرى بالقطاع الخاص حسب المنطقة الصحية عام 2021م.
statistical-yearbook-2021-chapter-II-health-resources.xlsx,2.29,2,1,region,region,"Private Sector Hospitals, Medical Complexes, Beds and Other Medical Facilities,by Health Region, 2021G."
statistical-yearbook-2021-chapter-II-health-resources.xlsx,2.29,2,1,hospital,hospital,"Private Sector Hospitals, Medical Complexes, Beds and Other Medical Facilities,by Health Region, 2021G."
statistical-yearbook-2021-chapter-II-health-resources.xlsx,2.29,2,1,bed,bed,"Private Sector Hospitals, Medical Complexes, Beds and Other Medical Facilities,by Health Region, 2021G."
statistical-yearbook-2021-chapter-II-health-resources.xlsx,2.29,4,1,region,المنطقة,المنطقة الصحية
statistical-yearbook-2021-chapter-II-health-resources.xlsx,2.29,4,2,hospital,hospital,"عدد المستشفيات
Hospitals"
statistical-yearbook-2021-chapter-II-health-resources.xlsx,2.29,4,3,bed,bed,"عدد الأسرة
Beds"
statistical-yearbook-2021-chapter-II-health-resources.xlsx,2.29,4,5,physician,doctor,"عيادات   خاصه
Single Doctor Private Clinics"
statistical-yearbook-2021-chapter-II-health-resources.xlsx,2.29,4,11,region,region,Health Region
statistical-yearbook-2021-chapter-II-health-resources.xlsx,2.29,27,1,total,الإجمالي,الإجمالي
statistical-yearbook-2021-chapter-II-health-resources.xlsx,2.29,27,11,total,total,Total
statistical-yearbook-2021-chapter-II-health-resources.xlsx,2.30,1,1,region,المنطقة,المستشفيات والأسرة والمجمعات الطبية بالقطاع الخاص  حسب المنطقة الصحية في الأعوام الخمسة الأخيرة
statistical-yearbook-2021-chapter-II-health-resources.xlsx,2.30,1,1,hospital,المستشفيات,المستشفيات والأسرة والمجمعات الطبية بالقطاع الخاص  حسب المنطقة الصحية في الأعوام الخمسة الأخيرة
statistical-yearbook-2021-chapter-II-health-resources.xlsx,2.30,1,1,bed,أسرة,المستشفيات والأسرة والمجمعات الطبية بالقطاع الخاص  حسب المنطقة الصحية في الأعوام الخمسة الأخيرة
statistical-yearbook-2021-chapter-II-health-resources.xlsx,2.30,2,1,region,region,"Private Sector Hospitals, Beds and Medical Complexes by Health Region, in the last Five Years"
statistical-yearbook-2021-chapter-II-health-resources.xlsx,2.30,2,1,year,year,"Private Sector Hospitals, Beds and Medical Complexes by Health Region, in the last Five Years"
statistical-yearbook-2021-chapter-II-health-resources.xlsx,2.30,2,1,hospital,hospital,"Private Sector Hospitals, Beds and Medical Complexes by Health Region, in the last Five Years"
statistical-yearbook-2021-chapter-II-health-resources.xlsx,2.30,2,1,bed,bed,"Private Sector Hospitals, Beds and Medical Complexes by Health Region, in the last Five Years"
statistical-yearbook-2021-chapter-II-health-resources.xlsx,2.30,4,1,region,المنطقة,المنطقة الصحية
statistical-yearbook-2021-chapter-II-health-resources.xlsx,2.30,4,17,region,region,Health Region
statistical-yearbook-2021-chapter-II-health-resources.xlsx,2.30,5,2,hospital,hospital,"المستشفيات
Hospitals"
statistical-yearbook-2021-chapter-II-health-resources.xlsx,2.30,5,3,bed,bed,"الأسرة
Beds"
statistical-yearbook-2021-chapter-II-health-resources.xlsx,2.30,5,5,hospital,hospital,"المستشفيات
Hospitals"
statistical-yearbook-2021-chapter-II-health-resources.xlsx,2.30,5,6,bed,bed,"الأسرة
Beds"
statistical-yearbook-2021-chapter-II-health-resources.xlsx,2.30,5,8,hospital,hospital,"المستشفيات
Hospitals"
statistical-yearbook-2021-chapter-II-health-resources.xlsx,2.30,5,9,bed,bed,"الأسرة
Beds"
statistical-yearbook-2021-chapter-II-health-resources.xlsx,2.30,5,11,hospital,hospital,"المستشفيات
Hospitals"
statistical-yearbook-2021-chapter-II-health-resources.xlsx,2.30,5,12,bed,bed,"الأسرة
Beds"
statistical-yearbook-2021-chapter-II-health-resources.xlsx,2.30,5,14,hospital,hospital,"المستشفيات
Hospitals"
statistical-yearbook-2021-chapter-II-health-resources.xlsx,2.30,5,15,bed,bed,"الأسرة
Beds"
statistical-yearbook-2021-chapter-II-health-resources.xlsx,2.30,27,1,total,الإجمالي,الإجمالي
statistical-yearbook-2021-chapter-II-health-resources.xlsx,2.30,27,17,total,total,Total
statistical-yearbook-2021-chapter-II-health-resources.xlsx,2.31,1,1,region,المنطقة,أسرة مستشفيات القطاع الخاص حسب المنطقة الصحية والتخصص عام 2021م.
statistical-yearbook-2021-chapter-II-health-resources.xlsx,2.31,1,1,year,عام,أسرة مستشفيات القطاع الخاص حسب المنطقة الصحية والتخصص عام 2021م.
statistical-yearbook-2021-chapter-II-health-resources.xlsx,2.31,1,1,bed,أسرة,أسرة مستشفيات القطاع الخاص حسب المنطقة الصحية والتخصص عام 2021م.
statistical-yearbook-2021-chapter-II-health-resources.xlsx,2.31,2,1,region,region,"Hospital Beds at Private Sector by Health Region and Speciality , 2021G."
statistical-yearbook-2021-chapter-II-health-resources.xlsx,2.31,2,1,hospital,hospital,"Hospital Beds at Private Sector by Health Region and Speciality , 2021G."
statistical-yearbook-2021-chapter-II-health-resources.xlsx,2.31,2,1,bed,bed,"Hospital Beds at Private Sector by Health Region and Speciality , 2021G."
statistical-yearbook-2021-chapter-II-health-resources.xlsx,2.31,4,1,region,المنطقة,المنطقة الصحية
statistical-yearbook-2021-chapter-II-health-resources.xlsx,2.31,4,3,year,عام,عامة
statistical-yearbook-2021-chapter-II-health-resources.xlsx,2.31,4,36,total,total,Total
statistical-yearbook-2021-chapter-II-health-resources.xlsx,2.31,4,37,total,المجموع,المجموع
statistical-yearbook-2021-chapter-II-health-resources.xlsx,2.31,4,38,region,region,Health Region
statistical-yearbook-2021-chapter-II-health-resources.xlsx,2.31,20,1,total,المجموع,المجموع
statistical-yearbook-2021-chapter-II-health-resources.xlsx,2.31,20,38,total,total,Total
statistical-yearbook-2021-chapter-II-health-resources.xlsx,2.32,1,1,region,المنطقة,العيادات الخاصة للأطباء حسب المنطقة والتخصص عام 2021م.
statistical-yearbook-2021-chapter-II-health-resources.xlsx,2.32,1,1,year,عام,العيادات الخاصة للأطباء حسب المنطقة والتخصص عام 2021م.
statistical-yearbook-2021-chapter-II-health-resources.xlsx,2.32,1,1,physician,أطباء,العيادات الخاصة للأطباء حسب المنطقة والتخصص عام 2021م.
statistical-yearbook-2021-chapter-II-health-resources.xlsx,2.32,2,1,region,region,"Single Doctor Private Clinics by Health Region and Speciality, 2021G."
statistical-yearbook-2021-chapter-II-health-resources.xlsx,2.32,2,1,physician,doctor,"Single Doctor Private Clinics by Health Region and Speciality, 2021G."
statistical-yearbook-2021-chapter-II-health-resources.xlsx,2.32,4,1,region,المنطقة,المنطقة الصحية الصحية
statistical-yearbook-2021-chapter-II-health-resources.xlsx,2.32,4,3,year,عام,طـب عام
statistical-yearbook-2021-chapter-II-health-resources.xlsx,2.32,4,9,year,عام,جراحة عامة
statistical-yearbook-2021-chapter-II-health-resources.xlsx,2.32,4,30,total,total,Total
statistical-yearbook-2021-chapter-II-health-resources.xlsx,2.32,4,31,total,المجموع,المجموع
statistical-yearbook-2021-chapter-II-health-resources.xlsx,2.32,4,32,region,region,Health Region
statistical-yearbook-2021-chapter-II-health-resources.xlsx,2.32,16,1,total,المجموع,المجموع
statistical-yearbook-2021-chapter-II-health-resources.xlsx,2.32,16,32,total,total,Total
statistical-yearbook-2021-chapter-II-health-resources.xlsx,2.32,17,1,region,المناطق,* باقي المناطق لا يوجد بها عيادات خاصة للأطباء
statistical-yearbook-2021-chapter-II-health-resources.xlsx,2.32,17,1,physician,أطباء,* باقي المناطق لا يوجد بها عيادات خاصة للأطباء
statistical-yearbook-2021-chapter-II-health-resources.xlsx,2-33,1,1,year,عام,القوى العاملة الصحية بالقطاع الخاص في الأعوام الخمسة الأخيرة
statistical-yearbook-2021-chapter-II-health-resources.xlsx,2-33,2,1,year,year,Health Manpower at Private Sector in the last Five Years
statistical-yearbook-2021-chapter-II-health-resources.xlsx,2-33,4,3,year,عام,العام
statistical-yearbook-2021-chapter-II-health-resources.xlsx,2-33,4,5,year,year,Year
statistical-yearbook-2021-chapter-II-health-resources.xlsx,2-33,6,1,physician,أطباء,أطباء بشريون
statistical-yearbook-2021-chapter-II-health-resources.xlsx,2-33,6,9,physician,physician,Physicians
statistical-yearbook-2021-chapter-II-health-resources.xlsx,2-33,8,2,total,المجموع,المجموع
statistical-yearbook-2021-chapter-II-health-resources.xlsx,2-33,8,8,total,total,Total
statistical-yearbook-2021-chapter-II-health-resources.xlsx,2-33,9,1,physician,أطباء,أطباء أسنان
statistical-yearbook-2021-chapter-II-health-resources.xlsx,2-33,11,2,total,المجموع,المجموع
statistical-yearbook-2021-chapter-II-health-resources.xlsx,2-33,11,8,total,total,Total
statistical-yearbook-2021-chapter-II-health-resources.xlsx,2-33,12,1,physician,أطباء,إجمالي الأطباء
statistical-yearbook-2021-chapter-II-health-resources.xlsx,2-33,12,9,total,total,Total Physicians and Dentists
statistical-yearbook-2021-chapter-II-health-resources.xlsx,2-33,12,9,physician,physician,Total Physicians and Dentists
statistical-yearbook-2021-chapter-II-health-resources.xlsx,2-33,14,2,total,المجموع,المجموع
statistical-yearbook-2021-chapter-II-health-resources.xlsx,2-33,14,8,total,total,Total
statistical-yearbook-2021-chapter-II-health-resources.xlsx,2-33,15,1,nurse,تمريض,طاقم التمريض
statistical-yearbook-2021-chapter-II-health-resources.xlsx,2-33,15,9,nurse,nurse,Nurses
statistical-yearbook-2021-chapter-II-health-resources.xlsx,2-33,17,2,total,المجموع,المجموع
statistical-yearbook-2021-chapter-II-health-resources.xlsx,2-33,17,8,total,total,Total
statistical-yearbook-2021-chapter-II-health-resources.xlsx,2-33,20,2,total,المجموع,المجموع
statistical-yearbook-2021-chapter-II-health-resources.xlsx,2-33,20,8,total,total,Total
statistical-yearbook-2021-chapter-II-health-resources.xlsx,2-33,21,1,nurse,تمريض,إجمالي طاقم التمريض والقابلات
statistical-yearbook-2021-chapter-II-health-resources.xlsx,2-33,21,9,total,total,Total Nurses and Midwives
statistical-yearbook-2021-chapter-II-health-resources.xlsx,2-33,21,9,nurse,nurse,Total Nurses and Midwives
statistical-yearbook-2021-chapter-II-health-resources.xlsx,2-33,23,2,total,المجموع,المجموع
statistical-yearbook-2021-chapter-II-health-resources.xlsx,2-33,23,8,total,total,Total
statistical-yearbook-2021-chapter-II-health-resources.xlsx,2-33,26,2,total,المجموع,المجموع
statistical-yearbook-2021-chapter-II-health-resources.xlsx,2-33,26,8,total,total,Total
statistical-yearbook-2021-chapter-II-health-resources.xlsx,2-33,29,2,total,المجموع,المجموع
statistical-yearbook-2021-chapter-II-health-resources.xlsx,2-33,29,8,total,total,Total
statistical-yearbook-2021-chapter-II-health-resources.xlsx,2.34,1,1,region,المنطقة,القوى العاملة الصحية بالقطاع الخاص حسب المنطقة الصحية والفئة والجنس والجنسية عام 2021م
statistical-yearbook-2021-chapter-II-health-resources.xlsx,2.34,1,1,year,عام,القوى العاملة الصحية بالقطاع الخاص حسب المنطقة الصحية والفئة والجنس والجنسية عام 2021م
statistical-yearbook-2021-chapter-II-health-resources.xlsx,2.34,2,1,region,region,"Health Manpower in the Private Sector by Health Region,Category,Sex and Nationality, 2021G"
statistical-yearbook-2021-chapter-II-health-resources.xlsx,2.34,6,5,total,المجموع,المجموع
statistical-yearbook-2021-chapter-II-health-resources.xlsx,2.34,6,8,total,المجموع,المجموع
statistical-yearbook-2021-chapter-II-health-resources.xlsx,2.34,6,11,total,المجموع,المجموع
statistical-yearbook-2021-chapter-II-health-resources.xlsx,2.34,6,14,total,المجموع,المجموع
statistical-yearbook-2021-chapter-II-health-resources.xlsx,2.34,7,5,total,total,Total
statistical-yearbook-2021-chapter-II-health-resources.xlsx,2.34,7,8,total,total,Total
statistical-yearbook-2021-chapter-II-health-resources.xlsx,2.34,7,11,total,total,Total
statistical-yearbook-2021-chapter-II-health-resources.xlsx,2.34,7,14,total,total,Total
statistical-yearbook-2021-chapter-II-health-resources.xlsx,2.34,8,1,physician,أطباء,أطباء بشريون
statistical-yearbook-2021-chapter-II-health-resources.xlsx,2.34,8,16,physician,physician,Physicians
statistical-yearbook-2021-chapter-II-health-resources.xlsx,2.34,10,2,total,المجموع,المجموع
statistical-yearbook-2021-chapter-II-health-resources.xlsx,2.34,10,15,total,total,Total
statistical-yearbook-2021-chapter-II-health-resources.xlsx,2.34,11,1,physician,أطباء,أطباء أسنان
statistical-yearbook-2021-chapter-II-health-resources.xlsx,2.34,13,2,total,المجموع,المجموع
statistical-yearbook-2021-chapter-II-health-resources.xlsx,2.34,13,15,total,total,Total
statistical-yearbook-2021-chapter-II-health-resources.xlsx,2.34,14,1,physician,أطباء,إجمالي الأطباء
statistical-yearbook-2021-chapter-II-health-resources.xlsx,2.34,14,16,total,total,Total Physicians and Dentists
statistical-yearbook-2021-chapter-II-health-resources.xlsx,2.34,14,16,physician,physician,Total Physicians and Dentists
statistical-yearbook-2021-chapter-II-health-resources.xlsx,2.34,16,2,total,المجموع,المجموع
statistical-yearbook-2021-chapter-II-health-resources.xlsx,2.34,16,15,total,total,Total
statistical-yearbook-2021-chapter-II-health-resources.xlsx,2.34,17,1,nurse,تمريض,طاقم التمريض
statistical-yearbook-2021-chapter-II-health-resources.xlsx,2.34,17,16,nurse,nurse,Nurses
statistical-yearbook-2021-chapter-II-health-resources.xlsx,2.34,19,2,total,المجموع,المجموع
statistical-yearbook-2021-chapter-II-health-resources.xlsx,2.34,19,15,total,total,Total
statistical-yearbook-2021-chapter-II-health-resources.xlsx,2.34,22,2,total,المجموع,المجموع
statistical-yearbook-2021-chapter-II-health-resources.xlsx,2.34,22,15,total,total,Total
statistical-yearbook-2021-chapter-II-health-resources.xlsx,2.34,23,1,nurse,تمريض,إجمالي طاقم التمريض والقابلات
statistical-yearbook-2021-chapter-II-health-resources.xlsx,2.34,23,16,total,total,Total Nurses and Midwives
statistical-yearbook-2021-chapter-II-health-resources.xlsx,2.34,23,16,nurse,nurse,Total Nurses and Midwives
statistical-yearbook-2021-chapter-II-health-resources.xlsx,2.34,25,2,total,المجموع,المجموع
statistical-yearbook-2021-chapter-II-health-resources.xlsx,2.34,25,15,total,total,Total
statistical-yearbook-2021-chapter-II-health-resources.xlsx,2.34,28,2,total,المجموع,المجموع
statistical-yearbook-2021-chapter-II-health-resources.xlsx,2.34,28,15,total,total,Total
statistical-yearbook-2021-chapter-II-health-resources.xlsx,2.34,31,2,total,المجموع,المجموع
statistical-yearbook-2021-chapter-II-health-resources.xlsx,2.34,31,15,total,total,Total
statistical-yearbook-2021-chapter-II-health-resources.xlsx,2.34,35,5,total,المجموع,المجموع
statistical-yearbook-2021-chapter-II-health-resources.xlsx,2.34,35,8,total,المجموع,المجموع
statistical-yearbook-2021-chapter-II-health-resources.xlsx,2.34,35,11,total,المجموع,المجموع
statistical-yearbook-2021-chapter-II-health-resources.xlsx,2.34,35,14,total,المجموع,المجموع
statistical-yearbook-2021-chapter-II-health-resources.xlsx,2.34,36,5,total,total,Total
statistical-yearbook-2021-chapter-II-health-resources.xlsx,2.34,36,8,total,total,Total
statistical-yearbook-2021-chapter-II-health-resources.xlsx,2.34,36,11,total,total,Total
statistical-yearbook-2021-chapter-II-health-resources.xlsx,2.34,36,14,total,total,Total
statistical-yearbook-2021-chapter-II-health-resources.xlsx,2.34,37,1,physician,أطباء,أطباء بشريون
statistical-yearbook-2021-chapter-II-health-resources.xlsx,2.34,37,16,physician,physician,Physicians
statistical-yearbook-2021-chapter-II-health-resources.xlsx,2.34,39,2,total,المجموع,المجموع
statistical-yearbook-2021-chapter-II-health-resources.xlsx,2.34,39,15,total,total,Total
statistical-yearbook-2021-chapter-II-health-resources.xlsx,2.34,40,1,physician,أطباء,أطباء أسنان
statistical-yearbook-2021-chapter-II-health-resources.xlsx,2.35,1,1,region,المنطقة,القوى العاملة الصحية بمستشفيات القطاع الخاص حسب المنطقة الصحية والفئة والجنس والجنسية عام 2021م
statistical-yearbook-2021-chapter-II-health-resources.xlsx,2.35,1,1,year,عام,القوى العاملة الصحية بمستشفيات القطاع الخاص حسب المنطقة الصحية والفئة والجنس والجنسية عام 2021م
statistical-yearbook-2021-chapter-II-health-resources.xlsx,2.35,2,1,region,region,"Health Manpower in Private Sector Hospitals by Health Region,Category,Sex and Nationality, 2021G"
statistical-yearbook-2021-chapter-II-health-resources.xlsx,2.35,2,1,hospital,hospital,"Health Manpower in Private Sector Hospitals by Health Region,Category,Sex and Nationality, 2021G"
statistical-yearbook-2021-chapter-II-health-resources.xlsx,2.35,6,5,total,المجموع,المجموع
statistical-yearbook-2021-chapter-II-health-resources.xlsx,2.35,6,8,total,المجموع,المجموع
statistical-yearbook-2021-chapter-II-health-resources.xlsx,2.35,6,11,total,المجموع,المجموع
statistical-yearbook-2021-chapter-II-health-resources.xlsx,2.35,6,14,total,المجموع,المجموع
statistical-yearbook-2021-chapter-II-health-resources.xlsx,2.35,7,5,total,total,Total
statistical-yearbook-2021-chapter-II-health-resources.xlsx,2.35,7,8,total,total,Total
statistical-yearbook-2021-chapter-II-health-resources.xlsx,2.35,7,11,total,total,Total
statistical-yearbook-2021-chapter-II-health-resources.xlsx,2.35,7,14,total,total,Total
statistical-yearbook-2021-chapter-II-health-resources.xlsx,2.35,8,1,physician,أطباء,أطباء بشريون
statistical-yearbook-2021-chapter-II-health-resources.xlsx,2.35,8,16,physician,physician,Physicians
statistical-yearbook-2021-chapter-II-health-resources.xlsx,2.35,10,2,total,المجموع,المجموع
statistical-yearbook-2021-chapter-II-health-resources.xlsx,2.35,10,15,total,total,Total
statistical-yearbook-2021-chapter-II-health-resources.xlsx,2.35,11,1,physician,أطباء,أطباء أسنان
statistical-yearbook-2021-chapter-II-health-resources.xlsx,2.35,13,2,total,المجموع,المجموع
statistical-yearbook-2021-chapter-II-health-resources.xlsx,2.35,13,15,total,total,Total
statistical-yearbook-2021-chapter-II-health-resources.xlsx,2.35,14,1,physician,أطباء,إجمالي الأطباء
statistical-yearbook-2021-chapter-II-health-resources.xlsx,2.35,14,16,total,total,Total Physicians and Dentists
statistical-yearbook-2021-chapter-II-health-resources.xlsx,2.35,14,16,physician,physician,Total Physicians and Dentists
statistical-yearbook-2021-chapter-II-health-resources.xlsx,2.35,16,2,total,المجموع,المجموع
statistical-yearbook-2021-chapter-II-health-resources.xlsx,2.35,16,15,total,total,Total
statistical-yearbook-2021-chapter-II-health-resources.xlsx,2.35,17,1,nurse,تمريض,طاقم التمريض
statistical-yearbook-2021-chapter-II-health-resources.xlsx,2.35,17,16,nurse,nurse,Nurses
statistical-yearbook-2021-chapter-II-health-resources.xlsx,2.35,19,2,total,المجموع,المجموع
statistical-yearbook-2021-chapter-II-health-resources.xlsx,2.35,19,15,total,total,Total
statistical-yearbook-2021-chapter-II-health-resources.xlsx,2.35,22,2,total,المجموع,المجموع
statistical-yearbook-2021-chapter-II-health-resources.xlsx,2.35,22,15,total,total,Total
statistical-yearbook-2021-chapter-II-health-resources.xlsx,2.35,23,1,nurse,تمريض,إجمالي طاقم التمريض والقابلات
statistical-yearbook-2021-chapter-II-health-resources.xlsx,2.35,23,16,total,total,Total Nurses and Midwives
statistical-yearbook-2021-chapter-II-health-resources.xlsx,2.35,23,16,nurse,nurse,Total Nurses and Midwives
statistical-yearbook-2021-chapter-II-health-resources.xlsx,2.35,25,2,total,المجموع,المجموع
statistical-yearbook-2021-chapter-II-health-resources.xlsx,2.35,25,15,total,total,Total
statistical-yearbook-2021-chapter-II-health-resources.xlsx,2.35,28,2,total,المجموع,المجموع
statistical-yearbook-2021-chapter-II-health-resources.xlsx,2.35,28,15,total,total,Total
statistical-yearbook-2021-chapter-II-health-resources.xlsx,2.35,31,2,total,المجموع,المجموع
statistical-yearbook-2021-chapter-II-health-resources.xlsx,2.35,31,15,total,total,Total
statistical-yearbook-2021-chapter-II-health-resources.xlsx,2.35,35,5,total,المجموع,المجموع
statistical-yearbook-2021-chapter-II-health-resources.xlsx,2.35,35,8,total,المجموع,المجموع
statistical-yearbook-2021-chapter-II-health-resources.xlsx,2.35,35,11,total,المجموع,المجموع
statistical-yearbook-2021-chapter-II-health-resources.xlsx,2.35,35,14,total,المجموع,المجموع
statistical-yearbook-2021-chapter-II-health-resources.xlsx,2.35,36,5,total,total,Total
statistical-yearbook-2021-chapter-II-health-resources.xlsx,2.35,36,8,total,total,Total
statistical-yearbook-2021-chapter-II-health-resources.xlsx,2.35,36,11,total,total,Total
statistical-yearbook-2021-chapter-II-health-resources.xlsx,2.35,36,14,total,total,Total
statistical-yearbook-2021-chapter-II-health-resources.xlsx,2.35,37,1,physician,أطباء,أطباء بشريون
statistical-yearbook-2021-chapter-II-health-resources.xlsx,2.35,37,16,physician,physician,Physicians
statistical-yearbook-2021-chapter-II-health-resources.xlsx,2.35,39,2,total,المجموع,المجموع
statistical-yearbook-2021-chapter-II-health-resources.xlsx,2.35,39,15,total,total,Total
statistical-yearbook-2021-chapter-II-health-resources.xlsx,2.35,40,1,physician,أطباء,أطباء أسنان
statistical-yearbook-2021-chapter-II-health-resources.xlsx,2.36,1,1,region,المنطقة,القوى العاملة الصحية بمجمعات القطاع الخاص حسب المنطقة الصحية والفئة والجنس والجنسية عام 2021م
statistical-yearbook-2021-chapter-II-health-resources.xlsx,2.36,1,1,year,عام,القوى العاملة الصحية بمجمعات القطاع الخاص حسب المنطقة الصحية والفئة والجنس والجنسية عام 2021م
statistical-yearbook-2021-chapter-II-health-resources.xlsx,2.36,2,1,region,region,"Health Manpower in Private Sector Medical Complexes by Health Region,Category,Sex and Nationality, 2021G"
statistical-yearbook-2021-chapter-II-health-resources.xlsx,2.36,6,5,total,المجموع,المجموع
statistical-yearbook-2021-chapter-II-health-resources.xlsx,2.36,6,8,total,المجموع,المجموع
statistical-yearbook-2021-chapter-II-health-resources.xlsx,2.36,6,11,total,المجموع,المجموع
statistical-yearbook-2021-chapter-II-health-resources.xlsx,2.36,6,14,total,المجموع,المجموع
statistical-yearbook-2021-chapter-II-health-resources.xlsx,2.36,7,5,total,total,Total
statistical-yearbook-2021-chapter-II-health-resources.xlsx,2.36,7,8,total,total,Total
statistical-yearbook-2021-chapter-II-health-resources.xlsx,2.36,7,11,total,total,Total
statistical-yearbook-2021-chapter-II-health-resources.xlsx,2.36,7,14,total,total,Total
statistical-yearbook-2021-chapter-II-health-resources.xlsx,2.36,8,1,physician,أطباء,أطباء بشريون
statistical-yearbook-2021-chapter-II-health-resources.xlsx,2.36,8,16,physician,physician,Physicians
statistical-yearbook-2021-chapter-II-health-resources.xlsx,2.36,10,2,total,المجموع,المجموع
statistical-yearbook-2021-chapter-II-health-resources.xlsx,2.36,10,15,total,total,Total
statistical-yearbook-2021-chapter-II-health-resources.xlsx,2.36,11,1,physician,أطباء,أطباء أسنان
statistical-yearbook-2021-chapter-II-health-resources.xlsx,2.36,13,2,total,المجموع,المجموع
statistical-yearbook-2021-chapter-II-health-resources.xlsx,2.36,13,15,total,total,Total
statistical-yearbook-2021-chapter-II-health-resources.xlsx,2.36,14,1,physician,أطباء,إجمالي الأطباء
statistical-yearbook-2021-chapter-II-health-resources.xlsx,2.36,14,16,total,total,Total Physicians and Dentists
statistical-yearbook-2021-chapter-II-health-resources.xlsx,2.36,14,16,physician,physician,Total Physicians and Dentists
statistical-yearbook-2021-chapter-II-health-resources.xlsx,2.36,16,2,total,المجموع,المجموع
statistical-yearbook-2021-chapter-II-health-resources.xlsx,2.36,16,15,total,total,Total
statistical-yearbook-2021-chapter-II-health-resources.xlsx,2.36,17,1,nurse,تمريض,طاقم التمريض
statistical-yearbook-2021-chapter-II-health-resources.xlsx,2.36,17,16,nurse,nurse,Nurses
statistical-yearbook-2021-chapter-II-health-resources.xlsx,2.36,19,2,total,المجموع,المجموع
statistical-yearbook-2021-chapter-II-health-resources.xlsx,2.36,19,15,total,total,Total
statistical-yearbook-2021-chapter-II-health-resources.xlsx,2.36,22,2,total,المجموع,المجموع
statistical-yearbook-2021-chapter-II-health-resources.xlsx,2.36,22,15,total,total,Total
statistical-yearbook-2021-chapter-II-health-resources.xlsx,2.36,23,1,nurse,تمريض,إجمالي طاقم التمريض والقابلات
statistical-yearbook-2021-chapter-II-health-resources.xlsx,2.36,23,16,total,total,Total Nurses and Midwives
statistical-yearbook-2021-chapter-II-health-resources.xlsx,2.36,23,16,nurse,nurse,Total Nurses and Midwives
statistical-yearbook-2021-chapter-II-health-resources.xlsx,2.36,25,2,total,المجموع,المجموع
statistical-yearbook-2021-chapter-II-health-resources.xlsx,2.36,25,15,total,total,Total
statistical-yearbook-2021-chapter-II-health-resources.xlsx,2.36,28,2,total,المجموع,المجموع
statistical-yearbook-2021-chapter-II-health-resources.xlsx,2.36,28,15,total,total,Total
statistical-yearbook-2021-chapter-II-health-resources.xlsx,2.36,31,2,total,المجموع,المجموع
statistical-yearbook-2021-chapter-II-health-resources.xlsx,2.36,31,15,total,total,Total
statistical-yearbook-2021-chapter-II-health-resources.xlsx,2.36,35,5,total,المجموع,المجموع
statistical-yearbook-2021-chapter-II-health-resources.xlsx,2.36,35,8,total,المجموع,المجموع
statistical-yearbook-2021-chapter-II-health-resources.xlsx,2.36,35,11,total,المجموع,المجموع
statistical-yearbook-2021-chapter-II-health-resources.xlsx,2.36,35,14,total,المجموع,المجموع
statistical-yearbook-2021-chapter-II-health-resources.xlsx,2.36,36,5,total,total,Total
statistical-yearbook-2021-chapter-II-health-resources.xlsx,2.36,36,8,total,total,Total
statistical-yearbook-2021-chapter-II-health-resources.xlsx,2.36,36,11,total,total,Total
statistical-yearbook-2021-chapter-II-health-resources.xlsx,2.36,36,14,total,total,Total
statistical-yearbook-2021-chapter-II-health-resources.xlsx,2.36,37,1,physician,أطباء,أطباء بشريون
statistical-yearbook-2021-chapter-II-health-resources.xlsx,2.36,37,16,physician,physician,Physicians
statistical-yearbook-2021-chapter-II-health-resources.xlsx,2.36,39,2,total,المجموع,المجموع
statistical-yearbook-2021-chapter-II-health-resources.xlsx,2.36,39,15,total,total,Total
statistical-yearbook-2021-chapter-II-health-resources.xlsx,2.36,40,1,physician,أطباء,أطباء أسنان
statistical-yearbook-2021-chapter-II-health-resources.xlsx,2.37,1,1,region,المنطقة,الأطباء وأطباء الأسنان بالقطاع الخاص حسب التخصص والتصنيف الوظيفي والمنطقة الصحية عام 2021م.
statistical-yearbook-2021-chapter-II-health-resources.xlsx,2.37,1,1,year,عام,الأطباء وأطباء الأسنان بالقطاع الخاص حسب التخصص والتصنيف الوظيفي والمنطقة الصحية عام 2021م.
statistical-yearbook-2021-chapter-II-health-resources.xlsx,2.37,1,1,physician,أطباء,الأطباء وأطباء الأسنان بالقطاع الخاص حسب التخصص والتصنيف الوظيفي والمنطقة الصحية عام 2021م.
statistical-yearbook-2021-chapter-II-health-resources.xlsx,2.37,2,1,region,region,"Physicians and Dentists in the Private Sector by Speciality, Professional Categories and Health Region, 2021G."
statistical-yearbook-2021-chapter-II-health-resources.xlsx,2.37,2,1,physician,physician,"Physicians and Dentists in the Private Sector by Speciality, Professional Categories and Health Region, 2021G."
statistical-yearbook-2021-chapter-II-health-resources.xlsx,2.37,6,5,total,المجموع,المجموع
statistical-yearbook-2021-chapter-II-health-resources.xlsx,2.37,6,9,total,المجموع,المجموع
statistical-yearbook-2021-chapter-II-health-resources.xlsx,2.37,6,13,total,المجموع,المجموع
statistical-yearbook-2021-chapter-II-health-resources.xlsx,2.37,6,17,total,المجموع,المجموع
statistical-yearbook-2021-chapter-II-health-resources.xlsx,2.37,6,21,total,المجموع,المجموع
statistical-yearbook-2021-chapter-II-health-resources.xlsx,2.37,6,25,total,المجموع,المجموع
statistical-yearbook-2021-chapter-II-health-resources.xlsx,2.37,6,29,total,المجموع,المجموع
statistical-yearbook-2021-chapter-II-health-resources.xlsx,2.37,7,5,total,total,Total
statistical-yearbook-2021-chapter-II-health-resources.xlsx,2.37,7,9,total,total,Total
statistical-yearbook-2021-chapter-II-health-resources.xlsx,2.37,7,13,total,total,Total
statistical-yearbook-2021-chapter-II-health-resources.xlsx,2.37,7,17,total,total,Total
statistical-yearbook-2021-chapter-II-health-resources.xlsx,2.37,7,21,total,total,Total
statistical-yearbook-2021-chapter-II-health-resources.xlsx,2.37,7,25,total,total,Total
statistical-yearbook-2021-chapter-II-health-resources.xlsx,2.37,7,29,total,total,Total
statistical-yearbook-2021-chapter-II-health-resources.xlsx,2.37,8,1,year,عام,عام
statistical-yearbook-2021-chapter-II-health-resources.xlsx,2.37,11,1,year,عام,جراحة عامة
statistical-yearbook-2021-chapter-II-health-resources.xlsx,2.37,24,1,year,عام,صحة عامة (طب مجتمع) وصحة مهنية
statistical-yearbook-2021-chapter-II-health-resources.xlsx,2.37,33,1,bed,أسرة,طب أسرة
statistical-yearbook-2021-chapter-II-health-resources.xlsx,2.38,1,1,year,عام,القوى العاملة الصحية بالقطاع الخاص حسب الفئة والجنس والجنسية وتصنيف المنشأة عام 2021م.
statistical-yearbook-2021-chapter-II-health-resources.xlsx,2.38,4,15,total,المجموع,المجموع
statistical-yearbook-2021-chapter-II-health-resources.xlsx,2.38,5,3,hospital,hospital,Hospitals
statistical-yearbook-2021-chapter-II-health-resources.xlsx,2.38,5,15,total,total,Total
statistical-yearbook-2021-chapter-II-health-resources.xlsx,2.38,6,5,total,المجموع,المجموع
statistical-yearbook-2021-chapter-II-health-resources.xlsx,2.38,6,8,total,المجموع,المجموع
statistical-yearbook-2021-chapter-II-health-resources.xlsx,2.38,6,11,total,المجموع,المجموع
statistical-yearbook-2021-chapter-II-health-resources.xlsx,2.38,6,14,total,المجموع,المجموع
statistical-yearbook-2021-chapter-II-health-resources.xlsx,2.38,6,17,total,المجموع,المجموع
statistical-yearbook-2021-chapter-II-health-resources.xlsx,2.38,7,5,total,total,Total
statistical-yearbook-2021-chapter-II-health-resources.xlsx,2.38,7,8,total,total,Total
statistical-yearbook-2021-chapter-II-health-resources.xlsx,2.38,7,11,total,total,Total
statistical-yearbook-2021-chapter-II-health-resources.xlsx,2.38,7,14,total,total,Total
statistical-yearbook-2021-chapter-II-health-resources.xlsx,2.38,7,17,total,total,Total
statistical-yearbook-2021-chapter-II-health-resources.xlsx,2.38,8,1,physician,أطباء,أطباء بشريون
statistical-yearbook-2021-chapter-II-health-resources.xlsx,2.38,8,19,physician,physician,Physicians
statistical-yearbook-2021-chapter-II-health-resources.xlsx,2.38,10,2,total,المجموع,المجموع
statistical-yearbook-2021-chapter-II-health-resources.xlsx,2.38,10,18,total,total,Total
statistical-yearbook-2021-chapter-II-health-resources.xlsx,2.38,11,1,physician,أطباء,أطباء أسنان
statistical-yearbook-2021-chapter-II-health-resources.xlsx,2.38,13,2,total,المجموع,المجموع
statistical-yearbook-2021-chapter-II-health-resources.xlsx,2.38,13,18,total,total,Total
statistical-yearbook-2021-chapter-II-health-resources.xlsx,2.38,14,1,physician,أطباء,إجمالي الأطباء
statistical-yearbook-2021-chapter-II-health-resources.xlsx,2.38,14,19,total,total,Total Physicians and Dentists
statistical-yearbook-2021-chapter-II-health-resources.xlsx,2.38,14,19,physician,physician,Total Physicians and Dentists
statistical-yearbook-2021-chapter-II-health-resources.xlsx,2.38,16,2,total,المجموع,المجموع
statistical-yearbook-2021-chapter-II-health-resources.xlsx,2.38,16,18,total,total,Total
statistical-yearbook-2021-chapter-II-health-resources.xlsx,2.38,17,1,nurse,تمريض,طاقم التمريض
statistical-yearbook-2021-chapter-II-health-resources.xlsx,2.38,17,19,nurse,nurse,Nurses
statistical-yearbook-2021-chapter-II-health-resources.xlsx,2.38,19,2,total,المجموع,المجموع
statistical-yearbook-2021-chapter-II-health-resources.xlsx,2.38,19,18,total,total,Total
statistical-yearbook-2021-chapter-II-health-resources.xlsx,2.38,22,2,total,المجموع,المجموع
statistical-yearbook-2021-chapter-II-health-resources.xlsx,2.38,22,18,total,total,Total
statistical-yearbook-2021-chapter-II-health-resources.xlsx,2.38,23,1,nurse,تمريض,إجمالي طاقم التمريض والقابلات
statistical-yearbook-2021-chapter-II-health-resources.xlsx,2.38,23,19,total,total,Total Nurses and Midwives
statistical-yearbook-2021-chapter-II-health-resources.xlsx,2.38,23,19,nurse,nurse,Total Nurses and Midwives
statistical-yearbook-2021-chapter-II-health-resources.xlsx,2.38,25,2,total,المجموع,المجموع
statistical-yearbook-2021-chapter-II-health-resources.xlsx,2.38,25,18,total,total,Total
statistical-yearbook-2021-chapter-II-health-resources.xlsx,2.38,28,2,total,المجموع,المجموع
statistical-yearbook-2021-chapter-II-health-resources.xlsx,2.38,28,18,total,total,Total
statistical-yearbook-2021-chapter-II-health-resources.xlsx,2.38,31,2,total,المجموع,المجموع
statistical-yearbook-2021-chapter-II-health-resources.xlsx,2.38,31,18,total,total,Total
statistical-yearbook-2021-chapter-II-health-resources.xlsx,2.39,1,1,year,عام,الملتحقون والملتحقات الجدد من العاملين وزارة الصحة ببرامج الزمالات والدراسات العليا حسب التخصص عام 2021م
statistical-yearbook-2021-chapter-II-health-resources.xlsx,2.39,4,4,total,total,"إجمالي
Total"
statistical-yearbook-2021-chapter-II-health-resources.xlsx,2.39,10,1,nurse,تمريض,التمريض
statistical-yearbook-2021-chapter-II-health-resources.xlsx,2.39,20,1,year,عام,الجراحة العامة
statistical-yearbook-2021-chapter-II-health-resources.xlsx,2.39,25,1,year,عام,صحة عامة
statistical-yearbook-2021-chapter-II-health-resources.xlsx,2.39,34,1,year,عام,الجراحة العامة
statistical-yearbook-2021-chapter-II-health-resources.xlsx,2.40,1,1,year,عام,أعداد المتدربين بمراكز تطوير المهارات الفنية بوزارة الصحة لعام 2021م.
statistical-yearbook-2021-chapter-II-health-resources.xlsx,2.40,16,1,physician,أطباء,دورة دعم الحياة المتقدم للاصابات الحرجة (أطباء)
statistical-yearbook-2021-chapter-II-health-resources.xlsx,2.40,17,1,nurse,تمريض,دورة دعم الحياة المتقدم للاصابات (تمريض)
statistical-yearbook-2021-chapter-II-health-resources.xlsx,2.40,30,1,nurse,تمريض,دورة الإنعاش النتقدم للتمريض
statistical-yearbook-2021-chapter-II-health-resources.xlsx,2.40,30,3,nurse,nurse,SHA ALS Nurses
statistical-yearbook-2021-chapter-II-health-resources.xlsx,2.40,31,1,total,الإجمالي,الإجمالي
statistical-yearbook-2021-chapter-II-health-resources.xlsx,2.40,31,3,total,total,Total
statistical-yearbook-2021-chapter-II-health-resources.xlsx,2-41,1,1,year,عام,الطلبة والطالبات في الكليات الصحية للعام الدراسي 2021-2022م.
statistical-yearbook-2021-chapter-II-health-resources.xlsx,2-41,2,1,year,year,Enrolled Students in health colleges for the academic year 2021-2022G.
statistical-yearbook-2021-chapter-II-health-resources.xlsx,2-41,4,6,total,المجموع,المجموع
statistical-yearbook-2021-chapter-II-health-resources.xlsx,2-41,6,6,total,total,Total
statistical-yearbook-2021-chapter-II-health-resources.xlsx,2.42,1,1,year,عام,خريجو وخريجات الكليات الصحية للعام الدراسي 2020-2021م.
statistical-yearbook-2021-chapter-II-health-resources.xlsx,2.42,2,1,year,year,Graduates in health colleges for the academic year 2020-2021G.
statistical-yearbook-2021-chapter-II-health-resources.xlsx,2.42,4,6,total,المجموع,المجموع
statistical-yearbook-2021-chapter-II-health-resources.xlsx,2.42,6,6,total,total,Total
statistical-yearbook-2021-chapter-II-health-resources.xlsx,2.43,2,1,hospital,hospital,CBAHI Accredited MoH Hospitals.
statistical-yearbook-2021-chapter-II-health-resources.xlsx,2.43,4,1,region,المنطقة,المنطقة الصحية
statistical-yearbook-2021-chapter-II-health-resources.xlsx,2.43,4,2,hospital,مستشفى,المستشفى
statistical-yearbook-2021-chapter-II-health-resources.xlsx,2.43,4,4,hospital,hospital,Hospital Name
statistical-yearbook-2021-chapter-II-health-resources.xlsx,2.43,4,6,region,region,Health Region
statistical-yearbook-2021-chapter-II-health-resources.xlsx,2.43,5,3,hospital,مستشفى,مستشفى الأمير محمد بن عبدالعزيز
statistical-yearbook-2021-chapter-II-health-resources.xlsx,2.43,5,4,hospital,hospital,Prince Mohammad Bin Abdulaziz Hospital
statistical-yearbook-2021-chapter-II-health-resources.xlsx,2.43,6,3,hospital,مستشفى,مستشفى الملك خالد بالخرج
statistical-yearbook-2021-chapter-II-health-resources.xlsx,2.43,6,4,hospital,hospital,King Khalid Hospital Al-Kharj
statistical-yearbook-2021-chapter-II-health-resources.xlsx,2.43,7,3,hospital,مستشفى,مستشفى الولادة والأطفال بالخرج
statistical-yearbook-2021-chapter-II-health-resources.xlsx,2.43,7,4,hospital,hospital,Maternity Hospital - Al-Kharj
statistical-yearbook-2021-chapter-II-health-resources.xlsx,2.43,8,3,year,عام,مستشفى الإيمان العام
statistical-yearbook-2021-chapter-II-health-resources.xlsx,2.43,8,3,hospital,مستشفى,مستشفى الإيمان العام
statistical-yearbook-2021-chapter-II-health-resources.xlsx,2.43,8,4,hospital,hospital,Al Iman General Hospital
statistical-yearbook-2021-chapter-II-health-resources.xlsx,2.43,9,3,year,عام,مستشفى الدوادمي العام
statistical-yearbook-2021-chapter-II-health-resources.xlsx,2.43,9,3,hospital,مستشفى,مستشفى الدوادمي العام
statistical-yearbook-2021-chapter-II-health-resources.xlsx,2.43,9,4,hospital,hospital,Dawadmi General Hospital
statistical-yearbook-2021-chapter-II-health-resources.xlsx,2.43,10,3,year,عام,مستشفى القويعية العام
statistical-yearbook-2021-chapter-II-health-resources.xlsx,2.43,10,3,hospital,مستشفى,مستشفى القويعية العام
statistical-yearbook-2021-chapter-II-health-resources.xlsx,2.43,10,4,hospital,hospital,Quwaiya General Hospital
statistical-yearbook-2021-chapter-II-health-resources.xlsx,2.43,13,3,hospital,مستشفى,مستشفى الملك سلمان
statistical-yearbook-2021-chapter-II-health-resources.xlsx,2.43,13,4,hospital,hospital,King Salman Hospital
statistical-yearbook-2021-chapter-II-health-resources.xlsx,2.43,14,3,hospital,مستشفى,مستشفى الإمام عبدالرحمن الفيصل
statistical-yearbook-2021-chapter-II-health-resources.xlsx,2.43,14,4,hospital,hospital,Imam Abdulrahman Alfaisal Hospital
statistical-yearbook-2021-chapter-II-health-resources.xlsx,2.43,15,3,year,عام,مستشفى شقراء العام
statistical-yearbook-2021-chapter-II-health-resources.xlsx,2.43,15,3,hospital,مستشفى,مستشفى شقراء العام
statistical-yearbook-2021-chapter-II-health-resources.xlsx,2.43,15,4,hospital,hospital,Shagra General Hospital
statistical-yearbook-2021-chapter-II-health-resources.xlsx,2.43,16,3,hospital,مستشفى,مستشفى الملك خالد التخصصي للعيون
statistical-yearbook-2021-chapter-II-health-resources.xlsx,2.43,16,4,hospital,hospital,King Khaled Eye Specialist Hospital
statistical-yearbook-2021-chapter-II-health-resources.xlsx,2.43,17,3,hospital,مستشفى,مستشفى اليمامة
statistical-yearbook-2021-chapter-II-health-resources.xlsx,2.43,17,4,hospital,hospital,Al-Yamama Hospital
statistical-yearbook-2021-chapter-II-health-resources.xlsx,2.43,18,3,hospital,مستشفى,مستشفى الملك عبد العزيز
statistical-yearbook-2021-chapter-II-health-resources.xlsx,2.43,18,4,hospital,hospital,King Abdulaziz  Hospital
statistical-yearbook-2021-chapter-II-health-resources.xlsx,2.43,19,3,year,عام,مستشفى حراء العام
statistical-yearbook-2021-chapter-II-health-resources.xlsx,2.43,19,3,hospital,مستشفى,مستشفى حراء العام
statistical-yearbook-2021-chapter-II-health-resources.xlsx,2.43,19,4,hospital,hospital,Herra General Hospital
statistical-yearbook-2021-chapter-II-health-resources.xlsx,2.43,20,3,hospital,مستشفى,مستشفى الولادة والأطفال
statistical-yearbook-2021-chapter-II-health-resources.xlsx,2.43,20,4,hospital,hospital,Maternity & Children Hospital
statistical-yearbook-2021-chapter-II-health-resources.xlsx,2.43,22,3,hospital,مستشفى,مستشفى الملك فيصل
statistical-yearbook-2021-chapter-II-health-resources.xlsx,2.43,22,4,hospital,hospital,Kung Faisal Hospital
statistical-yearbook-2021-chapter-II-health-resources.xlsx,2.43,23,3,hospital,مستشفى,مستشفى النور التخصصي
statistical-yearbook-2021-chapter-II-health-resources.xlsx,2.43,23,4,hospital,hospital,Al-Noor  Specialist Hospital
statistical-yearbook-2021-chapter-II-health-resources.xlsx,2.43,24,3,hospital,مستشفى,مستشفى الملك فهد
statistical-yearbook-2021-chapter-II-health-resources.xlsx,2.43,24,4,hospital,hospital,King Fahad  Hospital
statistical-yearbook-2021-chapter-II-health-resources.xlsx,2.43,25,3,hospital,مستشفى,مستشفى الملك عبد العزيز ومركز الأورام
statistical-yearbook-2021-chapter-II-health-resources.xlsx,2.43,25,4,hospital,hospital,King Abdulaziz  Hospital & Oncology Center
statistical-yearbook-2021-chapter-II-health-resources.xlsx,2.43,26,3,hospital,مستشفى,مستشفى رابغ
statistical-yearbook-2021-chapter-II-health-resources.xlsx,2.43,26,4,hospital,hospital,Rabigh Hospital
statistical-yearbook-2021-chapter-II-health-resources.xlsx,2.43,28,3,hospital,مستشفى,مستشفى الملك عبد العزيز التخصصي
statistical-yearbook-2021-chapter-II-health-resources.xlsx,2.43,28,4,hospital,hospital,King Abdulaziz Specialist Hospital
statistical-yearbook-2021-chapter-II-health-resources.xlsx,2.43,29,3,hospital,مستشفى,مستشفى الأطفال
statistical-yearbook-2021-chapter-II-health-resources.xlsx,2.43,29,4,hospital,hospital,Children Hospital
statistical-yearbook-2021-chapter-II-health-resources.xlsx,2.43,30,3,year,عام,مستشفى أحد العام
statistical-yearbook-2021-chapter-II-health-resources.xlsx,2.43,30,3,hospital,مستشفى,مستشفى أحد العام
statistical-yearbook-2021-chapter-II-health-resources.xlsx,2.43,30,4,hospital,hospital,Ohud General Hospital
statistical-yearbook-2021-chapter-II-health-resources.xlsx,2.43,31,3,year,عام,مستشفى ينبع العام
statistical-yearbook-2021-chapter-II-health-resources.xlsx,2.43,31,3,hospital,مستشفى,مستشفى ينبع العام
statistical-yearbook-2021-chapter-II-health-resources.xlsx,2.43,32,3,hospital,مستشفى,مستشفى الولادة والأطفال
statistical-yearbook-2021-chapter-II-health-resources.xlsx,2.43,32,4,hospital,hospital,Maternity & Children Hospital
statistical-yearbook-2021-chapter-II-health-resources.xlsx,2.43,33,3,hospital,مستشفى,مستشفى الولادة والأطفال ببريدة
statistical-yearbook-2021-chapter-II-health-resources.xlsx,2.43,33,4,hospital,hospital,Maternity & Children Hospital
statistical-yearbook-2021-chapter-II-health-resources.xlsx,2.43,34,3,hospital,مستشفى,مستشفى الرس
statistical-yearbook-2021-chapter-II-health-resources.xlsx,2.43,34,4,hospital,hospital,Al-Rass Hospital
statistical-yearbook-2021-chapter-II-health-resources.xlsx,2.43,35,3,hospital,مستشفى,مستشفى عيون الجوى
statistical-yearbook-2021-chapter-II-health-resources.xlsx,2.43,35,4,hospital,hospital,Oyoon Al-Jawa Hospital
statistical-yearbook-2021-chapter-II-health-resources.xlsx,2.43,36,3,hospital,مستشفى,مستشفى بريدة المركزي
statistical-yearbook-2021-chapter-II-health-resources.xlsx,2.43,36,4,hospital,hospital,Breeda Central Hospital
statistical-yearbook-2021-chapter-II-health-resources.xlsx,2.43,37,3,hospital,مستشفى,مستشفى الملك سعود بعنيزة
statistical-yearbook-2021-chapter-II-health-resources.xlsx,2.43,37,4,hospital,hospital,King Saud  Hospital
statistical-yearbook-2021-chapter-II-health-resources.xlsx,2.43,38,3,hospital,مستشفى,مستشفى الملك فهد التخصصي ببريدة
statistical-yearbook-2021-chapter-II-health-resources.xlsx,2.43,38,4,hospital,hospital,"King Fahad Specialist Hospital, Buraidah"
statistical-yearbook-2021-chapter-II-health-resources.xlsx,2.43,39,3,year,عام,مستشفى الجبيل العام
statistical-yearbook-2021-chapter-II-health-resources.xlsx,2.43,39,3,hospital,مستشفى,مستشفى الجبيل العام
statistical-yearbook-2021-chapter-II-health-resources.xlsx,2.43,39,4,hospital,hospital,Jubail General Hospital
statistical-yearbook-2021-chapter-II-health-resources.xlsx,2.43,39,6,region,region,Eastern Region
statistical-yearbook-2021-chapter-II-health-resources.xlsx,2.43,40,3,hospital,مستشفى,مستشفى القطيف المركزي
statistical-yearbook-2021-chapter-II-health-resources.xlsx,2.43,40,4,hospital,hospital,Qatif Central Hospital
statistical-yearbook-2021-chapter-II-health-resources.xlsx,2.44,2,1,hospital,hospital,CBAHI Accredited Other Governmental Sector Hospitals
statistical-yearbook-2021-chapter-II-health-resources.xlsx,2.44,4,1,region,المنطقة,المنطقة الصحية
statistical-yearbook-2021-chapter-II-health-resources.xlsx,2.44,4,2,hospital,مستشفى,المستشفى
statistical-yearbook-2021-chapter-II-health-resources.xlsx,2.44,4,4,hospital,hospital,Hospital Name
statistical-yearbook-2021-chapter-II-health-resources.xlsx,2.44,4,6,region,region,Health Region
statistical-yearbook-2021-chapter-II-health-resources.xlsx,2.44,5,3,hospital,مستشفى,مستشفى الملك فيصل التخصصي ومركز الأبحاث
statistical-yearbook-2021-chapter-II-health-resources.xlsx,2.44,5,4,hospital,hospital,King Faisal Specialist Hospital and Research Center
statistical-yearbook-2021-chapter-II-health-resources.xlsx,2.44,6,3,hospital,مستشفى,مستشفى القوات المسلحة بالمصانع الحربية بالخرج
statistical-yearbook-2021-chapter-II-health-resources.xlsx,2.44,6,4,hospital,hospital,"Armed Forces Hospital in the military factories, Al-Kharj"
statistical-yearbook-2021-chapter-II-health-resources.xlsx,2.44,8,3,hospital,مستشفى,مستشفى الملك خالد الجامعي بالرياض
statistical-yearbook-2021-chapter-II-health-resources.xlsx,2.44,8,4,hospital,hospital,King Khalid University Hospital - Riyadh
statistical-yearbook-2021-chapter-II-health-resources.xlsx,2.44,9,3,hospital,مستشفى,مستشفى الملك عبدالله بن عبدالعزيز بجامعة الأميرة نورة- الرياض
statistical-yearbook-2021-chapter-II-health-resources.xlsx,2.44,9,4,hospital,hospital,King Abdullah Bin Abdulaziz University Hospital - Riyadh
statistical-yearbook-2021-chapter-II-health-resources.xlsx,2.44,10,3,hospital,مستشفى,مستشفى قوى الأمن
statistical-yearbook-2021-chapter-II-health-resources.xlsx,2.44,10,4,hospital,hospital,Security Forces Hospital
statistical-yearbook-2021-chapter-II-health-resources.xlsx,2.44,11,3,hospital,مستشفى,مستشفى الملك عبد العزيز الجامعي - الرياض
statistical-yearbook-2021-chapter-II-health-resources.xlsx,2.44,11,4,hospital,hospital,King Abdulaziz University Hospital - Riyadh
statistical-yearbook-2021-chapter-II-health-resources.xlsx,2.44,12,3,hospital,مستشفى,مستشفى الأمن المركزي -الرياض
statistical-yearbook-2021-chapter-II-health-resources.xlsx,2.44,12,4,hospital,hospital,Central Security Hospital  - Riyadh
statistical-yearbook-2021-chapter-II-health-resources.xlsx,2.44,14,3,hospital,مستشفى,مستشفى قوى الأمن
statistical-yearbook-2021-chapter-II-health-resources.xlsx,2.44,14,4,hospital,hospital,Security Forces Hospital
statistical-yearbook-2021-chapter-II-health-resources.xlsx,2.44,15,3,hospital,مستشفى,مستشفى الملك فهد للقوات المسلحة بجدة
statistical-yearbook-2021-chapter-II-health-resources.xlsx,2.44,15,4,hospital,hospital,King Fahad Armed Forces Hospital- Jeddah
statistical-yearbook-2021-chapter-II-health-resources.xlsx,2.44,16,3,hospital,مستشفى,مستشفى الامن المركزي بجدة
statistical-yearbook-2021-chapter-II-health-resources.xlsx,2.44,16,4,hospital,hospital,Central Security Hospital -Jeddah
statistical-yearbook-2021-chapter-II-health-resources.xlsx,2.44,18,3,hospital,مستشفى,مستشفى الملك عبد العزيز الجامعي - جدة
statistical-yearbook-2021-chapter-II-health-resources.xlsx,2.44,18,4,hospital,hospital,King Abdulaziz University Hospital - Jeddah
statistical-yearbook-2021-chapter-II-health-resources.xlsx,2.44,19,3,hospital,مستشفى,مستشفى الملك فيصل التخصصي ومركز الأبحاث
statistical-yearbook-2021-chapter-II-health-resources.xlsx,2.44,19,4,hospital,hospital,King Faisal Specialist Hospital and Research Center
statistical-yearbook-2021-chapter-II-health-resources.xlsx,2.44,20,3,hospital,مستشفى,مستشفى الأمير منصور العسكري
statistical-yearbook-2021-chapter-II-health-resources.xlsx,2.44,20,4,hospital,hospital,Prince Mansour Military Hospital
statistical-yearbook-2021-chapter-II-health-resources.xlsx,2.44,21,3,hospital,مستشفى,مستشفى الأمير سلطان العسكري- الطائف
statistical-yearbook-2021-chapter-II-health-resources.xlsx,2.44,21,4,hospital,hospital,Prince Sultan Military Hospital-Taif
statistical-yearbook-2021-chapter-II-health-resources.xlsx,2.44,22,3,hospital,مستشفى,مستشفى القوات المسلحة للتأهيل الصحي
statistical-yearbook-2021-chapter-II-health-resources.xlsx,2.44,22,4,hospital,hospital,Armed Forces Rehabilitation Hospital
statistical-yearbook-2021-chapter-II-health-resources.xlsx,2.44,23,3,hospital,مستشفى,مستشفى القوات المسلحة - الهدا
statistical-yearbook-2021-chapter-II-health-resources.xlsx,2.44,23,4,hospital,hospital,Al Hada Military Hospital
statistical-yearbook-2021-chapter-II-health-resources.xlsx,2.44,24,3,hospital,مستشفى,مستشفى الأمير محمد بن عبد العزيز
statistical-yearbook-2021-chapter-II-health-resources.xlsx,2.44,24,4,hospital,hospital,Prince Mohammed bin Abdulaziz Hospital
statistical-yearbook-2021-chapter-II-health-resources.xlsx,2.44,25,3,hospital,مستشفى,مستشفى الأمير سلطان للقوات المسلحة
statistical-yearbook-2021-chapter-II-health-resources.xlsx,2.44,27,3,hospital,مستشفى,مستشفى الأمن المركزي
statistical-yearbook-2021-chapter-II-health-resources.xlsx,2.44,27,4,hospital,hospital,"Central Security Hospital, Qaseem"
statistical-yearbook-2021-chapter-II-health-resources.xlsx,2.44,28,3,hospital,مستشفى,مستشفى الامام عبد الرحمن آل فيصل للحرس الوطني
statistical-yearbook-2021-chapter-II-health-resources.xlsx,2.44,28,4,hospital,hospital,Imam Abdul Rahman bin Faisal National Guard Hospital - Dammam
statistical-yearbook-2021-chapter-II-health-resources.xlsx,2.44,28,6,region,region,Eastern Region
statistical-yearbook-2021-chapter-II-health-resources.xlsx,2.44,31,3,hospital,مستشفى,مستشفى القوات المسلحة بقاعدة الملك عبد العزيز الجوية بالظهران
statistical-yearbook-2021-chapter-II-health-resources.xlsx,2.44,31,4,hospital,hospital,"Armed Forces Hospital, King Abdulaziz Air Base, Dhahran"
statistical-yearbook-2021-chapter-II-health-resources.xlsx,2.44,32,3,hospital,مستشفى,مستشفى قوى الأمن
statistical-yearbook-2021-chapter-II-health-resources.xlsx,2.44,32,4,hospital,hospital,Security Forces Hospital
statistical-yearbook-2021-chapter-II-health-resources.xlsx,2.44,33,3,hospital,مستشفى,مستشفى القوات المسلحة بقاعدة الملك عبد العزيز البحرية بالجبيل
statistical-yearbook-2021-chapter-II-health-resources.xlsx,2.44,33,4,hospital,hospital,"Armed Forces Hospital, King Abdulaziz Naval Base, Jubail"
statistical-yearbook-2021-chapter-II-health-resources.xlsx,2.44,34,3,hospital,مستشفى,مستشفى الملك فهد الجامعي التابع لجامعة الامام عبدالرحمن الفيصل
statistical-yearbook-2021-chapter-II-health-resources.xlsx,2.44,34,4,hospital,hospital,King Fahd University Hospital  - Al Khobar
statistical-yearbook-2021-chapter-II-health-resources.xlsx,2.44,35,3,hospital,مستشفى,مستشفى الامن المركزي
statistical-yearbook-2021-chapter-II-health-resources.xlsx,2.44,35,4,hospital,hospital,"Central Security Hospital, DAMMAM"
statistical-yearbook-2021-chapter-II-health-resources.xlsx,2.44,37,3,hospital,مستشفى,مستشفى القوات المسلحة بالشمالية بحفر الباطن
statistical-yearbook-2021-chapter-II-health-resources.xlsx,2.44,37,4,hospital,hospital,ARMED FORCES HOSPITAL Hafir Al Baten
statistical-yearbook-2021-chapter-II-health-resources.xlsx,2.44,38,3,hospital,مستشفى,مستشفى الأمن المركزي - أبها
statistical-yearbook-2021-chapter-II-health-resources.xlsx,2.44,38,4,hospital,hospital,Central Security Hospital -Abha
statistical-yearbook-2021-chapter-II-health-resources.xlsx,2.44,39,3,hospital,مستشفى,مستشفى القوات المسلحة  - خميس مشيط
statistical-yearbook-2021-chapter-II-health-resources.xlsx,2.44,39,4,hospital,hospital,"ARMED FORCES HOSPITAL, KHAMIS MUSHEET"
statistical-yearbook-2021-chapter-II-health-resources.xlsx,2.44,40,3,hospital,مستشفى,مستشفى القوات المسلحة - نجران
statistical-yearbook-2021-chapter-II-health-resources.xlsx,2.44,40,4,hospital,hospital,"ARMED FORCES HOSPITAL,NAJRAN"
statistical-yearbook-2021-chapter-II-health-resources.xlsx,2-45,2,1,hospital,hospital,CBAHI Accredited Private Hospitals
statistical-yearbook-2021-chapter-II-health-resources.xlsx,2-45,4,1,region,المنطقة,المنطقة الصحية
statistical-yearbook-2021-chapter-II-health-resources.xlsx,2-45,4,2,hospital,مستشفى,المستشفى
statistical-yearbook-2021-chapter-II-health-resources.xlsx,2-45,4,4,hospital,hospital,Hospital Name
statistical-yearbook-2021-chapter-II-health-resources.xlsx,2-45,4,6,region,region,Health Region
statistical-yearbook-2021-chapter-II-health-resources.xlsx,2-45,5,3,hospital,مستشفى,مستشفى الهلال الأخضر
statistical-yearbook-2021-chapter-II-health-resources.xlsx,2-45,5,4,hospital,hospital,Green Crescent Hospital
statistical-yearbook-2021-chapter-II-health-resources.xlsx,2-45,6,3,hospital,مستشفى,مستشفى عناية العائلة
statistical-yearbook-2021-chapter-II-health-resources.xlsx,2-45,6,4,hospital,hospital,Family Care Hospital
statistical-yearbook-2021-chapter-II-health-resources.xlsx,2-45,7,3,hospital,مستشفى,مستشفى المملكة
statistical-yearbook-2021-chapter-II-health-resources.xlsx,2-45,7,4,hospital,hospital,Kingdom Hospital
statistical-yearbook-2021-chapter-II-health-resources.xlsx,2-45,8,3,hospital,مستشفى,مستشفى دار الشفاء
statistical-yearbook-2021-chapter-II-health-resources.xlsx,2-45,8,4,hospital,hospital,Dar Al Shifa Hospital
statistical-yearbook-2021-chapter-II-health-resources.xlsx,2-45,9,3,hospital,مستشفى,مستشفى السلام
statistical-yearbook-2021-chapter-II-health-resources.xlsx,2-45,9,4,hospital,hospital,Al Salam Hospital
statistical-yearbook-2021-chapter-II-health-resources.xlsx,2-45,10,3,hospital,مستشفى,مستشفى سليمان الحبيب السويدي
statistical-yearbook-2021-chapter-II-health-resources.xlsx,2-45,10,4,hospital,hospital,Soliaman Al-Habib  Hospital  (Al Suwaidy)
statistical-yearbook-2021-chapter-II-health-resources.xlsx,2-45,13,3,hospital,مستشفى,مستشفى الحمادي العليا
statistical-yearbook-2021-chapter-II-health-resources.xlsx,2-45,13,4,hospital,hospital,Al Hamadi (Al Olaya) Hospital
statistical-yearbook-2021-chapter-II-health-resources.xlsx,2-45,14,3,hospital,مستشفى,مستشفى النخبة الطبي
statistical-yearbook-2021-chapter-II-health-resources.xlsx,2-45,14,4,hospital,hospital,Al-Nokhba Hospital
statistical-yearbook-2021-chapter-II-health-resources.xlsx,2-45,15,3,hospital,مستشفى,مستشفى سليمان الحبيب بالريان
statistical-yearbook-2021-chapter-II-health-resources.xlsx,2-45,15,4,hospital,hospital,Soliaman Al-Habib Al-Rayan Hospital
statistical-yearbook-2021-chapter-II-health-resources.xlsx,2-45,16,3,hospital,مستشفى,مستشفى رعاية الرياض
statistical-yearbook-2021-chapter-II-health-resources.xlsx,2-45,16,4,hospital,hospital,Riyadh Care Hospital
statistical-yearbook-2021-chapter-II-health-resources.xlsx,2-45,17,3,hospital,مستشفى,مستشفى سليمان الحبيب التخصصي للنساء والولادة
statistical-yearbook-2021-chapter-II-health-resources.xlsx,2-45,17,4,hospital,hospital,Soliaman Al-Habib Gyn/Obs Specialist Hospital
statistical-yearbook-2021-chapter-II-health-resources.xlsx,2-45,18,3,hospital,مستشفى,مستشفى الحمادي النزهة
statistical-yearbook-2021-chapter-II-health-resources.xlsx,2-45,18,4,hospital,hospital,"Al Hammadi Hospital, Al Nuzha"
statistical-yearbook-2021-chapter-II-health-resources.xlsx,2-45,19,3,hospital,مستشفى,مستشفى الأسرة الدولي
statistical-yearbook-2021-chapter-II-health-resources.xlsx,2-45,19,3,bed,أسرة,مستشفى الأسرة الدولي
statistical-yearbook-2021-chapter-II-health-resources.xlsx,2-45,19,4,hospital,hospital,International Alosrah Hospital
statistical-yearbook-2021-chapter-II-health-resources.xlsx,2-45,20,3,hospital,مستشفى,مستشفى دلة نمار
statistical-yearbook-2021-chapter-II-health-resources.xlsx,2-45,20,4,hospital,hospital,Dallah Namar Hospital
statistical-yearbook-2021-chapter-II-health-resources.xlsx,2-45,21,3,hospital,مستشفى,مستشفى الجافل الدولي
statistical-yearbook-2021-chapter-II-health-resources.xlsx,2-45,21,4,hospital,hospital,Al Jafel Hospital
statistical-yearbook-2021-chapter-II-health-resources.xlsx,2-45,22,3,hospital,مستشفى,مستشفى الفلاح الدولي
statistical-yearbook-2021-chapter-II-health-resources.xlsx,2-45,22,4,hospital,hospital,Al Falah Hospital
statistical-yearbook-2021-chapter-II-health-resources.xlsx,2-45,23,3,hospital,مستشفى,مستشفى الدكتور سليمان الحبيب التخصصي
statistical-yearbook-2021-chapter-II-health-resources.xlsx,2-45,23,4,hospital,hospital,Soliaman Al-Habib Specialist Hospital
statistical-yearbook-2021-chapter-II-health-resources.xlsx,2-45,24,3,hospital,مستشفى,مستشفى الوطني
statistical-yearbook-2021-chapter-II-health-resources.xlsx,2-45,24,4,hospital,hospital,National Hospital
statistical-yearbook-2021-chapter-II-health-resources.xlsx,2-45,25,3,hospital,مستشفى,مستشفى العظام والمفاصل والعمود الفقري
statistical-yearbook-2021-chapter-II-health-resources.xlsx,2-45,25,4,hospital,hospital,Orthopedic Hospital
statistical-yearbook-2021-chapter-II-health-resources.xlsx,2-45,26,3,hospital,مستشفى,مستشفى الدكتور عبد الرحمن المشاري
statistical-yearbook-2021-chapter-II-health-resources.xlsx,2-45,26,4,hospital,hospital,Dr Abdulrahman Al Mashary Hospital
statistical-yearbook-2021-chapter-II-health-resources.xlsx,2-45,27,3,hospital,مستشفى,مستشفى سند
statistical-yearbook-2021-chapter-II-health-resources.xlsx,2-45,27,4,hospital,hospital,Sanad Hospital
statistical-yearbook-2021-chapter-II-health-resources.xlsx,2-45,29,3,hospital,مستشفى,مستشفى السعودي الألماني
statistical-yearbook-2021-chapter-II-health-resources.xlsx,2-45,29,4,hospital,hospital,Saudi-German Hospital
statistical-yearbook-2021-chapter-II-health-resources.xlsx,2-45,30,3,hospital,مستشفى,مستشفى الحياة الوطني
statistical-yearbook-2021-chapter-II-health-resources.xlsx,2-45,30,4,hospital,hospital,Al-Hayat Al-Watany Hospital
statistical-yearbook-2021-chapter-II-health-resources.xlsx,2-45,31,3,hospital,مستشفى,مستشفى المواساة
statistical-yearbook-2021-chapter-II-health-resources.xlsx,2-45,31,4,hospital,hospital,Mouwasat Hospital
statistical-yearbook-2021-chapter-II-health-resources.xlsx,2-45,32,3,hospital,مستشفى,مستشفى دلة النخيل
statistical-yearbook-2021-chapter-II-health-resources.xlsx,2-45,32,4,hospital,hospital,Dallah Hospital (Al-Nakheel)
statistical-yearbook-2021-chapter-II-health-resources.xlsx,2-45,33,3,hospital,مستشفى,مستشفى الجزيرة
statistical-yearbook-2021-chapter-II-health-resources.xlsx,2-45,33,4,hospital,hospital,Al Jazeera Hospital
statistical-yearbook-2021-chapter-II-health-resources.xlsx,2-45,34,3,hospital,مستشفى,مستشفى عبيد التخصصي
statistical-yearbook-2021-chapter-II-health-resources.xlsx,2-45,34,4,hospital,hospital,Ebeed Specialized Hospital
statistical-yearbook-2021-chapter-II-health-resources.xlsx,2-45,35,3,hospital,مستشفى,مستشفى الحمادي (السويدي)
statistical-yearbook-2021-chapter-II-health-resources.xlsx,2-45,35,4,hospital,hospital,Al Hamadi Hospital (Al Suwaidy)
statistical-yearbook-2021-chapter-II-health-resources.xlsx,2-45,36,3,hospital,مستشفى,مستشفى رابية
statistical-yearbook-2021-chapter-II-health-resources.xlsx,2-45,36,4,hospital,hospital,Rabia Hospital
statistical-yearbook-2021-chapter-II-health-resources.xlsx,2-45,37,3,hospital,مستشفى,مستشفى المواطن علي بن محمد بن محفر بن علي
statistical-yearbook-2021-chapter-II-health-resources.xlsx,2-45,37,4,hospital,hospital,Ali Bin Mohammad Bin Mahfar Hospital
statistical-yearbook-2021-chapter-II-health-resources.xlsx,2-45,38,3,hospital,مستشفى,مستشفى شركة محمد راشد الفقيه وشريكه
statistical-yearbook-2021-chapter-II-health-resources.xlsx,2-45,38,4,hospital,hospital,Mohammad Rashid Al-Faqih Hospital
statistical-yearbook-2021-chapter-II-health-resources.xlsx,2-45,39,3,hospital,مستشفى,مستشفى مغربي للعيون والأذن والأسنان
statistical-yearbook-2021-chapter-II-health-resources.xlsx,2-45,39,4,hospital,hospital,Magrabi Oph./ENT Hospital
statistical-yearbook-2021-chapter-II-health-resources.xlsx,2-45,40,3,hospital,مستشفى,مستشفى واحة الرياض
statistical-yearbook-2021-chapter-II-health-resources.xlsx,2-45,40,4,hospital,hospital,Wahet Al-Riyadh Hospital
statistical-yearbook-2021-chapter-IV-health-activities.xlsx,فهرس الباب الرابع,1,2,activity,الأنشطة,الباب الرابع: الأنشطة والخدمات الصحية
statistical-yearbook-2021-chapter-IV-health-activities.xlsx,فهرس الباب الرابع,2,2,activity,activities,Chapter IV : Health Activities and Services
statistical-yearbook-2021-chapter-IV-health-activities.xlsx,فهرس الباب الرابع,3,2,region,المنطقة,زيارات واستشارات الرعاية الصحية الأولية بوزارة الصحة حسب المنطقة الصحية عام 2021م.
statistical-yearbook-2021-chapter-IV-health-activities.xlsx,فهرس الباب الرابع,3,2,year,عام,زيارات واستشارات الرعاية الصحية الأولية بوزارة الصحة حسب المنطقة الصحية عام 2021م.
statistical-yearbook-2021-chapter-IV-health-activities.xlsx,فهرس الباب الرابع,4,2,region,region,"MoH PHC  Encounters and Consultations by Health Region, 2021G."
statistical-yearbook-2021-chapter-IV-health-activities.xlsx,فهرس الباب الرابع,5,2,region,المنطقة,زيارات مراجعي الطوارئ المرضية بمستشفيات وزارة الصحة حسب الجنس والجنسية والمنطقة الصحية عام 2021م.
statistical-yearbook-2021-chapter-IV-health-activities.xlsx,فهرس الباب الرابع,5,2,year,عام,زيارات مراجعي الطوارئ المرضية بمستشفيات وزارة الصحة حسب الجنس والجنسية والمنطقة الصحية عام 2021م.
statistical-yearbook-2021-chapter-IV-health-activities.xlsx,فهرس الباب الرابع,6,2,region,region,"Medical Emergency Encounters in the MoH Hospitals by  Sex, Nationality  and Health Region, 2021G."
statistical-yearbook-2021-chapter-IV-health-activities.xlsx,فهرس الباب الرابع,6,2,hospital,hospital,"Medical Emergency Encounters in the MoH Hospitals by  Sex, Nationality  and Health Region, 2021G."
statistical-yearbook-2021-chapter-IV-health-activities.xlsx,فهرس الباب الرابع,7,2,region,المنطقة,زيارات مراجعي الطوارئ الجراحية بمستشفيات وزارة الصحة حسب الجنس والجنسية والمنطقة الصحية عام 2021م.
statistical-yearbook-2021-chapter-IV-health-activities.xlsx,فهرس الباب الرابع,7,2,year,عام,زيارات مراجعي الطوارئ الجراحية بمستشفيات وزارة الصحة حسب الجنس والجنسية والمنطقة الصحية عام 2021م.
statistical-yearbook-2021-chapter-IV-health-activities.xlsx,فهرس الباب الرابع,8,2,region,region,"Surgical Emergency Encounters in the MoH Hospitals by  Sex, Nationality  and Health Region, 2021G."
statistical-yearbook-2021-chapter-IV-health-activities.xlsx,فهرس الباب الرابع,8,2,hospital,hospital,"Surgical Emergency Encounters in the MoH Hospitals by  Sex, Nationality  and Health Region, 2021G."
statistical-yearbook-2021-chapter-IV-health-activities.xlsx,فهرس الباب الرابع,9,2,region,المنطقة,زيارات مراجعي  العيادات الخارجية بمستشفيات وزارة الصحة حسب الجنس والجنسية والمنطقة الصحية عام 2021م.
statistical-yearbook-2021-chapter-IV-health-activities.xlsx,فهرس الباب الرابع,9,2,year,عام,زيارات مراجعي  العيادات الخارجية بمستشفيات وزارة الصحة حسب الجنس والجنسية والمنطقة الصحية عام 2021م.
statistical-yearbook-2021-chapter-IV-health-activities.xlsx,فهرس الباب الرابع,10,2,region,region,"Encounters to Outpatient Clinics in MoH Hospitals by  Sex, Nationality  and Health Region, 2021G."
statistical-yearbook-2021-chapter-IV-health-activities.xlsx,فهرس الباب الرابع,10,2,hospital,hospital,"Encounters to Outpatient Clinics in MoH Hospitals by  Sex, Nationality  and Health Region, 2021G."
statistical-yearbook-2021-chapter-IV-health-activities.xlsx,فهرس الباب الرابع,11,2,region,المنطقة,زيارات المراجعين  للرعاية الصحية الأولية والعيادات الخارجية بمستشفيات وزارة الصحة حسب المنطقة الصحية عام 2021م
statistical-yearbook-2021-chapter-IV-health-activities.xlsx,فهرس الباب الرابع,11,2,year,عام,زيارات المراجعين  للرعاية الصحية الأولية والعيادات الخارجية بمستشفيات وزارة الصحة حسب المنطقة الصحية عام 2021م
statistical-yearbook-2021-chapter-IV-health-activities.xlsx,فهرس الباب الرابع,12,2,region,region,"PHCs' Encounters and Outpatients of MoH Hospitals by Health Region, 2021G."
statistical-yearbook-2021-chapter-IV-health-activities.xlsx,فهرس الباب الرابع,12,2,hospital,hospital,"PHCs' Encounters and Outpatients of MoH Hospitals by Health Region, 2021G."
statistical-yearbook-2021-chapter-IV-health-activities.xlsx,فهرس الباب الرابع,13,2,region,المنطقة,زيارات المراجعين لمراكز الرعاية الصحية الأولية والعيادات الخارجية بمستشفيات وزارة الصحة حسب المنطقة الصحية في الأعوام الخمسة الأخيرة
statistical-yearbook-2021-chapter-IV-health-activities.xlsx,فهرس الباب الرابع,14,2,region,region,PHCs' Encounters  and Outpatients in MoH Hospitals by Health Region in the last Five Years
statistical-yearbook-2021-chapter-IV-health-activities.xlsx,فهرس الباب الرابع,14,2,year,year,PHCs' Encounters  and Outpatients in MoH Hospitals by Health Region in the last Five Years
statistical-yearbook-2021-chapter-IV-health-activities.xlsx,فهرس الباب الرابع,14,2,hospital,hospital,PHCs' Encounters  and Outpatients in MoH Hospitals by Health Region in the last Five Years
statistical-yearbook-2021-chapter-IV-health-activities.xlsx,فهرس الباب الرابع,15,2,region,المنطقة,مراكز الإسعاف والسيارات التابعة لهيئة الهلال الأحمر السعودي حسب المنطقة الإدارية  عام 2021م.
statistical-yearbook-2021-chapter-IV-health-activities.xlsx,فهرس الباب الرابع,15,2,year,عام,مراكز الإسعاف والسيارات التابعة لهيئة الهلال الأحمر السعودي حسب المنطقة الإدارية  عام 2021م.
statistical-yearbook-2021-chapter-IV-health-activities.xlsx,فهرس الباب الرابع,16,2,region,region,"First Aid Centers and Ambulances of the Saudi Red Crescent Authority  by Administrative Region, 2021G."
statistical-yearbook-2021-chapter-IV-health-activities.xlsx,فهرس الباب الرابع,17,2,region,المنطقة,المرضى والمصابون الذين تم إسعافهم ونقلهم إلى المستشفيات بواسطة هيئة الهلال الأحمر السعودي حسب المنطقة الإدارية ونوع الحالة عام 2021م
statistical-yearbook-2021-chapter-IV-health-activities.xlsx,فهرس الباب الرابع,17,2,year,عام,المرضى والمصابون الذين تم إسعافهم ونقلهم إلى المستشفيات بواسطة هيئة الهلال الأحمر السعودي حسب المنطقة الإدارية ونوع الحالة عام 2021م
statistical-yearbook-2021-chapter-IV-health-activities.xlsx,فهرس الباب الرابع,17,2,hospital,المستشفيات,المرضى والمصابون الذين تم إسعافهم ونقلهم إلى المستشفيات بواسطة هيئة الهلال الأحمر السعودي حسب المنطقة الإدارية ونوع الحالة عام 2021م
statistical-yearbook-2021-chapter-IV-health-activities.xlsx,فهرس الباب الرابع,18,2,region,region,"Patients and Casualties Offered First Aid and Transported by Saudi Red Crescent Authority Ambulances by  Administrative Region and Type of Case  , 2021G."
statistical-yearbook-2021-chapter-IV-health-activities.xlsx,فهرس الباب الرابع,19,2,region,المنطقة,الحالات الإسعافية المنقولة بواسطة هيئة الهلال الأحمر السعودي حسب المنطقة الإدارية في الأعوام الخمسة الأخيرة
statistical-yearbook-2021-chapter-IV-health-activities.xlsx,فهرس الباب الرابع,20,2,region,region,Cases Offered First Aid and Transported by Ambulances of Saudi Red Crescent Authority by Administrative Region in the last Five Years
statistical-yearbook-2021-chapter-IV-health-activities.xlsx,فهرس الباب الرابع,20,2,year,year,Cases Offered First Aid and Transported by Ambulances of Saudi Red Crescent Authority by Administrative Region in the last Five Years
statistical-yearbook-2021-chapter-IV-health-activities.xlsx,فهرس الباب الرابع,21,2,year,عام,زيارات المراجعين للمستوصفات والعيادات الخارجية بمستشفيات الجهات الحكومية الأخرى  حسب الجنسية عام 2021م
statistical-yearbook-2021-chapter-IV-health-activities.xlsx,فهرس الباب الرابع,22,2,hospital,hospital,"OPD Encounters at  Other Governmental Sector Hospitals and Polyclinics by Nationality, 2021G."
statistical-yearbook-2021-chapter-IV-health-activities.xlsx,فهرس الباب الرابع,23,2,region,المنطقة,الخدمات الصحية بالقطاع الخاص  حسب المنطقة الصحية والجنسية عام 2021م
statistical-yearbook-2021-chapter-IV-health-activities.xlsx,فهرس الباب الرابع,23,2,year,عام,الخدمات الصحية بالقطاع الخاص  حسب المنطقة الصحية والجنسية عام 2021م
statistical-yearbook-2021-chapter-IV-health-activities.xlsx,فهرس الباب الرابع,24,2,region,region,"Health Services in the Private Sector  by Health Region and Nationality, 2021G"
statistical-yearbook-2021-chapter-IV-health-activities.xlsx,فهرس الباب الرابع,25,2,population,السكان,زيارات المراجعين للقطاعات الصحية بالمملكة ومتوسط عدد الزيارات لكل فرد من السكان في الأعوام الخمسة الأخيرة
statistical-yearbook-2021-chapter-IV-health-activities.xlsx,فهرس الباب الرابع,25,2,activity,الزيارات,زيارات المراجعين للقطاعات الصحية بالمملكة ومتوسط عدد الزيارات لكل فرد من السكان في الأعوام الخمسة الأخيرة
statistical-yearbook-2021-chapter-IV-health-activities.xlsx,فهرس الباب الرابع,26,2,year,year,Encounters to Various Health Sectors & Average No. of Encounters Per Person in the last Five Years
statistical-yearbook-2021-chapter-IV-health-activities.xlsx,فهرس الباب الرابع,27,2,region,المنطقة,زيارات المراجعين لعيادات السكرى بمستشفيات وزارة الصحة حسب الجنس والجنسية والمنطقة الصحية عام 2021م.
statistical-yearbook-2021-chapter-IV-health-activities.xlsx,فهرس الباب الرابع,27,2,year,عام,زيارات المراجعين لعيادات السكرى بمستشفيات وزارة الصحة حسب الجنس والجنسية والمنطقة الصحية عام 2021م.
statistical-yearbook-2021-chapter-IV-health-activities.xlsx,فهرس الباب الرابع,28,2,region,region,"Encounters to  Diabetic  Clinics, MoH Hospitals by  Sex, Nationality  and Health Region, 2021G."
statistical-yearbook-2021-chapter-IV-health-activities.xlsx,فهرس الباب الرابع,28,2,hospital,hospital,"Encounters to  Diabetic  Clinics, MoH Hospitals by  Sex, Nationality  and Health Region, 2021G."
statistical-yearbook-2021-chapter-IV-health-activities.xlsx,فهرس الباب الرابع,29,2,year,عام,مضاعفات الحمل والولادة  بمستشفيات وزارة الصحة لعام 2021م.
statistical-yearbook-2021-chapter-IV-health-activities.xlsx,فهرس الباب الرابع,30,2,hospital,hospital,"Complications of pregnancy and child birth , MoH Hospitals, 2021G."
statistical-yearbook-2021-chapter-IV-health-activities.xlsx,فهرس الباب الرابع,31,2,year,عام,المراجعون والمنومون في أقسام الصحة النفسية بوزارة الصحة حسب المجموعات المرضية للتصنيف الدولي للأمراض (ICD-10 ) عام 2021م.
statistical-yearbook-2021-chapter-IV-health-activities.xlsx,فهرس الباب الرابع,31,2,total,المجموع,المراجعون والمنومون في أقسام الصحة النفسية بوزارة الصحة حسب المجموعات المرضية للتصنيف الدولي للأمراض (ICD-10 ) عام 2021م.
statistical-yearbook-2021-chapter-IV-health-activities.xlsx,فهرس الباب الرابع,33,2,region,المنطقة,زيارات المراجعين لعيادات الأسنان بوزارة الصحة حسب الجنس والجنسية والمنطقة الصحية عام 2021م
statistical-yearbook-2021-chapter-IV-health-activities.xlsx,فهرس الباب الرابع,33,2,year,عام,زيارات المراجعين لعيادات الأسنان بوزارة الصحة حسب الجنس والجنسية والمنطقة الصحية عام 2021م
statistical-yearbook-2021-chapter-IV-health-activities.xlsx,فهرس الباب الرابع,34,2,region,region,"Encounters to Dental Clinics, MoH by Sex, Nationality and Health Region, 2021G."
statistical-yearbook-2021-chapter-IV-health-activities.xlsx,فهرس الباب الرابع,35,2,region,المنطقة,الخدمات الرئيسية للأسنان بمراكز طب الأسنان بوزارة الصحة حسب نوع الخدمة والمنطقة الصحية عام 2021م.
statistical-yearbook-2021-chapter-IV-health-activities.xlsx,فهرس الباب الرابع,35,2,year,عام,الخدمات الرئيسية للأسنان بمراكز طب الأسنان بوزارة الصحة حسب نوع الخدمة والمنطقة الصحية عام 2021م.
statistical-yearbook-2021-chapter-IV-health-activities.xlsx,فهرس الباب الرابع,36,2,region,region,"Main Dental Services in Dental Centers, MoH by Type of Service and Health Region, 2021G."
statistical-yearbook-2021-chapter-IV-health-activities.xlsx,فهرس الباب الرابع,37,2,region,المنطقة,العمليات الجراحية للفك والأسنان وحالات الخلع بوزارة الصحة حسب المنطقة الصحية عام 2021م.
statistical-yearbook-2021-chapter-IV-health-activities.xlsx,فهرس الباب الرابع,37,2,year,عام,العمليات الجراحية للفك والأسنان وحالات الخلع بوزارة الصحة حسب المنطقة الصحية عام 2021م.
statistical-yearbook-2021-chapter-IV-health-activities.xlsx,فهرس الباب الرابع,37,2,activity,العمليات,العمليات الجراحية للفك والأسنان وحالات الخلع بوزارة الصحة حسب المنطقة الصحية عام 2021م.
statistical-yearbook-2021-chapter-IV-health-activities.xlsx,فهرس الباب الرابع,38,2,region,region,"Oral Surgery and Teeth Extraction at  MoH  Facilities by Health Region, 2021G."
statistical-yearbook-2021-chapter-IV-health-activities.xlsx,فهرس الباب الرابع,39,2,region,المنطقة,المنومون بمستشفيات وزارة الصحة حسب المنطقة الصحية والجنسية عام 2021م.
statistical-yearbook-2021-chapter-IV-health-activities.xlsx,فهرس الباب الرابع,39,2,year,عام,المنومون بمستشفيات وزارة الصحة حسب المنطقة الصحية والجنسية عام 2021م.
statistical-yearbook-2021-chapter-IV-health-activities.xlsx,فهرس الباب الرابع,40,2,region,region,"Inpatients at MoH Hospitals  by Health Region and Nationality, 2021G."
statistical-yearbook-2021-chapter-IV-health-activities.xlsx,فهرس الباب الرابع,40,2,hospital,hospital,"Inpatients at MoH Hospitals  by Health Region and Nationality, 2021G."
statistical-yearbook-2021-chapter-IV-health-activities.xlsx,1,1,1,region,المنطقة,زيارات واستشارات الرعاية الصحية الأولية بوزارة الصحة حسب المنطقة الصحية عام 2021م.
statistical-yearbook-2021-chapter-IV-health-activities.xlsx,1,1,1,year,عام,زيارات واستشارات الرعاية الصحية الأولية بوزارة الصحة حسب المنطقة الصحية عام 2021م.
statistical-yearbook-2021-chapter-IV-health-activities.xlsx,1,2,1,region,region,"MoH PHC  Encounters and Consultations by Health Region, 2021G."
statistical-yearbook-2021-chapter-IV-health-activities.xlsx,1,4,1,region,المنطقة,المنطقة الصحية
statistical-yearbook-2021-chapter-IV-health-activities.xlsx,1,4,8,total,الإجمالي,الإجمالي
statistical-yearbook-2021-chapter-IV-health-activities.xlsx,1,4,9,region,region,Health Region
statistical-yearbook-2021-chapter-IV-health-activities.xlsx,1,5,8,total,total,Total
statistical-yearbook-2021-chapter-IV-health-activities.xlsx,1,26,1,total,المجموع,المجموع
statistical-yearbook-2021-chapter-IV-health-activities.xlsx,1,26,9,total,total,Total
statistical-yearbook-2021-chapter-IV-health-activities.xlsx,2,1,1,region,المنطقة,زيارات مراجعي الطوارئ المرضية بمستشفيات وزارة الصحة حسب الجنس والجنسية والمنطقة الصحية عام 2021م.
statistical-yearbook-2021-chapter-IV-health-activities.xlsx,2,1,1,year,عام,زيارات مراجعي الطوارئ المرضية بمستشفيات وزارة الصحة حسب الجنس والجنسية والمنطقة الصحية عام 2021م.
statistical-yearbook-2021-chapter-IV-health-activities.xlsx,2,2,1,region,region,"Medical Emergency Encounters in the MOH Hospitals by  Sex, Nationality  and Health Region, 2021G."
statistical-yearbook-2021-chapter-IV-health-activities.xlsx,2,2,1,hospital,hospital,"Medical Emergency Encounters in the MOH Hospitals by  Sex, Nationality  and Health Region, 2021G."
statistical-yearbook-2021-chapter-IV-health-activities.xlsx,2,4,1,region,المنطقة,المنطقة الصحية
statistical-yearbook-2021-chapter-IV-health-activities.xlsx,2,4,6,total,الإجمالي,الإجمالي
statistical-yearbook-2021-chapter-IV-health-activities.xlsx,2,4,7,region,region,Health Region
statistical-yearbook-2021-chapter-IV-health-activities.xlsx,2,5,6,total,total,Total
statistical-yearbook-2021-chapter-IV-health-activities.xlsx,2,26,1,total,المجموع,المجموع
statistical-yearbook-2021-chapter-IV-health-activities.xlsx,2,26,7,total,total,Total
statistical-yearbook-2021-chapter-IV-health-activities.xlsx,3,1,1,region,المنطقة,زيارات مراجعي الطوارئ الجراحية بمستشفيات وزارة الصحة حسب الجنس والجنسية والمنطقة الصحية عام 2021م.
statistical-yearbook-2021-chapter-IV-health-activities.xlsx,3,1,1,year,عام,زيارات مراجعي الطوارئ الجراحية بمستشفيات وزارة الصحة حسب الجنس والجنسية والمنطقة الصحية عام 2021م.
statistical-yearbook-2021-chapter-IV-health-activities.xlsx,3,2,1,region,region,"Surgical Emergency Encounters in the MOH Hospitals by  Sex, Nationality  and Health Region, 2021G."
statistical-yearbook-2021-chapter-IV-health-activities.xlsx,3,2,1,hospital,hospital,"Surgical Emergency Encounters in the MOH Hospitals by  Sex, Nationality  and Health Region, 2021G."
statistical-yearbook-2021-chapter-IV-health-activities.xlsx,3,4,1,region,المنطقة,المنطقة الصحية
statistical-yearbook-2021-chapter-IV-health-activities.xlsx,3,4,6,total,الإجمالي,الإجمالي
statistical-yearbook-2021-chapter-IV-health-activities.xlsx,3,4,7,region,region,Health Region
statistical-yearbook-2021-chapter-IV-health-activities.xlsx,3,5,1,region,region,Region
statistical-yearbook-2021-chapter-IV-health-activities.xlsx,3,5,6,total,total,Total
statistical-yearbook-2021-chapter-IV-health-activities.xlsx,3,26,1,total,المجموع,المجموع
statistical-yearbook-2021-chapter-IV-health-activities.xlsx,3,26,7,total,total,Total
statistical-yearbook-2021-chapter-IV-health-activities.xlsx,4,1,1,region,المنطقة,زيارات مراجعي  العيادات الخارجية بمستشفيات وزارة الصحة حسب الجنس والجنسية والمنطقة الصحية عام 2021م.
statistical-yearbook-2021-chapter-IV-health-activities.xlsx,4,1,1,year,عام,زيارات مراجعي  العيادات الخارجية بمستشفيات وزارة الصحة حسب الجنس والجنسية والمنطقة الصحية عام 2021م.
statistical-yearbook-2021-chapter-IV-health-activities.xlsx,4,1,9,region,المنطقة,زيارات مراجعي  العيادات الخارجية بمستشفيات وزارة الصحة حسب الجنس والجنسية والمنطقة الصحية عام 2020م.
statistical-yearbook-2021-chapter-IV-health-activities.xlsx,4,1,9,year,عام,زيارات مراجعي  العيادات الخارجية بمستشفيات وزارة الصحة حسب الجنس والجنسية والمنطقة الصحية عام 2020م.
statistical-yearbook-2021-chapter-IV-health-activities.xlsx,4,2,1,region,region,"Encounters to Outpatient Clinics in MOH Hospitals by  Sex, Nationality  and Health Region, 2021G."
statistical-yearbook-2021-chapter-IV-health-activities.xlsx,4,2,1,hospital,hospital,"Encounters to Outpatient Clinics in MOH Hospitals by  Sex, Nationality  and Health Region, 2021G."
statistical-yearbook-2021-chapter-IV-health-activities.xlsx,4,2,9,region,region,"Encounters to Outpatient Clinics in MOH Hospitals by  Sex, Nationality  and Health Region, 2020G."
statistical-yearbook-2021-chapter-IV-health-activities.xlsx,4,2,9,hospital,hospital,"Encounters to Outpatient Clinics in MOH Hospitals by  Sex, Nationality  and Health Region, 2020G."
statistical-yearbook-2021-chapter-IV-health-activities.xlsx,4,4,1,region,المنطقة,المنطقة الصحية
statistical-yearbook-2021-chapter-IV-health-activities.xlsx,4,4,6,total,الإجمالي,الإجمالي
statistical-yearbook-2021-chapter-IV-health-activities.xlsx,4,4,7,region,region,Health Region
statistical-yearbook-2021-chapter-IV-health-activities.xlsx,4,4,9,region,المنطقة,المنطقة الصحية
statistical-yearbook-2021-chapter-IV-health-activities.xlsx,4,4,14,total,الإجمالي,الإجمالي
statistical-yearbook-2021-chapter-IV-health-activities.xlsx,4,4,15,region,region,Health Region
statistical-yearbook-2021-chapter-IV-health-activities.xlsx,4,5,1,region,region,Region
statistical-yearbook-2021-chapter-IV-health-activities.xlsx,4,5,6,total,total,Total
statistical-yearbook-2021-chapter-IV-health-activities.xlsx,4,5,9,region,region,Region
statistical-yearbook-2021-chapter-IV-health-activities.xlsx,4,5,14,total,total,Total
statistical-yearbook-2021-chapter-IV-health-activities.xlsx,4,26,1,total,المجموع,المجموع
statistical-yearbook-2021-chapter-IV-health-activities.xlsx,4,26,7,total,total,Total
statistical-yearbook-2021-chapter-IV-health-activities.xlsx,4,26,9,total,المجموع,المجموع
statistical-yearbook-2021-chapter-IV-health-activities.xlsx,4,26,15,total,total,Total
statistical-yearbook-2021-chapter-IV-health-activities.xlsx,4,32,1,total,المجموع,المجموع
statistical-yearbook-2021-chapter-IV-health-activities.xlsx,5,1,1,region,المنطقة,زيارات المراجعين  للرعاية الصحية الأولية والعيادات الخارجية بمستشفيات وزارة الصحة حسب المنطقة الصحية عام 2021م
statistical-yearbook-2021-chapter-IV-health-activities.xlsx,5,1,1,year,عام,زيارات المراجعين  للرعاية الصحية الأولية والعيادات الخارجية بمستشفيات وزارة الصحة حسب المنطقة الصحية عام 2021م
statistical-yearbook-2021-chapter-IV-health-activities.xlsx,5,2,1,region,region,"PHCs' Encounters and Outpatients of MOH Hospitals by Health Region, 2021G."
statistical-yearbook-2021-chapter-IV-health-activities.xlsx,5,2,1,hospital,hospital,"PHCs' Encounters and Outpatients of MOH Hospitals by Health Region, 2021G."
statistical-yearbook-2021-chapter-IV-health-activities.xlsx,5,4,1,region,المنطقة,المنطقة الصحية
statistical-yearbook-2021-chapter-IV-health-activities.xlsx,5,4,4,total,المجموع,المجموع
statistical-yearbook-2021-chapter-IV-health-activities.xlsx,5,4,6,region,region,Health Region
statistical-yearbook-2021-chapter-IV-health-activities.xlsx,5,5,4,total,total,Total
statistical-yearbook-2021-chapter-IV-health-activities.xlsx,5,5,5,total,total,PHC Encounters as % of total Encounters
statistical-yearbook-2021-chapter-IV-health-activities.xlsx,5,26,1,total,المجموع,المجموع
statistical-yearbook-2021-chapter-IV-health-activities.xlsx,5,26,6,total,total,Total
statistical-yearbook-2021-chapter-IV-health-activities.xlsx,6,1,1,region,المنطقة,زيارات المراجعين لمراكز الرعاية الصحية الأولية والعيادات الخارجية بمستشفيات وزارة الصحة حسب المنطقة الصحية في الأعوام الخمسة الأخيرة
statistical-yearbook-2021-chapter-IV-health-activities.xlsx,6,2,1,region,region,PHCs' Encounters  and Outpatients in MOH Hospitals by Health Region in the last Five Years
statistical-yearbook-2021-chapter-IV-health-activities.xlsx,6,2,1,year,year,PHCs' Encounters  and Outpatients in MOH Hospitals by Health Region in the last Five Years
statistical-yearbook-2021-chapter-IV-health-activities.xlsx,6,2,1,hospital,hospital,PHCs' Encounters  and Outpatients in MOH Hospitals by Health Region in the last Five Years
statistical-yearbook-2021-chapter-IV-health-activities.xlsx,6,4,1,region,المنطقة,المنطقة الصحية
statistical-yearbook-2021-chapter-IV-health-activities.xlsx,6,4,12,region,region,Health Region
statistical-yearbook-2021-chapter-IV-health-activities.xlsx,6,27,1,total,المجموع,المجموع
statistical-yearbook-2021-chapter-IV-health-activities.xlsx,6,27,12,total,total,Total
statistical-yearbook-2021-chapter-IV-health-activities.xlsx,6,28,1,activity,الزيارات,إجمالي الزيارات
statistical-yearbook-2021-chapter-IV-health-activities.xlsx,6,28,12,total,total,Total Encounters
statistical-yearbook-2021-chapter-IV-health-activities.xlsx,6,29,1,year,السنة,متوسط عدد الزيارات لكل فرد من السكان في السنة
statistical-yearbook-2021-chapter-IV-health-activities.xlsx,6,29,1,population,السكان,متوسط عدد الزيارات لكل فرد من السكان في السنة
statistical-yearbook-2021-chapter-IV-health-activities.xlsx,6,29,1,activity,الزيارات,متوسط عدد الزيارات لكل فرد من السكان في السنة
statistical-yearbook-2021-chapter-IV-health-activities.xlsx,6,29,12,year,year,Average no. of Encounters / person / year
statistical-yearbook-2021-chapter-IV-health-activities.xlsx,7,1,1,region,المنطقة,مراكز الإسعاف والسيارات التابعة لهيئة الهلال الأحمر السعودي حسب المنطقة الإدارية  عام 2021م.
statistical-yearbook-2021-chapter-IV-health-activities.xlsx,7,1,1,year,عام,مراكز الإسعاف والسيارات التابعة لهيئة الهلال الأحمر السعودي حسب المنطقة الإدارية  عام 2021م.
statistical-yearbook-2021-chapter-IV-health-activities.xlsx,7,2,1,region,region,"First Aid Centers and Ambulances of the Saudi Red Crescent Authority  by Administrative Region, 2021G."
statistical-yearbook-2021-chapter-IV-health-activities.xlsx,7,4,1,region,المنطقة,المنطقة الإدارية
statistical-yearbook-2021-chapter-IV-health-activities.xlsx,7,4,7,region,region,Administrative Region
statistical-yearbook-2021-chapter-IV-health-activities.xlsx,7,6,2,hospital,hospital,"Cases offered first aid, Transported to hospitals"
statistical-yearbook-2021-chapter-IV-health-activities.xlsx,7,21,1,total,المجموع,المجموع
statistical-yearbook-2021-chapter-IV-health-activities.xlsx,7,21,7,total,total,Total
statistical-yearbook-2021-chapter-IV-health-activities.xlsx,8,1,1,region,المنطقة,المرضى والمصابون الذين تم إسعافهم ونقلهم إلى المستشفيات بواسطة هيئة الهلال الأحمر السعودي حسب المنطقة الإدارية ونوع الحالة عام 2021م
statistical-yearbook-2021-chapter-IV-health-activities.xlsx,8,1,1,year,عام,المرضى والمصابون الذين تم إسعافهم ونقلهم إلى المستشفيات بواسطة هيئة الهلال الأحمر السعودي حسب المنطقة الإدارية ونوع الحالة عام 2021م
statistical-yearbook-2021-chapter-IV-health-activities.xlsx,8,1,1,hospital,المستشفيات,المرضى والمصابون الذين تم إسعافهم ونقلهم إلى المستشفيات بواسطة هيئة الهلال الأحمر السعودي حسب المنطقة الإدارية ونوع الحالة عام 2021م
statistical-yearbook-2021-chapter-IV-health-activities.xlsx,8,2,1,region,region,"Patients and Casualties Offered First Aid and Transported by Saudi Red Crescent Authority Ambulances by  Administrative Region and Type of Case  , 2021G."
statistical-yearbook-2021-chapter-IV-health-activities.xlsx,8,4,1,region,المنطقة,المنطقة الإدارية
statistical-yearbook-2021-chapter-IV-health-activities.xlsx,8,4,10,region,region,Administrative Region
statistical-yearbook-2021-chapter-IV-health-activities.xlsx,8,5,9,total,المجموع,المجموع
statistical-yearbook-2021-chapter-IV-health-activities.xlsx,8,6,9,total,total,Total
statistical-yearbook-2021-chapter-IV-health-activities.xlsx,8,20,1,total,المجموع,المجموع
statistical-yearbook-2021-chapter-IV-health-activities.xlsx,8,20,10,total,total,Total
statistical-yearbook-2021-chapter-IV-health-activities.xlsx,9,1,1,region,المنطقة,الحالات الإسعافية المنقولة بواسطة هيئة الهلال الأحمر السعودي حسب المنطقة الإدارية في الأعوام الخمسة الأخيرة
statistical-yearbook-2021-chapter-IV-health-activities.xlsx,9,2,1,region,region,Cases Offered First Aid and Transported by Ambulances of Saudi Red Crescent Authority by Administrative Region in the last Five Years
statistical-yearbook-2021-chapter-IV-health-activities.xlsx,9,2,1,year,year,Cases Offered First Aid and Transported by Ambulances of Saudi Red Crescent Authority by Administrative Region in the last Five Years
statistical-yearbook-2021-chapter-IV-health-activities.xlsx,9,4,1,region,المنطقة,المنطقة  الإدارية
statistical-yearbook-2021-chapter-IV-health-activities.xlsx,9,4,2,year,السنة,السنة
statistical-yearbook-2021-chapter-IV-health-activities.xlsx,9,4,6,year,year,Year
statistical-yearbook-2021-chapter-IV-health-activities.xlsx,9,4,7,region,region,Administrative Region
statistical-yearbook-2021-chapter-IV-health-activities.xlsx,9,19,1,total,المجموع,المجموع
statistical-yearbook-2021-chapter-IV-health-activities.xlsx,9,19,7,total,total,Total
statistical-yearbook-2021-chapter-IV-health-activities.xlsx,10,1,1,year,عام,زيارات المراجعين للمستوصفات والعيادات الخارجية بمستشفيات الجهات الحكومية الأخرى  حسب الجنسية عام 2021م
statistical-yearbook-2021-chapter-IV-health-activities.xlsx,10,2,1,hospital,hospital,"OPD Encounters at  Other Governmental Sector Hospitals and Polyclinics by Nationality, 2021G."
statistical-yearbook-2021-chapter-IV-health-activities.xlsx,10,4,2,activity,الزيارات,عدد الزيارات
statistical-yearbook-2021-chapter-IV-health-activities.xlsx,10,6,4,total,المجموع,المجموع
statistical-yearbook-2021-chapter-IV-health-activities.xlsx,10,7,4,total,total,Total
statistical-yearbook-2021-chapter-IV-health-activities.xlsx,10,11,1,hospital,مستشفى,مستشفى الملك فيصل التخصصي ومركز الأبحاث
statistical-yearbook-2021-chapter-IV-health-activities.xlsx,10,11,6,hospital,hospital,King Faisal Specialist Hospital
statistical-yearbook-2021-chapter-IV-health-activities.xlsx,10,12,6,hospital,hospital,Royal Commission Hospitals
statistical-yearbook-2021-chapter-IV-health-activities.xlsx,10,13,6,hospital,hospital,ARAMCO Hospitals
statistical-yearbook-2021-chapter-IV-health-activities.xlsx,10,15,1,year,عام,المؤسسة العامة لتحلية المياه المالحة
statistical-yearbook-2021-chapter-IV-health-activities.xlsx,10,18,1,total,المجموع,المجموع
statistical-yearbook-2021-chapter-IV-health-activities.xlsx,10,18,6,total,total,Total
statistical-yearbook-2021-chapter-IV-health-activities.xlsx,10,19,1,year,عام,*البيانات تمثل عام 2020م
statistical-yearbook-2021-chapter-IV-health-activities.xlsx,4.11,1,1,region,المنطقة,زيارات المراجعين للمجمعات والمستشفيات بالقطاع الخاص  حسب المنطقة الصحية والجنسية عام 2021م
statistical-yearbook-2021-chapter-IV-health-activities.xlsx,4.11,1,1,year,عام,زيارات المراجعين للمجمعات والمستشفيات بالقطاع الخاص  حسب المنطقة الصحية والجنسية عام 2021م
statistical-yearbook-2021-chapter-IV-health-activities.xlsx,4.11,1,1,hospital,المستشفيات,زيارات المراجعين للمجمعات والمستشفيات بالقطاع الخاص  حسب المنطقة الصحية والجنسية عام 2021م
statistical-yearbook-2021-chapter-IV-health-activities.xlsx,4.11,2,1,region,region,"Visits to Polyclinics and  Hospitals of the Private Sector  by Health Region and Nationality, 2021G"
statistical-yearbook-2021-chapter-IV-health-activities.xlsx,4.11,2,1,hospital,hospital,"Visits to Polyclinics and  Hospitals of the Private Sector  by Health Region and Nationality, 2021G"
statistical-yearbook-2021-chapter-IV-health-activities.xlsx,4.11,2,1,activity,visits,"Visits to Polyclinics and  Hospitals of the Private Sector  by Health Region and Nationality, 2021G"
statistical-yearbook-2021-chapter-IV-health-activities.xlsx,4.11,4,1,region,المنطقة,المنطقة الصحية
statistical-yearbook-2021-chapter-IV-health-activities.xlsx,4.11,4,4,total,الإجمالي,الإجمالي
statistical-yearbook-2021-chapter-IV-health-activities.xlsx,4.11,4,5,region,region,Health Region
statistical-yearbook-2021-chapter-IV-health-activities.xlsx,4.11,25,1,total,المجموع,المجموع
statistical-yearbook-2021-chapter-IV-health-activities.xlsx,4.11,25,5,total,total,Total
statistical-yearbook-2021-chapter-IV-health-activities.xlsx,112020,1,1,region,المنطقة,الخدمات الصحية بالقطاع الخاص  حسب المنطقة الصحية والجنسية عام 2020م
statistical-yearbook-2021-chapter-IV-health-activities.xlsx,112020,1,1,year,عام,الخدمات الصحية بالقطاع الخاص  حسب المنطقة الصحية والجنسية عام 2020م
statistical-yearbook-2021-chapter-IV-health-activities.xlsx,112020,2,1,region,region,"Health Services in the Private Sector  by Health Region and Nationality, 2020G"
statistical-yearbook-2021-chapter-IV-health-activities.xlsx,112020,4,1,region,المنطقة,المنطقة الصحية
statistical-yearbook-2021-chapter-IV-health-activities.xlsx,112020,4,7,region,region,Health Region
statistical-yearbook-2021-chapter-IV-health-activities.xlsx,112020,4,9,region,المنطقة,المنطقة الصحية
statistical-yearbook-2021-chapter-IV-health-activities.xlsx,112020,4,15,region,region,Health Region
statistical-yearbook-2021-chapter-IV-health-activities.xlsx,112020,26,1,total,المجموع,المجموع
statistical-yearbook-2021-chapter-IV-health-activities.xlsx,112020,26,7,total,total,Total
statistical-yearbook-2021-chapter-IV-health-activities.xlsx,112020,26,9,total,المجموع,المجموع
statistical-yearbook-2021-chapter-IV-health-activities.xlsx,112020,26,15,total,total,Total
statistical-yearbook-2021-chapter-IV-health-activities.xlsx,11,1,1,region,المنطقة,الخدمات الصحية بالقطاع الخاص  حسب المنطقة الصحية والجنسية عام 2021م
statistical-yearbook-2021-chapter-IV-health-activities.xlsx,11,1,1,year,عام,الخدمات الصحية بالقطاع الخاص  حسب المنطقة الصحية والجنسية عام 2021م
statistical-yearbook-2021-chapter-IV-health-activities.xlsx,11,2,1,region,region,"Health Services in the Private Sector  by Health Region and Nationality, 2021G"
statistical-yearbook-2021-chapter-IV-health-activities.xlsx,11,4,1,region,المنطقة,المنطقة الصحية
statistical-yearbook-2021-chapter-IV-health-activities.xlsx,11,4,7,region,region,Health Region
statistical-yearbook-2021-chapter-IV-health-activities.xlsx,11,26,1,total,المجموع,المجموع
statistical-yearbook-2021-chapter-IV-health-activities.xlsx,11,26,7,total,total,Total
statistical-yearbook-2021-chapter-IV-health-activities.xlsx,11,27,4,region,region,Regions that do not have private sector hospitals
statistical-yearbook-2021-chapter-IV-health-activities.xlsx,11,27,4,hospital,hospital,Regions that do not have private sector hospitals
statistical-yearbook-2021-chapter-IV-health-activities.xlsx,12,1,1,population,السكان,زيارات المراجعين للقطاعات الصحية بالمملكة ومتوسط عدد الزيارات لكل فرد من السكان في الأعوام الخمسة الأخيرة
statistical-yearbook-2021-chapter-IV-health-activities.xlsx,12,1,1,activity,الزيارات,زيارات المراجعين للقطاعات الصحية بالمملكة ومتوسط عدد الزيارات لكل فرد من السكان في الأعوام الخمسة الأخيرة
statistical-yearbook-2021-chapter-IV-health-activities.xlsx,12,2,1,year,year,Encounters to Various Health Sectors & Average No. of Encounters Per Person in the last Five Years
statistical-yearbook-2021-chapter-IV-health-activities.xlsx,12,4,2,year,السنة,السنة
statistical-yearbook-2021-chapter-IV-health-activities.xlsx,12,4,6,year,year,Year
statistical-yearbook-2021-chapter-IV-health-activities.xlsx,12,9,1,total,المجموع,المجموع
statistical-yearbook-2021-chapter-IV-health-activities.xlsx,12,9,7,total,total,Total
statistical-yearbook-2021-chapter-IV-health-activities.xlsx,12,10,1,year,السنة,متوسط عدد الزيارات لكل فرد من السكان في السنة
statistical-yearbook-2021-chapter-IV-health-activities.xlsx,12,10,1,population,السكان,متوسط عدد الزيارات لكل فرد من السكان في السنة
statistical-yearbook-2021-chapter-IV-health-activities.xlsx,12,10,1,activity,الزيارات,متوسط عدد الزيارات لكل فرد من السكان في السنة
statistical-yearbook-2021-chapter-IV-health-activities.xlsx,12,10,7,year,year,Average  no. of  Encounters per person/year
statistical-yearbook-2021-chapter-IV-health-activities.xlsx,13,1,1,region,المنطقة,زيارات المراجعين لعيادات السكرى بمستشفيات وزارة الصحة حسب الجنس والجنسية والمنطقة الصحية عام 2021م.
statistical-yearbook-2021-chapter-IV-health-activities.xlsx,13,1,1,year,عام,زيارات المراجعين لعيادات السكرى بمستشفيات وزارة الصحة حسب الجنس والجنسية والمنطقة الصحية عام 2021م.
statistical-yearbook-2021-chapter-IV-health-activities.xlsx,13,2,1,region,region,"Encounters to  Diabetic  Clinics, MOH Hospitals by  Sex, Nationality  and Health Region, 2021G."
statistical-yearbook-2021-chapter-IV-health-activities.xlsx,13,2,1,hospital,hospital,"Encounters to  Diabetic  Clinics, MOH Hospitals by  Sex, Nationality  and Health Region, 2021G."
statistical-yearbook-2021-chapter-IV-health-activities.xlsx,13,4,1,region,المنطقة,المنطقة الصحية
statistical-yearbook-2021-chapter-IV-health-activities.xlsx,13,4,6,total,الإجمالي,الإجمالي
statistical-yearbook-2021-chapter-IV-health-activities.xlsx,13,4,7,region,region,Health Region
statistical-yearbook-2021-chapter-IV-health-activities.xlsx,13,5,6,total,total,Total
statistical-yearbook-2021-chapter-IV-health-activities.xlsx,13,26,1,total,المجموع,المجموع
statistical-yearbook-2021-chapter-IV-health-activities.xlsx,13,26,7,total,total,Total
statistical-yearbook-2021-chapter-IV-health-activities.xlsx,14,1,1,year,عام,مضاعفات الحمل والولادة  بمستشفيات وزارة الصحة لعام 2021م.
statistical-yearbook-2021-chapter-IV-health-activities.xlsx,14,2,1,hospital,hospital,"Complications of pregnancy and child birth , MOH Hospitals, 2021G."
statistical-yearbook-2021-chapter-IV-health-activities.xlsx,14,4,4,total,الإجمالي,الإجمالي
statistical-yearbook-2021-chapter-IV-health-activities.xlsx,14,5,4,total,total,Total
statistical-yearbook-2021-chapter-IV-health-activities.xlsx,15,1,1,year,عام,المراجعون والمنومون في أقسام الصحة النفسية بوزارة الصحة حسب المجموعات المرضية للتصنيف الدولي للأمراض (ICD-10 ) عام 2021م.
statistical-yearbook-2021-chapter-IV-health-activities.xlsx,15,1,1,total,المجموع,المراجعون والمنومون في أقسام الصحة النفسية بوزارة الصحة حسب المجموعات المرضية للتصنيف الدولي للأمراض (ICD-10 ) عام 2021م.
statistical-yearbook-2021-chapter-IV-health-activities.xlsx,15,5,4,total,total,"المجموع
Total"
statistical-yearbook-2021-chapter-IV-health-activities.xlsx,15,5,7,total,total,"المجموع
Total"
statistical-yearbook-2021-chapter-IV-health-activities.xlsx,15,17,1,total,المجموع,المجموع
statistical-yearbook-2021-chapter-IV-health-activities.xlsx,15,17,9,total,total,Total
statistical-yearbook-2021-chapter-IV-health-activities.xlsx,15,18,1,year,عام,المصدر: الإدارة العامة للصحة النفسية والاجتماعية
statistical-yearbook-2021-chapter-IV-health-activities.xlsx,15,18,1,source,المصدر,المصدر: الإدارة العامة للصحة النفسية والاجتماعية
statistical-yearbook-2021-chapter-IV-health-activities.xlsx,16,1,1,region,المنطقة,زيارات المراجعين لعيادات الأسنان بوزارة الصحة حسب الجنس والجنسية والمنطقة الصحية عام 2021م
statistical-yearbook-2021-chapter-IV-health-activities.xlsx,16,1,1,year,عام,زيارات المراجعين لعيادات الأسنان بوزارة الصحة حسب الجنس والجنسية والمنطقة الصحية عام 2021م
statistical-yearbook-2021-chapter-IV-health-activities.xlsx,16,2,1,region,region,"Encounters to Dental Clinics, MOH by Sex, Nationality and Health Region, 2021G."
statistical-yearbook-2021-chapter-IV-health-activities.xlsx,16,4,1,region,المنطقة,المنطقة الصحية
statistical-yearbook-2021-chapter-IV-health-activities.xlsx,16,4,2,activity,الزيارات,عدد الزيارات
statistical-yearbook-2021-chapter-IV-health-activities.xlsx,16,4,8,region,region,Health Region
statistical-yearbook-2021-chapter-IV-health-activities.xlsx,16,26,1,total,المجموع,المجموع
statistical-yearbook-2021-chapter-IV-health-activities.xlsx,16,26,8,total,total,Total
statistical-yearbook-2021-chapter-IV-health-activities.xlsx,16,27,1,hospital,المستشفيات,يشمل عيادات الأسنان بالمستشفيات ومراكز طب الأسنان ومراكز الرعاية الصحية الأولية
statistical-yearbook-2021-chapter-IV-health-activities.xlsx,16,27,5,hospital,hospital,"Include dental clinics in the hospitals, dental centers and PHC"
statistical-yearbook-2021-chapter-IV-health-activities.xlsx,16,28,1,year,عام,المصدر: الإدارة العامة لطب الأسنان
statistical-yearbook-2021-chapter-IV-health-activities.xlsx,16,28,1,source,المصدر,المصدر: الإدارة العامة لطب الأسنان
statistical-yearbook-2021-chapter-IV-health-activities.xlsx,16,28,5,source,source,Source: General Directorate for Dentistry
statistical-yearbook-2021-chapter-IV-health-activities.xlsx,17,1,1,region,المنطقة,الخدمات الرئيسية للأسنان بمراكز طب الأسنان بوزارة الصحة حسب نوع الخدمة والمنطقة الصحية عام 2021م.
statistical-yearbook-2021-chapter-IV-health-activities.xlsx,17,1,1,year,عام,الخدمات الرئيسية للأسنان بمراكز طب الأسنان بوزارة الصحة حسب نوع الخدمة والمنطقة الصحية عام 2021م.
statistical-yearbook-2021-chapter-IV-health-activities.xlsx,17,2,1,region,region,"Main Dental Services in Dental Centers, MoH by Type of Service and Health Region, 2021G."
statistical-yearbook-2021-chapter-IV-health-activities.xlsx,17,4,1,region,المنطقة,المنطقة الصحية
statistical-yearbook-2021-chapter-IV-health-activities.xlsx,17,4,13,total,الإجمالي,الإجمالي
statistical-yearbook-2021-chapter-IV-health-activities.xlsx,17,4,14,region,region,Health Region
statistical-yearbook-2021-chapter-IV-health-activities.xlsx,17,6,13,total,total,Total
statistical-yearbook-2021-chapter-IV-health-activities.xlsx,17,28,1,total,المجموع,المجموع
statistical-yearbook-2021-chapter-IV-health-activities.xlsx,17,28,14,total,total,Total
statistical-yearbook-2021-chapter-IV-health-activities.xlsx,17,29,1,year,عام,المصدر: الإدارة العامة لطب الأسنان
statistical-yearbook-2021-chapter-IV-health-activities.xlsx,17,29,1,source,المصدر,المصدر: الإدارة العامة لطب الأسنان
statistical-yearbook-2021-chapter-IV-health-activities.xlsx,17,29,8,source,source,Source: General Directorate for Dentistry
statistical-yearbook-2021-chapter-IV-health-activities.xlsx,18,1,1,region,المنطقة,العمليات الجراحية للفك والأسنان وحالات الخلع بوزارة الصحة حسب المنطقة الصحية عام 2021م.
statistical-yearbook-2021-chapter-IV-health-activities.xlsx,18,1,1,year,عام,العمليات الجراحية للفك والأسنان وحالات الخلع بوزارة الصحة حسب المنطقة الصحية عام 2021م.
statistical-yearbook-2021-chapter-IV-health-activities.xlsx,18,1,1,activity,العمليات,العمليات الجراحية للفك والأسنان وحالات الخلع بوزارة الصحة حسب المنطقة الصحية عام 2021م.
statistical-yearbook-2021-chapter-IV-health-activities.xlsx,18,2,1,region,region,"Oral Surgery and Teeth Extraction at  MoH  Facilities by Health Region, 2021G."
statistical-yearbook-2021-chapter-IV-health-activities.xlsx,18,4,1,region,المنطقة,المنطقة الصحية
statistical-yearbook-2021-chapter-IV-health-activities.xlsx,18,4,7,region,region,Health Region
statistical-yearbook-2021-chapter-IV-health-activities.xlsx,18,5,4,total,total,Total teeth extraction cases
statistical-yearbook-2021-chapter-IV-health-activities.xlsx,18,26,1,total,المجموع,المجموع
statistical-yearbook-2021-chapter-IV-health-activities.xlsx,18,26,7,total,total,Total
statistical-yearbook-2021-chapter-IV-health-activities.xlsx,18,27,1,hospital,المستشفيات,يشمل عيادات وأقسام الأسنان بالمستشفيات ومراكز طب الأسنان ومراكز الرعاية الصحية الأولية
statistical-yearbook-2021-chapter-IV-health-activities.xlsx,18,27,4,hospital,hospital,"Include dental clinics & departments in the hospitals, dental centers and PHC"
statistical-yearbook-2021-chapter-IV-health-activities.xlsx,18,28,1,year,عام,المصدر: الإدارة العامة لطب الأسنان
statistical-yearbook-2021-chapter-IV-health-activities.xlsx,18,28,1,source,المصدر,المصدر: الإدارة العامة لطب الأسنان
statistical-yearbook-2021-chapter-IV-health-activities.xlsx,18,28,4,source,source,Source: General Directorate for Dentistry
statistical-yearbook-2021-chapter-IV-health-activities.xlsx,19,1,1,region,المنطقة,المنومون بمستشفيات وزارة الصحة حسب المنطقة الصحية والجنسية عام 2021م.
statistical-yearbook-2021-chapter-IV-health-activities.xlsx,19,1,1,year,عام,المنومون بمستشفيات وزارة الصحة حسب المنطقة الصحية والجنسية عام 2021م.
statistical-yearbook-2021-chapter-IV-health-activities.xlsx,19,2,1,region,region,"Inpatients at MoH Hospitals  by Health Region and Nationality, 2021G."
statistical-yearbook-2021-chapter-IV-health-activities.xlsx,19,2,1,hospital,hospital,"Inpatients at MoH Hospitals  by Health Region and Nationality, 2021G."
statistical-yearbook-2021-chapter-IV-health-activities.xlsx,19,3,11,bed,سرير,100 سرير
statistical-yearbook-2021-chapter-IV-health-activities.xlsx,19,3,14,bed,سرير,50 سرير
statistical-yearbook-2021-chapter-IV-health-activities.xlsx,19,3,23,total,المجموع,المجموع
statistical-yearbook-2021-chapter-IV-health-activities.xlsx,19,4,1,region,المنطقة,المنطقة الصحية
statistical-yearbook-2021-chapter-IV-health-activities.xlsx,19,4,8,region,region,Health Region
statistical-yearbook-2021-chapter-IV-health-activities.xlsx,19,4,10,region,المنطقة,المنطقة
statistical-yearbook-2021-chapter-IV-health-activities.xlsx,19,4,38,region,region,Region
statistical-yearbook-2021-chapter-IV-health-activities.xlsx,19,4,39,bed,bed,operational  Bed Capacity
statistical-yearbook-2021-chapter-IV-health-activities.xlsx,19,5,5,total,total,Total NS
statistical-yearbook-2021-chapter-IV-health-activities.xlsx,19,5,6,total,total,Total Inpatients
statistical-yearbook-2021-chapter-IV-health-activities.xlsx,19,9,38,region,region,riyadh region
statistical-yearbook-2021-chapter-IV-health-activities.xlsx,19,10,38,region,region,Holly capital region
statistical-yearbook-2021-chapter-IV-health-activities.xlsx,19,11,38,region,region,Mdinah  monawarah region
statistical-yearbook-2021-chapter-IV-health-activities.xlsx,19,12,38,region,region,JEDDAH REGION
statistical-yearbook-2021-chapter-IV-health-activities.xlsx,19,13,38,region,region,Taif region
statistical-yearbook-2021-chapter-IV-health-activities.xlsx,19,14,38,region,region,AL-Qunfudah region
statistical-yearbook-2021-chapter-IV-health-activities.xlsx,19,15,38,region,region,Eastern Region
statistical-yearbook-2021-chapter-IV-health-activities.xlsx,19,16,38,region,region,Al-hasa region
statistical-yearbook-2021-chapter-IV-health-activities.xlsx,19,17,38,region,region,Albaha region
statistical-yearbook-2021-chapter-IV-health-activities.xlsx,19,18,38,region,region,Aljouf region
statistical-yearbook-2021-chapter-IV-health-activities.xlsx,19,19,38,region,region,Northen borders region
statistical-yearbook-2021-chapter-IV-health-activities.xlsx,19,20,38,region,region,Algiryat region
statistical-yearbook-2021-chapter-IV-health-activities.xlsx,19,21,38,region,region,Qaseem region
statistical-yearbook-2021-chapter-IV-health-activities.xlsx,19,22,38,region,region,Besha region
statistical-yearbook-2021-chapter-IV-health-activities.xlsx,19,23,38,region,region,Tabouk region
statistical-yearbook-2021-chapter-IV-health-activities.xlsx,19,24,38,region,region,Gazan region
statistical-yearbook-2021-chapter-IV-health-activities.xlsx,19,25,38,region,region,Hail region
statistical-yearbook-2021-chapter-IV-health-activities.xlsx,19,26,1,total,المجموع,المجموع
statistical-yearbook-2021-chapter-IV-health-activities.xlsx,19,26,8,total,total,Total
statistical-yearbook-2021-chapter-IV-health-activities.xlsx,19,26,10,total,المجموع,المجموع
statistical-yearbook-2021-chapter-IV-health-activities.xlsx,19,26,31,total,الإجمالي,الإجمالي
statistical-yearbook-2021-chapter-IV-health-activities.xlsx,19,26,38,region,region,Hafrelbaten region
statistical-yearbook-2021-chapter-IV-health-activities.xlsx,19,27,1,source,المصدر,المصدر: مركز الإحالات الطبية
statistical-yearbook-2021-chapter-IV-health-activities.xlsx,19,27,5,source,source,Source: MRC
statistical-yearbook-2021-chapter-IV-health-activities.xlsx,19,27,38,region,region,Aseer region
statistical-yearbook-2021-chapter-IV-health-activities.xlsx,19,28,38,region,region,Najran region
statistical-yearbook-2021-chapter-IV-health-activities.xlsx,20,1,1,region,المنطقة,المرضى  المنومون بمستشفيات الرعاية المديدة وأسرة الرعاية المديدة بالمستشفيات العامة بوزارة الصحة حسب المنطقة الصحية عام 2021م.
statistical-yearbook-2021-chapter-IV-health-activities.xlsx,20,1,1,year,عام,المرضى  المنومون بمستشفيات الرعاية المديدة وأسرة الرعاية المديدة بالمستشفيات العامة بوزارة الصحة حسب المنطقة الصحية عام 2021م.
statistical-yearbook-2021-chapter-IV-health-activities.xlsx,20,1,1,hospital,المستشفيات,المرضى  المنومون بمستشفيات الرعاية المديدة وأسرة الرعاية المديدة بالمستشفيات العامة بوزارة الصحة حسب المنطقة الصحية عام 2021م.
statistical-yearbook-2021-chapter-IV-health-activities.xlsx,20,1,1,bed,أسرة,المرضى  المنومون بمستشفيات الرعاية المديدة وأسرة الرعاية المديدة بالمستشفيات العامة بوزارة الصحة حسب المنطقة الصحية عام 2021م.
statistical-yearbook-2021-chapter-IV-health-activities.xlsx,20,2,1,region,region,"Inpatients at Long-term Hospitals and Long-term Beds of General Hospitals  of MoH by Health Region, 2021G."
statistical-yearbook-2021-chapter-IV-health-activities.xlsx,20,2,1,hospital,hospital,"Inpatients at Long-term Hospitals and Long-term Beds of General Hospitals  of MoH by Health Region, 2021G."
statistical-yearbook-2021-chapter-IV-health-activities.xlsx,20,2,1,bed,bed,"Inpatients at Long-term Hospitals and Long-term Beds of General Hospitals  of MoH by Health Region, 2021G."
statistical-yearbook-2021-chapter-IV-health-activities.xlsx,20,4,1,region,المنطقة,المنطقة الصحية
statistical-yearbook-2021-chapter-IV-health-activities.xlsx,20,4,3,hospital,hospital,Long-term care hospitals
statistical-yearbook-2021-chapter-IV-health-activities.xlsx,20,4,5,year,عام,مستشفيات عامة بها رعاية مديدة
statistical-yearbook-2021-chapter-IV-health-activities.xlsx,20,4,6,hospital,hospital,General Hospitals Having Long-term care
statistical-yearbook-2021-chapter-IV-health-activities.xlsx,20,4,8,bed,أسرة,إجمالي أسرة الرعاية المديدة
statistical-yearbook-2021-chapter-IV-health-activities.xlsx,20,4,10,region,region,Health Region
statistical-yearbook-2021-chapter-IV-health-activities.xlsx,20,5,2,hospital,المستشفيات,المستشفيات
statistical-yearbook-2021-chapter-IV-health-activities.xlsx,20,5,3,bed,أسرة,الأسرة النشطة
statistical-yearbook-2021-chapter-IV-health-activities.xlsx,20,5,5,hospital,المستشفيات,المستشفيات
statistical-yearbook-2021-chapter-IV-health-activities.xlsx,20,5,6,bed,أسرة,أسرة الرعاية المديدة
statistical-yearbook-2021-chapter-IV-health-activities.xlsx,20,6,2,hospital,hospital,Hospitals
statistical-yearbook-2021-chapter-IV-health-activities.xlsx,20,6,3,bed,bed,Active Beds
statistical-yearbook-2021-chapter-IV-health-activities.xlsx,20,6,5,hospital,hospital,Hospitals
statistical-yearbook-2021-chapter-IV-health-activities.xlsx,20,6,6,bed,bed,Long-term care Beds
statistical-yearbook-2021-chapter-IV-health-activities.xlsx,20,6,8,total,total,Total Long-term Beds
statistical-yearbook-2021-chapter-IV-health-activities.xlsx,20,6,8,bed,bed,Total Long-term Beds
statistical-yearbook-2021-chapter-IV-health-activities.xlsx,20,6,9,total,total,Total Inpatients
statistical-yearbook-2021-chapter-IV-health-activities.xlsx,20,27,1,total,المجموع,المجموع
statistical-yearbook-2021-chapter-IV-health-activities.xlsx,20,27,10,total,total,Total
statistical-yearbook-2021-chapter-IV-health-activities.xlsx,20,28,1,hospital,مستشفى,* مستشفى الرعاية المديدة بالأحساء مغلق للترميم (80 سرير)
statistical-yearbook-2021-chapter-IV-health-activities.xlsx,20,28,1,bed,سرير,* مستشفى الرعاية المديدة بالأحساء مغلق للترميم (80 سرير)
statistical-yearbook-2021-chapter-IV-health-activities.xlsx,20,28,10,hospital,hospital,* Long-term Hospital in Al-Ahsa is Closed for Restoration (80 beds)
statistical-yearbook-2021-chapter-IV-health-activities.xlsx,20,28,10,bed,bed,* Long-term Hospital in Al-Ahsa is Closed for Restoration (80 beds)
statistical-yearbook-2021-chapter-IV-health-activities.xlsx,21,1,1,year,عام,المؤشرات المختارة عن خدمات المدن الطبية بوزارة الصحة عام 2021م.
statistical-yearbook-2021-chapter-IV-health-activities.xlsx,21,4,2,bed,أسرة,معدل إشغال الأسرة %
statistical-yearbook-2021-chapter-IV-health-activities.xlsx,21,4,6,bed,سرير,معدل دوران السرير / الشهر
statistical-yearbook-2021-chapter-IV-health-activities.xlsx,21,7,1,hospital,مستشفى,مستشفى الملك خالد التخصصي للعيون بالرياض
statistical-yearbook-2021-chapter-IV-health-activities.xlsx,21,8,1,hospital,مستشفى,مستشفى الملك فهد التخصصي بالدمام
statistical-yearbook-2021-chapter-IV-health-activities.xlsx,21,10,1,source,المصدر,المصدر:  مركز الإحالات الطبية
statistical-yearbook-2021-chapter-IV-health-activities.xlsx,21,10,5,source,source,Source: MRC
statistical-yearbook-2021-chapter-IV-health-activities.xlsx,22,1,1,region,المنطقة,المؤشرات المختارة عن خدمات مستشفيات وزارة الصحة (100 سرير فأكثر) حسب المنطقة الصحية عام 2021م.
statistical-yearbook-2021-chapter-IV-health-activities.xlsx,22,1,1,year,عام,المؤشرات المختارة عن خدمات مستشفيات وزارة الصحة (100 سرير فأكثر) حسب المنطقة الصحية عام 2021م.
statistical-yearbook-2021-chapter-IV-health-activities.xlsx,22,1,1,bed,سرير,المؤشرات المختارة عن خدمات مستشفيات وزارة الصحة (100 سرير فأكثر) حسب المنطقة الصحية عام 2021م.
statistical-yearbook-2021-chapter-IV-health-activities.xlsx,22,2,1,region,region,"Selected Indicators of MOH Hospital Services (100+ beds) by Health Region, 2021G."
statistical-yearbook-2021-chapter-IV-health-activities.xlsx,22,2,1,hospital,hospital,"Selected Indicators of MOH Hospital Services (100+ beds) by Health Region, 2021G."
statistical-yearbook-2021-chapter-IV-health-activities.xlsx,22,2,1,bed,bed,"Selected Indicators of MOH Hospital Services (100+ beds) by Health Region, 2021G."
statistical-yearbook-2021-chapter-IV-health-activities.xlsx,22,4,1,region,المنطقة,المنطقة الصحية
statistical-yearbook-2021-chapter-IV-health-activities.xlsx,22,4,2,bed,أسرة,معدل إشغال الأسرة %
statistical-yearbook-2021-chapter-IV-health-activities.xlsx,22,4,6,bed,سرير,معدل دوران السرير / الشهر
statistical-yearbook-2021-chapter-IV-health-activities.xlsx,22,4,8,region,region,Health Region
statistical-yearbook-2021-chapter-IV-health-activities.xlsx,22,27,1,source,المصدر,المصدر: مركز الإحالات الطبية
statistical-yearbook-2021-chapter-IV-health-activities.xlsx,22,27,5,source,source,Source: MRC
statistical-yearbook-2021-chapter-IV-health-activities.xlsx,23,1,1,region,المنطقة,بعض المؤشرات المختارة عن خدمات مستشفيات وزارة الصحة (50 سرير) حسب المنطقة الصحية عام 2021م.
statistical-yearbook-2021-chapter-IV-health-activities.xlsx,23,1,1,year,عام,بعض المؤشرات المختارة عن خدمات مستشفيات وزارة الصحة (50 سرير) حسب المنطقة الصحية عام 2021م.
statistical-yearbook-2021-chapter-IV-health-activities.xlsx,23,1,1,bed,سرير,بعض المؤشرات المختارة عن خدمات مستشفيات وزارة الصحة (50 سرير) حسب المنطقة الصحية عام 2021م.
statistical-yearbook-2021-chapter-IV-health-activities.xlsx,23,2,1,region,region,"Some Selected Indicators of MOH Hospital Services (50 beds) by Health Region, 2021G."
statistical-yearbook-2021-chapter-IV-health-activities.xlsx,23,2,1,hospital,hospital,"Some Selected Indicators of MOH Hospital Services (50 beds) by Health Region, 2021G."
statistical-yearbook-2021-chapter-IV-health-activities.xlsx,23,2,1,bed,bed,"Some Selected Indicators of MOH Hospital Services (50 beds) by Health Region, 2021G."
statistical-yearbook-2021-chapter-IV-health-activities.xlsx,23,4,1,region,المنطقة,المنطقة الصحية
statistical-yearbook-2021-chapter-IV-health-activities.xlsx,23,4,2,bed,أسرة,معدل إشغال الأسرة %
statistical-yearbook-2021-chapter-IV-health-activities.xlsx,23,4,6,bed,سرير,معدل دوران السرير / الشهر
statistical-yearbook-2021-chapter-IV-health-activities.xlsx,23,4,8,region,region,Health Region
statistical-yearbook-2021-chapter-IV-health-activities.xlsx,23,27,1,source,المصدر,المصدر: مركز الإحالات الطبية
statistical-yearbook-2021-chapter-IV-health-activities.xlsx,23,27,5,source,source,Source: MRC
statistical-yearbook-2021-chapter-IV-health-activities.xlsx,24,1,1,region,المنطقة,بعض المؤشرات المختارة عن خدمات مستشفيات الصحة النفسية والرعاية المديدة والتأهيل بوزارة الصحة حسب المنطقة الصحية عام 2021م.
statistical-yearbook-2021-chapter-IV-health-activities.xlsx,24,1,1,year,عام,بعض المؤشرات المختارة عن خدمات مستشفيات الصحة النفسية والرعاية المديدة والتأهيل بوزارة الصحة حسب المنطقة الصحية عام 2021م.
statistical-yearbook-2021-chapter-IV-health-activities.xlsx,24,2,1,region,region,"Some Selected Indicators of MOH Psychiatric, Long Term Care and Rehabilitation Hospitals by Health Region, 2021G."
statistical-yearbook-2021-chapter-IV-health-activities.xlsx,24,2,1,hospital,hospital,"Some Selected Indicators of MOH Psychiatric, Long Term Care and Rehabilitation Hospitals by Health Region, 2021G."
statistical-yearbook-2021-chapter-IV-health-activities.xlsx,24,4,1,region,المنطقة,المنطقة الصحية
statistical-yearbook-2021-chapter-IV-health-activities.xlsx,24,4,2,bed,أسرة,معدل إشغال الأسرة %
statistical-yearbook-2021-chapter-IV-health-activities.xlsx,24,4,3,bed,سرير,معدل دوران السرير / الشهر
statistical-yearbook-2021-chapter-IV-health-activities.xlsx,24,4,5,region,region,Health Region
statistical-yearbook-2021-chapter-IV-health-activities.xlsx,24,27,1,source,المصدر,المصدر: مركز الإحالات الطبية
statistical-yearbook-2021-chapter-IV-health-activities.xlsx,24,27,3,source,source,Source: MRC
statistical-yearbook-2021-chapter-IV-health-activities.xlsx,25,2,1,hospital,hospital,"Inpatients in Other Governmental Sector Hospitals by Nationality, 2021G"
statistical-yearbook-2021-chapter-IV-health-activities.xlsx,25,4,2,activity,التنويم,عدد حالات التنويم
statistical-yearbook-2021-chapter-IV-health-activities.xlsx,25,6,4,total,المجموع,المجموع
statistical-yearbook-2021-chapter-IV-health-activities.xlsx,25,7,4,total,total,Total
statistical-yearbook-2021-chapter-IV-health-activities.xlsx,25,11,1,hospital,مستشفى,مستشفى الملك فيصل التخصصي ومركز الأبحاث
statistical-yearbook-2021-chapter-IV-health-activities.xlsx,25,11,6,hospital,hospital,King Faisal Specialist Hospital & R.C.
statistical-yearbook-2021-chapter-IV-health-activities.xlsx,25,12,6,hospital,hospital,Royal Commission Hospitals
statistical-yearbook-2021-chapter-IV-health-activities.xlsx,25,13,6,hospital,hospital,ARAMCO Hospitals
statistical-yearbook-2021-chapter-IV-health-activities.xlsx,25,15,1,total,المجموع,المجموع
statistical-yearbook-2021-chapter-IV-health-activities.xlsx,25,15,6,total,total,Total
statistical-yearbook-2021-chapter-IV-health-activities.xlsx,25,16,1,year,عام,. البيانات تمثل عام 2018م*
statistical-yearbook-2021-chapter-IV-health-activities.xlsx,4.22,1,1,region,المنطقة,المنومون بمستشفيات القطاع الخاص  حسب المنطقة الصحية والجنسية عام 2021م
statistical-yearbook-2021-chapter-IV-health-activities.xlsx,4.22,1,1,year,عام,المنومون بمستشفيات القطاع الخاص  حسب المنطقة الصحية والجنسية عام 2021م
statistical-yearbook-2021-chapter-IV-health-activities.xlsx,4.22,2,1,region,region,"Inpatients of the Private Sector  by Health Region and Nationality, 2021G"
statistical-yearbook-2021-chapter-IV-health-activities.xlsx,4.22,4,1,region,المنطقة,المنطقة الصحية
statistical-yearbook-2021-chapter-IV-health-activities.xlsx,4.22,4,4,total,الإجمالي,الإجمالي
statistical-yearbook-2021-chapter-IV-health-activities.xlsx,4.22,4,5,region,region,Health Region
statistical-yearbook-2021-chapter-IV-health-activities.xlsx,4.22,25,1,total,المجموع,المجموع
statistical-yearbook-2021-chapter-IV-health-activities.xlsx,4.22,25,5,total,total,Total
statistical-yearbook-2021-chapter-IV-health-activities.xlsx,26,2,1,year,year,"Inpatients in Health Sectors Hospitals, KSA in the last Five Years"
statistical-yearbook-2021-chapter-IV-health-activities.xlsx,26,2,1,hospital,hospital,"Inpatients in Health Sectors Hospitals, KSA in the last Five Years"
statistical-yearbook-2021-chapter-IV-health-activities.xlsx,26,4,2,year,السنة,السنة
statistical-yearbook-2021-chapter-IV-health-activities.xlsx,26,4,6,year,year,Year
statistical-yearbook-2021-chapter-IV-health-activities.xlsx,26,9,1,total,المجموع,المجموع
statistical-yearbook-2021-chapter-IV-health-activities.xlsx,26,9,7,total,total,Total
statistical-yearbook-2021-chapter-IV-health-activities.xlsx,26,10,7,activity,admissions,Average no. of admissions per 100 persons
statistical-yearbook-2021-chapter-IV-health-activities.xlsx,27,1,1,region,المنطقة,الولادات بمستشفيات وزارة الصحة حسب المنطقة الصحية ونوع الولادة عام 2021م.
statistical-yearbook-2021-chapter-IV-health-activities.xlsx,27,1,1,year,عام,الولادات بمستشفيات وزارة الصحة حسب المنطقة الصحية ونوع الولادة عام 2021م.
statistical-yearbook-2021-chapter-IV-health-activities.xlsx,27,2,1,region,region,"Deliveries in MOH Hospitals by Health Region and Type of Delivery, 2021G."
statistical-yearbook-2021-chapter-IV-health-activities.xlsx,27,2,1,hospital,hospital,"Deliveries in MOH Hospitals by Health Region and Type of Delivery, 2021G."
statistical-yearbook-2021-chapter-IV-health-activities.xlsx,27,4,1,region,المنطقة,المنطقة الصحية
statistical-yearbook-2021-chapter-IV-health-activities.xlsx,27,4,11,region,region,Health Region
statistical-yearbook-2021-chapter-IV-health-activities.xlsx,27,5,8,total,المجموع,المجموع
statistical-yearbook-2021-chapter-IV-health-activities.xlsx,27,6,8,total,total,Total
statistical-yearbook-2021-chapter-IV-health-activities.xlsx,27,6,9,total,total,Total
statistical-yearbook-2021-chapter-IV-health-activities.xlsx,27,6,10,total,total,Total Births
statistical-yearbook-2021-chapter-IV-health-activities.xlsx,27,28,1,total,المجموع,المجموع
statistical-yearbook-2021-chapter-IV-health-activities.xlsx,27,28,11,total,total,Total
statistical-yearbook-2021-chapter-IV-health-activities.xlsx,27,29,11,total,total,% of total  deliveries
statistical-yearbook-2021-chapter-IV-health-activities.xlsx,28,1,1,year,عام,الولادات بمستشفيات الجهات الحكومية الأخرى حسب نوع الولادة عام 2021م
statistical-yearbook-2021-chapter-IV-health-activities.xlsx,28,2,1,hospital,hospital,"Deliveries at Other Governmental Sector Hospitals by Type of Delivery , 2021G"
statistical-yearbook-2021-chapter-IV-health-activities.xlsx,28,5,8,total,المجموع,المجموع
statistical-yearbook-2021-chapter-IV-health-activities.xlsx,28,6,8,total,total,Total
statistical-yearbook-2021-chapter-IV-health-activities.xlsx,28,6,9,total,total,Total
statistical-yearbook-2021-chapter-IV-health-activities.xlsx,28,6,10,total,total,Total Births
statistical-yearbook-2021-chapter-IV-health-activities.xlsx,28,11,1,hospital,مستشفى,مستشفى الملك فيصل التخصصي ومركز الأبحاث
statistical-yearbook-2021-chapter-IV-health-activities.xlsx,28,11,11,hospital,hospital,King Faisal Specialist HospitalR.C.
statistical-yearbook-2021-chapter-IV-health-activities.xlsx,28,12,11,hospital,hospital,Royal Commission Hospitals
statistical-yearbook-2021-chapter-IV-health-activities.xlsx,28,13,11,hospital,hospital,ARAMCO Hospitals
statistical-yearbook-2021-chapter-IV-health-activities.xlsx,28,15,1,total,المجموع,المجموع
statistical-yearbook-2021-chapter-IV-health-activities.xlsx,28,15,11,total,total,Total
statistical-yearbook-2021-chapter-IV-health-activities.xlsx,28,16,11,total,total,% of total deliveries
statistical-yearbook-2021-chapter-IV-health-activities.xlsx,29,1,1,year,عام,المواليد بالقطاع الخاص حسب حالة المولود عام 2021م
statistical-yearbook-2021-chapter-IV-health-activities.xlsx,29,4,1,region,المنطقة,المنطقة الصحية
statistical-yearbook-2021-chapter-IV-health-activities.xlsx,29,4,2,total,total,"مجموع المواليد
Total Births"
statistical-yearbook-2021-chapter-IV-health-activities.xlsx,29,4,5,region,region,Health Region
statistical-yearbook-2021-chapter-IV-health-activities.xlsx,29,25,1,total,المجموع,المجموع
statistical-yearbook-2021-chapter-IV-health-activities.xlsx,29,25,5,total,total,Total
statistical-yearbook-2021-chapter-IV-health-activities.xlsx,29,26,5,region,region,Regions that do not have private sector hospitals
statistical-yearbook-2021-chapter-IV-health-activities.xlsx,29,26,5,hospital,hospital,Regions that do not have private sector hospitals
statistical-yearbook-2021-chapter-IV-health-activities.xlsx,30,1,1,region,المنطقة,التدخلات الجراحية بمستشفيات وزارة الصحة حسب المنطقة الصحية والقسم لعام 2021م.
statistical-yearbook-2021-chapter-IV-health-activities.xlsx,30,1,1,year,عام,التدخلات الجراحية بمستشفيات وزارة الصحة حسب المنطقة الصحية والقسم لعام 2021م.
statistical-yearbook-2021-chapter-IV-health-activities.xlsx,30,2,1,region,region,"Surgical Interventions at MoH Hospitals by Health Region and Hospital Sections, 2021G."
statistical-yearbook-2021-chapter-IV-health-activities.xlsx,30,2,1,hospital,hospital,"Surgical Interventions at MoH Hospitals by Health Region and Hospital Sections, 2021G."
statistical-yearbook-2021-chapter-IV-health-activities.xlsx,30,4,1,region,المنطقة,المنطقة الصحية
statistical-yearbook-2021-chapter-IV-health-activities.xlsx,30,4,15,region,region,Health Region
statistical-yearbook-2021-chapter-IV-health-activities.xlsx,30,6,2,year,عام,جراحة عامة
statistical-yearbook-2021-chapter-IV-health-activities.xlsx,30,6,14,total,المجموع,المجموع
statistical-yearbook-2021-chapter-IV-health-activities.xlsx,30,7,14,total,total,Total
statistical-yearbook-2021-chapter-IV-health-activities.xlsx,30,28,1,total,المجموع,المجموع
statistical-yearbook-2021-chapter-IV-health-activities.xlsx,30,28,15,total,total,Total
statistical-yearbook-2021-chapter-IV-health-activities.xlsx,31,1,1,year,عام,التدخلات الجراحية بمستشفيات الجهات الحكومية الأخرى حسب القسم لعام 2021م
statistical-yearbook-2021-chapter-IV-health-activities.xlsx,31,2,1,hospital,hospital,"Surgical Interventions at Other Governmental Sector Hospitals by Section, 2021G"
statistical-yearbook-2021-chapter-IV-health-activities.xlsx,31,6,2,year,عام,جراحة عامة
statistical-yearbook-2021-chapter-IV-health-activities.xlsx,31,6,14,total,المجموع,المجموع
statistical-yearbook-2021-chapter-IV-health-activities.xlsx,31,7,14,total,total,Total
statistical-yearbook-2021-chapter-IV-health-activities.xlsx,31,11,1,hospital,مستشفى,مستشفى الملك فيصل التخصصي ومركز الأبحاث
statistical-yearbook-2021-chapter-IV-health-activities.xlsx,31,11,15,hospital,hospital,King Faisal Specialist Hospital&R.C.
statistical-yearbook-2021-chapter-IV-health-activities.xlsx,31,12,15,hospital,hospital,Royal Commission Hospitals
statistical-yearbook-2021-chapter-IV-health-activities.xlsx,31,13,15,hospital,hospital,ARAMCO Hospitals
statistical-yearbook-2021-chapter-IV-health-activities.xlsx,31,16,1,total,المجموع,المجموع
statistical-yearbook-2021-chapter-IV-health-activities.xlsx,31,16,15,total,total,Total
statistical-yearbook-2021-chapter-IV-health-activities.xlsx,31,17,1,year,عام,البيانات تمثل عام 2020 *
statistical-yearbook-2021-chapter-IV-health-activities.xlsx,4-32,1,1,region,المنطقة,التدخلات الجراحية بالقطاع الخاص حسب المنطقة الصحية والقسم لعام 2021م.
statistical-yearbook-2021-chapter-IV-health-activities.xlsx,4-32,1,1,year,عام,التدخلات الجراحية بالقطاع الخاص حسب المنطقة الصحية والقسم لعام 2021م.
statistical-yearbook-2021-chapter-IV-health-activities.xlsx,4-32,2,1,region,region,"Surgical Interventions in the Private Sector by Health Region and Hospital Sections, 2020G."
statistical-yearbook-2021-chapter-IV-health-activities.xlsx,4-32,2,1,hospital,hospital,"Surgical Interventions in the Private Sector by Health Region and Hospital Sections, 2020G."
statistical-yearbook-2021-chapter-IV-health-activities.xlsx,4-32,4,1,region,المنطقة,المنطقة الصحية
statistical-yearbook-2021-chapter-IV-health-activities.xlsx,4-32,4,15,region,region,Health Region
statistical-yearbook-2021-chapter-IV-health-activities.xlsx,4-32,6,2,year,عام,جراحة عامة
statistical-yearbook-2021-chapter-IV-health-activities.xlsx,4-32,6,14,total,المجموع,المجموع
statistical-yearbook-2021-chapter-IV-health-activities.xlsx,4-32,7,14,total,total,Total
statistical-yearbook-2021-chapter-IV-health-activities.xlsx,4-32,28,1,total,المجموع,المجموع
statistical-yearbook-2021-chapter-IV-health-activities.xlsx,4-32,28,15,total,total,Total
statistical-yearbook-2021-chapter-IV-health-activities.xlsx,32ملغى,1,1,region,المنطقة,جراحات اليوم الواحد  بوزارة الصحة حسب المنطقة الصحية  لعام 2020م.
statistical-yearbook-2021-chapter-IV-health-activities.xlsx,32ملغى,1,1,year,عام,جراحات اليوم الواحد  بوزارة الصحة حسب المنطقة الصحية  لعام 2020م.
statistical-yearbook-2021-chapter-IV-health-activities.xlsx,32ملغى,2,1,region,region,"Day Surgery  by Health Region, MoH, 2020G."
statistical-yearbook-2021-chapter-IV-health-activities.xlsx,32ملغى,4,1,region,المنطقة,المنطقة الصحية
statistical-yearbook-2021-chapter-IV-health-activities.xlsx,32ملغى,4,3,region,region,Health Region
statistical-yearbook-2021-chapter-IV-health-activities.xlsx,32ملغى,26,1,total,المجموع,المجموع
statistical-yearbook-2021-chapter-IV-health-activities.xlsx,32ملغى,26,3,total,total,Total
statistical-yearbook-2021-chapter-IV-health-activities.xlsx,32ملغى,27,1,source,المصدر,المصدر: إدارة جراحات اليوم الواحد
statistical-yearbook-2021-chapter-IV-health-activities.xlsx,32ملغى,27,3,source,source,Source: Day Surgery Directorate
statistical-yearbook-2021-chapter-IV-health-activities.xlsx,32,1,1,hospital,مستشفى,الأنشطة والخدمات الرئيسية بمستشفى الملك خالد التخصصي للعيون بالرياض في الأعوام الخمسة الأخيرة
statistical-yearbook-2021-chapter-IV-health-activities.xlsx,32,1,1,activity,الأنشطة,الأنشطة والخدمات الرئيسية بمستشفى الملك خالد التخصصي للعيون بالرياض في الأعوام الخمسة الأخيرة
statistical-yearbook-2021-chapter-IV-health-activities.xlsx,32,2,1,year,year,"Main Activities and Services at King Khaled Eye Specialist Hospital, in the last Five Years"
statistical-yearbook-2021-chapter-IV-health-activities.xlsx,32,2,1,hospital,hospital,"Main Activities and Services at King Khaled Eye Specialist Hospital, in the last Five Years"
statistical-yearbook-2021-chapter-IV-health-activities.xlsx,32,2,1,activity,activities,"Main Activities and Services at King Khaled Eye Specialist Hospital, in the last Five Years"
statistical-yearbook-2021-chapter-IV-health-activities.xlsx,32,5,2,activity,الزيارات,عدد الزيارات الأولية
statistical-yearbook-2021-chapter-IV-health-activities.xlsx,32,9,2,total,المجموع,المجموع
statistical-yearbook-2021-chapter-IV-health-activities.xlsx,32,9,8,total,total,Total
statistical-yearbook-2021-chapter-IV-health-activities.xlsx,32,14,2,total,المجموع,المجموع
statistical-yearbook-2021-chapter-IV-health-activities.xlsx,32,14,8,total,total,Total
statistical-yearbook-2021-chapter-IV-health-activities.xlsx,32,15,8,activity,admissions,Admissions
statistical-yearbook-2021-chapter-IV-health-activities.xlsx,32,17,1,activity,العمليات,العمليات الجراحية
statistical-yearbook-2021-chapter-IV-health-activities.xlsx,33,1,1,year,عام,حالات الأورام الخبيثة التي سجلت بمستشفى الملك فيصل التخصصي ومركز الأبحاث حسب موضع الورم والجنس لعام 2021م.
statistical-yearbook-2021-chapter-IV-health-activities.xlsx,33,1,1,hospital,مستشفى,حالات الأورام الخبيثة التي سجلت بمستشفى الملك فيصل التخصصي ومركز الأبحاث حسب موضع الورم والجنس لعام 2021م.
statistical-yearbook-2021-chapter-IV-health-activities.xlsx,33,2,1,hospital,hospital,"Cases of Malignant Tumours Registered at King Faisal Specialist Hospital and Research Center by Site and Sex, 2021G."
statistical-yearbook-2021-chapter-IV-health-activities.xlsx,33,24,1,total,المجموع,المجموع
statistical-yearbook-2021-chapter-IV-health-activities.xlsx,33,24,14,total,total,Total
statistical-yearbook-2021-chapter-IV-health-activities.xlsx,33,25,1,source,المصدر,المصدر : مستشفى الملك فيصل التخصصي  ومركز الأبحاث
statistical-yearbook-2021-chapter-IV-health-activities.xlsx,33,25,1,hospital,مستشفى,المصدر : مستشفى الملك فيصل التخصصي  ومركز الأبحاث
statistical-yearbook-2021-chapter-IV-health-activities.xlsx,33,25,8,source,source,Source : King Faisal Specialist Hospital and Research Center
statistical-yearbook-2021-chapter-IV-health-activities.xlsx,33,25,8,hospital,hospital,Source : King Faisal Specialist Hospital and Research Center
statistical-yearbook-2021-chapter-IV-health-activities.xlsx,34,1,1,year,عام,حالات الأطفال بتشخيص الأورام المحولين الي مستشفى الملك فيصل التخصصي ومركز الأبحاث حسب موضع الورم عام 2021م.
statistical-yearbook-2021-chapter-IV-health-activities.xlsx,34,1,1,hospital,مستشفى,حالات الأطفال بتشخيص الأورام المحولين الي مستشفى الملك فيصل التخصصي ومركز الأبحاث حسب موضع الورم عام 2021م.
statistical-yearbook-2021-chapter-IV-health-activities.xlsx,34,2,1,hospital,hospital,"Cases of Tumours among Children Referred to King Faisal Specialist Hospital by Site, 2021G."
statistical-yearbook-2021-chapter-IV-health-activities.xlsx,34,17,1,total,المجموع,المجموع
statistical-yearbook-2021-chapter-IV-health-activities.xlsx,34,17,8,total,total,Total
statistical-yearbook-2021-chapter-IV-health-activities.xlsx,34,18,1,source,المصدر,المصدر : مستشفى الملك فيصل التخصصي  ومركز الابحاث
statistical-yearbook-2021-chapter-IV-health-activities.xlsx,34,18,1,hospital,مستشفى,المصدر : مستشفى الملك فيصل التخصصي  ومركز الابحاث
statistical-yearbook-2021-chapter-IV-health-activities.xlsx,34,18,5,source,source,Source : King Faisal Specialist Hospital and Research Center
statistical-yearbook-2021-chapter-IV-health-activities.xlsx,34,18,5,hospital,hospital,Source : King Faisal Specialist Hospital and Research Center
statistical-yearbook-2021-chapter-IV-health-activities.xlsx,35,1,1,year,عام,مراكز ومرضى الغسيل الكلوي حسب القطاعات الصحية عام 2021م.
statistical-yearbook-2021-chapter-IV-health-activities.xlsx,35,4,5,total,المجموع,المجموع
statistical-yearbook-2021-chapter-IV-health-activities.xlsx,35,5,5,total,total,Total
statistical-yearbook-2021-chapter-IV-health-activities.xlsx,36,1,1,year,عام,مرضى التنقية الدموية حسب القطاعات الصحية والجنسية والجنس عام 2021م.
statistical-yearbook-2021-chapter-IV-health-activities.xlsx,36,7,7,hospital,hospital,M.o.H. Hospitals
statistical-yearbook-2021-chapter-IV-health-activities.xlsx,36,8,7,hospital,hospital,Other Governmental Sector Hospitals
statistical-yearbook-2021-chapter-IV-health-activities.xlsx,36,9,7,hospital,hospital,Private Sector Hospitals
statistical-yearbook-2021-chapter-IV-health-activities.xlsx,36,10,1,total,المجموع,المجموع
statistical-yearbook-2021-chapter-IV-health-activities.xlsx,36,10,7,total,total,Total
statistical-yearbook-2021-chapter-IV-health-activities.xlsx,37,1,1,year,عام,عدد زيارات مراكز وأقسام التأهيل الطبي بوزارة الصحة عام 2021م.
statistical-yearbook-2021-chapter-IV-health-activities.xlsx,37,4,1,region,المنطقة,المنطقة الصحية
statistical-yearbook-2021-chapter-IV-health-activities.xlsx,37,4,7,total,المجموع,المجموع
statistical-yearbook-2021-chapter-IV-health-activities.xlsx,37,4,8,region,region,Health Region
statistical-yearbook-2021-chapter-IV-health-activities.xlsx,37,7,7,total,total,Total
statistical-yearbook-2021-chapter-IV-health-activities.xlsx,37,28,1,total,المجموع,المجموع
statistical-yearbook-2021-chapter-IV-health-activities.xlsx,37,28,8,total,total,Total
statistical-yearbook-2021-chapter-IV-health-activities.xlsx,38,1,1,year,عام,زيارات ما بعد البتر لمراكز وأقسام التأهيل الطبي بوزارة الصحة حسب الجنس والجنسية وسبب الإصابة لعام  2021م.
statistical-yearbook-2021-chapter-IV-health-activities.xlsx,38,4,6,total,الإجمالي,الإجمالي
statistical-yearbook-2021-chapter-IV-health-activities.xlsx,38,5,6,total,total,Total
statistical-yearbook-2021-chapter-IV-health-activities.xlsx,38,12,1,total,المجموع,المجموع
statistical-yearbook-2021-chapter-IV-health-activities.xlsx,38,12,7,total,total,Total
statistical-yearbook-2021-chapter-IV-health-activities.xlsx,39,1,1,year,عام,خدمات  التأهيل  بالجهات الحكومية الأخرى عام 2021م
statistical-yearbook-2021-chapter-IV-health-activities.xlsx,39,4,11,total,total,"اجمالي عدد الجلسات
Total Sessions"
statistical-yearbook-2021-chapter-IV-health-activities.xlsx,39,5,10,total,total,"المجموع
Total"
statistical-yearbook-2021-chapter-IV-health-activities.xlsx,39,9,1,hospital,مستشفى,مستشفى الملك فيصل التخصصي ومركز الأبحاث
statistical-yearbook-2021-chapter-IV-health-activities.xlsx,39,9,12,hospital,hospital,King Faisal Specialist Hospital
statistical-yearbook-2021-chapter-IV-health-activities.xlsx,39,10,12,hospital,hospital,Royal Commission Hospitals
statistical-yearbook-2021-chapter-IV-health-activities.xlsx,39,11,12,hospital,hospital,ARAMCO Hospitals
statistical-yearbook-2021-chapter-IV-health-activities.xlsx,39,15,12,source,source,Ministry of Human Resources and Social Development
statistical-yearbook-2021-chapter-IV-health-activities.xlsx,39,16,1,total,المجموع,المجموع
statistical-yearbook-2021-chapter-IV-health-activities.xlsx,39,16,12,total,total,Total
statistical-yearbook-2021-chapter-IV-health-activities.xlsx,40,1,1,year,عام,خدمات مركز رعاية وتأهيل الأطفال ذوي الإعاقة حسب العمر خلال عام 2021م
statistical-yearbook-2021-chapter-IV-health-activities.xlsx,40,4,1,year,السنة,فئة العمر (بالسنة)
statistical-yearbook-2021-chapter-IV-health-activities.xlsx,40,6,12,nurse,تمريض,تمريض
statistical-yearbook-2021-chapter-IV-health-activities.xlsx,40,6,14,total,المجموع,المجموع
statistical-yearbook-2021-chapter-IV-health-activities.xlsx,40,7,1,year,year,Age group (year)
statistical-yearbook-2021-chapter-IV-health-activities.xlsx,40,7,14,total,total,Total
statistical-yearbook-2021-chapter-IV-health-activities.xlsx,40,21,1,total,total,المجموع    Total
statistical-yearbook-2021-chapter-IV-health-activities.xlsx,40,23,1,source,المصدر,المصدر : الجمعية السعودية الخيرية لرعاية الأطفال المعوقين
statistical-yearbook-2021-chapter-IV-health-activities.xlsx,40,23,8,source,source,Source: Saudi Society of Caring Handicapped Children
statistical-yearbook-2021-chapter-IV-health-activities.xlsx,41,1,1,region,المنطقة,الفحوص المخبرية وعدد مرضى الفحوص الشعاعية بمراكز الرعاية الصحية الأولية بوزارة الصحة حسب المنطقة الصحية عام 2021م.
statistical-yearbook-2021-chapter-IV-health-activities.xlsx,41,1,1,year,عام,الفحوص المخبرية وعدد مرضى الفحوص الشعاعية بمراكز الرعاية الصحية الأولية بوزارة الصحة حسب المنطقة الصحية عام 2021م.
statistical-yearbook-2021-chapter-IV-health-activities.xlsx,41,2,1,region,region,"Laboratory Investigations and Radiology patients  at Primary Health Care Centers, MoH by Health Region, 2021G."
statistical-yearbook-2021-chapter-IV-health-activities.xlsx,41,4,1,region,المنطقة,المنطقة الصحية
statistical-yearbook-2021-chapter-IV-health-activities.xlsx,41,4,4,region,region,Health Region
statistical-yearbook-2021-chapter-IV-health-activities.xlsx,41,26,1,total,المجموع,المجموع
statistical-yearbook-2021-chapter-IV-health-activities.xlsx,41,26,4,total,total,Total
statistical-yearbook-2021-chapter-IV-health-activities.xlsx,42,1,1,region,المنطقة,الفحوص المخبرية وعدد مرضى الفحوص الشعاعية بمستشفيات وزارة الصحة حسب المنطقة الصحية عام 2021م.
statistical-yearbook-2021-chapter-IV-health-activities.xlsx,42,1,1,year,عام,الفحوص المخبرية وعدد مرضى الفحوص الشعاعية بمستشفيات وزارة الصحة حسب المنطقة الصحية عام 2021م.
statistical-yearbook-2021-chapter-IV-health-activities.xlsx,42,2,1,region,region,"Laboratory Investigations and Radiology patients at MoH Hospitals by Health Region, 2021G."
statistical-yearbook-2021-chapter-IV-health-activities.xlsx,42,2,1,hospital,hospital,"Laboratory Investigations and Radiology patients at MoH Hospitals by Health Region, 2021G."
statistical-yearbook-2021-chapter-IV-health-activities.xlsx,42,4,1,region,المنطقة,المنطقة الصحية
statistical-yearbook-2021-chapter-IV-health-activities.xlsx,42,4,4,region,region,Health Region
statistical-yearbook-2021-chapter-IV-health-activities.xlsx,42,26,1,total,المجموع,المجموع
statistical-yearbook-2021-chapter-IV-health-activities.xlsx,42,26,4,total,total,Total
statistical-yearbook-2021-chapter-IV-health-activities.xlsx,43,1,1,region,المنطقة,الفحوص المخبرية بمستشفيات وزارة الصحة حسب المنطقة الصحية ونوع الفحص لعام 2021م.
statistical-yearbook-2021-chapter-IV-health-activities.xlsx,43,1,1,year,عام,الفحوص المخبرية بمستشفيات وزارة الصحة حسب المنطقة الصحية ونوع الفحص لعام 2021م.
statistical-yearbook-2021-chapter-IV-health-activities.xlsx,43,1,22,region,المنطقة,الفحوص المخبرية بمستشفيات وزارة الصحة حسب المنطقة الصحية ونوع الفحص لعام 2020م.
statistical-yearbook-2021-chapter-IV-health-activities.xlsx,43,1,22,year,عام,الفحوص المخبرية بمستشفيات وزارة الصحة حسب المنطقة الصحية ونوع الفحص لعام 2020م.
statistical-yearbook-2021-chapter-IV-health-activities.xlsx,43,2,1,region,region,"Laboratory investigations at MoH Hospitals by Health Region and Type of investigations, 2021G."
statistical-yearbook-2021-chapter-IV-health-activities.xlsx,43,2,1,hospital,hospital,"Laboratory investigations at MoH Hospitals by Health Region and Type of investigations, 2021G."
statistical-yearbook-2021-chapter-IV-health-activities.xlsx,43,2,22,region,region,"Laboratory investigations in MoH Hospitals by Health Region and Type of investigations, 2020G."
statistical-yearbook-2021-chapter-IV-health-activities.xlsx,43,2,22,hospital,hospital,"Laboratory investigations in MoH Hospitals by Health Region and Type of investigations, 2020G."
statistical-yearbook-2021-chapter-IV-health-activities.xlsx,43,4,1,region,المنطقة,المنطقة الصحية
statistical-yearbook-2021-chapter-IV-health-activities.xlsx,43,4,19,total,total,"الإجمالي
Total"
statistical-yearbook-2021-chapter-IV-health-activities.xlsx,43,4,20,region,region,Health Region
statistical-yearbook-2021-chapter-IV-health-activities.xlsx,43,4,22,region,المنطقة,المنطقة الصحية
statistical-yearbook-2021-chapter-IV-health-activities.xlsx,43,4,40,total,total,"الإجمالي
Total"
statistical-yearbook-2021-chapter-IV-health-activities.xlsx,43,28,1,total,المجموع,المجموع
statistical-yearbook-2021-chapter-IV-health-activities.xlsx,43,28,20,total,total,Total
statistical-yearbook-2021-chapter-IV-health-activities.xlsx,43,28,22,total,المجموع,المجموع
statistical-yearbook-2021-chapter-IV-health-activities.xlsx,44,2,1,year,year,"Laboratory Investigations and Number of  Radiology  & Physiotherapy patients at MoH Facilities, in the last Five Years"
statistical-yearbook-2021-chapter-IV-health-activities.xlsx,44,4,1,activity,النشاط,النشاط
statistical-yearbook-2021-chapter-IV-health-activities.xlsx,44,4,7,activity,activity,Activity
statistical-yearbook-2021-chapter-IV-health-activities.xlsx,45,1,1,year,عام,الفحوص المخبرية والشعاعية بالجهات الحكومية الأخرى عام 2021م
statistical-yearbook-2021-chapter-IV-health-activities.xlsx,45,9,1,hospital,مستشفى,مستشفى الملك فيصل التخصصي ومركز الأبحاث
statistical-yearbook-2021-chapter-IV-health-activities.xlsx,45,9,4,hospital,hospital,King Faisal Specialist Hospital
statistical-yearbook-2021-chapter-IV-health-activities.xlsx,45,10,4,hospital,hospital,Royal Commission Hospitals
statistical-yearbook-2021-chapter-IV-health-activities.xlsx,45,11,4,hospital,hospital,ARAMCO Hospitals
statistical-yearbook-2021-chapter-IV-health-activities.xlsx,45,14,1,year,عام,المؤسسة العامة لتحلية المياه المالحة
statistical-yearbook-2021-chapter-IV-health-activities.xlsx,45,15,1,total,المجموع,المجموع
statistical-yearbook-2021-chapter-IV-health-activities.xlsx,45,15,4,total,total,Total
statistical-yearbook-2021-chapter-IV-health-activities.xlsx,4.50,1,1,region,المنطقة,الفحوص المخبرية وعدد مرضى الفحوص الشعاعية بالقطاع الخاص حسب المنطقة الصحية عام 2021م.
statistical-yearbook-2021-chapter-IV-health-activities.xlsx,4.50,1,1,year,عام,الفحوص المخبرية وعدد مرضى الفحوص الشعاعية بالقطاع الخاص حسب المنطقة الصحية عام 2021م.
statistical-yearbook-2021-chapter-IV-health-activities.xlsx,4.50,2,1,region,region,"Laboratory Investigations and Radiology patients in the Private Sector by Health Region, 2021G."
statistical-yearbook-2021-chapter-IV-health-activities.xlsx,4.50,4,1,region,المنطقة,المنطقة الصحية
statistical-yearbook-2021-chapter-IV-health-activities.xlsx,4.50,4,4,region,region,Health Region
statistical-yearbook-2021-chapter-IV-health-activities.xlsx,4.50,26,1,total,المجموع,المجموع
statistical-yearbook-2021-chapter-IV-health-activities.xlsx,4.50,26,4,total,total,Total
statistical-yearbook-2021-chapter-IV-health-activities.xlsx,46,1,1,region,المنطقة,أعداد العينات والاختبارات التي أجريت بمراكز مراقبة السموم والكيمياء الطبية الشرعية بوزارة الصحة  حسب المنطقة الصحية لعام 2021م.
statistical-yearbook-2021-chapter-IV-health-activities.xlsx,46,1,1,year,عام,أعداد العينات والاختبارات التي أجريت بمراكز مراقبة السموم والكيمياء الطبية الشرعية بوزارة الصحة  حسب المنطقة الصحية لعام 2021م.
statistical-yearbook-2021-chapter-IV-health-activities.xlsx,46,2,1,region,region,"Number of Samples and Tests Conducted at MoH Poison Control and Forensic Chemistry Centers, by Health Region, 2021G."
statistical-yearbook-2021-chapter-IV-health-activities.xlsx,46,4,1,region,المنطقة,المنطقة الصحية
statistical-yearbook-2021-chapter-IV-health-activities.xlsx,46,4,7,region,region,Health Region
statistical-yearbook-2021-chapter-IV-health-activities.xlsx,46,5,5,total,total,Total No. of Samples
statistical-yearbook-2021-chapter-IV-health-activities.xlsx,46,15,1,total,المجموع,المجموع
statistical-yearbook-2021-chapter-IV-health-activities.xlsx,46,15,7,total,total,Total
statistical-yearbook-2021-chapter-IV-health-activities.xlsx,47,1,1,region,المنطقة,أنشطة بنوك الدم بوزارة الصحة حسب المنطقة الصحية عام 2021م.
statistical-yearbook-2021-chapter-IV-health-activities.xlsx,47,1,1,year,عام,أنشطة بنوك الدم بوزارة الصحة حسب المنطقة الصحية عام 2021م.
statistical-yearbook-2021-chapter-IV-health-activities.xlsx,47,2,1,region,region,"Activities at MoH Blood Banks ,  by Health Region, 2021G."
statistical-yearbook-2021-chapter-IV-health-activities.xlsx,47,2,1,activity,activities,"Activities at MoH Blood Banks ,  by Health Region, 2021G."
statistical-yearbook-2021-chapter-IV-health-activities.xlsx,47,4,1,region,المنطقة,المنطقة الصحية
statistical-yearbook-2021-chapter-IV-health-activities.xlsx,47,4,7,region,region,Health Region
statistical-yearbook-2021-chapter-IV-health-activities.xlsx,47,5,4,total,total,Total investigations
statistical-yearbook-2021-chapter-IV-health-activities.xlsx,47,26,1,total,المجموع,المجموع
statistical-yearbook-2021-chapter-IV-health-activities.xlsx,47,26,7,total,total,Total
statistical-yearbook-2021-chapter-IV-health-activities.xlsx,48,2,1,year,year,Activities at MoH  Blood Banks  in the last Five Years
statistical-yearbook-2021-chapter-IV-health-activities.xlsx,48,2,1,activity,activities,Activities at MoH  Blood Banks  in the last Five Years
statistical-yearbook-2021-chapter-IV-health-activities.xlsx,48,4,1,activity,النشاط,النشاط
statistical-yearbook-2021-chapter-IV-health-activities.xlsx,48,4,7,activity,activity,Activity
statistical-yearbook-2021-chapter-IV-health-activities.xlsx,49,1,1,year,عام,أنشطة بنوك الدم بالجهات الحكومية الأخرى لعام 2021م
statistical-yearbook-2021-chapter-IV-health-activities.xlsx,49,2,1,activity,activities,"Activities of Blood Banks at  Other Governmental Sector, 2021G"
statistical-yearbook-2021-chapter-IV-health-activities.xlsx,49,9,1,hospital,مستشفى,مستشفى الملك فيصل التخصصي ومركز الأبحاث
statistical-yearbook-2021-chapter-IV-health-activities.xlsx,49,9,6,hospital,hospital,King Faisal Specialist Hospital
statistical-yearbook-2021-chapter-IV-health-activities.xlsx,49,10,6,hospital,hospital,Royal Commission Hospitals
statistical-yearbook-2021-chapter-IV-health-activities.xlsx,49,11,6,hospital,hospital,ARAMCO Hospitals
statistical-yearbook-2021-chapter-IV-health-activities.xlsx,49,13,1,total,المجموع,المجموع
statistical-yearbook-2021-chapter-IV-health-activities.xlsx,49,13,6,total,total,Total
statistical-yearbook-2021-chapter-IV-health-activities.xlsx,49,14,1,year,عام,البيانات تمثل عام 2020 م *
statistical-yearbook-2021-chapter-IV-health-activities.xlsx,49,15,1,year,عام,عدد الفحوص بمستشفيات القوات المسلحة تمثل عام 2015
statistical-yearbook-2021-chapter-IV-health-activities.xlsx,50,1,1,region,المنطقة,الحالات المعروضة على مراكز الطب الشرعي بوزارة الصحة حسب المنطقة الصحية وطبيعة الفحص الطبي الشرعي لعام 2021
statistical-yearbook-2021-chapter-IV-health-activities.xlsx,50,1,1,year,عام,الحالات المعروضة على مراكز الطب الشرعي بوزارة الصحة حسب المنطقة الصحية وطبيعة الفحص الطبي الشرعي لعام 2021
statistical-yearbook-2021-chapter-IV-health-activities.xlsx,50,2,1,region,region,"Cases of MoH Forensic Medicine Centers by Health Region and Different Examinations, 2021G."
statistical-yearbook-2021-chapter-IV-health-activities.xlsx,50,4,1,region,المنطقة,المنطقة الصحية
statistical-yearbook-2021-chapter-IV-health-activities.xlsx,50,4,4,total,المجموع,المجموع
statistical-yearbook-2021-chapter-IV-health-activities.xlsx,50,4,7,total,الإجمالي,الإجمالي
statistical-yearbook-2021-chapter-IV-health-activities.xlsx,50,4,8,region,region,Health Region
statistical-yearbook-2021-chapter-IV-health-activities.xlsx,50,6,4,total,total,Total
statistical-yearbook-2021-chapter-IV-health-activities.xlsx,50,6,7,total,total,Grand Total
statistical-yearbook-2021-chapter-IV-health-activities.xlsx,50,27,1,total,المجموع,المجموع
statistical-yearbook-2021-chapter-IV-health-activities.xlsx,50,27,8,total,total,Total
statistical-yearbook-2021-chapter-IV-health-activities.xlsx,51,1,1,region,المنطقة,عدد الهيئات الصحية الشرعية وعدد قضايا الأخطاء الطبية المعروضة عليها  حسب المنطقة الصحية لعام 2021م.
statistical-yearbook-2021-chapter-IV-health-activities.xlsx,51,1,1,year,عام,عدد الهيئات الصحية الشرعية وعدد قضايا الأخطاء الطبية المعروضة عليها  حسب المنطقة الصحية لعام 2021م.
statistical-yearbook-2021-chapter-IV-health-activities.xlsx,51,2,1,region,region,Number of Medico Legal Committees and Number of  Referred Medical Malpractice Cases by Health Region in 2021G.
statistical-yearbook-2021-chapter-IV-health-activities.xlsx,51,4,1,region,المنطقة,المنطقة الصحية
statistical-yearbook-2021-chapter-IV-health-activities.xlsx,51,4,5,total,المجموع,المجموع
statistical-yearbook-2021-chapter-IV-health-activities.xlsx,51,4,7,year,عام,عدد القضايا المرحلة للعام التالي
statistical-yearbook-2021-chapter-IV-health-activities.xlsx,51,4,8,region,region,Health Region
statistical-yearbook-2021-chapter-IV-health-activities.xlsx,51,7,5,total,total,Total
statistical-yearbook-2021-chapter-IV-health-activities.xlsx,51,7,7,year,year,Ongoing Cases to the next year
statistical-yearbook-2021-chapter-IV-health-activities.xlsx,51,23,1,total,المجموع,المجموع
statistical-yearbook-2021-chapter-IV-health-activities.xlsx,51,23,8,total,total,Total
statistical-yearbook-2021-chapter-IV-health-activities.xlsx,52,1,1,year,عام,قضايا الوفيات الناتجة عن الأخطاء الطبية الصادرة عن الهيئات الصحية الشرعية تبعا للإدانة من عدمها عام 2021م.
statistical-yearbook-2021-chapter-IV-health-activities.xlsx,52,4,1,region,المنطقة,المنطقة الصحية
statistical-yearbook-2021-chapter-IV-health-activities.xlsx,52,4,7,region,region,Health Region
statistical-yearbook-2021-chapter-IV-health-activities.xlsx,52,5,6,total,total,Total of Dead Cases' Resolutions
statistical-yearbook-2021-chapter-IV-health-activities.xlsx,52,22,1,total,المجموع,المجموع
statistical-yearbook-2021-chapter-IV-health-activities.xlsx,52,22,7,total,total,Total
statistical-yearbook-2021-chapter-IV-health-activities.xlsx,53,1,1,region,المنطقة,الحالات التي تمت إحالتها إلى المستشفيات الحكومية العامة أو التخصصية حسب المنطقة المحيلة والمستقبلة عام 2021م.
statistical-yearbook-2021-chapter-IV-health-activities.xlsx,53,1,1,year,عام,الحالات التي تمت إحالتها إلى المستشفيات الحكومية العامة أو التخصصية حسب المنطقة المحيلة والمستقبلة عام 2021م.
statistical-yearbook-2021-chapter-IV-health-activities.xlsx,53,1,1,hospital,المستشفيات,الحالات التي تمت إحالتها إلى المستشفيات الحكومية العامة أو التخصصية حسب المنطقة المحيلة والمستقبلة عام 2021م.
statistical-yearbook-2021-chapter-IV-health-activities.xlsx,53,2,1,region,region,"Cases Referred to  Governmental General or Specialist Hospitals by Source and Destination Region , 2021G."
statistical-yearbook-2021-chapter-IV-health-activities.xlsx,53,2,1,source,source,"Cases Referred to  Governmental General or Specialist Hospitals by Source and Destination Region , 2021G."
statistical-yearbook-2021-chapter-IV-health-activities.xlsx,53,2,1,hospital,hospital,"Cases Referred to  Governmental General or Specialist Hospitals by Source and Destination Region , 2021G."
statistical-yearbook-2021-chapter-IV-health-activities.xlsx,53,4,1,region,المنطقة,المنطقة المحيلة
statistical-yearbook-2021-chapter-IV-health-activities.xlsx,53,4,22,total,المجموع,المجموع
statistical-yearbook-2021-chapter-IV-health-activities.xlsx,53,5,1,region,المنطقة,المنطقة المستقبلة
statistical-yearbook-2021-chapter-IV-health-activities.xlsx,53,5,22,total,total,Total
statistical-yearbook-2021-chapter-IV-health-activities.xlsx,53,26,1,total,المجموع,المجموع
statistical-yearbook-2021-chapter-IV-health-activities.xlsx,53,26,23,total,total,Total
statistical-yearbook-2021-chapter-IV-health-activities.xlsx,54,1,1,year,عام,الحالات التي أرسلت للعلاج بالخارج من قبل الهيئات الطبية حسب الدولة والحالة الطبية عام  2021م.
statistical-yearbook-2021-chapter-IV-health-activities.xlsx,54,4,8,total,الإجمالي,الإجمالي
statistical-yearbook-2021-chapter-IV-health-activities.xlsx,54,5,8,total,total,Total
statistical-yearbook-2021-chapter-IV-health-activities.xlsx,54,8,1,year,عام,الجراحة العامة
statistical-yearbook-2021-chapter-IV-health-activities.xlsx,54,10,1,year,عام,الباطنة العامة
statistical-yearbook-2021-chapter-IV-health-activities.xlsx,54,25,1,total,المجموع,المجموع
statistical-yearbook-2021-chapter-IV-health-activities.xlsx,54,25,9,total,total,Total
statistical-yearbook-2021-chapter-IV-health-activities.xlsx,55,1,1,year,عام,المرضى المحالون إلى أقسام الخدمة الاجتماعية بمستشفيات وزارة الصحة حسب أسباب البحث الاجتماعي والجنس عام 2021م.
statistical-yearbook-2021-chapter-IV-health-activities.xlsx,55,2,1,hospital,hospital,"Cases Referred to Social Service  Departements at  MOH Hospitals , According to Cause of Social Investigation and Sex, 2021G."
statistical-yearbook-2021-chapter-IV-health-activities.xlsx,55,4,4,total,total,"الإجمالي
Total"
statistical-yearbook-2021-chapter-IV-health-activities.xlsx,56,1,1,region,المنطقة,عدد الوجبات التقريبي لمستحقي التغذية في مستشفيات وزارة الصحة حسب المنطقة الصحية لعام 2021م.
statistical-yearbook-2021-chapter-IV-health-activities.xlsx,56,1,1,year,عام,عدد الوجبات التقريبي لمستحقي التغذية في مستشفيات وزارة الصحة حسب المنطقة الصحية لعام 2021م.
statistical-yearbook-2021-chapter-IV-health-activities.xlsx,56,2,1,region,region,"Approximate No. of Meals Served in MoH Hospitals by Health Region, 2021G."
statistical-yearbook-2021-chapter-IV-health-activities.xlsx,56,2,1,hospital,hospital,"Approximate No. of Meals Served in MoH Hospitals by Health Region, 2021G."
statistical-yearbook-2021-chapter-IV-health-activities.xlsx,56,4,1,region,المنطقة,المنطقة الصحية
statistical-yearbook-2021-chapter-IV-health-activities.xlsx,56,4,2,bed,أسرة,عدد الأسرة
statistical-yearbook-2021-chapter-IV-health-activities.xlsx,56,4,4,nurse,تمريض,وجبات التمريض والمناوبين
statistical-yearbook-2021-chapter-IV-health-activities.xlsx,56,4,9,year,السنة,متوسط وجبات المرضى لكل سرير في السنة
statistical-yearbook-2021-chapter-IV-health-activities.xlsx,56,4,9,bed,سرير,متوسط وجبات المرضى لكل سرير في السنة
statistical-yearbook-2021-chapter-IV-health-activities.xlsx,56,4,10,region,region,Health Region
statistical-yearbook-2021-chapter-IV-health-activities.xlsx,56,5,2,bed,bed,No. of beds
statistical-yearbook-2021-chapter-IV-health-activities.xlsx,56,5,4,nurse,nurse,Nurses & on duties meals
statistical-yearbook-2021-chapter-IV-health-activities.xlsx,56,5,6,total,total,Total no. of meals
statistical-yearbook-2021-chapter-IV-health-activities.xlsx,56,5,8,total,total,Percent of  patient  meals / total meals
statistical-yearbook-2021-chapter-IV-health-activities.xlsx,56,5,9,year,year,Average  patient      meals /  bed in year
statistical-yearbook-2021-chapter-IV-health-activities.xlsx,56,5,9,bed,bed,Average  patient      meals /  bed in year
statistical-yearbook-2021-chapter-IV-health-activities.xlsx,56,26,1,total,المجموع,المجموع
statistical-yearbook-2021-chapter-IV-health-activities.xlsx,56,26,10,total,total,Total
statistical-yearbook-2021-chapter-IV-health-activities.xlsx,56,27,1,year,عام,المصدر: الإدارة العامة للتغذية
statistical-yearbook-2021-chapter-IV-health-activities.xlsx,56,27,1,source,المصدر,المصدر: الإدارة العامة للتغذية
statistical-yearbook-2021-chapter-IV-health-activities.xlsx,57,1,1,region,المنطقة,عدد المستشفيات المنفذة لبرنامج الرعاية الصحية المنزلية بوزارة الصحة والعاملين وعدد المستفيدين حسب المنطقة الصحية لعام 2021م
statistical-yearbook-2021-chapter-IV-health-activities.xlsx,57,1,1,year,عام,عدد المستشفيات المنفذة لبرنامج الرعاية الصحية المنزلية بوزارة الصحة والعاملين وعدد المستفيدين حسب المنطقة الصحية لعام 2021م
statistical-yearbook-2021-chapter-IV-health-activities.xlsx,57,1,1,hospital,المستشفيات,عدد المستشفيات المنفذة لبرنامج الرعاية الصحية المنزلية بوزارة الصحة والعاملين وعدد المستفيدين حسب المنطقة الصحية لعام 2021م
statistical-yearbook-2021-chapter-IV-health-activities.xlsx,57,2,1,region,region,"Number of MoH Hospitals Implementing Home Health Care Program, Manpower and Beneficiaries by Health Region, 2021"
statistical-yearbook-2021-chapter-IV-health-activities.xlsx,57,2,1,hospital,hospital,"Number of MoH Hospitals Implementing Home Health Care Program, Manpower and Beneficiaries by Health Region, 2021"
statistical-yearbook-2021-chapter-IV-health-activities.xlsx,57,4,1,region,المنطقة,المنطقة الصحية
statistical-yearbook-2021-chapter-IV-health-activities.xlsx,57,4,2,hospital,المستشفيات,عدد المستشفيات
statistical-yearbook-2021-chapter-IV-health-activities.xlsx,57,4,4,year,عام,عدد العاملين
statistical-yearbook-2021-chapter-IV-health-activities.xlsx,57,4,6,year,عام,عدد المستفيدين التراكمي نهاية عام 2021
statistical-yearbook-2021-chapter-IV-health-activities.xlsx,57,4,7,region,region,Health Region
statistical-yearbook-2021-chapter-IV-health-activities.xlsx,57,5,2,hospital,hospital,No. of Hospitals
statistical-yearbook-2021-chapter-IV-health-activities.xlsx,57,26,1,total,المجموع,المجموع
statistical-yearbook-2021-chapter-IV-health-activities.xlsx,57,26,7,total,total,Total
statistical-yearbook-2021-chapter-IV-health-activities.xlsx,58,1,1,year,عام,الخدمات المقدمة من الإدارة العامة لمراكز الاتصال خلال الأعوام الأربعة الأخيرة
statistical-yearbook-2021-chapter-IV-health-activities.xlsx,58,2,1,year,year,Services Provided by General Directorate for Call Centers in the Last Four Years.
statistical-yearbook-2021-chapter-IV-health-activities.xlsx,59,1,1,year,عام,استشارات الإدارة العامة لمراكز الاتصال حسب نوع الاستشارة عام 2021م
statistical-yearbook-2021-chapter-IV-health-activities.xlsx,59,5,1,year,عام,الاستشارات الطبية العامة
statistical-yearbook-2021-chapter-IV-health-activities.xlsx,59,14,1,total,الإجمالي,الإجمالي
statistical-yearbook-2021-chapter-IV-health-activities.xlsx,59,14,3,total,total,Total
statistical-yearbook-2021-chapter-IV-health-activities.xlsx,60,1,1,region,المنطقة,موارد وأنشطة الطب الاتصالي بوزارة الصحة حسب المنطقة الصحية لعام 2021م
statistical-yearbook-2021-chapter-IV-health-activities.xlsx,60,1,1,year,عام,موارد وأنشطة الطب الاتصالي بوزارة الصحة حسب المنطقة الصحية لعام 2021م
statistical-yearbook-2021-chapter-IV-health-activities.xlsx,60,2,1,region,region,"Resources and Activities of Telemedicine at MoH by Health Regions, 2021G"
statistical-yearbook-2021-chapter-IV-health-activities.xlsx,60,2,1,source,source,"Resources and Activities of Telemedicine at MoH by Health Regions, 2021G"
statistical-yearbook-2021-chapter-IV-health-activities.xlsx,60,2,1,activity,activities,"Resources and Activities of Telemedicine at MoH by Health Regions, 2021G"
statistical-yearbook-2021-chapter-IV-health-activities.xlsx,60,4,1,region,المنطقة,المنطقة الصحية
statistical-yearbook-2021-chapter-IV-health-activities.xlsx,60,4,9,region,region,Health Region
statistical-yearbook-2021-chapter-IV-health-activities.xlsx,60,5,2,hospital,المستشفيات,المستشفيات
statistical-yearbook-2021-chapter-IV-health-activities.xlsx,60,6,2,hospital,hospital,Hospitals
statistical-yearbook-2021-chapter-IV-health-activities.xlsx,60,6,5,total,total,Total Facilities
statistical-yearbook-2021-chapter-IV-health-activities.xlsx,60,27,1,total,المجموع,المجموع
statistical-yearbook-2021-chapter-IV-health-activities.xlsx,60,27,9,total,total,Total
statistical-yearbook-2021-chapter-IV-health-activities.xlsx,61,1,1,region,المنطقة,خدمات الصحة المدرسية حسب نوع الخدمة والمنطقة الصحية لعام 2021م
statistical-yearbook-2021-chapter-IV-health-activities.xlsx,61,1,1,year,عام,خدمات الصحة المدرسية حسب نوع الخدمة والمنطقة الصحية لعام 2021م
statistical-yearbook-2021-chapter-IV-health-activities.xlsx,61,2,1,region,region,"School Health Services by Type of Service and Health Region, 2021G"
statistical-yearbook-2021-chapter-IV-health-activities.xlsx,61,4,1,region,المنطقة,المنطقة الصحية
statistical-yearbook-2021-chapter-IV-health-activities.xlsx,61,4,6,region,region,Health Region
statistical-yearbook-2021-chapter-IV-health-activities.xlsx,61,27,1,total,المجموع,المجموع
statistical-yearbook-2021-chapter-IV-health-activities.xlsx,61,27,6,total,total,Total
statistical-yearbook-2021-chapter-IV-health-activities.xlsx,fig1,9,24,year,year,YearMonth
statistical-yearbook-2021-chapter-IV-health-activities.xlsx,fig2,8,25,year,year,YearMonth
statistical-yearbook-2021-chapter-IV-health-activities.xlsx,fig2,36,2,year,year,Year
statistical-yearbook-2021-chapter-IV-health-activities.xlsx,fig3,1,1,hospital,مستشفى,متوسط مدة الإقامة للمرضى داخل المستشفى (بالأيام)
statistical-yearbook-2021-chapter-IV-health-activities.xlsx,fig3,7,25,year,year,Year Month
statistical-yearbook-2021-chapter-IV-health-activities.xlsx,fig3,40,2,year,year,Year
statistical-yearbook-2021-chapter-IV-health-activities.xlsx,fig4,5,25,year,year,Year Month
statistical-yearbook-2021-chapter-IV-health-activities.xlsx,fig4,37,2,year,year,Year
statistical-yearbook-2021-chapter-IV-health-activities.xlsx,fig5,1,1,activity,العمليات,غرفة العمليات – متوسط وقت انتظار الجراحة (بالأيام)
statistical-yearbook-2021-chapter-IV-health-activities.xlsx,fig5,6,25,year,year,Year Month
statistical-yearbook-2021-chapter-IV-health-activities.xlsx,fig6,7,25,year,year,YearMonth
statistical-yearbook-2021-chapter-IV-health-activities.xlsx,fig6,39,2,year,year,Year
Statistical-Yearbook-2023.xlsx,فهرس الباب الأول,3,2,population,السكان,المؤشرات السكانية
Statistical-Yearbook-2023.xlsx,فهرس الباب الأول,5,2,region,المناطق,عدد السكان بالمناطق الصحية حسب الجنسية لعام 2022م.
Statistical-Yearbook-2023.xlsx,فهرس الباب الأول,5,2,year,عام,عدد السكان بالمناطق الصحية حسب الجنسية لعام 2022م.
Statistical-Yearbook-2023.xlsx,فهرس الباب الأول,5,2,population,السكان,عدد السكان بالمناطق الصحية حسب الجنسية لعام 2022م.
Statistical-Yearbook-2023.xlsx,فهرس الباب الأول,6,2,region,region,"Population By Health Regions and Nationality, 2022G."
Statistical-Yearbook-2023.xlsx,فهرس الباب الأول,6,2,population,population,"Population By Health Regions and Nationality, 2022G."
Statistical-Yearbook-2023.xlsx,فهرس الباب الأول,7,2,year,عام,السكان حسب الجنسية والجنس والفئات العمرية لعام 2022م
Statistical-Yearbook-2023.xlsx,فهرس الباب الأول,7,2,population,السكان,السكان حسب الجنسية والجنس والفئات العمرية لعام 2022م
Statistical-Yearbook-2023.xlsx,فهرس الباب الأول,8,2,population,population,"Population by Nationality, Gender, and Age groups, 2022G"
Statistical-Yearbook-2023.xlsx,فهرس الباب الأول,9,2,region,المناطق,تقديرات عدد السكان بالمناطق الإدارية للأعوام 2010-2021  بناء على تعداد عام 2022م.
Statistical-Yearbook-2023.xlsx,فهرس الباب الأول,9,2,year,عام,تقديرات عدد السكان بالمناطق الإدارية للأعوام 2010-2021  بناء على تعداد عام 2022م.
Statistical-Yearbook-2023.xlsx,فهرس الباب الأول,9,2,population,السكان,تقديرات عدد السكان بالمناطق الإدارية للأعوام 2010-2021  بناء على تعداد عام 2022م.
Statistical-Yearbook-2023.xlsx,فهرس الباب الأول,10,2,region,region,"Estimated (2010-2021G) Population By Administrative Regions, Based on  (2022G) Census."
Statistical-Yearbook-2023.xlsx,فهرس الباب الأول,10,2,population,population,"Estimated (2010-2021G) Population By Administrative Regions, Based on  (2022G) Census."
Statistical-Yearbook-2023.xlsx,فهرس الباب الأول,12,2,total,total,Total Fertility Rate Estimates 2011-2022
Statistical-Yearbook-2023.xlsx,فهرس الباب الأول,16,2,year,year,Injuries and Deaths  from Road Traffic Accidents (RTA) in the Last Ten Years
Statistical-Yearbook-2023.xlsx,فهرس الباب الأول,20,2,year,year,"Health Resources Indicators (per 10,000 population) in the Last Five Years."
Statistical-Yearbook-2023.xlsx,فهرس الباب الأول,20,2,source,source,"Health Resources Indicators (per 10,000 population) in the Last Five Years."
Statistical-Yearbook-2023.xlsx,فهرس الباب الأول,20,2,population,population,"Health Resources Indicators (per 10,000 population) in the Last Five Years."
Statistical-Yearbook-2023.xlsx,فهرس الباب الأول,21,2,region,المنطقة,مؤشرات مختارة عن الموارد المتاحة بمستشفيات وزارة الصحة حسب المنطقة الصحية لعام 2023 م.
Statistical-Yearbook-2023.xlsx,فهرس الباب الأول,21,2,year,عام,مؤشرات مختارة عن الموارد المتاحة بمستشفيات وزارة الصحة حسب المنطقة الصحية لعام 2023 م.
Statistical-Yearbook-2023.xlsx,فهرس الباب الأول,22,2,region,region,"Selected Indicators of Available Resources at MoH Hospitals by Health Region, 2023G"
Statistical-Yearbook-2023.xlsx,فهرس الباب الأول,22,2,source,source,"Selected Indicators of Available Resources at MoH Hospitals by Health Region, 2023G"
Statistical-Yearbook-2023.xlsx,فهرس الباب الأول,22,2,hospital,hospital,"Selected Indicators of Available Resources at MoH Hospitals by Health Region, 2023G"
Statistical-Yearbook-2023.xlsx,فهرس الباب الأول,24,2,year,year,Basic Immunization Coverage (%) in the Last Five Years.
Statistical-Yearbook-2023.xlsx,فهرس الباب الأول,25,2,population,السكان,معدلات الإصابة لبعض الأمراض المستهدفة بالتحصين (لكل مائة ألف من السكان) في الأعوام الخمسة الأخيرة.
Statistical-Yearbook-2023.xlsx,فهرس الباب الأول,26,2,year,year,"Incidence Rate of Some Immunization Targeted Diseases (per 100,000 population) in the Last Five Years."
Statistical-Yearbook-2023.xlsx,فهرس الباب الأول,26,2,population,population,"Incidence Rate of Some Immunization Targeted Diseases (per 100,000 population) in the Last Five Years."
Statistical-Yearbook-2023.xlsx,1,3,1,population,السكان,المؤشرات السكانية
Statistical-Yearbook-2023.xlsx,1,6,3,year,year,"العام
Year"
Statistical-Yearbook-2023.xlsx,1,7,1,population,السكان,إجمالي عدد السكان
Statistical-Yearbook-2023.xlsx,1,7,4,total,total,Total Population Size
Statistical-Yearbook-2023.xlsx,1,7,4,population,population,Total Population Size
Statistical-Yearbook-2023.xlsx,1,8,1,population,السكان,عدد السكان الذكور
Statistical-Yearbook-2023.xlsx,1,8,4,population,population,Male Population
Statistical-Yearbook-2023.xlsx,1,9,1,population,السكان,عدد السكان الإناث
Statistical-Yearbook-2023.xlsx,1,9,4,population,population,Female Population
Statistical-Yearbook-2023.xlsx,1,10,4,population,population,Crude Birth Rate /1000 Population
Statistical-Yearbook-2023.xlsx,1,11,4,population,population,Annual Population Growth Rate (%)
Statistical-Yearbook-2023.xlsx,1,12,4,year,year,% Population Under 5 Years
Statistical-Yearbook-2023.xlsx,1,12,4,population,population,% Population Under 5 Years
Statistical-Yearbook-2023.xlsx,1,13,4,year,year,% Population Under 15 Years
Statistical-Yearbook-2023.xlsx,1,13,4,population,population,% Population Under 15 Years
Statistical-Yearbook-2023.xlsx,1,14,4,year,year,% Population 15- 64 Years
Statistical-Yearbook-2023.xlsx,1,14,4,population,population,% Population 15- 64 Years
Statistical-Yearbook-2023.xlsx,1,15,4,year,year,% Population 65+ Years
Statistical-Yearbook-2023.xlsx,1,15,4,population,population,% Population 65+ Years
Statistical-Yearbook-2023.xlsx,1,16,4,total,total,Total Fertility Rate
Statistical-Yearbook-2023.xlsx,1,21,1,year,عام,المصدر : الهيئة العامة للإحصاء
Statistical-Yearbook-2023.xlsx,1,21,1,source,المصدر,المصدر : الهيئة العامة للإحصاء
Statistical-Yearbook-2023.xlsx,1,21,3,source,source,Source:General Authority for Statistics
Statistical-Yearbook-2023.xlsx,2,1,1,region,المناطق,عدد السكان بالمناطق الصحية حسب الجنسية لعام 2022م.
Statistical-Yearbook-2023.xlsx,2,1,1,year,عام,عدد السكان بالمناطق الصحية حسب الجنسية لعام 2022م.
Statistical-Yearbook-2023.xlsx,2,1,1,population,السكان,عدد السكان بالمناطق الصحية حسب الجنسية لعام 2022م.
Statistical-Yearbook-2023.xlsx,2,2,1,region,region,"Population By Health Regions and Nationality, 2022G."
Statistical-Yearbook-2023.xlsx,2,2,1,population,population,"Population By Health Regions and Nationality, 2022G."
Statistical-Yearbook-2023.xlsx,2,4,1,region,المنطقة,المنطقة الصحية
Statistical-Yearbook-2023.xlsx,2,4,4,total,total,"المجموع 
 Total"
Statistical-Yearbook-2023.xlsx,2,4,5,region,region,Health Region
Statistical-Yearbook-2023.xlsx,2,26,1,total,المجموع,المجموع
Statistical-Yearbook-2023.xlsx,2,26,5,total,total,Total
Statistical-Yearbook-2023.xlsx,2,27,1,year,عام,المصدر : الهيئة العامة للإحصاء
Statistical-Yearbook-2023.xlsx,2,27,1,source,المصدر,المصدر : الهيئة العامة للإحصاء
Statistical-Yearbook-2023.xlsx,2,27,3,source,source,Source: General Authority for Statistics.
Statistical-Yearbook-2023.xlsx,3,1,1,year,عام,السكان حسب الجنسية والجنس والفئات العمرية لعام 2022م
Statistical-Yearbook-2023.xlsx,3,1,1,population,السكان,السكان حسب الجنسية والجنس والفئات العمرية لعام 2022م
Statistical-Yearbook-2023.xlsx,3,2,1,population,population,"Population by Nationality, Gender, and Age groups, 2022G"
Statistical-Yearbook-2023.xlsx,3,4,8,total,total,جملة السكان     Total Population
Statistical-Yearbook-2023.xlsx,3,4,8,population,population,جملة السكان     Total Population
Statistical-Yearbook-2023.xlsx,3,5,4,total,total,جملة    Total
Statistical-Yearbook-2023.xlsx,3,5,7,total,total,جملة    Total
Statistical-Yearbook-2023.xlsx,3,5,10,total,total,جملة    Total
Statistical-Yearbook-2023.xlsx,3,23,1,total,total,جملة               Total
Statistical-Yearbook-2023.xlsx,3,24,1,year,عام,المصدر : الهيئة العامة للإحصاء
Statistical-Yearbook-2023.xlsx,3,24,1,source,المصدر,المصدر : الهيئة العامة للإحصاء
Statistical-Yearbook-2023.xlsx,3,24,5,source,source,Source:General Authority for Statistics
Statistical-Yearbook-2023.xlsx,4,1,1,region,المناطق,تقديرات عدد السكان بالمناطق الإدارية للأعوام 2010-2021  بناء على تعداد عام 2022م.
Statistical-Yearbook-2023.xlsx,4,1,1,year,عام,تقديرات عدد السكان بالمناطق الإدارية للأعوام 2010-2021  بناء على تعداد عام 2022م.
Statistical-Yearbook-2023.xlsx,4,1,1,population,السكان,تقديرات عدد السكان بالمناطق الإدارية للأعوام 2010-2021  بناء على تعداد عام 2022م.
Statistical-Yearbook-2023.xlsx,4,2,1,region,region,"Estimated (2010-2021G) Population By Administrative Regions, Based on  (2022G) Census."
Statistical-Yearbook-2023.xlsx,4,2,1,population,population,"Estimated (2010-2021G) Population By Administrative Regions, Based on  (2022G) Census."
Statistical-Yearbook-2023.xlsx,4,4,1,region,المنطقة,المنطقة الإدارية
Statistical-Yearbook-2023.xlsx,4,4,15,region,region,Administrative Region
Statistical-Yearbook-2023.xlsx,4,9,1,region,المنطقة,المنطقة الشرقية
Statistical-Yearbook-2023.xlsx,4,18,1,total,الإجمالي,الإجمالي
Statistical-Yearbook-2023.xlsx,4,18,15,total,total,Total
Statistical-Yearbook-2023.xlsx,4,19,1,year,عام,المصدر : الهيئة العامة للإحصاء
Statistical-Yearbook-2023.xlsx,4,19,1,source,المصدر,المصدر : الهيئة العامة للإحصاء
Statistical-Yearbook-2023.xlsx,4,19,13,source,source,Source: General Authority for Statistics.
Statistical-Yearbook-2023.xlsx,4,20,1,year,عام,تم إعادة حساب مؤشرات الأعوام السابقة بالكتاب الإحصائي السنوي بناء على تعديل أعداد السكان الواردة من الهيئة العامة للإحصاء
Statistical-Yearbook-2023.xlsx,4,20,1,population,السكان,تم إعادة حساب مؤشرات الأعوام السابقة بالكتاب الإحصائي السنوي بناء على تعديل أعداد السكان الواردة من الهيئة العامة للإحصاء
Statistical-Yearbook-2023.xlsx,4,20,9,year,year,The indicators of previous years have been recalculated in the statistical yearbook based on the adjustment of the population received from the General Authority for Statistics
Statistical-Yearbook-2023.xlsx,4,20,9,population,population,The indicators of previous years have been recalculated in the statistical yearbook based on the adjustment of the population received from the General Authority for Statistics
Statistical-Yearbook-2023.xlsx,5,2,1,total,total,"Total Fertility Rate Estimates, 2011-2022"
Statistical-Yearbook-2023.xlsx,5,4,1,year,عام,العام
Statistical-Yearbook-2023.xlsx,5,5,1,year,year,Year
Statistical-Yearbook-2023.xlsx,5,18,1,year,عام,المصدر : الهيئة العامة للإحصاء
Statistical-Yearbook-2023.xlsx,5,18,1,source,المصدر,المصدر : الهيئة العامة للإحصاء
Statistical-Yearbook-2023.xlsx,5,18,3,source,source,Source:General Authority for Statistics
Statistical-Yearbook-2023.xlsx,6,5,5,population,population,Crude Death Rate /1000 Population
Statistical-Yearbook-2023.xlsx,7,2,1,year,year,Injuries and Deaths  from Road Traffic Accidents (RTA) in the Last Ten Years
Statistical-Yearbook-2023.xlsx,7,4,1,year,عام,العام
Statistical-Yearbook-2023.xlsx,7,5,1,year,year,Year
Statistical-Yearbook-2023.xlsx,7,5,4,population,population,"Injuries per 100,000 Population"
Statistical-Yearbook-2023.xlsx,7,5,5,population,population,"Deaths per 100,000 Population"
Statistical-Yearbook-2023.xlsx,7,17,1,source,المصدر,المصدر: اللجنة الوزارية للسلامة المرورية
Statistical-Yearbook-2023.xlsx,7,17,5,source,source,Source: The Ministerial Committee of Traffic Safety
Statistical-Yearbook-2023.xlsx,7,20,1,year,عام,تم إعادة حساب مؤشرات الأعوام السابقة  بناء على تعديل أعداد السكان الواردة من الهيئة العامة للإحصاء
Statistical-Yearbook-2023.xlsx,7,20,1,population,السكان,تم إعادة حساب مؤشرات الأعوام السابقة  بناء على تعديل أعداد السكان الواردة من الهيئة العامة للإحصاء
Statistical-Yearbook-2023.xlsx,7,21,1,year,year,The indicators of previous years have been recalculated based on the adjustment of the population received from the General Authority for Statistics
Statistical-Yearbook-2023.xlsx,7,21,1,population,population,The indicators of previous years have been recalculated based on the adjustment of the population received from the General Authority for Statistics
Statistical-Yearbook-2023.xlsx,8,4,1,total,الإجمالي,نصيب الفرد من الناتج المحلي الإجمالي بالأسعار الجارية (دولار أمريكي).
Statistical-Yearbook-2023.xlsx,8,6,1,year,عام,العام
Statistical-Yearbook-2023.xlsx,8,7,1,year,year,Year
Statistical-Yearbook-2023.xlsx,8,22,1,year,عام,المصدر : الهيئة العامة للإحصاء
Statistical-Yearbook-2023.xlsx,8,22,1,source,المصدر,المصدر : الهيئة العامة للإحصاء
Statistical-Yearbook-2023.xlsx,8,22,2,source,source,Source:General Authority for Statistics
Statistical-Yearbook-2023.xlsx,9,2,1,year,year,"Health Resources Indicators (per 10,000 population) in the Last Five Years"
Statistical-Yearbook-2023.xlsx,9,2,1,source,source,"Health Resources Indicators (per 10,000 population) in the Last Five Years"
Statistical-Yearbook-2023.xlsx,9,2,1,population,population,"Health Resources Indicators (per 10,000 population) in the Last Five Years"
Statistical-Yearbook-2023.xlsx,9,5,1,physician,أطباء,الأطبـــــاء (شاملا أطباء الأسنان)
Statistical-Yearbook-2023.xlsx,9,5,7,physician,physician,Physicians (including Dentists)
Statistical-Yearbook-2023.xlsx,9,6,1,physician,أطباء,الأطباء البشريون
Statistical-Yearbook-2023.xlsx,9,6,7,physician,physician,Physicians
Statistical-Yearbook-2023.xlsx,9,7,1,physician,أطباء,أطباء الأسنان
Statistical-Yearbook-2023.xlsx,9,9,1,nurse,تمريض,التمريض (شاملا القابلات)
Statistical-Yearbook-2023.xlsx,9,9,7,nurse,nurse,Nurses (including midwives)
Statistical-Yearbook-2023.xlsx,9,10,1,nurse,تمريض,التمريض
Statistical-Yearbook-2023.xlsx,9,10,7,nurse,nurse,Nurses
Statistical-Yearbook-2023.xlsx,9,14,1,hospital,المستشفيات,أسرة المستشفيات  بالمملكة (كل القطاعات)
Statistical-Yearbook-2023.xlsx,9,14,1,bed,أسرة,أسرة المستشفيات  بالمملكة (كل القطاعات)
Statistical-Yearbook-2023.xlsx,9,14,7,hospital,hospital,"Hospital Beds (All Sectors), KSA"
Statistical-Yearbook-2023.xlsx,9,14,7,bed,bed,"Hospital Beds (All Sectors), KSA"
Statistical-Yearbook-2023.xlsx,9,15,1,bed,أسرة,أسرة مستشفيات  وزارة الصحة
Statistical-Yearbook-2023.xlsx,9,15,7,hospital,hospital,MoH Hospital Beds
Statistical-Yearbook-2023.xlsx,9,15,7,bed,bed,MoH Hospital Beds
Statistical-Yearbook-2023.xlsx,9,16,1,bed,أسرة,أسرة مستشفيات  الجهات الحكومية الأخرى
Statistical-Yearbook-2023.xlsx,9,16,7,hospital,hospital,Other Governmental Sector Hospital Beds
Statistical-Yearbook-2023.xlsx,9,16,7,bed,bed,Other Governmental Sector Hospital Beds
Statistical-Yearbook-2023.xlsx,9,17,1,bed,أسرة,أسرة مستشفيات القطاع الخاص
Statistical-Yearbook-2023.xlsx,9,17,7,hospital,hospital,Private Sector Hospital Beds
Statistical-Yearbook-2023.xlsx,9,17,7,bed,bed,Private Sector Hospital Beds
Statistical-Yearbook-2023.xlsx,10,1,1,region,المنطقة,مؤشرات مختارة عن الموارد المتاحة بمستشفيات وزارة الصحة حسب المنطقة الصحية لعام 2023 م
Statistical-Yearbook-2023.xlsx,10,1,1,year,عام,مؤشرات مختارة عن الموارد المتاحة بمستشفيات وزارة الصحة حسب المنطقة الصحية لعام 2023 م
Statistical-Yearbook-2023.xlsx,10,2,1,region,region,"Selected Indicators of Available Resources at MoH Hospitals by Health Region, 2023G"
Statistical-Yearbook-2023.xlsx,10,2,1,source,source,"Selected Indicators of Available Resources at MoH Hospitals by Health Region, 2023G"
Statistical-Yearbook-2023.xlsx,10,2,1,hospital,hospital,"Selected Indicators of Available Resources at MoH Hospitals by Health Region, 2023G"
Statistical-Yearbook-2023.xlsx,10,4,1,region,المنطقة,المنطقة الصحية
Statistical-Yearbook-2023.xlsx,10,4,2,bed,bed,"عدد الأسرة
No. of Beds"
Statistical-Yearbook-2023.xlsx,10,4,3,physician,physician,"عدد الأطباء
No. of Physicians"
Statistical-Yearbook-2023.xlsx,10,4,4,bed,bed,"الأطباء لكل مائة سرير
Physicians/100 beds"
Statistical-Yearbook-2023.xlsx,10,4,4,physician,physician,"الأطباء لكل مائة سرير
Physicians/100 beds"
Statistical-Yearbook-2023.xlsx,10,4,5,nurse,nurse,"عدد التمريض شاملا القابلات
 No. of Nurses  including midwives"
Statistical-Yearbook-2023.xlsx,10,4,6,bed,bed,"التمريض لكل مائة سرير
Nurses/100 beds"
Statistical-Yearbook-2023.xlsx,10,4,6,nurse,nurse,"التمريض لكل مائة سرير
Nurses/100 beds"
Statistical-Yearbook-2023.xlsx,10,4,7,physician,physician,"التمريض لكل مائة طبيب
Nurses/ 100 physicians"
Statistical-Yearbook-2023.xlsx,10,4,7,nurse,nurse,"التمريض لكل مائة طبيب
Nurses/ 100 physicians"
Statistical-Yearbook-2023.xlsx,10,4,8,region,region,Health Region
Statistical-Yearbook-2023.xlsx,11,2,1,year,year,Basic Immunization Coverage (%) in the Last Five Years
Statistical-Yearbook-2023.xlsx,12,1,1,population,السكان,معدلات الإصابة لبعض الأمراض المستهدفة بالتحصين (لكل مائة ألف من السكان) في الأعوام الخمسة الأخيرة
Statistical-Yearbook-2023.xlsx,12,2,1,year,year,"Incidence Rate of Some Immunization Targeted Diseases (per 100,000 population) in the Last Five Years"
Statistical-Yearbook-2023.xlsx,12,2,1,population,population,"Incidence Rate of Some Immunization Targeted Diseases (per 100,000 population) in the Last Five Years"
Statistical-Yearbook-2023.xlsx,13,7,8,population,population,"Number of new HIV infections per 1,000 uninfected population."
Statistical-Yearbook-2023.xlsx,13,8,8,population,population,"Malaria incidence per 1,000 population"
Statistical-Yearbook-2023.xlsx,13,10,1,bed,أسرة,نسبة النساء اللاتي في سن الإنجاب (15-49 سنة) واللاتي لُبّيت حاجتُهن إلى تنظيم الأسرة بطرق حديثة (%)
Statistical-Yearbook-2023.xlsx,13,10,8,year,year,Proportion of women of reproductive age (aged 15–49 years) who have their need for family planning satisfied with modern methods (%)
Statistical-Yearbook-2023.xlsx,13,11,1,population,السكان,نسبة السكان المستهدفين المشمولين بالخدمات الصحية الأساسية (%)
Statistical-Yearbook-2023.xlsx,13,12,1,population,السكان,"معدل الوفيات المنسوب إلى التسمم غير المتعمد لكل 100,000 من السكان"
Statistical-Yearbook-2023.xlsx,13,12,8,population,population,"Mortality rate attributed to unintentional poisoning 100,000 population"
Statistical-Yearbook-2023.xlsx,13,13,8,year,year,Age-standardized prevalence of current tobacco use among persons aged 15 years and older
Statistical-Yearbook-2023.xlsx,13,15,8,year,year,Prevalence of stunting among children under 5 years of age (%)
Statistical-Yearbook-2023.xlsx,13,16,8,year,year,"Prevalence of malnutrition : Wasting among children under 5 years of age, (%)"
Statistical-Yearbook-2023.xlsx,13,17,8,year,year,"Prevalence of malnutrition : Overweight among children under 5 years of age,  (%)"
Statistical-Yearbook-2023.xlsx,13,18,8,year,year,"Prevalence of malnutrition : Obesity among children under 5 years of age,  (%)"
Statistical-Yearbook-2023.xlsx,13,24,1,population,السكان,معدل الأطباء الجراحيين لكل مائة ألف من السكان
Statistical-Yearbook-2023.xlsx,13,24,1,physician,أطباء,معدل الأطباء الجراحيين لكل مائة ألف من السكان
Statistical-Yearbook-2023.xlsx,13,24,8,population,population,"Density of surgeons (per 100,000 population)"
Statistical-Yearbook-2023.xlsx,13,25,1,population,السكان,معدل أطباء النفسية لكل مائة ألف من السكان
Statistical-Yearbook-2023.xlsx,13,25,1,physician,أطباء,معدل أطباء النفسية لكل مائة ألف من السكان
Statistical-Yearbook-2023.xlsx,13,25,8,population,population,"Density of psychiatrists (per 100,000 population)"
Statistical-Yearbook-2023.xlsx,13,27,1,year,عام,** المصدر: الهيئة العامة للإحصاء (إبلاغ ذاتي)
Statistical-Yearbook-2023.xlsx,13,27,1,source,المصدر,** المصدر: الهيئة العامة للإحصاء (إبلاغ ذاتي)
Statistical-Yearbook-2023.xlsx,13,27,8,source,source,**Source: General Authoruty for Statistics (Self reported)
Statistical-Yearbook-2023.xlsx,فهرس الباب الثاني,2,2,source,source,Chapter II : Health Resources
Statistical-Yearbook-2023.xlsx,فهرس الباب الثاني,3,2,year,عام,الميزانية المخصصة لوزارة الصحة ( بمليارات الريالات) في الأعوام الخمسة الأخيرة بالنسبة للميزانية العامة للدولة
Statistical-Yearbook-2023.xlsx,فهرس الباب الثاني,4,2,year,year,Budget Appropriations for  MOH in relation to Government Budget (by billion SR) in the last Five Years
Statistical-Yearbook-2023.xlsx,فهرس الباب الثاني,5,2,population,السكان,المستشفيات والأسرة بالقطاعات الصحية بالمملكة حسب الجهة ومعدل الأسرة لكل عشرة آلاف من السكان في الأعوام الخمسة الأخيرة
Statistical-Yearbook-2023.xlsx,فهرس الباب الثاني,5,2,hospital,المستشفيات,المستشفيات والأسرة بالقطاعات الصحية بالمملكة حسب الجهة ومعدل الأسرة لكل عشرة آلاف من السكان في الأعوام الخمسة الأخيرة
Statistical-Yearbook-2023.xlsx,فهرس الباب الثاني,5,2,bed,أسرة,المستشفيات والأسرة بالقطاعات الصحية بالمملكة حسب الجهة ومعدل الأسرة لكل عشرة آلاف من السكان في الأعوام الخمسة الأخيرة
Statistical-Yearbook-2023.xlsx,فهرس الباب الثاني,6,2,year,year,"Hospitals and Beds in All Health Sectors, KSA and Rate of Beds / 10,000 population, in the last Five Years"
Statistical-Yearbook-2023.xlsx,فهرس الباب الثاني,6,2,population,population,"Hospitals and Beds in All Health Sectors, KSA and Rate of Beds / 10,000 population, in the last Five Years"
Statistical-Yearbook-2023.xlsx,فهرس الباب الثاني,6,2,hospital,hospital,"Hospitals and Beds in All Health Sectors, KSA and Rate of Beds / 10,000 population, in the last Five Years"
Statistical-Yearbook-2023.xlsx,فهرس الباب الثاني,6,2,bed,bed,"Hospitals and Beds in All Health Sectors, KSA and Rate of Beds / 10,000 population, in the last Five Years"
Statistical-Yearbook-2023.xlsx,فهرس الباب الثاني,7,2,region,المنطقة,المستشفيات والأسرة بالقطاعات الصحية بالمملكة حسب المنطقة الصحية 2023م
Statistical-Yearbook-2023.xlsx,فهرس الباب الثاني,7,2,hospital,المستشفيات,المستشفيات والأسرة بالقطاعات الصحية بالمملكة حسب المنطقة الصحية 2023م
Statistical-Yearbook-2023.xlsx,فهرس الباب الثاني,7,2,bed,أسرة,المستشفيات والأسرة بالقطاعات الصحية بالمملكة حسب المنطقة الصحية 2023م
Statistical-Yearbook-2023.xlsx,فهرس الباب الثاني,8,2,region,region,"Hospitals and Beds in KSA Health Sectors by Health Region, 2023G"
Statistical-Yearbook-2023.xlsx,فهرس الباب الثاني,8,2,hospital,hospital,"Hospitals and Beds in KSA Health Sectors by Health Region, 2023G"
Statistical-Yearbook-2023.xlsx,فهرس الباب الثاني,8,2,bed,bed,"Hospitals and Beds in KSA Health Sectors by Health Region, 2023G"
Statistical-Yearbook-2023.xlsx,فهرس الباب الثاني,9,2,year,عام,القوى العاملة الصحية بالقطاعات الصحية بالمملكة في الأعوام الخمسة الأخيرة
Statistical-Yearbook-2023.xlsx,فهرس الباب الثاني,10,2,year,year,Health Manpower in KSA Health Sectors in the Last Five Years
Statistical-Yearbook-2023.xlsx,فهرس الباب الثاني,11,2,year,عام,الأطباء وأطباء الأسنان بالقطاعات الصحية بالمملكة حسب التخصص والتصنيف الوظيفي عام 2023م.
Statistical-Yearbook-2023.xlsx,فهرس الباب الثاني,11,2,physician,أطباء,الأطباء وأطباء الأسنان بالقطاعات الصحية بالمملكة حسب التخصص والتصنيف الوظيفي عام 2023م.
Statistical-Yearbook-2023.xlsx,فهرس الباب الثاني,12,2,physician,physician,"Physicians and Dentists in KSA Health Sectors by Speciality and Professional Categories, 2023G"
Statistical-Yearbook-2023.xlsx,فهرس الباب الثاني,13,2,year,عام,القوى العاملة الصحية بالقطاعات الصحية بالمملكة حسب الفئة والجنس والجنسية عام 2023م
Statistical-Yearbook-2023.xlsx,فهرس الباب الثاني,15,2,year,عام,الأطباء وأطباء الأسنان بوزارة الصحة حسب الجنس والجنسية والتخصص والتصنيف الوظيفي عام 2023م.
Statistical-Yearbook-2023.xlsx,فهرس الباب الثاني,15,2,physician,أطباء,الأطباء وأطباء الأسنان بوزارة الصحة حسب الجنس والجنسية والتخصص والتصنيف الوظيفي عام 2023م.
Statistical-Yearbook-2023.xlsx,فهرس الباب الثاني,16,2,physician,physician,"Physicians and Dentists in MoH by Gender, Nationality, Speciality and Professional Categories, 2023G"
Statistical-Yearbook-2023.xlsx,فهرس الباب الثاني,17,2,year,عام,الأطباء وأطباء الأسنان بالجهات الحكومية الأخرى حسب الجنس والجنسية والتخصص والتصنيف الوظيفي عام 2023م.
Statistical-Yearbook-2023.xlsx,فهرس الباب الثاني,17,2,physician,أطباء,الأطباء وأطباء الأسنان بالجهات الحكومية الأخرى حسب الجنس والجنسية والتخصص والتصنيف الوظيفي عام 2023م.
Statistical-Yearbook-2023.xlsx,فهرس الباب الثاني,18,2,physician,physician,"Physicians and Dentists in the Other Governmental Sector by Gender, Nationality, Speciality and Professional Categories, 2023G"
Statistical-Yearbook-2023.xlsx,فهرس الباب الثاني,19,2,year,عام,الأطباء وأطباء الأسنان بالقطاع الخاص حسب الجنس والجنسية والتخصص والتصنيف الوظيفي عام 2023م.
Statistical-Yearbook-2023.xlsx,فهرس الباب الثاني,19,2,physician,أطباء,الأطباء وأطباء الأسنان بالقطاع الخاص حسب الجنس والجنسية والتخصص والتصنيف الوظيفي عام 2023م.
Statistical-Yearbook-2023.xlsx,فهرس الباب الثاني,20,2,physician,physician,"Physicians and Dentists in the Private Sector by Gender, Nationality, Speciality and Professional Categories, 2023G"
Statistical-Yearbook-2023.xlsx,فهرس الباب الثاني,21,2,year,عام,الأطباء وأطباء الأسنان بالقطاعات الصحية بالمملكة  حسب الجنس والجنسية والتخصص والتصنيف الوظيفي عام 2023م.
Statistical-Yearbook-2023.xlsx,فهرس الباب الثاني,21,2,physician,أطباء,الأطباء وأطباء الأسنان بالقطاعات الصحية بالمملكة  حسب الجنس والجنسية والتخصص والتصنيف الوظيفي عام 2023م.
Statistical-Yearbook-2023.xlsx,فهرس الباب الثاني,22,2,physician,physician,"Physicians and Dentists in KSA Health Sectors by Gender, Nationality, Speciality and Professional Categories, 2023G"
Statistical-Yearbook-2023.xlsx,فهرس الباب الثاني,23,2,region,المنطقة,المرافق الصحية بوزارة الصحة حسب المنطقة الصحية عام 2023م
Statistical-Yearbook-2023.xlsx,فهرس الباب الثاني,23,2,year,عام,المرافق الصحية بوزارة الصحة حسب المنطقة الصحية عام 2023م
Statistical-Yearbook-2023.xlsx,فهرس الباب الثاني,24,2,region,region,"Health Utilities in MoH by Health Region, 2023G"
Statistical-Yearbook-2023.xlsx,فهرس الباب الثاني,25,2,region,المنطقة,القوى العاملة الصحية بوزارة الصحة حسب المنطقة الصحية والفئة والجنس والجنسية عام 2023م
Statistical-Yearbook-2023.xlsx,فهرس الباب الثاني,25,2,year,عام,القوى العاملة الصحية بوزارة الصحة حسب المنطقة الصحية والفئة والجنس والجنسية عام 2023م
Statistical-Yearbook-2023.xlsx,فهرس الباب الثاني,26,2,region,region,"Health Manpower in MoH by Health Region,Category,Sex and Nationality, 2023G"
Statistical-Yearbook-2023.xlsx,فهرس الباب الثاني,27,2,year,عام,القوى العاملة الصحية بوزارة الصحة حسب الجنسية في الأعوام الخمسة الأخيرة
Statistical-Yearbook-2023.xlsx,فهرس الباب الثاني,28,2,year,year,Health Manpower in MOH by Nationality  in the Last Five Years
Statistical-Yearbook-2023.xlsx,فهرس الباب الثاني,29,2,year,عام,الفئات الطبية المساعدة بوزارة الصحة حسب التخصص والجنسية والجنس عام 2023م
Statistical-Yearbook-2023.xlsx,فهرس الباب الثاني,31,2,region,المنطقة,القابلات بمرافق وزارة الصحة حسب المنطقة الصحية عام 2023م
Statistical-Yearbook-2023.xlsx,فهرس الباب الثاني,31,2,year,عام,القابلات بمرافق وزارة الصحة حسب المنطقة الصحية عام 2023م
Statistical-Yearbook-2023.xlsx,فهرس الباب الثاني,32,2,region,region,"Midwives in MoH Facilities by Health Region, 2023G"
Statistical-Yearbook-2023.xlsx,فهرس الباب الثاني,33,2,region,المنطقة,المستشفيات والأسرة بوزارة الصحة حسب المنطقة الصحية في الأعوام الخمسة الأخيرة
Statistical-Yearbook-2023.xlsx,فهرس الباب الثاني,33,2,hospital,المستشفيات,المستشفيات والأسرة بوزارة الصحة حسب المنطقة الصحية في الأعوام الخمسة الأخيرة
Statistical-Yearbook-2023.xlsx,فهرس الباب الثاني,33,2,bed,أسرة,المستشفيات والأسرة بوزارة الصحة حسب المنطقة الصحية في الأعوام الخمسة الأخيرة
Statistical-Yearbook-2023.xlsx,فهرس الباب الثاني,34,2,region,region,"MOH Hospitals and Beds by Health Region, in the last Five Years"
Statistical-Yearbook-2023.xlsx,فهرس الباب الثاني,34,2,year,year,"MOH Hospitals and Beds by Health Region, in the last Five Years"
Statistical-Yearbook-2023.xlsx,فهرس الباب الثاني,34,2,hospital,hospital,"MOH Hospitals and Beds by Health Region, in the last Five Years"
Statistical-Yearbook-2023.xlsx,فهرس الباب الثاني,34,2,bed,bed,"MOH Hospitals and Beds by Health Region, in the last Five Years"
Statistical-Yearbook-2023.xlsx,فهرس الباب الثاني,35,2,region,المنطقة,مستشفيات وزارة الصحة وعدد الأسرة حسب المنطقة الصحية والتخصص لعام 2023م
Statistical-Yearbook-2023.xlsx,فهرس الباب الثاني,35,2,year,عام,مستشفيات وزارة الصحة وعدد الأسرة حسب المنطقة الصحية والتخصص لعام 2023م
Statistical-Yearbook-2023.xlsx,فهرس الباب الثاني,35,2,bed,أسرة,مستشفيات وزارة الصحة وعدد الأسرة حسب المنطقة الصحية والتخصص لعام 2023م
Statistical-Yearbook-2023.xlsx,فهرس الباب الثاني,36,2,region,region,"MOH Hospitals and Beds by Health Region and Speciality, 2023G"
Statistical-Yearbook-2023.xlsx,فهرس الباب الثاني,36,2,hospital,hospital,"MOH Hospitals and Beds by Health Region and Speciality, 2023G"
Statistical-Yearbook-2023.xlsx,فهرس الباب الثاني,36,2,bed,bed,"MOH Hospitals and Beds by Health Region and Speciality, 2023G"
Statistical-Yearbook-2023.xlsx,فهرس الباب الثاني,37,2,region,المنطقة,مستشفيات وزارة الصحة حسب السعة السريرية والمنطقة الصحية للعام 2023م
Statistical-Yearbook-2023.xlsx,فهرس الباب الثاني,37,2,year,عام,مستشفيات وزارة الصحة حسب السعة السريرية والمنطقة الصحية للعام 2023م
Statistical-Yearbook-2023.xlsx,فهرس الباب الثاني,37,2,bed,سرير,مستشفيات وزارة الصحة حسب السعة السريرية والمنطقة الصحية للعام 2023م
Statistical-Yearbook-2023.xlsx,فهرس الباب الثاني,38,2,region,region,"MOH Hospitals  by Bed Capacity and Health Region, 2023G"
Statistical-Yearbook-2023.xlsx,فهرس الباب الثاني,38,2,hospital,hospital,"MOH Hospitals  by Bed Capacity and Health Region, 2023G"
Statistical-Yearbook-2023.xlsx,فهرس الباب الثاني,38,2,bed,bed,"MOH Hospitals  by Bed Capacity and Health Region, 2023G"
Statistical-Yearbook-2023.xlsx,فهرس الباب الثاني,39,2,region,المنطقة,الأسرة بمستشفيات وزارة الصحة حسب المنطقة الصحية والتخصص لعام 2023م
Statistical-Yearbook-2023.xlsx,فهرس الباب الثاني,39,2,year,عام,الأسرة بمستشفيات وزارة الصحة حسب المنطقة الصحية والتخصص لعام 2023م
Statistical-Yearbook-2023.xlsx,فهرس الباب الثاني,39,2,bed,أسرة,الأسرة بمستشفيات وزارة الصحة حسب المنطقة الصحية والتخصص لعام 2023م
Statistical-Yearbook-2023.xlsx,فهرس الباب الثاني,40,2,region,region,"Beds at MOH Hospitals By Health Region and Speciality, 2023G."
Statistical-Yearbook-2023.xlsx,فهرس الباب الثاني,40,2,hospital,hospital,"Beds at MOH Hospitals By Health Region and Speciality, 2023G."
Statistical-Yearbook-2023.xlsx,فهرس الباب الثاني,40,2,bed,bed,"Beds at MOH Hospitals By Health Region and Speciality, 2023G."
Statistical-Yearbook-2023.xlsx,1.,1,1,year,عام,الميزانية المخصصة لوزارة الصحة ( بمليارات الريالات) في الأعوام الخمسة الأخيرة بالنسبة للميزانية العامة للدولة
Statistical-Yearbook-2023.xlsx,1.,2,1,year,year,Budget Appropriations for MOH in relation to Government Budget (by billion SR) in the last Five Years
Statistical-Yearbook-2023.xlsx,1.,4,1,year,السنة,السنة الميلادية
Statistical-Yearbook-2023.xlsx,1.,5,1,year,year,G. Year
Statistical-Yearbook-2023.xlsx,1.,5,2,total,total,Total Governmental Budget
Statistical-Yearbook-2023.xlsx,1.,12,3,total,total,* As % of Total Government Budget
Statistical-Yearbook-2023.xlsx,2.,1,1,population,السكان,المستشفيات والأسرة بالقطاعات الصحية بالمملكة حسب الجهة ومعدل الأسرة لكل عشرة آلاف من السكان في الأعوام الخمسة الأخيرة
Statistical-Yearbook-2023.xlsx,2.,1,1,hospital,المستشفيات,المستشفيات والأسرة بالقطاعات الصحية بالمملكة حسب الجهة ومعدل الأسرة لكل عشرة آلاف من السكان في الأعوام الخمسة الأخيرة
Statistical-Yearbook-2023.xlsx,2.,1,1,bed,أسرة,المستشفيات والأسرة بالقطاعات الصحية بالمملكة حسب الجهة ومعدل الأسرة لكل عشرة آلاف من السكان في الأعوام الخمسة الأخيرة
Statistical-Yearbook-2023.xlsx,2.,2,1,year,year,"Hospitals and Beds in All Health Sectors, KSA and Rate of Beds / 10,000 population, in the last Five Years"
Statistical-Yearbook-2023.xlsx,2.,2,1,population,population,"Hospitals and Beds in All Health Sectors, KSA and Rate of Beds / 10,000 population, in the last Five Years"
Statistical-Yearbook-2023.xlsx,2.,2,1,hospital,hospital,"Hospitals and Beds in All Health Sectors, KSA and Rate of Beds / 10,000 population, in the last Five Years"
Statistical-Yearbook-2023.xlsx,2.,2,1,bed,bed,"Hospitals and Beds in All Health Sectors, KSA and Rate of Beds / 10,000 population, in the last Five Years"
Statistical-Yearbook-2023.xlsx,2.,4,2,year,عام,العام
Statistical-Yearbook-2023.xlsx,2.,4,21,year,year,Year
Statistical-Yearbook-2023.xlsx,2.,6,2,hospital,hospital,Hospitals
Statistical-Yearbook-2023.xlsx,2.,6,3,hospital,المستشفيات,المستشفيات
Statistical-Yearbook-2023.xlsx,2.,6,4,bed,bed,Beds
Statistical-Yearbook-2023.xlsx,2.,6,5,bed,أسرة,الأسرة
Statistical-Yearbook-2023.xlsx,2.,6,6,hospital,hospital,Hospitals
Statistical-Yearbook-2023.xlsx,2.,6,7,hospital,المستشفيات,المستشفيات
Statistical-Yearbook-2023.xlsx,2.,6,8,bed,bed,Beds
Statistical-Yearbook-2023.xlsx,2.,6,9,bed,أسرة,الأسرة
Statistical-Yearbook-2023.xlsx,2.,6,10,hospital,hospital,Hospitals
Statistical-Yearbook-2023.xlsx,2.,6,11,hospital,المستشفيات,المستشفيات
Statistical-Yearbook-2023.xlsx,2.,6,12,bed,bed,Beds
Statistical-Yearbook-2023.xlsx,2.,6,13,bed,أسرة,الأسرة
Statistical-Yearbook-2023.xlsx,2.,6,14,hospital,hospital,Hospitals
Statistical-Yearbook-2023.xlsx,2.,6,15,hospital,المستشفيات,المستشفيات
Statistical-Yearbook-2023.xlsx,2.,6,16,bed,bed,Beds
Statistical-Yearbook-2023.xlsx,2.,6,17,bed,أسرة,الأسرة
Statistical-Yearbook-2023.xlsx,2.,6,18,hospital,hospital,Hospitals
Statistical-Yearbook-2023.xlsx,2.,6,19,hospital,المستشفيات,المستشفيات
Statistical-Yearbook-2023.xlsx,2.,6,20,bed,bed,Beds
Statistical-Yearbook-2023.xlsx,2.,6,21,bed,أسرة,الأسرة
Statistical-Yearbook-2023.xlsx,2.,10,1,total,المجموع,المجموع
Statistical-Yearbook-2023.xlsx,2.,10,22,total,total,Total
Statistical-Yearbook-2023.xlsx,2.,11,1,bed,أسرة,معدل الأسرة لكل عشرة آلاف نسمة
Statistical-Yearbook-2023.xlsx,2.,11,22,population,population,"Rate of beds /10,000 population"
Statistical-Yearbook-2023.xlsx,2.,11,22,bed,bed,"Rate of beds /10,000 population"
Statistical-Yearbook-2023.xlsx,3.,1,1,region,المنطقة,المستشفيات والأسرة بالقطاعات الصحية بالمملكة حسب المنطقة الصحية 2023م
Statistical-Yearbook-2023.xlsx,3.,1,1,hospital,المستشفيات,المستشفيات والأسرة بالقطاعات الصحية بالمملكة حسب المنطقة الصحية 2023م
Statistical-Yearbook-2023.xlsx,3.,1,1,bed,أسرة,المستشفيات والأسرة بالقطاعات الصحية بالمملكة حسب المنطقة الصحية 2023م
Statistical-Yearbook-2023.xlsx,3.,2,1,region,region,"Hospitals and Beds in KSA Health Sectors by Health Region, 2023G"
Statistical-Yearbook-2023.xlsx,3.,2,1,hospital,hospital,"Hospitals and Beds in KSA Health Sectors by Health Region, 2023G"
Statistical-Yearbook-2023.xlsx,3.,2,1,bed,bed,"Hospitals and Beds in KSA Health Sectors by Health Region, 2023G"
Statistical-Yearbook-2023.xlsx,3.,4,1,region,المنطقة,المنطقة الصحية
Statistical-Yearbook-2023.xlsx,3.,4,8,total,الإجمالي,الإجمالي
Statistical-Yearbook-2023.xlsx,3.,4,10,region,region,Health Region
Statistical-Yearbook-2023.xlsx,3.,5,8,total,total,Total
Statistical-Yearbook-2023.xlsx,3.,6,2,hospital,المستشفيات,عدد المستشفيات
Statistical-Yearbook-2023.xlsx,3.,6,3,bed,أسرة,عدد الأسرة
Statistical-Yearbook-2023.xlsx,3.,6,4,hospital,المستشفيات,عدد المستشفيات
Statistical-Yearbook-2023.xlsx,3.,6,5,bed,أسرة,عدد الأسرة
Statistical-Yearbook-2023.xlsx,3.,6,6,hospital,المستشفيات,عدد المستشفيات
Statistical-Yearbook-2023.xlsx,3.,6,7,bed,أسرة,عدد الأسرة
Statistical-Yearbook-2023.xlsx,3.,6,8,hospital,المستشفيات,عدد المستشفيات
Statistical-Yearbook-2023.xlsx,3.,6,9,bed,أسرة,عدد الأسرة
Statistical-Yearbook-2023.xlsx,3.,7,2,hospital,hospital,Hospitals
Statistical-Yearbook-2023.xlsx,3.,7,3,bed,bed,Beds
Statistical-Yearbook-2023.xlsx,3.,7,4,hospital,hospital,Hospitals
Statistical-Yearbook-2023.xlsx,3.,7,5,bed,bed,Beds
Statistical-Yearbook-2023.xlsx,3.,7,6,hospital,hospital,Hospitals
Statistical-Yearbook-2023.xlsx,3.,7,7,bed,bed,Beds
Statistical-Yearbook-2023.xlsx,3.,7,8,hospital,hospital,Hospitals
Statistical-Yearbook-2023.xlsx,3.,7,9,bed,bed,Beds
Statistical-Yearbook-2023.xlsx,3.,28,1,total,الإجمالي,الإجمالي
Statistical-Yearbook-2023.xlsx,3.,28,10,total,total,Total
Statistical-Yearbook-2023.xlsx,4.,1,1,year,عام,القوى العاملة الصحية بالقطاعات الصحية بالمملكة في الأعوام الخمسة الأخيرة
Statistical-Yearbook-2023.xlsx,4.,2,1,year,year,Health Manpower in KSA Health Sectors in the Last Five Years
Statistical-Yearbook-2023.xlsx,4.,6,2,physician,أطباء,أطباء بشريون
Statistical-Yearbook-2023.xlsx,4.,6,17,physician,physician,Physicians
Statistical-Yearbook-2023.xlsx,4.,7,2,physician,أطباء,أطباء أسنان
Statistical-Yearbook-2023.xlsx,4.,8,2,physician,أطباء,إجمالي الأطباء
Statistical-Yearbook-2023.xlsx,4.,8,17,physician,physician,Physicians & Dentists
Statistical-Yearbook-2023.xlsx,4.,9,2,nurse,تمريض,طاقم التمريض
Statistical-Yearbook-2023.xlsx,4.,9,17,nurse,nurse,Nurses
Statistical-Yearbook-2023.xlsx,4.,11,2,nurse,تمريض,إجمالي طاقم التمريض والقابلات
Statistical-Yearbook-2023.xlsx,4.,11,17,total,total,Total Nurses and Midwives
Statistical-Yearbook-2023.xlsx,4.,11,17,nurse,nurse,Total Nurses and Midwives
Statistical-Yearbook-2023.xlsx,4.,14,2,physician,أطباء,أطباء بشريون
Statistical-Yearbook-2023.xlsx,4.,14,17,physician,physician,Physicians
Statistical-Yearbook-2023.xlsx,4.,15,2,physician,أطباء,أطباء أسنان
Statistical-Yearbook-2023.xlsx,4.,16,2,physician,أطباء,إجمالي الأطباء
Statistical-Yearbook-2023.xlsx,4.,16,17,physician,physician,Physicians & Dentists
Statistical-Yearbook-2023.xlsx,4.,17,2,nurse,تمريض,طاقم التمريض
Statistical-Yearbook-2023.xlsx,4.,17,17,nurse,nurse,Nurses
Statistical-Yearbook-2023.xlsx,4.,19,2,nurse,تمريض,إجمالي طاقم التمريض والقابلات
Statistical-Yearbook-2023.xlsx,4.,19,17,total,total,Total Nurses and Midwives
Statistical-Yearbook-2023.xlsx,4.,19,17,nurse,nurse,Total Nurses and Midwives
Statistical-Yearbook-2023.xlsx,4.,22,2,physician,أطباء,أطباء بشريون
Statistical-Yearbook-2023.xlsx,4.,22,17,physician,physician,Physicians
Statistical-Yearbook-2023.xlsx,4.,23,2,physician,أطباء,أطباء أسنان
Statistical-Yearbook-2023.xlsx,4.,24,2,physician,أطباء,إجمالي الأطباء
Statistical-Yearbook-2023.xlsx,4.,24,17,physician,physician,Physicians & Dentists
Statistical-Yearbook-2023.xlsx,4.,25,2,nurse,تمريض,طاقم التمريض
Statistical-Yearbook-2023.xlsx,4.,25,17,nurse,nurse,Nurses
Statistical-Yearbook-2023.xlsx,4.,27,2,nurse,تمريض,إجمالي طاقم التمريض والقابلات
Statistical-Yearbook-2023.xlsx,4.,27,17,total,total,Total Nurses and Midwives
Statistical-Yearbook-2023.xlsx,4.,27,17,nurse,nurse,Total Nurses and Midwives
Statistical-Yearbook-2023.xlsx,4.,30,1,total,المجموع,المجموع
Statistical-Yearbook-2023.xlsx,4.,30,2,physician,أطباء,أطباء بشريون
Statistical-Yearbook-2023.xlsx,4.,30,17,physician,physician,Physicians
Statistical-Yearbook-2023.xlsx,4.,30,18,total,total,Total
Statistical-Yearbook-2023.xlsx,4.,31,2,physician,أطباء,أطباء أسنان
Statistical-Yearbook-2023.xlsx,4.,32,2,physician,أطباء,إجمالي الأطباء
Statistical-Yearbook-2023.xlsx,4.,32,17,physician,physician,Physicians & Dentists
Statistical-Yearbook-2023.xlsx,4.,33,2,nurse,تمريض,طاقم التمريض
Statistical-Yearbook-2023.xlsx,4.,33,17,nurse,nurse,Nurses
Statistical-Yearbook-2023.xlsx,4.,35,2,nurse,تمريض,إجمالي طاقم التمريض والقابلات
Statistical-Yearbook-2023.xlsx,4.,35,17,total,total,Total Nurses and Midwives
Statistical-Yearbook-2023.xlsx,4.,35,17,nurse,nurse,Total Nurses and Midwives
Statistical-Yearbook-2023.xlsx,5.,1,1,year,عام,الأطباء وأطباء الأسنان بالقطاعات الصحية بالمملكة حسب التخصص والتصنيف الوظيفي عام 2023م.
Statistical-Yearbook-2023.xlsx,5.,1,1,physician,أطباء,الأطباء وأطباء الأسنان بالقطاعات الصحية بالمملكة حسب التخصص والتصنيف الوظيفي عام 2023م.
Statistical-Yearbook-2023.xlsx,5.,2,1,physician,physician,"Physicians and Dentists in KSA Health Sectors by Speciality and Professional Categories, 2023G"
Statistical-Yearbook-2023.xlsx,5.,5,14,total,total,Total KSA
Statistical-Yearbook-2023.xlsx,5.,6,5,total,المجموع,المجموع
Statistical-Yearbook-2023.xlsx,5.,6,9,total,المجموع,المجموع
Statistical-Yearbook-2023.xlsx,5.,6,13,total,المجموع,المجموع
Statistical-Yearbook-2023.xlsx,5.,6,17,total,المجموع,المجموع
Statistical-Yearbook-2023.xlsx,5.,7,5,total,total,Total
Statistical-Yearbook-2023.xlsx,5.,7,9,total,total,Total
Statistical-Yearbook-2023.xlsx,5.,7,13,total,total,Total
Statistical-Yearbook-2023.xlsx,5.,7,17,total,total,Total
Statistical-Yearbook-2023.xlsx,5.,8,1,year,عام,عام
Statistical-Yearbook-2023.xlsx,5.,11,1,year,عام,جراحة عامة
Statistical-Yearbook-2023.xlsx,5.,24,1,year,عام,صحة عامة (طب مجتمع) وصحة مهنية
Statistical-Yearbook-2023.xlsx,5.,33,1,bed,أسرة,طب أسرة
Statistical-Yearbook-2023.xlsx,6.,1,1,year,عام,القوى العاملة الصحية بالقطاعات الصحية بالمملكة حسب الفئة والجنس والجنسية عام 2023م
Statistical-Yearbook-2023.xlsx,6.,4,12,total,الإجمالي,الإجمالي
Statistical-Yearbook-2023.xlsx,6.,5,12,total,total,Total
Statistical-Yearbook-2023.xlsx,6.,6,5,total,المجموع,المجموع
Statistical-Yearbook-2023.xlsx,6.,6,8,total,المجموع,المجموع
Statistical-Yearbook-2023.xlsx,6.,6,11,total,المجموع,المجموع
Statistical-Yearbook-2023.xlsx,6.,6,14,total,المجموع,المجموع
Statistical-Yearbook-2023.xlsx,6.,7,5,total,total,Total
Statistical-Yearbook-2023.xlsx,6.,7,8,total,total,Total
Statistical-Yearbook-2023.xlsx,6.,7,11,total,total,Total
Statistical-Yearbook-2023.xlsx,6.,7,14,total,total,Total
Statistical-Yearbook-2023.xlsx,6.,8,1,physician,أطباء,أطباء بشريون
Statistical-Yearbook-2023.xlsx,6.,8,16,physician,physician,Physicians
Statistical-Yearbook-2023.xlsx,6.,10,2,total,المجموع,المجموع
Statistical-Yearbook-2023.xlsx,6.,10,15,total,total,Total
Statistical-Yearbook-2023.xlsx,6.,11,1,physician,أطباء,أطباء أسنان
Statistical-Yearbook-2023.xlsx,6.,13,2,total,المجموع,المجموع
Statistical-Yearbook-2023.xlsx,6.,13,15,total,total,Total
Statistical-Yearbook-2023.xlsx,6.,14,1,physician,أطباء,إجمالي الأطباء
Statistical-Yearbook-2023.xlsx,6.,14,16,total,total,Total Physicians and Dentists
Statistical-Yearbook-2023.xlsx,6.,14,16,physician,physician,Total Physicians and Dentists
Statistical-Yearbook-2023.xlsx,6.,16,2,total,المجموع,المجموع
Statistical-Yearbook-2023.xlsx,6.,16,15,total,total,Total
Statistical-Yearbook-2023.xlsx,6.,17,1,nurse,تمريض,طاقم التمريض
Statistical-Yearbook-2023.xlsx,6.,17,16,nurse,nurse,Nurses
Statistical-Yearbook-2023.xlsx,6.,19,2,total,المجموع,المجموع
Statistical-Yearbook-2023.xlsx,6.,19,15,total,total,Total
Statistical-Yearbook-2023.xlsx,6.,22,2,total,المجموع,المجموع
Statistical-Yearbook-2023.xlsx,6.,22,15,total,total,Total
Statistical-Yearbook-2023.xlsx,6.,23,1,nurse,تمريض,إجمالي طاقم التمريض والقابلات
Statistical-Yearbook-2023.xlsx,6.,23,16,total,total,Total Nurses and Midwives
Statistical-Yearbook-2023.xlsx,6.,23,16,nurse,nurse,Total Nurses and Midwives
Statistical-Yearbook-2023.xlsx,6.,25,2,total,المجموع,المجموع
Statistical-Yearbook-2023.xlsx,6.,25,15,total,total,Total
Statistical-Yearbook-2023.xlsx,6.,28,2,total,المجموع,المجموع
Statistical-Yearbook-2023.xlsx,6.,28,15,total,total,Total
Statistical-Yearbook-2023.xlsx,6.,31,2,total,المجموع,المجموع
Statistical-Yearbook-2023.xlsx,6.,31,15,total,total,Total
Statistical-Yearbook-2023.xlsx,7.,1,1,year,عام,الأطباء وأطباء الأسنان بوزارة الصحة حسب الجنس والجنسية والتخصص والتصنيف الوظيفي عام 2023م.
Statistical-Yearbook-2023.xlsx,7.,1,1,physician,أطباء,الأطباء وأطباء الأسنان بوزارة الصحة حسب الجنس والجنسية والتخصص والتصنيف الوظيفي عام 2023م.
Statistical-Yearbook-2023.xlsx,7.,2,1,physician,physician,"Physicians and Dentists in MoH by Gender, Nationality, Speciality and Professional Categories, 2023G"
Statistical-Yearbook-2023.xlsx,7.,4,2,physician,طبيب,"طبيب مقيم 
Resident"
Statistical-Yearbook-2023.xlsx,7.,4,7,physician,طبيب,"طبيب نائب 
Registrar"
Statistical-Yearbook-2023.xlsx,7.,4,12,physician,طبيب,"طبيب استشاري 
Consultant"
Statistical-Yearbook-2023.xlsx,7.,4,17,total,total,"المجموع
Total"
Statistical-Yearbook-2023.xlsx,7.,5,6,total,total,"المجموع
Total"
Statistical-Yearbook-2023.xlsx,7.,5,11,total,total,"المجموع
Total"
Statistical-Yearbook-2023.xlsx,7.,5,16,total,total,"المجموع
Total"
Statistical-Yearbook-2023.xlsx,7.,7,1,year,عام,عام
Statistical-Yearbook-2023.xlsx,7.,10,1,year,عام,جراحة عامة
Statistical-Yearbook-2023.xlsx,7.,23,1,year,عام,صحة عامة (طب مجتمع) وصحة مهنية
Statistical-Yearbook-2023.xlsx,8.,1,1,year,عام,الأطباء وأطباء الأسنان بالجهات الحكومية الأخرى حسب الجنس والجنسية والتخصص والتصنيف الوظيفي عام 2023م.
Statistical-Yearbook-2023.xlsx,8.,1,1,physician,أطباء,الأطباء وأطباء الأسنان بالجهات الحكومية الأخرى حسب الجنس والجنسية والتخصص والتصنيف الوظيفي عام 2023م.
Statistical-Yearbook-2023.xlsx,8.,2,1,physician,physician,"Physicians and Dentists in the Other Governmental Sector by Gender, Nationality, Speciality and Professional Categories, 2023G"
Statistical-Yearbook-2023.xlsx,8.,4,2,physician,طبيب,"طبيب مقيم 
Resident"
Statistical-Yearbook-2023.xlsx,8.,4,7,physician,طبيب,"طبيب نائب 
Registrar"
Statistical-Yearbook-2023.xlsx,8.,4,12,physician,طبيب,"طبيب استشاري 
Consultant"
Statistical-Yearbook-2023.xlsx,8.,4,17,total,total,"المجموع
Total"
Statistical-Yearbook-2023.xlsx,8.,5,6,total,total,"المجموع
Total"
Statistical-Yearbook-2023.xlsx,8.,5,11,total,total,"المجموع
Total"
Statistical-Yearbook-2023.xlsx,8.,5,16,total,total,"المجموع
Total"
Statistical-Yearbook-2023.xlsx,8.,7,1,year,عام,عام
Statistical-Yearbook-2023.xlsx,8.,10,1,year,عام,جراحة عامة
Statistical-Yearbook-2023.xlsx,8.,23,1,year,عام,صحة عامة (طب مجتمع) وصحة مهنية
Statistical-Yearbook-2023.xlsx,9.,1,1,year,عام,الأطباء وأطباء الأسنان بالقطاع الخاص حسب الجنس والجنسية والتخصص والتصنيف الوظيفي عام 2023م.
Statistical-Yearbook-2023.xlsx,9.,1,1,physician,أطباء,الأطباء وأطباء الأسنان بالقطاع الخاص حسب الجنس والجنسية والتخصص والتصنيف الوظيفي عام 2023م.
Statistical-Yearbook-2023.xlsx,9.,2,1,physician,physician,"Physicians and Dentists in the Private Sector by Gender, Nationality, Speciality and Professional Categories, 2023G"
Statistical-Yearbook-2023.xlsx,9.,4,2,physician,طبيب,"طبيب مقيم 
Resident"
Statistical-Yearbook-2023.xlsx,9.,4,7,physician,طبيب,"طبيب نائب 
Registrar"
Statistical-Yearbook-2023.xlsx,9.,4,12,physician,طبيب,"طبيب استشاري 
Consultant"
Statistical-Yearbook-2023.xlsx,9.,4,17,total,total,"المجموع
Total"
Statistical-Yearbook-2023.xlsx,9.,5,6,total,total,"المجموع
Total"
Statistical-Yearbook-2023.xlsx,9.,5,11,total,total,"المجموع
Total"
Statistical-Yearbook-2023.xlsx,9.,5,16,total,total,"المجموع
Total"
Statistical-Yearbook-2023.xlsx,9.,7,1,year,عام,عام
Statistical-Yearbook-2023.xlsx,9.,10,1,year,عام,جراحة عامة
Statistical-Yearbook-2023.xlsx,9.,23,1,year,عام,صحة عامة (طب مجتمع) وصحة مهنية
Statistical-Yearbook-2023.xlsx,10.,1,1,year,عام,الأطباء وأطباء الأسنان بالقطاعات الصحية بالمملكة  حسب الجنس والجنسية والتخصص والتصنيف الوظيفي عام 2023م.
Statistical-Yearbook-2023.xlsx,10.,1,1,physician,أطباء,الأطباء وأطباء الأسنان بالقطاعات الصحية بالمملكة  حسب الجنس والجنسية والتخصص والتصنيف الوظيفي عام 2023م.
Statistical-Yearbook-2023.xlsx,10.,2,1,physician,physician,"Physicians and Dentists in KSA Health Sectors by Gender, Nationality, Speciality and Professional Categories, 2023G"
Statistical-Yearbook-2023.xlsx,10.,4,2,physician,طبيب,"طبيب مقيم 
Resident"
Statistical-Yearbook-2023.xlsx,10.,4,7,physician,طبيب,"طبيب نائب 
Registrar"
Statistical-Yearbook-2023.xlsx,10.,4,12,physician,طبيب,"طبيب استشاري 
Consultant"
Statistical-Yearbook-2023.xlsx,10.,4,17,total,total,"المجموع
Total"
Statistical-Yearbook-2023.xlsx,10.,5,6,total,total,"المجموع
Total"
Statistical-Yearbook-2023.xlsx,10.,5,11,total,total,"المجموع
Total"
Statistical-Yearbook-2023.xlsx,10.,5,16,total,total,"المجموع
Total"
Statistical-Yearbook-2023.xlsx,10.,7,1,year,عام,عام
Statistical-Yearbook-2023.xlsx,10.,10,1,year,عام,جراحة عامة
Statistical-Yearbook-2023.xlsx,10.,23,1,year,عام,صحة عامة (طب مجتمع) وصحة مهنية
Statistical-Yearbook-2023.xlsx,11.,1,1,region,المنطقة,المرافق الصحية بوزارة الصحة حسب المنطقة الصحية عام 2023م
Statistical-Yearbook-2023.xlsx,11.,1,1,year,عام,المرافق الصحية بوزارة الصحة حسب المنطقة الصحية عام 2023م
Statistical-Yearbook-2023.xlsx,11.,2,1,region,region,"Health Utilities in MoH by Health Region, 2023G"
Statistical-Yearbook-2023.xlsx,11.,4,1,region,المنطقة,المنطقة الصحية
Statistical-Yearbook-2023.xlsx,11.,4,3,hospital,مستشفى,مستشفى
Statistical-Yearbook-2023.xlsx,11.,4,14,region,region,Health Region
Statistical-Yearbook-2023.xlsx,11.,5,3,hospital,hospital,Hospital
Statistical-Yearbook-2023.xlsx,11.,5,10,region,region,Central/ Regional Laboratory
Statistical-Yearbook-2023.xlsx,11.,26,14,total,total,Total
Statistical-Yearbook-2023.xlsx,12.,1,1,region,المنطقة,القوى العاملة الصحية بوزارة الصحة حسب المنطقة الصحية والفئة والجنس والجنسية عام 2023م
Statistical-Yearbook-2023.xlsx,12.,1,1,year,عام,القوى العاملة الصحية بوزارة الصحة حسب المنطقة الصحية والفئة والجنس والجنسية عام 2023م
Statistical-Yearbook-2023.xlsx,12.,2,1,region,region,"Health Manpower in MoH by Health Region, Category, Sex and Nationality, 2023G"
Statistical-Yearbook-2023.xlsx,12.,6,5,total,المجموع,المجموع
Statistical-Yearbook-2023.xlsx,12.,6,8,total,المجموع,المجموع
Statistical-Yearbook-2023.xlsx,12.,6,11,total,المجموع,المجموع
Statistical-Yearbook-2023.xlsx,12.,6,14,total,المجموع,المجموع
Statistical-Yearbook-2023.xlsx,12.,7,5,total,total,Total
Statistical-Yearbook-2023.xlsx,12.,7,8,total,total,Total
Statistical-Yearbook-2023.xlsx,12.,7,11,total,total,Total
Statistical-Yearbook-2023.xlsx,12.,7,14,total,total,Total
Statistical-Yearbook-2023.xlsx,12.,8,1,physician,أطباء,أطباء بشريون
Statistical-Yearbook-2023.xlsx,12.,8,16,physician,physician,Physicians
Statistical-Yearbook-2023.xlsx,12.,10,2,total,المجموع,المجموع
Statistical-Yearbook-2023.xlsx,12.,10,15,total,total,Total
Statistical-Yearbook-2023.xlsx,12.,11,1,physician,أطباء,أطباء أسنان
Statistical-Yearbook-2023.xlsx,12.,13,2,total,المجموع,المجموع
Statistical-Yearbook-2023.xlsx,12.,13,15,total,total,Total
Statistical-Yearbook-2023.xlsx,12.,14,1,physician,أطباء,إجمالي الأطباء
Statistical-Yearbook-2023.xlsx,12.,14,16,total,total,Total Physicians and Dentists
Statistical-Yearbook-2023.xlsx,12.,14,16,physician,physician,Total Physicians and Dentists
Statistical-Yearbook-2023.xlsx,12.,16,2,total,المجموع,المجموع
Statistical-Yearbook-2023.xlsx,12.,16,15,total,total,Total
Statistical-Yearbook-2023.xlsx,12.,17,1,nurse,تمريض,طاقم التمريض
Statistical-Yearbook-2023.xlsx,12.,17,16,nurse,nurse,Nurses
Statistical-Yearbook-2023.xlsx,12.,19,2,total,المجموع,المجموع
Statistical-Yearbook-2023.xlsx,12.,19,15,total,total,Total
Statistical-Yearbook-2023.xlsx,12.,22,2,total,المجموع,المجموع
Statistical-Yearbook-2023.xlsx,12.,22,15,total,total,Total
Statistical-Yearbook-2023.xlsx,12.,23,1,nurse,تمريض,إجمالي طاقم التمريض والقابلات
Statistical-Yearbook-2023.xlsx,12.,23,16,total,total,Total Nurses and Midwives
Statistical-Yearbook-2023.xlsx,12.,23,16,nurse,nurse,Total Nurses and Midwives
Statistical-Yearbook-2023.xlsx,12.,25,2,total,المجموع,المجموع
Statistical-Yearbook-2023.xlsx,12.,25,15,total,total,Total
Statistical-Yearbook-2023.xlsx,12.,28,2,total,المجموع,المجموع
Statistical-Yearbook-2023.xlsx,12.,28,15,total,total,Total
Statistical-Yearbook-2023.xlsx,12.,31,2,total,المجموع,المجموع
Statistical-Yearbook-2023.xlsx,12.,31,15,total,total,Total
Statistical-Yearbook-2023.xlsx,12.,35,5,total,المجموع,المجموع
Statistical-Yearbook-2023.xlsx,12.,35,8,total,المجموع,المجموع
Statistical-Yearbook-2023.xlsx,12.,35,11,total,المجموع,المجموع
Statistical-Yearbook-2023.xlsx,12.,35,14,total,المجموع,المجموع
Statistical-Yearbook-2023.xlsx,12.,36,5,total,total,Total
Statistical-Yearbook-2023.xlsx,12.,36,8,total,total,Total
Statistical-Yearbook-2023.xlsx,12.,36,11,total,total,Total
Statistical-Yearbook-2023.xlsx,12.,36,14,total,total,Total
Statistical-Yearbook-2023.xlsx,12.,37,1,physician,أطباء,أطباء بشريون
Statistical-Yearbook-2023.xlsx,12.,37,16,physician,physician,Physicians
Statistical-Yearbook-2023.xlsx,12.,39,2,total,المجموع,المجموع
Statistical-Yearbook-2023.xlsx,12.,39,15,total,total,Total
Statistical-Yearbook-2023.xlsx,12.,40,1,physician,أطباء,أطباء أسنان
Statistical-Yearbook-2023.xlsx,13.,1,1,year,عام,القوى العاملة الصحية بوزارة الصحة حسب الجنسية في الأعوام الخمسة الأخيرة
Statistical-Yearbook-2023.xlsx,13.,2,1,year,year,Health Manpower in MoH by Nationality in the Last Five Years
Statistical-Yearbook-2023.xlsx,13.,4,3,year,عام,العام
Statistical-Yearbook-2023.xlsx,13.,4,7,year,year,Year
Statistical-Yearbook-2023.xlsx,13.,6,1,physician,أطباء,أطباء بشريون
Statistical-Yearbook-2023.xlsx,13.,6,9,physician,physician,Physicians
Statistical-Yearbook-2023.xlsx,13.,8,2,total,المجموع,المجموع
Statistical-Yearbook-2023.xlsx,13.,8,8,total,total,Total
Statistical-Yearbook-2023.xlsx,13.,9,1,physician,أطباء,أطباء أسنان
Statistical-Yearbook-2023.xlsx,13.,11,2,total,المجموع,المجموع
Statistical-Yearbook-2023.xlsx,13.,11,8,total,total,Total
Statistical-Yearbook-2023.xlsx,13.,12,1,physician,أطباء,إجمالي الأطباء
Statistical-Yearbook-2023.xlsx,13.,12,9,total,total,Total Physicians and Dentists
Statistical-Yearbook-2023.xlsx,13.,12,9,physician,physician,Total Physicians and Dentists
Statistical-Yearbook-2023.xlsx,13.,14,2,total,المجموع,المجموع
Statistical-Yearbook-2023.xlsx,13.,14,8,total,total,Total
Statistical-Yearbook-2023.xlsx,13.,15,1,nurse,تمريض,طاقم التمريض
Statistical-Yearbook-2023.xlsx,13.,15,9,nurse,nurse,Nurses
Statistical-Yearbook-2023.xlsx,13.,17,2,total,المجموع,المجموع
Statistical-Yearbook-2023.xlsx,13.,17,8,total,total,Total
Statistical-Yearbook-2023.xlsx,13.,20,2,total,المجموع,المجموع
Statistical-Yearbook-2023.xlsx,13.,20,8,total,total,Total
Statistical-Yearbook-2023.xlsx,13.,21,1,nurse,تمريض,إجمالي طاقم التمريض والقابلات
Statistical-Yearbook-2023.xlsx,13.,21,9,total,total,Total Nurses and Midwives
Statistical-Yearbook-2023.xlsx,13.,21,9,nurse,nurse,Total Nurses and Midwives
Statistical-Yearbook-2023.xlsx,13.,23,2,total,المجموع,المجموع
Statistical-Yearbook-2023.xlsx,13.,23,8,total,total,Total
Statistical-Yearbook-2023.xlsx,13.,26,2,total,المجموع,المجموع
Statistical-Yearbook-2023.xlsx,13.,26,8,total,total,Total
Statistical-Yearbook-2023.xlsx,13.,29,2,total,المجموع,المجموع
Statistical-Yearbook-2023.xlsx,13.,29,8,total,total,Total
Statistical-Yearbook-2023.xlsx,14,1,1,year,عام,الفئات الطبية المساعدة بوزارة الصحة حسب التخصص والجنسية والجنس عام 2023م
Statistical-Yearbook-2023.xlsx,14,4,8,total,المجموع,المجموع
Statistical-Yearbook-2023.xlsx,14,5,8,total,total,Total
Statistical-Yearbook-2023.xlsx,14,9,1,year,عام,صحة عامة
Statistical-Yearbook-2023.xlsx,14,14,9,activity,operations,Surgical Operations
Statistical-Yearbook-2023.xlsx,14,28,1,total,المجموع,المجموع
Statistical-Yearbook-2023.xlsx,14,28,9,total,total,Total
Statistical-Yearbook-2023.xlsx,15,1,1,region,المنطقة,القابلات بمرافق وزارة الصحة حسب المنطقة الصحية عام 2023م
Statistical-Yearbook-2023.xlsx,15,1,1,year,عام,القابلات بمرافق وزارة الصحة حسب المنطقة الصحية عام 2023م
Statistical-Yearbook-2023.xlsx,15,2,1,region,region,"Midwives in MoH Facilities by Health Region, 2023G"
Statistical-Yearbook-2023.xlsx,15,4,1,region,المنطقة,المنطقة الصحية
Statistical-Yearbook-2023.xlsx,15,4,2,hospital,المستشفيات,المستشفيات
Statistical-Yearbook-2023.xlsx,15,4,11,total,الإجمالي,الإجمالي
Statistical-Yearbook-2023.xlsx,15,4,14,region,region,Health Region
Statistical-Yearbook-2023.xlsx,15,5,2,hospital,hospital,Hospitals
Statistical-Yearbook-2023.xlsx,15,5,11,total,total,Total
Statistical-Yearbook-2023.xlsx,15,6,4,total,المجموع,المجموع
Statistical-Yearbook-2023.xlsx,15,6,7,total,المجموع,المجموع
Statistical-Yearbook-2023.xlsx,15,6,10,total,المجموع,المجموع
Statistical-Yearbook-2023.xlsx,15,6,13,total,المجموع,المجموع
Statistical-Yearbook-2023.xlsx,15,7,4,total,total,Total
Statistical-Yearbook-2023.xlsx,15,7,7,total,total,Total
Statistical-Yearbook-2023.xlsx,15,7,10,total,total,Total
Statistical-Yearbook-2023.xlsx,15,7,13,total,total,Total
Statistical-Yearbook-2023.xlsx,15,29,1,total,الإجمالي,الإجمالي
Statistical-Yearbook-2023.xlsx,15,29,14,total,total,Total
Statistical-Yearbook-2023.xlsx,15,31,1,year,عام,المصدر : الإدارة العامة لشؤون التمريض بوزارة الصحة - إدارة القبالة
Statistical-Yearbook-2023.xlsx,15,31,1,source,المصدر,المصدر : الإدارة العامة لشؤون التمريض بوزارة الصحة - إدارة القبالة
Statistical-Yearbook-2023.xlsx,15,31,1,nurse,تمريض,المصدر : الإدارة العامة لشؤون التمريض بوزارة الصحة - إدارة القبالة
Statistical-Yearbook-2023.xlsx,15,31,7,source,source,Source: General Department of Nursing Affairs- Midwifery Department
Statistical-Yearbook-2023.xlsx,16,1,1,region,المنطقة,المستشفيات والأسرة بوزارة الصحة حسب المنطقة الصحية في الأعوام الخمسة الأخيرة
Statistical-Yearbook-2023.xlsx,16,1,1,hospital,المستشفيات,المستشفيات والأسرة بوزارة الصحة حسب المنطقة الصحية في الأعوام الخمسة الأخيرة
Statistical-Yearbook-2023.xlsx,16,1,1,bed,أسرة,المستشفيات والأسرة بوزارة الصحة حسب المنطقة الصحية في الأعوام الخمسة الأخيرة
Statistical-Yearbook-2023.xlsx,16,2,1,region,region,"MOH Hospitals and Beds by Health Region, in the last Five Years"
Statistical-Yearbook-2023.xlsx,16,2,1,year,year,"MOH Hospitals and Beds by Health Region, in the last Five Years"
Statistical-Yearbook-2023.xlsx,16,2,1,hospital,hospital,"MOH Hospitals and Beds by Health Region, in the last Five Years"
Statistical-Yearbook-2023.xlsx,16,2,1,bed,bed,"MOH Hospitals and Beds by Health Region, in the last Five Years"
Statistical-Yearbook-2023.xlsx,16,5,1,region,المنطقة,المنطقة الصحية
Statistical-Yearbook-2023.xlsx,16,5,3,bed,أسرة,أسرة
Statistical-Yearbook-2023.xlsx,16,5,5,bed,أسرة,أسرة
Statistical-Yearbook-2023.xlsx,16,5,7,bed,أسرة,أسرة
Statistical-Yearbook-2023.xlsx,16,5,9,bed,أسرة,أسرة
Statistical-Yearbook-2023.xlsx,16,5,11,bed,أسرة,أسرة
Statistical-Yearbook-2023.xlsx,16,5,13,bed,أسرة,أسرة
Statistical-Yearbook-2023.xlsx,16,5,15,bed,أسرة,أسرة
Statistical-Yearbook-2023.xlsx,16,5,16,region,region,Health Region
Statistical-Yearbook-2023.xlsx,16,6,2,hospital,hospital,Hospitals
Statistical-Yearbook-2023.xlsx,16,6,3,bed,bed,Beds
Statistical-Yearbook-2023.xlsx,16,6,4,hospital,hospital,Hospitals
Statistical-Yearbook-2023.xlsx,16,6,5,bed,bed,Beds
Statistical-Yearbook-2023.xlsx,16,6,6,hospital,hospital,Hospitals
Statistical-Yearbook-2023.xlsx,16,6,7,bed,bed,Beds
Statistical-Yearbook-2023.xlsx,16,6,8,hospital,hospital,Hospitals
Statistical-Yearbook-2023.xlsx,16,6,9,bed,bed,Beds
Statistical-Yearbook-2023.xlsx,16,6,10,hospital,hospital,Hospitals
Statistical-Yearbook-2023.xlsx,16,6,11,bed,bed,Beds
Statistical-Yearbook-2023.xlsx,16,6,12,hospital,hospital,Hospitals
Statistical-Yearbook-2023.xlsx,16,6,13,bed,bed,Beds
Statistical-Yearbook-2023.xlsx,16,6,14,hospital,hospital,Hospitals
Statistical-Yearbook-2023.xlsx,16,6,15,bed,bed,Beds
Statistical-Yearbook-2023.xlsx,16,27,1,total,المجموع,المجموع
Statistical-Yearbook-2023.xlsx,16,27,16,total,total,Total
Statistical-Yearbook-2023.xlsx,17,1,1,region,المنطقة,مستشفيات وزارة الصحة وعدد الأسرة حسب المنطقة الصحية والتخصص لعام 2023م
Statistical-Yearbook-2023.xlsx,17,1,1,year,عام,مستشفيات وزارة الصحة وعدد الأسرة حسب المنطقة الصحية والتخصص لعام 2023م
Statistical-Yearbook-2023.xlsx,17,1,1,bed,أسرة,مستشفيات وزارة الصحة وعدد الأسرة حسب المنطقة الصحية والتخصص لعام 2023م
Statistical-Yearbook-2023.xlsx,17,2,1,region,region,"MoH Hospitals and Beds by Health Region and Speciality, 2023G"
Statistical-Yearbook-2023.xlsx,17,2,1,hospital,hospital,"MoH Hospitals and Beds by Health Region and Speciality, 2023G"
Statistical-Yearbook-2023.xlsx,17,2,1,bed,bed,"MoH Hospitals and Beds by Health Region and Speciality, 2023G"
Statistical-Yearbook-2023.xlsx,17,4,1,region,المنطقة,المنطقة الصحية
Statistical-Yearbook-2023.xlsx,17,4,2,year,عام,عامة
Statistical-Yearbook-2023.xlsx,17,4,16,total,المجموع,المجموع
Statistical-Yearbook-2023.xlsx,17,4,18,region,region,Health Region
Statistical-Yearbook-2023.xlsx,17,5,16,total,total,Total
Statistical-Yearbook-2023.xlsx,17,6,3,bed,أسرة,أسرة
Statistical-Yearbook-2023.xlsx,17,6,5,bed,أسرة,أسرة
Statistical-Yearbook-2023.xlsx,17,6,7,bed,أسرة,أسرة
Statistical-Yearbook-2023.xlsx,17,6,9,bed,أسرة,أسرة
Statistical-Yearbook-2023.xlsx,17,6,11,bed,أسرة,أسرة
Statistical-Yearbook-2023.xlsx,17,6,13,bed,أسرة,أسرة
Statistical-Yearbook-2023.xlsx,17,6,15,bed,أسرة,أسرة
Statistical-Yearbook-2023.xlsx,17,6,17,bed,أسرة,أسرة
Statistical-Yearbook-2023.xlsx,17,7,2,hospital,hospital,Hospitals
Statistical-Yearbook-2023.xlsx,17,7,3,bed,bed,Beds
Statistical-Yearbook-2023.xlsx,17,7,4,hospital,hospital,Hospitals
Statistical-Yearbook-2023.xlsx,17,7,5,bed,bed,Beds
Statistical-Yearbook-2023.xlsx,17,7,6,hospital,hospital,Hospitals
Statistical-Yearbook-2023.xlsx,17,7,7,bed,bed,Beds
Statistical-Yearbook-2023.xlsx,17,7,8,hospital,hospital,Hospitals
Statistical-Yearbook-2023.xlsx,17,7,9,bed,bed,Beds
Statistical-Yearbook-2023.xlsx,17,7,10,hospital,hospital,Hospitals
Statistical-Yearbook-2023.xlsx,17,7,11,bed,bed,Beds
Statistical-Yearbook-2023.xlsx,17,7,12,hospital,hospital,Hospitals
Statistical-Yearbook-2023.xlsx,17,7,13,bed,bed,Beds
Statistical-Yearbook-2023.xlsx,17,7,14,hospital,hospital,Hospitals
Statistical-Yearbook-2023.xlsx,17,7,15,bed,bed,Beds
Statistical-Yearbook-2023.xlsx,17,7,16,hospital,hospital,Hospitals
Statistical-Yearbook-2023.xlsx,17,7,17,bed,bed,Beds
Statistical-Yearbook-2023.xlsx,17,28,1,total,المجموع,المجموع
Statistical-Yearbook-2023.xlsx,17,28,18,total,total,Total
Statistical-Yearbook-2023.xlsx,17,29,1,hospital,مستشفى,مستشفى الصحة النفسية ببيشة تعتبر مستشفى رعاية مديدة وصحة نفسية (50 سرير رعاية مديدة + 50 سرير صحة نفسية)
Statistical-Yearbook-2023.xlsx,17,29,1,bed,سرير,مستشفى الصحة النفسية ببيشة تعتبر مستشفى رعاية مديدة وصحة نفسية (50 سرير رعاية مديدة + 50 سرير صحة نفسية)
Statistical-Yearbook-2023.xlsx,17,29,18,hospital,hospital,psychiatric hospital in Bishah includes Long Term Care hospital (each 50 beds)
Statistical-Yearbook-2023.xlsx,17,29,18,bed,bed,psychiatric hospital in Bishah includes Long Term Care hospital (each 50 beds)
Statistical-Yearbook-2023.xlsx,17,30,1,hospital,مستشفى,مستشفى الرعاية المديدة بالعاصمة المقدسة تعتبر مستشفى رعاية مديدة وجذام (100 سرير رعاية مديدة +50سرير جذام)
Statistical-Yearbook-2023.xlsx,17,30,1,bed,سرير,مستشفى الرعاية المديدة بالعاصمة المقدسة تعتبر مستشفى رعاية مديدة وجذام (100 سرير رعاية مديدة +50سرير جذام)
Statistical-Yearbook-2023.xlsx,17,30,18,hospital,hospital,Long term care hospital in The Holy Capital includes 50 beds for Leprosy
Statistical-Yearbook-2023.xlsx,17,30,18,bed,bed,Long term care hospital in The Holy Capital includes 50 beds for Leprosy
Statistical-Yearbook-2023.xlsx,17,31,1,bed,سرير,اجمالي أسرة الرعاية المديدة 880 سرير
Statistical-Yearbook-2023.xlsx,17,31,18,total,total,Total Long Term Care Beds is 880 beds
Statistical-Yearbook-2023.xlsx,17,31,18,bed,bed,Total Long Term Care Beds is 880 beds
Statistical-Yearbook-2023.xlsx,18,1,1,region,المنطقة,مستشفيات وزارة الصحة حسب السعة السريرية والمنطقة الصحية للعام 2023م
Statistical-Yearbook-2023.xlsx,18,1,1,year,عام,مستشفيات وزارة الصحة حسب السعة السريرية والمنطقة الصحية للعام 2023م
Statistical-Yearbook-2023.xlsx,18,1,1,bed,سرير,مستشفيات وزارة الصحة حسب السعة السريرية والمنطقة الصحية للعام 2023م
Statistical-Yearbook-2023.xlsx,18,2,1,region,region,"MoH Hospitals  by Bed Capacity and Health Region, 2023G"
Statistical-Yearbook-2023.xlsx,18,2,1,hospital,hospital,"MoH Hospitals  by Bed Capacity and Health Region, 2023G"
Statistical-Yearbook-2023.xlsx,18,2,1,bed,bed,"MoH Hospitals  by Bed Capacity and Health Region, 2023G"
Statistical-Yearbook-2023.xlsx,18,4,1,region,المنطقة,المنطقة الصحية
Statistical-Yearbook-2023.xlsx,18,4,2,bed,سرير,السعة السريرية
Statistical-Yearbook-2023.xlsx,18,4,6,bed,bed,Bed Capacity
Statistical-Yearbook-2023.xlsx,18,4,10,region,region,Health Region
Statistical-Yearbook-2023.xlsx,18,5,9,total,total,"الإجمالي 
Total"
Statistical-Yearbook-2023.xlsx,18,26,1,total,المجموع,المجموع
Statistical-Yearbook-2023.xlsx,18,26,10,total,total,Total
Statistical-Yearbook-2023.xlsx,19,1,1,region,المنطقة,الأسرة بمستشفيات وزارة الصحة حسب المنطقة الصحية والتخصص لعام 2023م
Statistical-Yearbook-2023.xlsx,19,1,1,year,عام,الأسرة بمستشفيات وزارة الصحة حسب المنطقة الصحية والتخصص لعام 2023م
Statistical-Yearbook-2023.xlsx,19,1,1,bed,أسرة,الأسرة بمستشفيات وزارة الصحة حسب المنطقة الصحية والتخصص لعام 2023م
Statistical-Yearbook-2023.xlsx,19,2,1,region,region,"Beds at MoH Hospitals By Health Region and Speciality, 2023G."
Statistical-Yearbook-2023.xlsx,19,2,1,hospital,hospital,"Beds at MoH Hospitals By Health Region and Speciality, 2023G."
Statistical-Yearbook-2023.xlsx,19,2,1,bed,bed,"Beds at MoH Hospitals By Health Region and Speciality, 2023G."
Statistical-Yearbook-2023.xlsx,19,4,1,region,المنطقة,المنطقة الصحية
Statistical-Yearbook-2023.xlsx,19,4,34,total,total,Total
Statistical-Yearbook-2023.xlsx,19,4,35,total,المجموع,المجموع
Statistical-Yearbook-2023.xlsx,19,4,36,region,region,Health Region
Statistical-Yearbook-2023.xlsx,19,25,1,total,المجموع,المجموع
Statistical-Yearbook-2023.xlsx,19,25,36,total,total,Total
Statistical-Yearbook-2023.xlsx,20,1,1,region,المنطقة,أسرة العناية المركزة بمستشفيات وزارة الصحة حسب المنطقة الصحية لعام 2023م
Statistical-Yearbook-2023.xlsx,20,1,1,year,عام,أسرة العناية المركزة بمستشفيات وزارة الصحة حسب المنطقة الصحية لعام 2023م
Statistical-Yearbook-2023.xlsx,20,1,1,bed,أسرة,أسرة العناية المركزة بمستشفيات وزارة الصحة حسب المنطقة الصحية لعام 2023م
Statistical-Yearbook-2023.xlsx,20,2,1,region,region,"Intensive Care Beds at MoH Hospitals By Health Region, 2023G"
Statistical-Yearbook-2023.xlsx,20,2,1,hospital,hospital,"Intensive Care Beds at MoH Hospitals By Health Region, 2023G"
Statistical-Yearbook-2023.xlsx,20,2,1,bed,bed,"Intensive Care Beds at MoH Hospitals By Health Region, 2023G"
Statistical-Yearbook-2023.xlsx,20,4,1,region,المنطقة,المنطقة الصحية
Statistical-Yearbook-2023.xlsx,20,4,2,hospital,المستشفيات,المستشفيات 100 سرير فأكثر
Statistical-Yearbook-2023.xlsx,20,4,2,bed,سرير,المستشفيات 100 سرير فأكثر
Statistical-Yearbook-2023.xlsx,20,4,5,hospital,المستشفيات,المستشفيات 50-99 سرير
Statistical-Yearbook-2023.xlsx,20,4,5,bed,سرير,المستشفيات 50-99 سرير
Statistical-Yearbook-2023.xlsx,20,4,8,total,الإجمالي,الإجمالي
Statistical-Yearbook-2023.xlsx,20,4,11,region,region,Health Region
Statistical-Yearbook-2023.xlsx,20,5,2,hospital,hospital,Hospitals 100+ Beds
Statistical-Yearbook-2023.xlsx,20,5,2,bed,bed,Hospitals 100+ Beds
Statistical-Yearbook-2023.xlsx,20,5,5,hospital,hospital,Hospitals 50-99 Beds
Statistical-Yearbook-2023.xlsx,20,5,5,bed,bed,Hospitals 50-99 Beds
Statistical-Yearbook-2023.xlsx,20,5,8,total,total,Total
Statistical-Yearbook-2023.xlsx,20,28,1,total,المجموع,المجموع
Statistical-Yearbook-2023.xlsx,20,28,11,total,total,Total
Statistical-Yearbook-2023.xlsx,21,1,1,region,المنطقة,أسرة الطوارئ بمستشفيات وزارة الصحة حسب المنطقة الصحية لعام 2023م
Statistical-Yearbook-2023.xlsx,21,1,1,year,عام,أسرة الطوارئ بمستشفيات وزارة الصحة حسب المنطقة الصحية لعام 2023م
Statistical-Yearbook-2023.xlsx,21,1,1,bed,أسرة,أسرة الطوارئ بمستشفيات وزارة الصحة حسب المنطقة الصحية لعام 2023م
Statistical-Yearbook-2023.xlsx,21,2,1,region,region,"ER Beds at MoH Hospitals By Health Region, 2023G"
Statistical-Yearbook-2023.xlsx,21,2,1,hospital,hospital,"ER Beds at MoH Hospitals By Health Region, 2023G"
Statistical-Yearbook-2023.xlsx,21,2,1,bed,bed,"ER Beds at MoH Hospitals By Health Region, 2023G"
Statistical-Yearbook-2023.xlsx,21,4,1,region,المنطقة,المنطقة الصحية
Statistical-Yearbook-2023.xlsx,21,4,2,bed,أسرة,أسرة  بأجهزة مراقبة
Statistical-Yearbook-2023.xlsx,21,4,3,bed,أسرة,أسرة بدون أجهزة مراقبة
Statistical-Yearbook-2023.xlsx,21,4,4,total,الإجمالي,الإجمالي
Statistical-Yearbook-2023.xlsx,21,4,5,region,region,Health Region
Statistical-Yearbook-2023.xlsx,21,5,2,bed,bed,Beds with Monitors
Statistical-Yearbook-2023.xlsx,21,5,3,bed,bed,Beds without Monitors
Statistical-Yearbook-2023.xlsx,21,5,4,total,total,Total
Statistical-Yearbook-2023.xlsx,21,26,1,total,المجموع,المجموع
Statistical-Yearbook-2023.xlsx,21,26,5,total,total,Total
Statistical-Yearbook-2023.xlsx,22,1,1,year,عام,القوى العاملة الصحية بمستشفيات وزارة الصحة حسب الجنسية في الأعوام الخمسة الأخيرة
Statistical-Yearbook-2023.xlsx,22,2,1,year,year,"Health Manpower in MoH Hospitals by Nationality, in the last Five Years"
Statistical-Yearbook-2023.xlsx,22,2,1,hospital,hospital,"Health Manpower in MoH Hospitals by Nationality, in the last Five Years"
Statistical-Yearbook-2023.xlsx,22,4,3,year,عام,العام
Statistical-Yearbook-2023.xlsx,22,4,7,year,year,Year
Statistical-Yearbook-2023.xlsx,22,6,1,physician,أطباء,أطباء بشريون
Statistical-Yearbook-2023.xlsx,22,6,9,physician,physician,Physicians
Statistical-Yearbook-2023.xlsx,22,8,2,total,المجموع,المجموع
Statistical-Yearbook-2023.xlsx,22,8,8,total,total,Total
Statistical-Yearbook-2023.xlsx,22,9,1,physician,أطباء,أطباء أسنان
Statistical-Yearbook-2023.xlsx,22,11,2,total,المجموع,المجموع
Statistical-Yearbook-2023.xlsx,22,11,8,total,total,Total
Statistical-Yearbook-2023.xlsx,22,12,1,physician,أطباء,إجمالي الأطباء
Statistical-Yearbook-2023.xlsx,22,12,9,total,total,Total Physicians and Dentists
Statistical-Yearbook-2023.xlsx,22,12,9,physician,physician,Total Physicians and Dentists
Statistical-Yearbook-2023.xlsx,22,14,2,total,المجموع,المجموع
Statistical-Yearbook-2023.xlsx,22,14,8,total,total,Total
Statistical-Yearbook-2023.xlsx,22,15,1,nurse,تمريض,طاقم التمريض
Statistical-Yearbook-2023.xlsx,22,15,9,nurse,nurse,Nurses
Statistical-Yearbook-2023.xlsx,22,17,2,total,المجموع,المجموع
Statistical-Yearbook-2023.xlsx,22,17,8,total,total,Total
Statistical-Yearbook-2023.xlsx,22,20,2,total,المجموع,المجموع
Statistical-Yearbook-2023.xlsx,22,20,8,total,total,Total
Statistical-Yearbook-2023.xlsx,22,21,1,nurse,تمريض,إجمالي طاقم التمريض والقابلات
Statistical-Yearbook-2023.xlsx,22,21,9,total,total,Total Nurses and Midwives
Statistical-Yearbook-2023.xlsx,22,21,9,nurse,nurse,Total Nurses and Midwives
Statistical-Yearbook-2023.xlsx,22,23,2,total,المجموع,المجموع
Statistical-Yearbook-2023.xlsx,22,23,8,total,total,Total
Statistical-Yearbook-2023.xlsx,22,26,2,total,المجموع,المجموع
Statistical-Yearbook-2023.xlsx,22,26,8,total,total,Total
Statistical-Yearbook-2023.xlsx,22,29,2,total,المجموع,المجموع
Statistical-Yearbook-2023.xlsx,22,29,8,total,total,Total
Statistical-Yearbook-2023.xlsx,23,1,1,region,المنطقة,القوى العاملة الصحية بمستشفيات وزارة الصحة حسب المنطقة الصحية والفئة والجنس والجنسية عام 2023م
Statistical-Yearbook-2023.xlsx,23,1,1,year,عام,القوى العاملة الصحية بمستشفيات وزارة الصحة حسب المنطقة الصحية والفئة والجنس والجنسية عام 2023م
Statistical-Yearbook-2023.xlsx,23,2,1,region,region,"Health Manpower in MoH Hospitals by Health Region, Category, Sex and Nationality, 2023G"
Statistical-Yearbook-2023.xlsx,23,2,1,hospital,hospital,"Health Manpower in MoH Hospitals by Health Region, Category, Sex and Nationality, 2023G"
Statistical-Yearbook-2023.xlsx,23,6,5,total,المجموع,المجموع
Statistical-Yearbook-2023.xlsx,23,6,8,total,المجموع,المجموع
Statistical-Yearbook-2023.xlsx,23,6,11,total,المجموع,المجموع
Statistical-Yearbook-2023.xlsx,23,6,14,total,المجموع,المجموع
Statistical-Yearbook-2023.xlsx,23,7,5,total,total,Total
Statistical-Yearbook-2023.xlsx,23,7,8,total,total,Total
Statistical-Yearbook-2023.xlsx,23,7,11,total,total,Total
Statistical-Yearbook-2023.xlsx,23,7,14,total,total,Total
Statistical-Yearbook-2023.xlsx,23,8,1,physician,أطباء,أطباء بشريون
Statistical-Yearbook-2023.xlsx,23,8,16,physician,physician,Physicians
Statistical-Yearbook-2023.xlsx,23,10,2,total,المجموع,المجموع
Statistical-Yearbook-2023.xlsx,23,10,15,total,total,Total
Statistical-Yearbook-2023.xlsx,23,11,1,physician,أطباء,أطباء أسنان
Statistical-Yearbook-2023.xlsx,23,13,2,total,المجموع,المجموع
Statistical-Yearbook-2023.xlsx,23,13,15,total,total,Total
Statistical-Yearbook-2023.xlsx,23,14,1,physician,أطباء,إجمالي الأطباء
Statistical-Yearbook-2023.xlsx,23,14,16,total,total,Total Physicians and Dentists
Statistical-Yearbook-2023.xlsx,23,14,16,physician,physician,Total Physicians and Dentists
Statistical-Yearbook-2023.xlsx,23,16,2,total,المجموع,المجموع
Statistical-Yearbook-2023.xlsx,23,16,15,total,total,Total
Statistical-Yearbook-2023.xlsx,23,17,1,nurse,تمريض,طاقم التمريض
Statistical-Yearbook-2023.xlsx,23,17,16,nurse,nurse,Nurses
Statistical-Yearbook-2023.xlsx,23,19,2,total,المجموع,المجموع
Statistical-Yearbook-2023.xlsx,23,19,15,total,total,Total
Statistical-Yearbook-2023.xlsx,23,22,2,total,المجموع,المجموع
Statistical-Yearbook-2023.xlsx,23,22,15,total,total,Total
Statistical-Yearbook-2023.xlsx,23,23,1,nurse,تمريض,إجمالي طاقم التمريض والقابلات
Statistical-Yearbook-2023.xlsx,23,23,16,total,total,Total Nurses and Midwives
Statistical-Yearbook-2023.xlsx,23,23,16,nurse,nurse,Total Nurses and Midwives
Statistical-Yearbook-2023.xlsx,23,25,2,total,المجموع,المجموع
Statistical-Yearbook-2023.xlsx,23,25,15,total,total,Total
Statistical-Yearbook-2023.xlsx,23,28,2,total,المجموع,المجموع
Statistical-Yearbook-2023.xlsx,23,28,15,total,total,Total
Statistical-Yearbook-2023.xlsx,23,31,2,total,المجموع,المجموع
Statistical-Yearbook-2023.xlsx,23,31,15,total,total,Total
Statistical-Yearbook-2023.xlsx,23,35,5,total,المجموع,المجموع
Statistical-Yearbook-2023.xlsx,23,35,8,total,المجموع,المجموع
Statistical-Yearbook-2023.xlsx,23,35,11,total,المجموع,المجموع
Statistical-Yearbook-2023.xlsx,23,35,14,total,المجموع,المجموع
Statistical-Yearbook-2023.xlsx,23,36,5,total,total,Total
Statistical-Yearbook-2023.xlsx,23,36,8,total,total,Total
Statistical-Yearbook-2023.xlsx,23,36,11,total,total,Total
Statistical-Yearbook-2023.xlsx,23,36,14,total,total,Total
Statistical-Yearbook-2023.xlsx,23,37,1,physician,أطباء,أطباء بشريون
Statistical-Yearbook-2023.xlsx,23,37,16,physician,physician,Physicians
Statistical-Yearbook-2023.xlsx,23,39,2,total,المجموع,المجموع
Statistical-Yearbook-2023.xlsx,23,39,15,total,total,Total
Statistical-Yearbook-2023.xlsx,23,40,1,physician,أطباء,أطباء أسنان
Statistical-Yearbook-2023.xlsx,24,1,1,region,المنطقة,الأطباء وأطباء الأسنان بمستشفيات وزارة الصحة حسب التخصص والتصنيف الوظيفي والمنطقة الصحية عام 2023م.
Statistical-Yearbook-2023.xlsx,24,1,1,year,عام,الأطباء وأطباء الأسنان بمستشفيات وزارة الصحة حسب التخصص والتصنيف الوظيفي والمنطقة الصحية عام 2023م.
Statistical-Yearbook-2023.xlsx,24,1,1,physician,أطباء,الأطباء وأطباء الأسنان بمستشفيات وزارة الصحة حسب التخصص والتصنيف الوظيفي والمنطقة الصحية عام 2023م.
Statistical-Yearbook-2023.xlsx,24,2,1,region,region,"Physicians and Dentists, MoH Hospitals by Speciality, Professional Categories and Health Region, 2023G."
Statistical-Yearbook-2023.xlsx,24,2,1,hospital,hospital,"Physicians and Dentists, MoH Hospitals by Speciality, Professional Categories and Health Region, 2023G."
Statistical-Yearbook-2023.xlsx,24,2,1,physician,physician,"Physicians and Dentists, MoH Hospitals by Speciality, Professional Categories and Health Region, 2023G."
Statistical-Yearbook-2023.xlsx,24,6,5,total,المجموع,المجموع
Statistical-Yearbook-2023.xlsx,24,6,9,total,المجموع,المجموع
Statistical-Yearbook-2023.xlsx,24,6,13,total,المجموع,المجموع
Statistical-Yearbook-2023.xlsx,24,6,17,total,المجموع,المجموع
Statistical-Yearbook-2023.xlsx,24,6,21,total,المجموع,المجموع
Statistical-Yearbook-2023.xlsx,24,6,25,total,المجموع,المجموع
Statistical-Yearbook-2023.xlsx,24,6,29,total,المجموع,المجموع
Statistical-Yearbook-2023.xlsx,24,7,5,total,total,Total
Statistical-Yearbook-2023.xlsx,24,7,9,total,total,Total
Statistical-Yearbook-2023.xlsx,24,7,13,total,total,Total
Statistical-Yearbook-2023.xlsx,24,7,17,total,total,Total
Statistical-Yearbook-2023.xlsx,24,7,21,total,total,Total
Statistical-Yearbook-2023.xlsx,24,7,25,total,total,Total
Statistical-Yearbook-2023.xlsx,24,7,29,total,total,Total
Statistical-Yearbook-2023.xlsx,24,8,1,year,عام,عام
Statistical-Yearbook-2023.xlsx,24,11,1,year,عام,جراحة عامة
Statistical-Yearbook-2023.xlsx,24,24,1,year,عام,صحة عامة (طب مجتمع) وصحة مهنية
Statistical-Yearbook-2023.xlsx,24,33,1,bed,أسرة,طب أسرة
Statistical-Yearbook-2023.xlsx,25,1,1,region,المنطقة,مراكز الرعاية الصحية الأولية بوزارة الصحة حسب المنطقة الصحية في الأعوام الخمسة الأخيرة
Statistical-Yearbook-2023.xlsx,25,2,1,region,region,"Primary Health Care Centers in MoH by Health Region, in the last Five Years"
Statistical-Yearbook-2023.xlsx,25,2,1,year,year,"Primary Health Care Centers in MoH by Health Region, in the last Five Years"
Statistical-Yearbook-2023.xlsx,25,4,1,region,المنطقة,المنطقة الصحية
Statistical-Yearbook-2023.xlsx,25,4,7,region,region,Health Region
Statistical-Yearbook-2023.xlsx,25,25,1,total,المجموع,المجموع
Statistical-Yearbook-2023.xlsx,25,25,7,total,total,Total
Statistical-Yearbook-2023.xlsx,26,1,1,year,عام,القوى العاملة الصحية بمراكز الرعاية الصحية الأولية بوزارة الصحة في الأعوام الخمسة الأخيرة
Statistical-Yearbook-2023.xlsx,26,2,1,year,year,"Health Manpower in Primary Health Care Centers, MoH, in the last Five Years"
Statistical-Yearbook-2023.xlsx,26,4,3,year,عام,العام
Statistical-Yearbook-2023.xlsx,26,4,7,year,year,Year
Statistical-Yearbook-2023.xlsx,26,6,1,physician,أطباء,أطباء بشريون
Statistical-Yearbook-2023.xlsx,26,6,9,physician,physician,Physicians
Statistical-Yearbook-2023.xlsx,26,8,2,total,المجموع,المجموع
Statistical-Yearbook-2023.xlsx,26,8,8,total,total,Total
Statistical-Yearbook-2023.xlsx,26,9,1,physician,أطباء,أطباء أسنان
Statistical-Yearbook-2023.xlsx,26,11,2,total,المجموع,المجموع
Statistical-Yearbook-2023.xlsx,26,11,8,total,total,Total
Statistical-Yearbook-2023.xlsx,26,12,1,physician,أطباء,إجمالي الأطباء
Statistical-Yearbook-2023.xlsx,26,12,9,total,total,Total Physicians and Dentists
Statistical-Yearbook-2023.xlsx,26,12,9,physician,physician,Total Physicians and Dentists
Statistical-Yearbook-2023.xlsx,26,14,2,total,المجموع,المجموع
Statistical-Yearbook-2023.xlsx,26,14,8,total,total,Total
Statistical-Yearbook-2023.xlsx,26,15,1,nurse,تمريض,طاقم التمريض
Statistical-Yearbook-2023.xlsx,26,15,9,nurse,nurse,Nurses
Statistical-Yearbook-2023.xlsx,26,17,2,total,المجموع,المجموع
Statistical-Yearbook-2023.xlsx,26,17,8,total,total,Total
Statistical-Yearbook-2023.xlsx,26,20,2,total,المجموع,المجموع
Statistical-Yearbook-2023.xlsx,26,20,8,total,total,Total
Statistical-Yearbook-2023.xlsx,26,21,1,nurse,تمريض,إجمالي طاقم التمريض والقابلات
Statistical-Yearbook-2023.xlsx,26,21,9,total,total,Total Nurses and Midwives
Statistical-Yearbook-2023.xlsx,26,21,9,nurse,nurse,Total Nurses and Midwives
Statistical-Yearbook-2023.xlsx,26,23,2,total,المجموع,المجموع
Statistical-Yearbook-2023.xlsx,26,23,8,total,total,Total
Statistical-Yearbook-2023.xlsx,26,26,2,total,المجموع,المجموع
Statistical-Yearbook-2023.xlsx,26,26,8,total,total,Total
Statistical-Yearbook-2023.xlsx,26,29,2,total,المجموع,المجموع
Statistical-Yearbook-2023.xlsx,26,29,8,total,total,Total
Statistical-Yearbook-2023.xlsx,27,1,1,physician,أطباء,الأطباء وأطباء الأسنان بمراكز الرعاية الصحية الأولية بوزارة الصحة حسب التخصص والجنسية في الأعوام الخمسة الأخيرة
Statistical-Yearbook-2023.xlsx,27,2,1,year,year,"Physicians and Dentists in MoH Primary Health Care Centers by Speciality and Nationality, in the last Five Years"
Statistical-Yearbook-2023.xlsx,27,2,1,physician,physician,"Physicians and Dentists in MoH Primary Health Care Centers by Speciality and Nationality, in the last Five Years"
Statistical-Yearbook-2023.xlsx,27,4,3,year,عام,العام
Statistical-Yearbook-2023.xlsx,27,4,7,year,year,Year
Statistical-Yearbook-2023.xlsx,27,6,1,year,عام,طـب عام
Statistical-Yearbook-2023.xlsx,27,8,2,total,المجموع,المجموع
Statistical-Yearbook-2023.xlsx,27,8,8,total,total,Total
Statistical-Yearbook-2023.xlsx,27,11,2,total,المجموع,المجموع
Statistical-Yearbook-2023.xlsx,27,11,8,total,total,Total
Statistical-Yearbook-2023.xlsx,27,14,2,total,المجموع,المجموع
Statistical-Yearbook-2023.xlsx,27,14,8,total,total,Total
Statistical-Yearbook-2023.xlsx,27,17,2,total,المجموع,المجموع
Statistical-Yearbook-2023.xlsx,27,17,8,total,total,Total
Statistical-Yearbook-2023.xlsx,27,18,1,bed,أسرة,طب أسرة
Statistical-Yearbook-2023.xlsx,27,20,2,total,المجموع,المجموع
Statistical-Yearbook-2023.xlsx,27,20,8,total,total,Total
Statistical-Yearbook-2023.xlsx,27,23,2,total,المجموع,المجموع
Statistical-Yearbook-2023.xlsx,27,23,8,total,total,Total
Statistical-Yearbook-2023.xlsx,27,24,9,total,total,Total
Statistical-Yearbook-2023.xlsx,27,26,2,total,المجموع,المجموع
Statistical-Yearbook-2023.xlsx,27,26,8,total,total,Total
Statistical-Yearbook-2023.xlsx,28,1,1,region,المنطقة,القوى العاملة الصحية بمراكز الرعاية الصحية الأولية بوزارة الصحة حسب المنطقة الصحية والفئة والجنس والجنسية عام 2023م
Statistical-Yearbook-2023.xlsx,28,1,1,year,عام,القوى العاملة الصحية بمراكز الرعاية الصحية الأولية بوزارة الصحة حسب المنطقة الصحية والفئة والجنس والجنسية عام 2023م
Statistical-Yearbook-2023.xlsx,28,2,1,region,region,"Health Manpower in MoH Primary Health Care Centers by Health Region,Category,Sex and Nationality, 2023G"
Statistical-Yearbook-2023.xlsx,28,6,5,total,المجموع,المجموع
Statistical-Yearbook-2023.xlsx,28,6,8,total,المجموع,المجموع
Statistical-Yearbook-2023.xlsx,28,6,11,total,المجموع,المجموع
Statistical-Yearbook-2023.xlsx,28,6,14,total,المجموع,المجموع
Statistical-Yearbook-2023.xlsx,28,7,5,total,total,Total
Statistical-Yearbook-2023.xlsx,28,7,8,total,total,Total
Statistical-Yearbook-2023.xlsx,28,7,11,total,total,Total
Statistical-Yearbook-2023.xlsx,28,7,14,total,total,Total
Statistical-Yearbook-2023.xlsx,28,8,1,physician,أطباء,أطباء بشريون
Statistical-Yearbook-2023.xlsx,28,8,16,physician,physician,Physicians
Statistical-Yearbook-2023.xlsx,28,10,2,total,المجموع,المجموع
Statistical-Yearbook-2023.xlsx,28,10,15,total,total,Total
Statistical-Yearbook-2023.xlsx,28,11,1,physician,أطباء,أطباء أسنان
Statistical-Yearbook-2023.xlsx,28,13,2,total,المجموع,المجموع
Statistical-Yearbook-2023.xlsx,28,13,15,total,total,Total
Statistical-Yearbook-2023.xlsx,28,14,1,physician,أطباء,إجمالي الأطباء
Statistical-Yearbook-2023.xlsx,28,14,16,total,total,Total Physicians and Dentists
Statistical-Yearbook-2023.xlsx,28,14,16,physician,physician,Total Physicians and Dentists
Statistical-Yearbook-2023.xlsx,28,16,2,total,المجموع,المجموع
Statistical-Yearbook-2023.xlsx,28,16,15,total,total,Total
Statistical-Yearbook-2023.xlsx,28,17,1,nurse,تمريض,طاقم التمريض
Statistical-Yearbook-2023.xlsx,28,17,16,nurse,nurse,Nurses
Statistical-Yearbook-2023.xlsx,28,19,2,total,المجموع,المجموع
Statistical-Yearbook-2023.xlsx,28,19,15,total,total,Total
Statistical-Yearbook-2023.xlsx,28,22,2,total,المجموع,المجموع
Statistical-Yearbook-2023.xlsx,28,22,15,total,total,Total
Statistical-Yearbook-2023.xlsx,28,23,1,nurse,تمريض,إجمالي طاقم التمريض والقابلات
Statistical-Yearbook-2023.xlsx,28,23,16,total,total,Total Nurses and Midwives
Statistical-Yearbook-2023.xlsx,28,23,16,nurse,nurse,Total Nurses and Midwives
Statistical-Yearbook-2023.xlsx,28,25,2,total,المجموع,المجموع
Statistical-Yearbook-2023.xlsx,28,25,15,total,total,Total
Statistical-Yearbook-2023.xlsx,28,28,2,total,المجموع,المجموع
Statistical-Yearbook-2023.xlsx,28,28,15,total,total,Total
Statistical-Yearbook-2023.xlsx,28,31,2,total,المجموع,المجموع
Statistical-Yearbook-2023.xlsx,28,31,15,total,total,Total
Statistical-Yearbook-2023.xlsx,28,35,5,total,المجموع,المجموع
Statistical-Yearbook-2023.xlsx,28,35,8,total,المجموع,المجموع
Statistical-Yearbook-2023.xlsx,28,35,11,total,المجموع,المجموع
Statistical-Yearbook-2023.xlsx,28,35,14,total,المجموع,المجموع
Statistical-Yearbook-2023.xlsx,28,36,5,total,total,Total
Statistical-Yearbook-2023.xlsx,28,36,8,total,total,Total
Statistical-Yearbook-2023.xlsx,28,36,11,total,total,Total
Statistical-Yearbook-2023.xlsx,28,36,14,total,total,Total
Statistical-Yearbook-2023.xlsx,28,37,1,physician,أطباء,أطباء بشريون
Statistical-Yearbook-2023.xlsx,28,37,16,physician,physician,Physicians
Statistical-Yearbook-2023.xlsx,28,39,2,total,المجموع,المجموع
Statistical-Yearbook-2023.xlsx,28,39,15,total,total,Total
Statistical-Yearbook-2023.xlsx,28,40,1,physician,أطباء,أطباء أسنان
Statistical-Yearbook-2023.xlsx,29,1,1,region,المنطقة,الأطباء بمراكز الرعاية الصحية الأولية بوزارة الصحة حسب التخصصات الرئيسية والجنسية والجنس والمنطقة الصحية عام 2023م.
Statistical-Yearbook-2023.xlsx,29,1,1,year,عام,الأطباء بمراكز الرعاية الصحية الأولية بوزارة الصحة حسب التخصصات الرئيسية والجنسية والجنس والمنطقة الصحية عام 2023م.
Statistical-Yearbook-2023.xlsx,29,1,1,physician,أطباء,الأطباء بمراكز الرعاية الصحية الأولية بوزارة الصحة حسب التخصصات الرئيسية والجنسية والجنس والمنطقة الصحية عام 2023م.
Statistical-Yearbook-2023.xlsx,29,2,1,region,region,"Physicians in MoH Primary Health Care Centers by Main Specialities, Nationality, Sex and Health Region, 2023G."
Statistical-Yearbook-2023.xlsx,29,2,1,physician,physician,"Physicians in MoH Primary Health Care Centers by Main Specialities, Nationality, Sex and Health Region, 2023G."
Statistical-Yearbook-2023.xlsx,29,6,5,total,المجموع,المجموع
Statistical-Yearbook-2023.xlsx,29,6,8,total,المجموع,المجموع
Statistical-Yearbook-2023.xlsx,29,6,11,total,المجموع,المجموع
Statistical-Yearbook-2023.xlsx,29,6,14,total,المجموع,المجموع
Statistical-Yearbook-2023.xlsx,29,7,5,total,total,Total
Statistical-Yearbook-2023.xlsx,29,7,8,total,total,Total
Statistical-Yearbook-2023.xlsx,29,7,11,total,total,Total
Statistical-Yearbook-2023.xlsx,29,7,14,total,total,Total
Statistical-Yearbook-2023.xlsx,29,8,1,year,عام,طب عام
Statistical-Yearbook-2023.xlsx,29,10,2,total,المجموع,المجموع
Statistical-Yearbook-2023.xlsx,29,10,15,total,total,Total
Statistical-Yearbook-2023.xlsx,29,13,2,total,المجموع,المجموع
Statistical-Yearbook-2023.xlsx,29,13,15,total,total,Total
Statistical-Yearbook-2023.xlsx,29,16,2,total,المجموع,المجموع
Statistical-Yearbook-2023.xlsx,29,16,15,total,total,Total
Statistical-Yearbook-2023.xlsx,29,19,2,total,المجموع,المجموع
Statistical-Yearbook-2023.xlsx,29,19,15,total,total,Total
Statistical-Yearbook-2023.xlsx,29,20,1,bed,أسرة,طب أسرة
Statistical-Yearbook-2023.xlsx,29,22,2,total,المجموع,المجموع
Statistical-Yearbook-2023.xlsx,29,22,15,total,total,Total
Statistical-Yearbook-2023.xlsx,29,23,1,physician,أطباء,أطباء آخرون
Statistical-Yearbook-2023.xlsx,29,25,2,total,المجموع,المجموع
Statistical-Yearbook-2023.xlsx,29,25,15,total,total,Total
Statistical-Yearbook-2023.xlsx,29,26,1,total,المجموع,المجموع
Statistical-Yearbook-2023.xlsx,29,26,16,total,total,Total
Statistical-Yearbook-2023.xlsx,29,28,2,total,المجموع,المجموع
Statistical-Yearbook-2023.xlsx,29,28,15,total,total,Total
Statistical-Yearbook-2023.xlsx,29,32,5,total,المجموع,المجموع
Statistical-Yearbook-2023.xlsx,29,32,8,total,المجموع,المجموع
Statistical-Yearbook-2023.xlsx,29,32,11,total,المجموع,المجموع
Statistical-Yearbook-2023.xlsx,29,32,14,total,المجموع,المجموع
Statistical-Yearbook-2023.xlsx,29,33,5,total,total,Total
Statistical-Yearbook-2023.xlsx,29,33,8,total,total,Total
Statistical-Yearbook-2023.xlsx,29,33,11,total,total,Total
Statistical-Yearbook-2023.xlsx,29,33,14,total,total,Total
Statistical-Yearbook-2023.xlsx,29,34,1,year,عام,طب عام
Statistical-Yearbook-2023.xlsx,29,36,2,total,المجموع,المجموع
Statistical-Yearbook-2023.xlsx,29,36,15,total,total,Total
Statistical-Yearbook-2023.xlsx,29,39,2,total,المجموع,المجموع
Statistical-Yearbook-2023.xlsx,29,39,15,total,total,Total
Statistical-Yearbook-2023.xlsx,30,1,1,year,عام,أسرة مستشفيات الجهات الحكومية الأخرى حسب التخصص عام 2023م.
Statistical-Yearbook-2023.xlsx,30,1,1,bed,أسرة,أسرة مستشفيات الجهات الحكومية الأخرى حسب التخصص عام 2023م.
Statistical-Yearbook-2023.xlsx,30,2,1,hospital,hospital,"Hospital Beds in Other Governmental Sector by Speciality, 2023G."
Statistical-Yearbook-2023.xlsx,30,2,1,bed,bed,"Hospital Beds in Other Governmental Sector by Speciality, 2023G."
Statistical-Yearbook-2023.xlsx,30,4,34,total,total,Total
Statistical-Yearbook-2023.xlsx,30,4,35,total,المجموع,المجموع
Statistical-Yearbook-2023.xlsx,30,8,1,hospital,مستشفى,مستشفى الملك فيصل التخصصي ومركز الأبحاث
Statistical-Yearbook-2023.xlsx,30,8,36,hospital,hospital,King Faisal Specialist Hospital &R.C.
Statistical-Yearbook-2023.xlsx,30,10,36,hospital,hospital,ARAMCO Hospitals
Statistical-Yearbook-2023.xlsx,30,12,1,total,المجموع,المجموع
Statistical-Yearbook-2023.xlsx,30,12,36,total,total,Total
Statistical-Yearbook-2023.xlsx,31,1,1,year,عام,االقوى العاملة الصحية بالجهات الحكومية الأخرى حسب الفئــة والجنس والجنسية عام 2023م
Statistical-Yearbook-2023.xlsx,31,5,12,hospital,hospital,King Faisal Specialist Hospital
Statistical-Yearbook-2023.xlsx,31,6,5,total,المجموع,المجموع
Statistical-Yearbook-2023.xlsx,31,6,8,total,المجموع,المجموع
Statistical-Yearbook-2023.xlsx,31,6,11,total,المجموع,المجموع
Statistical-Yearbook-2023.xlsx,31,6,14,total,المجموع,المجموع
Statistical-Yearbook-2023.xlsx,31,7,5,total,total,Total
Statistical-Yearbook-2023.xlsx,31,7,8,total,total,Total
Statistical-Yearbook-2023.xlsx,31,7,11,total,total,Total
Statistical-Yearbook-2023.xlsx,31,7,14,total,total,Total
Statistical-Yearbook-2023.xlsx,31,8,1,physician,أطباء,أطباء بشريون
Statistical-Yearbook-2023.xlsx,31,8,16,physician,physician,Physicians
Statistical-Yearbook-2023.xlsx,31,10,2,total,المجموع,المجموع
Statistical-Yearbook-2023.xlsx,31,10,15,total,total,Total
Statistical-Yearbook-2023.xlsx,31,11,1,physician,أطباء,أطباء أسنان
Statistical-Yearbook-2023.xlsx,31,13,2,total,المجموع,المجموع
Statistical-Yearbook-2023.xlsx,31,13,15,total,total,Total
Statistical-Yearbook-2023.xlsx,31,14,1,physician,أطباء,إجمالي الأطباء
Statistical-Yearbook-2023.xlsx,31,14,16,total,total,Total Physicians and Dentists
Statistical-Yearbook-2023.xlsx,31,14,16,physician,physician,Total Physicians and Dentists
Statistical-Yearbook-2023.xlsx,31,16,2,total,المجموع,المجموع
Statistical-Yearbook-2023.xlsx,31,16,15,total,total,Total
Statistical-Yearbook-2023.xlsx,31,17,1,nurse,تمريض,طاقم التمريض
Statistical-Yearbook-2023.xlsx,31,17,16,nurse,nurse,Nurses
Statistical-Yearbook-2023.xlsx,31,19,2,total,المجموع,المجموع
Statistical-Yearbook-2023.xlsx,31,19,15,total,total,Total
Statistical-Yearbook-2023.xlsx,31,22,2,total,المجموع,المجموع
Statistical-Yearbook-2023.xlsx,31,22,15,total,total,Total
Statistical-Yearbook-2023.xlsx,31,23,1,nurse,تمريض,إجمالي طاقم التمريض والقابلات
Statistical-Yearbook-2023.xlsx,31,23,16,total,total,Total Nurses and Midwives
Statistical-Yearbook-2023.xlsx,31,23,16,nurse,nurse,Total Nurses and Midwives
Statistical-Yearbook-2023.xlsx,31,25,2,total,المجموع,المجموع
Statistical-Yearbook-2023.xlsx,31,25,15,total,total,Total
Statistical-Yearbook-2023.xlsx,31,28,2,total,المجموع,المجموع
Statistical-Yearbook-2023.xlsx,31,28,15,total,total,Total
Statistical-Yearbook-2023.xlsx,31,31,2,total,المجموع,المجموع
Statistical-Yearbook-2023.xlsx,31,31,15,total,total,Total
Statistical-Yearbook-2023.xlsx,31,35,6,hospital,hospital,ARAMCO Hospitals
Statistical-Yearbook-2023.xlsx,31,35,12,source,source,Ministry of Human Resources and Social Development
Statistical-Yearbook-2023.xlsx,31,36,5,total,المجموع,المجموع
Statistical-Yearbook-2023.xlsx,31,36,8,total,المجموع,المجموع
Statistical-Yearbook-2023.xlsx,31,36,11,total,المجموع,المجموع
Statistical-Yearbook-2023.xlsx,31,36,14,total,المجموع,المجموع
Statistical-Yearbook-2023.xlsx,31,37,5,total,total,Total
Statistical-Yearbook-2023.xlsx,31,37,8,total,total,Total
Statistical-Yearbook-2023.xlsx,31,37,11,total,total,Total
Statistical-Yearbook-2023.xlsx,31,37,14,total,total,Total
Statistical-Yearbook-2023.xlsx,31,38,1,physician,أطباء,أطباء بشريون
Statistical-Yearbook-2023.xlsx,31,38,16,physician,physician,Physicians
Statistical-Yearbook-2023.xlsx,31,40,2,total,المجموع,المجموع
Statistical-Yearbook-2023.xlsx,31,40,15,total,total,Total
Statistical-Yearbook-2023.xlsx,32,1,1,year,عام,الأطباء وأطباء الأسنان بالجهات الحكومية الأخرى حسب التخصص والجنسية عام 2023م.
Statistical-Yearbook-2023.xlsx,32,1,1,physician,أطباء,الأطباء وأطباء الأسنان بالجهات الحكومية الأخرى حسب التخصص والجنسية عام 2023م.
Statistical-Yearbook-2023.xlsx,32,2,1,physician,physician,"Physicians & Dentists in Other Governmental Sector  by Speciality and Nationality, 2023G."
Statistical-Yearbook-2023.xlsx,32,5,11,hospital,hospital,King Faisal Specialist Hospital
Statistical-Yearbook-2023.xlsx,32,6,4,total,المجموع,المجموع
Statistical-Yearbook-2023.xlsx,32,6,7,total,المجموع,المجموع
Statistical-Yearbook-2023.xlsx,32,6,10,total,المجموع,المجموع
Statistical-Yearbook-2023.xlsx,32,6,13,total,المجموع,المجموع
Statistical-Yearbook-2023.xlsx,32,6,16,total,المجموع,المجموع
Statistical-Yearbook-2023.xlsx,32,7,4,total,total,Total
Statistical-Yearbook-2023.xlsx,32,7,7,total,total,Total
Statistical-Yearbook-2023.xlsx,32,7,10,total,total,Total
Statistical-Yearbook-2023.xlsx,32,7,13,total,total,Total
Statistical-Yearbook-2023.xlsx,32,7,16,total,total,Total
Statistical-Yearbook-2023.xlsx,32,8,1,year,عام,عام
Statistical-Yearbook-2023.xlsx,32,11,1,year,عام,جراحة عامة
Statistical-Yearbook-2023.xlsx,32,24,1,year,عام,صحة عامة (طب مجتمع ) وصحة مهنية
Statistical-Yearbook-2023.xlsx,32,33,1,bed,أسرة,طب أسرة
Statistical-Yearbook-2023.xlsx,33,1,1,year,عام,القوى العاملة الصحية بالجهات الحكومية الأخرى حسب الجنسية في الأعوام الخمسة الأخيرة
Statistical-Yearbook-2023.xlsx,33,2,1,year,year,"Health Manpower in the Other Governmental Sector by Nationality, in the last Five Years"
Statistical-Yearbook-2023.xlsx,33,4,3,year,عام,العام
Statistical-Yearbook-2023.xlsx,33,4,7,year,year,Year
Statistical-Yearbook-2023.xlsx,33,6,1,physician,أطباء,أطباء بشريون
Statistical-Yearbook-2023.xlsx,33,6,9,physician,physician,Physicians
Statistical-Yearbook-2023.xlsx,33,8,2,total,المجموع,المجموع
Statistical-Yearbook-2023.xlsx,33,8,8,total,total,Total
Statistical-Yearbook-2023.xlsx,33,9,1,physician,أطباء,أطباء أسنان
Statistical-Yearbook-2023.xlsx,33,11,2,total,المجموع,المجموع
Statistical-Yearbook-2023.xlsx,33,11,8,total,total,Total
Statistical-Yearbook-2023.xlsx,33,12,1,physician,أطباء,إجمالي الأطباء
Statistical-Yearbook-2023.xlsx,33,12,9,total,total,Total Physicians and Dentists
Statistical-Yearbook-2023.xlsx,33,12,9,physician,physician,Total Physicians and Dentists
Statistical-Yearbook-2023.xlsx,33,14,2,total,المجموع,المجموع
Statistical-Yearbook-2023.xlsx,33,14,8,total,total,Total
Statistical-Yearbook-2023.xlsx,33,15,1,nurse,تمريض,طاقم التمريض
Statistical-Yearbook-2023.xlsx,33,15,9,nurse,nurse,Nurses
Statistical-Yearbook-2023.xlsx,33,17,2,total,المجموع,المجموع
Statistical-Yearbook-2023.xlsx,33,17,8,total,total,Total
Statistical-Yearbook-2023.xlsx,33,20,2,total,المجموع,المجموع
Statistical-Yearbook-2023.xlsx,33,20,8,total,total,Total
Statistical-Yearbook-2023.xlsx,33,21,1,nurse,تمريض,إجمالي طاقم التمريض والقابلات
Statistical-Yearbook-2023.xlsx,33,21,9,total,total,Total Nurses and Midwives
Statistical-Yearbook-2023.xlsx,33,21,9,nurse,nurse,Total Nurses and Midwives
Statistical-Yearbook-2023.xlsx,33,23,2,total,المجموع,المجموع
Statistical-Yearbook-2023.xlsx,33,23,8,total,total,Total
Statistical-Yearbook-2023.xlsx,33,26,2,total,المجموع,المجموع
Statistical-Yearbook-2023.xlsx,33,26,8,total,total,Total
Statistical-Yearbook-2023.xlsx,33,29,2,total,المجموع,المجموع
Statistical-Yearbook-2023.xlsx,33,29,8,total,total,Total
Statistical-Yearbook-2023.xlsx,34,1,1,region,المنطقة,المستشفيات والأسرة والمجمعات الطبية والمرافق الصحية الأخرى بالقطاع الخاص حسب المنطقة الصحية عام 2023م.
Statistical-Yearbook-2023.xlsx,34,1,1,year,عام,المستشفيات والأسرة والمجمعات الطبية والمرافق الصحية الأخرى بالقطاع الخاص حسب المنطقة الصحية عام 2023م.
Statistical-Yearbook-2023.xlsx,34,1,1,hospital,المستشفيات,المستشفيات والأسرة والمجمعات الطبية والمرافق الصحية الأخرى بالقطاع الخاص حسب المنطقة الصحية عام 2023م.
Statistical-Yearbook-2023.xlsx,34,1,1,bed,أسرة,المستشفيات والأسرة والمجمعات الطبية والمرافق الصحية الأخرى بالقطاع الخاص حسب المنطقة الصحية عام 2023م.
Statistical-Yearbook-2023.xlsx,34,2,1,region,region,"Private Sector Hospitals, Medical Complexes, Beds and Other Medical Facilities by Health Region, 2023G."
Statistical-Yearbook-2023.xlsx,34,2,1,hospital,hospital,"Private Sector Hospitals, Medical Complexes, Beds and Other Medical Facilities by Health Region, 2023G."
Statistical-Yearbook-2023.xlsx,34,2,1,bed,bed,"Private Sector Hospitals, Medical Complexes, Beds and Other Medical Facilities by Health Region, 2023G."
Statistical-Yearbook-2023.xlsx,34,4,1,region,المنطقة,المنطقة الصحية
Statistical-Yearbook-2023.xlsx,34,4,2,hospital,hospital,"عدد المستشفيات
Hospitals"
Statistical-Yearbook-2023.xlsx,34,4,3,bed,bed,"عدد الأسرة
Beds"
Statistical-Yearbook-2023.xlsx,34,4,5,physician,doctor,"عيادات   خاصه
Single Doctor Private Clinics"
Statistical-Yearbook-2023.xlsx,34,4,11,region,region,Health Region
Statistical-Yearbook-2023.xlsx,34,27,1,total,الإجمالي,الإجمالي
Statistical-Yearbook-2023.xlsx,34,27,11,total,total,Total
Statistical-Yearbook-2023.xlsx,35,1,1,region,المنطقة,المستشفيات والأسرة والمجمعات الطبية بالقطاع الخاص  حسب المنطقة الصحية في الأعوام الخمسة الأخيرة
Statistical-Yearbook-2023.xlsx,35,1,1,hospital,المستشفيات,المستشفيات والأسرة والمجمعات الطبية بالقطاع الخاص  حسب المنطقة الصحية في الأعوام الخمسة الأخيرة
Statistical-Yearbook-2023.xlsx,35,1,1,bed,أسرة,المستشفيات والأسرة والمجمعات الطبية بالقطاع الخاص  حسب المنطقة الصحية في الأعوام الخمسة الأخيرة
Statistical-Yearbook-2023.xlsx,35,2,1,region,region,"Private Sector Hospitals, Beds and Medical Complexes by Health Region, in the last Five Years"
Statistical-Yearbook-2023.xlsx,35,2,1,year,year,"Private Sector Hospitals, Beds and Medical Complexes by Health Region, in the last Five Years"
Statistical-Yearbook-2023.xlsx,35,2,1,hospital,hospital,"Private Sector Hospitals, Beds and Medical Complexes by Health Region, in the last Five Years"
Statistical-Yearbook-2023.xlsx,35,2,1,bed,bed,"Private Sector Hospitals, Beds and Medical Complexes by Health Region, in the last Five Years"
Statistical-Yearbook-2023.xlsx,35,4,1,region,المنطقة,المنطقة الصحية
Statistical-Yearbook-2023.xlsx,35,4,20,region,region,Health Region
Statistical-Yearbook-2023.xlsx,35,5,2,hospital,hospital,"المستشفيات
Hospitals"
Statistical-Yearbook-2023.xlsx,35,5,3,bed,bed,"الأسرة
Beds"
Statistical-Yearbook-2023.xlsx,35,5,5,hospital,hospital,"المستشفيات
Hospitals"
Statistical-Yearbook-2023.xlsx,35,5,6,bed,bed,"الأسرة
Beds"
Statistical-Yearbook-2023.xlsx,35,5,8,hospital,hospital,"المستشفيات
Hospitals"
Statistical-Yearbook-2023.xlsx,35,5,9,bed,bed,"الأسرة
Beds"
Statistical-Yearbook-2023.xlsx,35,5,11,hospital,hospital,"المستشفيات
Hospitals"
Statistical-Yearbook-2023.xlsx,35,5,12,bed,bed,"الأسرة
Beds"
Statistical-Yearbook-2023.xlsx,35,5,14,hospital,hospital,"المستشفيات
Hospitals"
Statistical-Yearbook-2023.xlsx,35,5,15,bed,bed,"الأسرة
Beds"
Statistical-Yearbook-2023.xlsx,35,5,17,hospital,hospital,"المستشفيات
Hospitals"
Statistical-Yearbook-2023.xlsx,35,5,18,bed,bed,"الأسرة
Beds"
Statistical-Yearbook-2023.xlsx,35,27,1,total,الإجمالي,الإجمالي
Statistical-Yearbook-2023.xlsx,35,27,20,total,total,Total
Statistical-Yearbook-2023.xlsx,36,1,1,region,المنطقة,أسرة مستشفيات القطاع الخاص حسب المنطقة الصحية والتخصص عام 2023م.
Statistical-Yearbook-2023.xlsx,36,1,1,year,عام,أسرة مستشفيات القطاع الخاص حسب المنطقة الصحية والتخصص عام 2023م.
Statistical-Yearbook-2023.xlsx,36,1,1,bed,أسرة,أسرة مستشفيات القطاع الخاص حسب المنطقة الصحية والتخصص عام 2023م.
Statistical-Yearbook-2023.xlsx,36,2,1,region,region,"Hospital Beds at Private Sector by Health Region and Speciality , 2023G."
Statistical-Yearbook-2023.xlsx,36,2,1,hospital,hospital,"Hospital Beds at Private Sector by Health Region and Speciality , 2023G."
Statistical-Yearbook-2023.xlsx,36,2,1,bed,bed,"Hospital Beds at Private Sector by Health Region and Speciality , 2023G."
Statistical-Yearbook-2023.xlsx,36,4,1,region,المنطقة,المنطقة الصحية
Statistical-Yearbook-2023.xlsx,36,4,3,year,عام,عامة
Statistical-Yearbook-2023.xlsx,36,4,36,total,total,Total
Statistical-Yearbook-2023.xlsx,36,4,37,total,المجموع,المجموع
Statistical-Yearbook-2023.xlsx,36,4,38,region,region,Health Region
Statistical-Yearbook-2023.xlsx,36,20,1,total,المجموع,المجموع
Statistical-Yearbook-2023.xlsx,36,20,38,total,total,Total
Statistical-Yearbook-2023.xlsx,37,1,1,region,المنطقة,العيادات الخاصة للأطباء حسب المنطقة والتخصص عام 2023م.
Statistical-Yearbook-2023.xlsx,37,1,1,year,عام,العيادات الخاصة للأطباء حسب المنطقة والتخصص عام 2023م.
Statistical-Yearbook-2023.xlsx,37,1,1,physician,أطباء,العيادات الخاصة للأطباء حسب المنطقة والتخصص عام 2023م.
Statistical-Yearbook-2023.xlsx,37,2,1,region,region,"Single Doctor Private Clinics by Health Region and Speciality, 2023G."
Statistical-Yearbook-2023.xlsx,37,2,1,physician,doctor,"Single Doctor Private Clinics by Health Region and Speciality, 2023G."
Statistical-Yearbook-2023.xlsx,37,4,1,region,المنطقة,المنطقة الصحية
Statistical-Yearbook-2023.xlsx,37,4,3,year,عام,طـب عام
Statistical-Yearbook-2023.xlsx,37,4,9,year,عام,جراحة عامة
Statistical-Yearbook-2023.xlsx,37,4,30,total,total,Total
Statistical-Yearbook-2023.xlsx,37,4,31,total,المجموع,المجموع
Statistical-Yearbook-2023.xlsx,37,4,32,region,region,Health Region
Statistical-Yearbook-2023.xlsx,37,16,1,total,المجموع,المجموع
Statistical-Yearbook-2023.xlsx,37,16,32,total,total,Total
Statistical-Yearbook-2023.xlsx,37,17,1,region,المناطق,* باقي المناطق لا يوجد بها عيادات خاصة للأطباء
Statistical-Yearbook-2023.xlsx,37,17,1,physician,أطباء,* باقي المناطق لا يوجد بها عيادات خاصة للأطباء
Statistical-Yearbook-2023.xlsx,38,1,1,year,عام,القوى العاملة الصحية بالقطاع الخاص في الأعوام الخمسة الأخيرة
Statistical-Yearbook-2023.xlsx,38,2,1,year,year,Health Manpower at Private Sector in the last Five Years
Statistical-Yearbook-2023.xlsx,38,4,4,year,year,Year
Statistical-Yearbook-2023.xlsx,38,6,1,physician,أطباء,أطباء بشريون
Statistical-Yearbook-2023.xlsx,38,6,9,physician,physician,Physicians
Statistical-Yearbook-2023.xlsx,38,8,2,total,المجموع,المجموع
Statistical-Yearbook-2023.xlsx,38,8,8,total,total,Total
Statistical-Yearbook-2023.xlsx,38,9,1,physician,أطباء,أطباء أسنان
Statistical-Yearbook-2023.xlsx,38,11,2,total,المجموع,المجموع
Statistical-Yearbook-2023.xlsx,38,11,8,total,total,Total
Statistical-Yearbook-2023.xlsx,38,12,1,physician,أطباء,إجمالي الأطباء
Statistical-Yearbook-2023.xlsx,38,12,9,total,total,Total Physicians and Dentists
Statistical-Yearbook-2023.xlsx,38,12,9,physician,physician,Total Physicians and Dentists
Statistical-Yearbook-2023.xlsx,38,14,2,total,المجموع,المجموع
Statistical-Yearbook-2023.xlsx,38,14,8,total,total,Total
Statistical-Yearbook-2023.xlsx,38,15,1,nurse,تمريض,طاقم التمريض
Statistical-Yearbook-2023.xlsx,38,15,9,nurse,nurse,Nurses
Statistical-Yearbook-2023.xlsx,38,17,2,total,المجموع,المجموع
Statistical-Yearbook-2023.xlsx,38,17,8,total,total,Total
Statistical-Yearbook-2023.xlsx,38,20,2,total,المجموع,المجموع
Statistical-Yearbook-2023.xlsx,38,20,8,total,total,Total
Statistical-Yearbook-2023.xlsx,38,21,1,nurse,تمريض,إجمالي طاقم التمريض والقابلات
Statistical-Yearbook-2023.xlsx,38,21,9,total,total,Total Nurses and Midwives
Statistical-Yearbook-2023.xlsx,38,21,9,nurse,nurse,Total Nurses and Midwives
Statistical-Yearbook-2023.xlsx,38,23,2,total,المجموع,المجموع
Statistical-Yearbook-2023.xlsx,38,23,8,total,total,Total
Statistical-Yearbook-2023.xlsx,38,26,2,total,المجموع,المجموع
Statistical-Yearbook-2023.xlsx,38,26,8,total,total,Total
Statistical-Yearbook-2023.xlsx,38,29,2,total,المجموع,المجموع
Statistical-Yearbook-2023.xlsx,38,29,8,total,total,Total
Statistical-Yearbook-2023.xlsx,39,1,1,region,المنطقة,القوى العاملة الصحية بالقطاع الخاص حسب المنطقة الصحية والفئة والجنس والجنسية عام 2023م
Statistical-Yearbook-2023.xlsx,39,1,1,year,عام,القوى العاملة الصحية بالقطاع الخاص حسب المنطقة الصحية والفئة والجنس والجنسية عام 2023م
Statistical-Yearbook-2023.xlsx,39,2,1,region,region,"Health Manpower in the Private Sector by Health Region,Category,Sex and Nationality, 2023G"
Statistical-Yearbook-2023.xlsx,39,6,5,total,المجموع,المجموع
Statistical-Yearbook-2023.xlsx,39,6,8,total,المجموع,المجموع
Statistical-Yearbook-2023.xlsx,39,6,11,total,المجموع,المجموع
Statistical-Yearbook-2023.xlsx,39,6,14,total,المجموع,المجموع
Statistical-Yearbook-2023.xlsx,39,7,5,total,total,Total
Statistical-Yearbook-2023.xlsx,39,7,8,total,total,Total
Statistical-Yearbook-2023.xlsx,39,7,11,total,total,Total
Statistical-Yearbook-2023.xlsx,39,7,14,total,total,Total
Statistical-Yearbook-2023.xlsx,39,8,1,physician,أطباء,أطباء بشريون
Statistical-Yearbook-2023.xlsx,39,8,16,physician,physician,Physicians
Statistical-Yearbook-2023.xlsx,39,10,2,total,المجموع,المجموع
Statistical-Yearbook-2023.xlsx,39,10,15,total,total,Total
Statistical-Yearbook-2023.xlsx,39,11,1,physician,أطباء,أطباء أسنان
Statistical-Yearbook-2023.xlsx,39,13,2,total,المجموع,المجموع
Statistical-Yearbook-2023.xlsx,39,13,15,total,total,Total
Statistical-Yearbook-2023.xlsx,39,14,1,physician,أطباء,إجمالي الأطباء
Statistical-Yearbook-2023.xlsx,39,14,16,total,total,Total Physicians and Dentists
Statistical-Yearbook-2023.xlsx,39,14,16,physician,physician,Total Physicians and Dentists
Statistical-Yearbook-2023.xlsx,39,16,2,total,المجموع,المجموع
Statistical-Yearbook-2023.xlsx,39,16,15,total,total,Total
Statistical-Yearbook-2023.xlsx,39,17,1,nurse,تمريض,طاقم التمريض
Statistical-Yearbook-2023.xlsx,39,17,16,nurse,nurse,Nurses
Statistical-Yearbook-2023.xlsx,39,19,2,total,المجموع,المجموع
Statistical-Yearbook-2023.xlsx,39,19,15,total,total,Total
Statistical-Yearbook-2023.xlsx,39,22,2,total,المجموع,المجموع
Statistical-Yearbook-2023.xlsx,39,22,15,total,total,Total
Statistical-Yearbook-2023.xlsx,39,23,1,nurse,تمريض,إجمالي طاقم التمريض والقابلات
Statistical-Yearbook-2023.xlsx,39,23,16,total,total,Total Nurses and Midwives
Statistical-Yearbook-2023.xlsx,39,23,16,nurse,nurse,Total Nurses and Midwives
Statistical-Yearbook-2023.xlsx,39,25,2,total,المجموع,المجموع
Statistical-Yearbook-2023.xlsx,39,25,15,total,total,Total
Statistical-Yearbook-2023.xlsx,39,28,2,total,المجموع,المجموع
Statistical-Yearbook-2023.xlsx,39,28,15,total,total,Total
Statistical-Yearbook-2023.xlsx,39,31,2,total,المجموع,المجموع
Statistical-Yearbook-2023.xlsx,39,31,15,total,total,Total
Statistical-Yearbook-2023.xlsx,39,35,5,total,المجموع,المجموع
Statistical-Yearbook-2023.xlsx,39,35,8,total,المجموع,المجموع
Statistical-Yearbook-2023.xlsx,39,35,11,total,المجموع,المجموع
Statistical-Yearbook-2023.xlsx,39,35,14,total,المجموع,المجموع
Statistical-Yearbook-2023.xlsx,39,36,5,total,total,Total
Statistical-Yearbook-2023.xlsx,39,36,8,total,total,Total
Statistical-Yearbook-2023.xlsx,39,36,11,total,total,Total
Statistical-Yearbook-2023.xlsx,39,36,14,total,total,Total
Statistical-Yearbook-2023.xlsx,39,37,1,physician,أطباء,أطباء بشريون
Statistical-Yearbook-2023.xlsx,39,37,16,physician,physician,Physicians
Statistical-Yearbook-2023.xlsx,39,39,2,total,المجموع,المجموع
Statistical-Yearbook-2023.xlsx,39,39,15,total,total,Total
Statistical-Yearbook-2023.xlsx,39,40,1,physician,أطباء,أطباء أسنان
Statistical-Yearbook-2023.xlsx,40,1,1,region,المنطقة,القوى العاملة الصحية بمستشفيات القطاع الخاص حسب المنطقة الصحية والفئة والجنس والجنسية عام 2023م
Statistical-Yearbook-2023.xlsx,40,1,1,year,عام,القوى العاملة الصحية بمستشفيات القطاع الخاص حسب المنطقة الصحية والفئة والجنس والجنسية عام 2023م
Statistical-Yearbook-2023.xlsx,40,2,1,region,region,"Health Manpower in Private Sector Hospitals by Health Region,Category,Sex and Nationality, 2023G"
Statistical-Yearbook-2023.xlsx,40,2,1,hospital,hospital,"Health Manpower in Private Sector Hospitals by Health Region,Category,Sex and Nationality, 2023G"
Statistical-Yearbook-2023.xlsx,40,6,5,total,المجموع,المجموع
Statistical-Yearbook-2023.xlsx,40,6,8,total,المجموع,المجموع
Statistical-Yearbook-2023.xlsx,40,6,11,total,المجموع,المجموع
Statistical-Yearbook-2023.xlsx,40,6,14,total,المجموع,المجموع
Statistical-Yearbook-2023.xlsx,40,7,5,total,total,Total
Statistical-Yearbook-2023.xlsx,40,7,8,total,total,Total
Statistical-Yearbook-2023.xlsx,40,7,11,total,total,Total
Statistical-Yearbook-2023.xlsx,40,7,14,total,total,Total
Statistical-Yearbook-2023.xlsx,40,8,1,physician,أطباء,أطباء بشريون
Statistical-Yearbook-2023.xlsx,40,8,16,physician,physician,Physicians
Statistical-Yearbook-2023.xlsx,40,10,2,total,المجموع,المجموع
Statistical-Yearbook-2023.xlsx,40,10,15,total,total,Total
Statistical-Yearbook-2023.xlsx,40,11,1,physician,أطباء,أطباء أسنان
Statistical-Yearbook-2023.xlsx,40,13,2,total,المجموع,المجموع
Statistical-Yearbook-2023.xlsx,40,13,15,total,total,Total
Statistical-Yearbook-2023.xlsx,40,14,1,physician,أطباء,إجمالي الأطباء
Statistical-Yearbook-2023.xlsx,40,14,16,total,total,Total Physicians and Dentists
Statistical-Yearbook-2023.xlsx,40,14,16,physician,physician,Total Physicians and Dentists
Statistical-Yearbook-2023.xlsx,40,16,2,total,المجموع,المجموع
Statistical-Yearbook-2023.xlsx,40,16,15,total,total,Total
Statistical-Yearbook-2023.xlsx,40,17,1,nurse,تمريض,طاقم التمريض
Statistical-Yearbook-2023.xlsx,40,17,16,nurse,nurse,Nurses
Statistical-Yearbook-2023.xlsx,40,19,2,total,المجموع,المجموع
Statistical-Yearbook-2023.xlsx,40,19,15,total,total,Total
Statistical-Yearbook-2023.xlsx,40,22,2,total,المجموع,المجموع
Statistical-Yearbook-2023.xlsx,40,22,15,total,total,Total
Statistical-Yearbook-2023.xlsx,40,23,1,nurse,تمريض,إجمالي طاقم التمريض والقابلات
Statistical-Yearbook-2023.xlsx,40,23,16,total,total,Total Nurses and Midwives
Statistical-Yearbook-2023.xlsx,40,23,16,nurse,nurse,Total Nurses and Midwives
Statistical-Yearbook-2023.xlsx,40,25,2,total,المجموع,المجموع
Statistical-Yearbook-2023.xlsx,40,25,15,total,total,Total
Statistical-Yearbook-2023.xlsx,40,28,2,total,المجموع,المجموع
Statistical-Yearbook-2023.xlsx,40,28,15,total,total,Total
Statistical-Yearbook-2023.xlsx,40,31,2,total,المجموع,المجموع
Statistical-Yearbook-2023.xlsx,40,31,15,total,total,Total
Statistical-Yearbook-2023.xlsx,40,35,5,total,المجموع,المجموع
Statistical-Yearbook-2023.xlsx,40,35,8,total,المجموع,المجموع
Statistical-Yearbook-2023.xlsx,40,35,11,total,المجموع,المجموع
Statistical-Yearbook-2023.xlsx,40,35,14,total,المجموع,المجموع
Statistical-Yearbook-2023.xlsx,40,36,5,total,total,Total
Statistical-Yearbook-2023.xlsx,40,36,8,total,total,Total
Statistical-Yearbook-2023.xlsx,40,36,11,total,total,Total
Statistical-Yearbook-2023.xlsx,40,36,14,total,total,Total
Statistical-Yearbook-2023.xlsx,40,37,1,physician,أطباء,أطباء بشريون
Statistical-Yearbook-2023.xlsx,40,37,16,physician,physician,Physicians
Statistical-Yearbook-2023.xlsx,40,39,2,total,المجموع,المجموع
Statistical-Yearbook-2023.xlsx,40,39,15,total,total,Total
Statistical-Yearbook-2023.xlsx,40,40,1,physician,أطباء,أطباء أسنان
Statistical-Yearbook-2023.xlsx,41,1,1,region,المنطقة,القوى العاملة الصحية بمجمعات القطاع الخاص حسب المنطقة الصحية والفئة والجنس والجنسية عام 2023م
Statistical-Yearbook-2023.xlsx,41,1,1,year,عام,القوى العاملة الصحية بمجمعات القطاع الخاص حسب المنطقة الصحية والفئة والجنس والجنسية عام 2023م
Statistical-Yearbook-2023.xlsx,41,2,1,region,region,"Health Manpower in Private Sector Medical Complexes by Health Region, Category, Sex and Nationality, 2023G"
Statistical-Yearbook-2023.xlsx,41,6,5,total,المجموع,المجموع
Statistical-Yearbook-2023.xlsx,41,6,8,total,المجموع,المجموع
Statistical-Yearbook-2023.xlsx,41,6,11,total,المجموع,المجموع
Statistical-Yearbook-2023.xlsx,41,6,14,total,المجموع,المجموع
Statistical-Yearbook-2023.xlsx,41,7,5,total,total,Total
Statistical-Yearbook-2023.xlsx,41,7,8,total,total,Total
Statistical-Yearbook-2023.xlsx,41,7,11,total,total,Total
Statistical-Yearbook-2023.xlsx,41,7,14,total,total,Total
Statistical-Yearbook-2023.xlsx,41,8,1,physician,أطباء,أطباء بشريون
Statistical-Yearbook-2023.xlsx,41,8,16,physician,physician,Physicians
Statistical-Yearbook-2023.xlsx,41,10,2,total,المجموع,المجموع
Statistical-Yearbook-2023.xlsx,41,10,15,total,total,Total
Statistical-Yearbook-2023.xlsx,41,11,1,physician,أطباء,أطباء أسنان
Statistical-Yearbook-2023.xlsx,41,13,2,total,المجموع,المجموع
Statistical-Yearbook-2023.xlsx,41,13,15,total,total,Total
Statistical-Yearbook-2023.xlsx,41,14,1,physician,أطباء,إجمالي الأطباء
Statistical-Yearbook-2023.xlsx,41,14,16,total,total,Total Physicians and Dentists
Statistical-Yearbook-2023.xlsx,41,14,16,physician,physician,Total Physicians and Dentists
Statistical-Yearbook-2023.xlsx,41,16,2,total,المجموع,المجموع
Statistical-Yearbook-2023.xlsx,41,16,15,total,total,Total
Statistical-Yearbook-2023.xlsx,41,17,1,nurse,تمريض,طاقم التمريض
Statistical-Yearbook-2023.xlsx,41,17,16,nurse,nurse,Nurses
Statistical-Yearbook-2023.xlsx,41,19,2,total,المجموع,المجموع
Statistical-Yearbook-2023.xlsx,41,19,15,total,total,Total
Statistical-Yearbook-2023.xlsx,41,22,2,total,المجموع,المجموع
Statistical-Yearbook-2023.xlsx,41,22,15,total,total,Total
Statistical-Yearbook-2023.xlsx,41,23,1,nurse,تمريض,إجمالي طاقم التمريض والقابلات
Statistical-Yearbook-2023.xlsx,41,23,16,total,total,Total Nurses and Midwives
Statistical-Yearbook-2023.xlsx,41,23,16,nurse,nurse,Total Nurses and Midwives
Statistical-Yearbook-2023.xlsx,41,25,2,total,المجموع,المجموع
Statistical-Yearbook-2023.xlsx,41,25,15,total,total,Total
Statistical-Yearbook-2023.xlsx,41,28,2,total,المجموع,المجموع
Statistical-Yearbook-2023.xlsx,41,28,15,total,total,Total
Statistical-Yearbook-2023.xlsx,41,31,2,total,المجموع,المجموع
Statistical-Yearbook-2023.xlsx,41,31,15,total,total,Total
Statistical-Yearbook-2023.xlsx,41,35,5,total,المجموع,المجموع
Statistical-Yearbook-2023.xlsx,41,35,8,total,المجموع,المجموع
Statistical-Yearbook-2023.xlsx,41,35,11,total,المجموع,المجموع
Statistical-Yearbook-2023.xlsx,41,35,14,total,المجموع,المجموع
Statistical-Yearbook-2023.xlsx,41,36,5,total,total,Total
Statistical-Yearbook-2023.xlsx,41,36,8,total,total,Total
Statistical-Yearbook-2023.xlsx,41,36,11,total,total,Total
Statistical-Yearbook-2023.xlsx,41,36,14,total,total,Total
Statistical-Yearbook-2023.xlsx,41,37,1,physician,أطباء,أطباء بشريون
Statistical-Yearbook-2023.xlsx,41,37,16,physician,physician,Physicians
Statistical-Yearbook-2023.xlsx,41,39,2,total,المجموع,المجموع
Statistical-Yearbook-2023.xlsx,41,39,15,total,total,Total
Statistical-Yearbook-2023.xlsx,41,40,1,physician,أطباء,أطباء أسنان
Statistical-Yearbook-2023.xlsx,42,1,1,region,المنطقة,الأطباء وأطباء الأسنان بالقطاع الخاص حسب التخصص والتصنيف الوظيفي والمنطقة الصحية عام 2023م.
Statistical-Yearbook-2023.xlsx,42,1,1,year,عام,الأطباء وأطباء الأسنان بالقطاع الخاص حسب التخصص والتصنيف الوظيفي والمنطقة الصحية عام 2023م.
Statistical-Yearbook-2023.xlsx,42,1,1,physician,أطباء,الأطباء وأطباء الأسنان بالقطاع الخاص حسب التخصص والتصنيف الوظيفي والمنطقة الصحية عام 2023م.
Statistical-Yearbook-2023.xlsx,42,2,1,region,region,"Physicians and Dentists in the Private Sector by Speciality, Professional Categories and Health Region, 2023G."
Statistical-Yearbook-2023.xlsx,42,2,1,physician,physician,"Physicians and Dentists in the Private Sector by Speciality, Professional Categories and Health Region, 2023G."
Statistical-Yearbook-2023.xlsx,42,6,5,total,المجموع,المجموع
Statistical-Yearbook-2023.xlsx,42,6,9,total,المجموع,المجموع
Statistical-Yearbook-2023.xlsx,42,6,13,total,المجموع,المجموع
Statistical-Yearbook-2023.xlsx,42,6,17,total,المجموع,المجموع
Statistical-Yearbook-2023.xlsx,42,6,21,total,المجموع,المجموع
Statistical-Yearbook-2023.xlsx,42,6,25,total,المجموع,المجموع
Statistical-Yearbook-2023.xlsx,42,6,29,total,المجموع,المجموع
Statistical-Yearbook-2023.xlsx,42,7,5,total,total,Total
Statistical-Yearbook-2023.xlsx,42,7,9,total,total,Total
Statistical-Yearbook-2023.xlsx,42,7,13,total,total,Total
Statistical-Yearbook-2023.xlsx,42,7,17,total,total,Total
Statistical-Yearbook-2023.xlsx,42,7,21,total,total,Total
Statistical-Yearbook-2023.xlsx,42,7,25,total,total,Total
Statistical-Yearbook-2023.xlsx,42,7,29,total,total,Total
Statistical-Yearbook-2023.xlsx,42,8,1,year,عام,عام
Statistical-Yearbook-2023.xlsx,42,11,1,year,عام,جراحة عامة
Statistical-Yearbook-2023.xlsx,42,24,1,year,عام,صحة عامة (طب مجتمع) وصحة مهنية
Statistical-Yearbook-2023.xlsx,42,33,1,bed,أسرة,طب أسرة
Statistical-Yearbook-2023.xlsx,43,1,1,year,عام,القوى العاملة الصحية بالقطاع الخاص حسب الفئة والجنس والجنسية وتصنيف المنشأة عام 2023م.
Statistical-Yearbook-2023.xlsx,43,4,15,total,المجموع,المجموع
Statistical-Yearbook-2023.xlsx,43,5,3,hospital,hospital,Hospitals
Statistical-Yearbook-2023.xlsx,43,5,15,total,total,Total
Statistical-Yearbook-2023.xlsx,43,6,5,total,المجموع,المجموع
Statistical-Yearbook-2023.xlsx,43,6,8,total,المجموع,المجموع
Statistical-Yearbook-2023.xlsx,43,6,11,total,المجموع,المجموع
Statistical-Yearbook-2023.xlsx,43,6,14,total,المجموع,المجموع
Statistical-Yearbook-2023.xlsx,43,6,17,total,المجموع,المجموع
Statistical-Yearbook-2023.xlsx,43,7,5,total,total,Total
Statistical-Yearbook-2023.xlsx,43,7,8,total,total,Total
Statistical-Yearbook-2023.xlsx,43,7,11,total,total,Total
Statistical-Yearbook-2023.xlsx,43,7,14,total,total,Total
Statistical-Yearbook-2023.xlsx,43,7,17,total,total,Total
Statistical-Yearbook-2023.xlsx,43,8,1,physician,أطباء,أطباء بشريون
Statistical-Yearbook-2023.xlsx,43,8,19,physician,physician,Physicians
Statistical-Yearbook-2023.xlsx,43,10,2,total,المجموع,المجموع
Statistical-Yearbook-2023.xlsx,43,10,18,total,total,Total
Statistical-Yearbook-2023.xlsx,43,11,1,physician,أطباء,أطباء أسنان
Statistical-Yearbook-2023.xlsx,43,13,2,total,المجموع,المجموع
Statistical-Yearbook-2023.xlsx,43,13,18,total,total,Total
Statistical-Yearbook-2023.xlsx,43,14,1,physician,أطباء,إجمالي الأطباء
Statistical-Yearbook-2023.xlsx,43,14,19,total,total,Total Physicians and Dentists
Statistical-Yearbook-2023.xlsx,43,14,19,physician,physician,Total Physicians and Dentists
Statistical-Yearbook-2023.xlsx,43,16,2,total,المجموع,المجموع
Statistical-Yearbook-2023.xlsx,43,16,18,total,total,Total
Statistical-Yearbook-2023.xlsx,43,17,1,nurse,تمريض,طاقم التمريض
Statistical-Yearbook-2023.xlsx,43,17,19,nurse,nurse,Nurses
Statistical-Yearbook-2023.xlsx,43,19,2,total,المجموع,المجموع
Statistical-Yearbook-2023.xlsx,43,19,18,total,total,Total
Statistical-Yearbook-2023.xlsx,43,22,2,total,المجموع,المجموع
Statistical-Yearbook-2023.xlsx,43,22,18,total,total,Total
Statistical-Yearbook-2023.xlsx,43,23,1,nurse,تمريض,إجمالي طاقم التمريض والقابلات
Statistical-Yearbook-2023.xlsx,43,23,19,total,total,Total Nurses and Midwives
Statistical-Yearbook-2023.xlsx,43,23,19,nurse,nurse,Total Nurses and Midwives
Statistical-Yearbook-2023.xlsx,43,25,2,total,المجموع,المجموع
Statistical-Yearbook-2023.xlsx,43,25,18,total,total,Total
Statistical-Yearbook-2023.xlsx,43,28,2,total,المجموع,المجموع
Statistical-Yearbook-2023.xlsx,43,28,18,total,total,Total
Statistical-Yearbook-2023.xlsx,43,31,2,total,المجموع,المجموع
Statistical-Yearbook-2023.xlsx,43,31,18,total,total,Total
Statistical-Yearbook-2023.xlsx,44,1,1,year,عام,الملتحقون والملتحقات من العاملين بوزارة الصحة ببرامج الايفاد حسب التخصص عام 2023م
Statistical-Yearbook-2023.xlsx,44,5,1,physician,أطباء,الأطباء البشريون
Statistical-Yearbook-2023.xlsx,44,5,3,physician,physician,Physicians
Statistical-Yearbook-2023.xlsx,44,8,1,bed,أسرة,طب الأسرة
Statistical-Yearbook-2023.xlsx,44,10,1,year,عام,الجراحة العامة
Statistical-Yearbook-2023.xlsx,44,16,1,year,عام,الطب الوقائي وصحة العامة
Statistical-Yearbook-2023.xlsx,45,1,1,year,عام,الملتحقون والملتحقات من العاملين بوزارة الصحة ببرامج الابتعاث حسب التخصص عام 2023م
Statistical-Yearbook-2023.xlsx,45,5,1,physician,أطباء,الأطباء البشريون
Statistical-Yearbook-2023.xlsx,45,5,3,physician,physician,Physicians
Statistical-Yearbook-2023.xlsx,45,6,1,year,عام,الجراحة العامة
Statistical-Yearbook-2023.xlsx,45,16,1,year,عام,الطب الوقائي وصحة العامة
Statistical-Yearbook-2023.xlsx,45,37,1,physician,أطباء,مجموع الأطباء البشريين
Statistical-Yearbook-2023.xlsx,45,37,3,total,total,Total Physicians
Statistical-Yearbook-2023.xlsx,45,37,3,physician,physician,Total Physicians
Statistical-Yearbook-2023.xlsx,45,38,1,physician,أطباء,أطباء الأسنان
Statistical-Yearbook-2023.xlsx,45,39,1,nurse,تمريض,طاقم التمريض
Statistical-Yearbook-2023.xlsx,45,39,3,nurse,nurse,Nurses
Statistical-Yearbook-2023.xlsx,46,1,1,region,المنطقة,الملتحقون والملتحقات من العاملين بوزارة الصحة ببرامج الايفاد حسب المنطقة الصحية عام 2023م
Statistical-Yearbook-2023.xlsx,46,1,1,year,عام,الملتحقون والملتحقات من العاملين بوزارة الصحة ببرامج الايفاد حسب المنطقة الصحية عام 2023م
Statistical-Yearbook-2023.xlsx,46,2,1,region,region,"Enrolled MoH  Employees in Internal Scholarship Programs by Health Region, 2023G."
Statistical-Yearbook-2023.xlsx,46,4,1,region,المنطقة,المنطقة الصحية
Statistical-Yearbook-2023.xlsx,46,4,3,region,region,Health Region
Statistical-Yearbook-2023.xlsx,46,26,1,total,الإجمالي,الإجمالي
Statistical-Yearbook-2023.xlsx,46,26,3,total,total,Total
Statistical-Yearbook-2023.xlsx,47,1,1,year,عام,الملتحقون والملتحقات من العاملين بوزارة الصحة ببرامج الابتعاث عام 2023م
Statistical-Yearbook-2023.xlsx,47,13,1,total,الإجمالي,الإجمالي
Statistical-Yearbook-2023.xlsx,47,13,3,total,total,Total
Statistical-Yearbook-2023.xlsx,47,14,1,region,المنطقة,المنطقة الصحية
Statistical-Yearbook-2023.xlsx,47,14,3,region,region,Health Region
Statistical-Yearbook-2023.xlsx,47,27,1,total,الإجمالي,الإجمالي
Statistical-Yearbook-2023.xlsx,47,27,3,total,total,Total
Statistical-Yearbook-2023.xlsx,48,1,1,year,عام,أعداد المتدربين بمراكز تطوير المهارات الفنية بوزارة الصحة لعام 2023م.
Statistical-Yearbook-2023.xlsx,48,14,1,physician,أطباء,دورة دعم الحياة المتقدم للإصابات الحرجة أطباء
Statistical-Yearbook-2023.xlsx,48,20,1,year,عام,التعامل مع عسر ولادة الكتف
Statistical-Yearbook-2023.xlsx,48,23,1,nurse,تمريض,دورة العناية التمريضية المتقدمة للإصابات
Statistical-Yearbook-2023.xlsx,48,23,4,nurse,nurse,Advanced Trauma Care for Nurses (ATCN)
Statistical-Yearbook-2023.xlsx,48,31,1,year,عام,التعامل الآمن وإدارة النفايات من الأدوية السامة للخلايا
Statistical-Yearbook-2023.xlsx,48,34,1,nurse,تمريض,دورة العناية التمريضية المتقدمة للإصابات(إعداد مدربين)
Statistical-Yearbook-2023.xlsx,48,34,4,nurse,nurse,Advanced Trauma Care for Nurses Instructor course (ATCN)
Statistical-Yearbook-2023.xlsx,48,35,1,total,الإجمالي,الإجمالي
Statistical-Yearbook-2023.xlsx,48,35,4,total,total,Total
Statistical-Yearbook-2023.xlsx,49,1,1,year,عام,الطلبة والطالبات في الكليات الصحية للعام الدراسي 2022-2023م.
Statistical-Yearbook-2023.xlsx,49,2,1,year,year,Enrolled Students in health colleges for the academic year 2022-2023G.
Statistical-Yearbook-2023.xlsx,49,4,6,total,المجموع,المجموع
Statistical-Yearbook-2023.xlsx,49,6,6,total,total,Total
Statistical-Yearbook-2023.xlsx,50,1,1,year,عام,خريجو وخريجات الكليات الصحية للعام الدراسي 2021-2022م.
Statistical-Yearbook-2023.xlsx,50,2,1,year,year,Graduates in health colleges for the academic year 2021-2022G.
Statistical-Yearbook-2023.xlsx,50,4,6,total,المجموع,المجموع
Statistical-Yearbook-2023.xlsx,50,6,6,total,total,Total
Statistical-Yearbook-2023.xlsx,51,2,1,hospital,hospital,CBAHI Accredited MoH Hospitals.
Statistical-Yearbook-2023.xlsx,51,4,1,region,المنطقة,المنطقة الصحية
Statistical-Yearbook-2023.xlsx,51,4,2,hospital,مستشفى,المستشفى
Statistical-Yearbook-2023.xlsx,51,4,4,hospital,hospital,Hospital Name
Statistical-Yearbook-2023.xlsx,51,4,6,region,region,Health Region
Statistical-Yearbook-2023.xlsx,51,5,3,hospital,مستشفى,مستشفى الأمير محمد بن عبدالعزيز
Statistical-Yearbook-2023.xlsx,51,5,4,hospital,hospital,Prince Mohammad Bin Abdulaziz Hospital
Statistical-Yearbook-2023.xlsx,51,6,3,hospital,مستشفى,مستشفى الملك خالد بالخرج
Statistical-Yearbook-2023.xlsx,51,6,4,hospital,hospital,King Khalid Hospital Al-Kharj
Statistical-Yearbook-2023.xlsx,51,7,3,hospital,مستشفى,مستشفى الولادة والأطفال بالخرج
Statistical-Yearbook-2023.xlsx,51,7,4,hospital,hospital,Maternity Hospital - Al-Kharj
Statistical-Yearbook-2023.xlsx,51,8,3,year,عام,مستشفى الإيمان العام
Statistical-Yearbook-2023.xlsx,51,8,3,hospital,مستشفى,مستشفى الإيمان العام
Statistical-Yearbook-2023.xlsx,51,8,4,hospital,hospital,Al Iman General Hospital
Statistical-Yearbook-2023.xlsx,51,9,3,year,عام,مستشفى الدوادمي العام
Statistical-Yearbook-2023.xlsx,51,9,3,hospital,مستشفى,مستشفى الدوادمي العام
Statistical-Yearbook-2023.xlsx,51,9,4,hospital,hospital,Dawadmi General Hospital
Statistical-Yearbook-2023.xlsx,51,10,3,year,عام,مستشفى الأفلاج العام
Statistical-Yearbook-2023.xlsx,51,10,3,hospital,مستشفى,مستشفى الأفلاج العام
Statistical-Yearbook-2023.xlsx,51,10,4,hospital,hospital,Alaflaj General Hospital
Statistical-Yearbook-2023.xlsx,51,11,3,hospital,مستشفى,مستشفى الدرعية
Statistical-Yearbook-2023.xlsx,51,11,4,hospital,hospital,Ad Diriyah hospital
Statistical-Yearbook-2023.xlsx,51,12,3,year,عام,مستشفى الزلفي العام
Statistical-Yearbook-2023.xlsx,51,12,3,hospital,مستشفى,مستشفى الزلفي العام
Statistical-Yearbook-2023.xlsx,51,12,4,hospital,hospital,Al Zulfi General Hospital
Statistical-Yearbook-2023.xlsx,51,13,3,year,عام,مستشفى حوطة بني تميم العام
Statistical-Yearbook-2023.xlsx,51,13,3,hospital,مستشفى,مستشفى حوطة بني تميم العام
Statistical-Yearbook-2023.xlsx,51,13,4,hospital,hospital,Hotat Bani Tamim General Hospital
Statistical-Yearbook-2023.xlsx,51,14,3,year,عام,مستشفى القويعية العام
Statistical-Yearbook-2023.xlsx,51,14,3,hospital,مستشفى,مستشفى القويعية العام
Statistical-Yearbook-2023.xlsx,51,14,4,hospital,hospital,Quwaiya General Hospital
Statistical-Yearbook-2023.xlsx,51,17,3,hospital,مستشفى,مستشفى الملك سلمان
Statistical-Yearbook-2023.xlsx,51,17,4,hospital,hospital,King Salman Hospital
Statistical-Yearbook-2023.xlsx,51,18,3,year,عام,مستشفى ثادق العام
Statistical-Yearbook-2023.xlsx,51,18,3,hospital,مستشفى,مستشفى ثادق العام
Statistical-Yearbook-2023.xlsx,51,18,4,hospital,hospital,Thadiq General Hospital
Statistical-Yearbook-2023.xlsx,51,19,3,year,عام,مستشفى تميرالعام
Statistical-Yearbook-2023.xlsx,51,19,3,hospital,مستشفى,مستشفى تميرالعام
Statistical-Yearbook-2023.xlsx,51,19,4,hospital,hospital,Tumier General Hospital
Statistical-Yearbook-2023.xlsx,51,20,3,hospital,مستشفى,مستشفى الإمام عبدالرحمن الفيصل
Statistical-Yearbook-2023.xlsx,51,20,4,hospital,hospital,Imam Abdulrahman Alfaisal Hospital
Statistical-Yearbook-2023.xlsx,51,21,3,year,عام,مستشفى شقراء العام
Statistical-Yearbook-2023.xlsx,51,21,3,hospital,مستشفى,مستشفى شقراء العام
Statistical-Yearbook-2023.xlsx,51,21,4,hospital,hospital,Shagra General Hospital
Statistical-Yearbook-2023.xlsx,51,22,3,hospital,مستشفى,مستشفى الملك خالد التخصصي للعيون
Statistical-Yearbook-2023.xlsx,51,22,4,hospital,hospital,King Khaled Eye Specialist Hospital
Statistical-Yearbook-2023.xlsx,51,23,3,hospital,مستشفى,مستشفى اليمامة
Statistical-Yearbook-2023.xlsx,51,23,4,hospital,hospital,Al-Yamama Hospital
Statistical-Yearbook-2023.xlsx,51,24,3,hospital,مستشفى,مستشفى الملك عبد العزيز
Statistical-Yearbook-2023.xlsx,51,24,4,hospital,hospital,King Abdulaziz  Hospital
Statistical-Yearbook-2023.xlsx,51,25,3,year,عام,مستشفى حراء العام
Statistical-Yearbook-2023.xlsx,51,25,3,hospital,مستشفى,مستشفى حراء العام
Statistical-Yearbook-2023.xlsx,51,25,4,hospital,hospital,Herra General Hospital
Statistical-Yearbook-2023.xlsx,51,26,3,hospital,مستشفى,مستشفى الولادة والأطفال
Statistical-Yearbook-2023.xlsx,51,26,4,hospital,hospital,Maternity & Children Hospital
Statistical-Yearbook-2023.xlsx,51,28,3,hospital,مستشفى,مستشفى أجياد للطوارئ
Statistical-Yearbook-2023.xlsx,51,28,4,hospital,hospital,Ajyad Emergency Hospital
Statistical-Yearbook-2023.xlsx,51,29,3,hospital,مستشفى,مستشفى الملك فيصل
Statistical-Yearbook-2023.xlsx,51,29,4,hospital,hospital,Kung Faisal Hospital
Statistical-Yearbook-2023.xlsx,51,30,3,hospital,مستشفى,مستشفى النور التخصصي
Statistical-Yearbook-2023.xlsx,51,30,4,hospital,hospital,Al-Noor  Specialist Hospital
Statistical-Yearbook-2023.xlsx,51,31,3,hospital,مستشفى,مستشفى الملك عبد العزيز ومركز الأورام
Statistical-Yearbook-2023.xlsx,51,31,4,hospital,hospital,King Abdulaziz  Hospital & Oncology Center
Statistical-Yearbook-2023.xlsx,51,32,3,year,عام,مستشفى الثغر العام
Statistical-Yearbook-2023.xlsx,51,32,3,hospital,مستشفى,مستشفى الثغر العام
Statistical-Yearbook-2023.xlsx,51,32,4,hospital,hospital,Al Thagher General Hospital
Statistical-Yearbook-2023.xlsx,51,33,3,hospital,مستشفى,مستشفى الملك فهد
Statistical-Yearbook-2023.xlsx,51,33,4,hospital,hospital,King Fahad Hospital
Statistical-Yearbook-2023.xlsx,51,34,3,year,عام,مستشفى أضم العام
Statistical-Yearbook-2023.xlsx,51,34,3,hospital,مستشفى,مستشفى أضم العام
Statistical-Yearbook-2023.xlsx,51,34,4,hospital,hospital,Adham General Hospital
Statistical-Yearbook-2023.xlsx,51,35,3,hospital,مستشفى,مستشفى شرق جدة
Statistical-Yearbook-2023.xlsx,51,35,4,hospital,hospital,East Jeddah Hospital
Statistical-Yearbook-2023.xlsx,51,36,3,hospital,مستشفى,مستشفى رابغ
Statistical-Yearbook-2023.xlsx,51,36,4,hospital,hospital,Rabigh Hospital
Statistical-Yearbook-2023.xlsx,51,38,3,hospital,مستشفى,مستشفى الملك عبد العزيز التخصصي
Statistical-Yearbook-2023.xlsx,51,38,4,hospital,hospital,King Abdulaziz Specialist Hospital
Statistical-Yearbook-2023.xlsx,51,40,3,year,عام,مستشفى المويه العام
Statistical-Yearbook-2023.xlsx,51,40,3,hospital,مستشفى,مستشفى المويه العام
Statistical-Yearbook-2023.xlsx,51,40,4,hospital,hospital,Al-Moya General Hospital
Statistical-Yearbook-2023.xlsx,52,2,1,hospital,hospital,CBAHI Accredited Other Governmental Sector Hospitals
Statistical-Yearbook-2023.xlsx,52,4,1,region,المنطقة,المنطقة الصحية
Statistical-Yearbook-2023.xlsx,52,4,2,hospital,مستشفى,المستشفى
Statistical-Yearbook-2023.xlsx,52,4,4,hospital,hospital,Hospital Name
Statistical-Yearbook-2023.xlsx,52,4,6,region,region,Health Region
Statistical-Yearbook-2023.xlsx,52,5,3,hospital,مستشفى,مستشفى الملك فيصل التخصصي ومركز الأبحاث
Statistical-Yearbook-2023.xlsx,52,5,4,hospital,hospital,King Faisal Specialist Hospital and Research Center
Statistical-Yearbook-2023.xlsx,52,6,3,hospital,مستشفى,مستشفى القوات المسلحة بالمصانع الحربية بالخرج
Statistical-Yearbook-2023.xlsx,52,6,4,hospital,hospital,"Armed Forces Hospital in the military factories, Al-Kharj"
Statistical-Yearbook-2023.xlsx,52,8,3,hospital,مستشفى,مستشفى القوات المسلحة بوادي الدواسر
Statistical-Yearbook-2023.xlsx,52,8,4,hospital,hospital,Armed Forces Hospital in Wadi Al-Dawaser
Statistical-Yearbook-2023.xlsx,52,9,3,hospital,مستشفى,مستشفى الملك خالد الجامعي بالرياض
Statistical-Yearbook-2023.xlsx,52,9,4,hospital,hospital,King Khalid University Hospital - Riyadh
Statistical-Yearbook-2023.xlsx,52,10,3,hospital,مستشفى,مستشفى الملك عبدالله بن عبدالعزيز بجامعة الأميرة نورة- الرياض
Statistical-Yearbook-2023.xlsx,52,10,4,hospital,hospital,King Abdullah Bin Abdulaziz University Hospital - Riyadh
Statistical-Yearbook-2023.xlsx,52,11,3,hospital,مستشفى,مستشفى قوى الأمن
Statistical-Yearbook-2023.xlsx,52,11,4,hospital,hospital,Security Forces Hospital- Riyadh
Statistical-Yearbook-2023.xlsx,52,12,3,hospital,مستشفى,مستشفى الملك عبد العزيز الجامعي - الرياض
Statistical-Yearbook-2023.xlsx,52,12,4,hospital,hospital,King Abdulaziz University Hospital - Riyadh
Statistical-Yearbook-2023.xlsx,52,13,3,hospital,مستشفى,مستشفى الأمن المركزي -الرياض
Statistical-Yearbook-2023.xlsx,52,13,4,hospital,hospital,Central Security Hospital  - Riyadh
Statistical-Yearbook-2023.xlsx,52,15,3,hospital,مستشفى,مستشفى قوى الأمن
Statistical-Yearbook-2023.xlsx,52,15,4,hospital,hospital,Security Forces Hospital-Makkah
Statistical-Yearbook-2023.xlsx,52,16,3,hospital,مستشفى,مستشفى الملك فهد للقوات المسلحة بجدة
Statistical-Yearbook-2023.xlsx,52,16,4,hospital,hospital,King Fahad Armed Forces Hospital- Jeddah
Statistical-Yearbook-2023.xlsx,52,17,3,hospital,مستشفى,مستشفى الامن المركزي بجدة
Statistical-Yearbook-2023.xlsx,52,17,4,hospital,hospital,Central Security Hospital -Jeddah
Statistical-Yearbook-2023.xlsx,52,19,3,hospital,مستشفى,مستشفى الملك عبد العزيز الجامعي - جدة
Statistical-Yearbook-2023.xlsx,52,19,4,hospital,hospital,King Abdulaziz University Hospital - Jeddah
Statistical-Yearbook-2023.xlsx,52,20,3,hospital,مستشفى,مستشفى الملك فيصل التخصصي ومركز الأبحاث
Statistical-Yearbook-2023.xlsx,52,20,4,hospital,hospital,King Faisal Specialist Hospital and Research Center
Statistical-Yearbook-2023.xlsx,52,21,3,hospital,مستشفى,مستشفى الأمير منصور العسكري
Statistical-Yearbook-2023.xlsx,52,21,4,hospital,hospital,Prince Mansour Military Hospital
Statistical-Yearbook-2023.xlsx,52,22,3,hospital,مستشفى,مستشفى الأمير سلطان العسكري- الطائف
Statistical-Yearbook-2023.xlsx,52,22,4,hospital,hospital,Prince Sultan Military Hospital-Taif
Statistical-Yearbook-2023.xlsx,52,23,3,hospital,مستشفى,مستشفى القوات المسلحة للتأهيل الصحي
Statistical-Yearbook-2023.xlsx,52,23,4,hospital,hospital,Armed Forces Rehabilitation Hospital
Statistical-Yearbook-2023.xlsx,52,24,3,hospital,مستشفى,مستشفى القوات المسلحة - الهدا
Statistical-Yearbook-2023.xlsx,52,24,4,hospital,hospital,Al Hada Military Hospital
Statistical-Yearbook-2023.xlsx,52,25,3,hospital,مستشفى,مستشفى الأمير محمد بن عبد العزيز
Statistical-Yearbook-2023.xlsx,52,25,4,hospital,hospital,Prince Mohammed bin Abdulaziz Hospital
Statistical-Yearbook-2023.xlsx,52,26,3,hospital,مستشفى,مستشفى الملك فيصل التخصصي ومركز الأبحاث
Statistical-Yearbook-2023.xlsx,52,26,4,hospital,hospital,King Faisal Specialist Hospital and Research Center
Statistical-Yearbook-2023.xlsx,52,27,3,hospital,مستشفى,مستشفى الأمير سلطان للقوات المسلحة
Statistical-Yearbook-2023.xlsx,52,29,3,hospital,مستشفى,مستشفى الأمن المركزي
Statistical-Yearbook-2023.xlsx,52,29,4,hospital,hospital,"Central Security Hospital, Qaseem"
Statistical-Yearbook-2023.xlsx,52,30,3,hospital,مستشفى,مستشفى الامام عبد الرحمن آل فيصل للحرس الوطني
Statistical-Yearbook-2023.xlsx,52,30,4,hospital,hospital,Imam Abdul Rahman bin Faisal National Guard Hospital - Dammam
Statistical-Yearbook-2023.xlsx,52,30,6,region,region,Eastern Region
Statistical-Yearbook-2023.xlsx,52,33,3,hospital,مستشفى,مستشفى القوات المسلحة بقاعدة الملك عبد العزيز الجوية بالظهران
Statistical-Yearbook-2023.xlsx,52,33,4,hospital,hospital,"Armed Forces Hospital, King Abdulaziz Air Base, Dhahran"
Statistical-Yearbook-2023.xlsx,52,34,3,hospital,مستشفى,مستشفى قوى الأمن
Statistical-Yearbook-2023.xlsx,52,34,4,hospital,hospital,Security Forces Hospital
Statistical-Yearbook-2023.xlsx,52,36,3,hospital,مستشفى,مستشفى القوات المسلحة بقاعدة الملك عبد العزيز البحرية بالجبيل
Statistical-Yearbook-2023.xlsx,52,36,4,hospital,hospital,"Armed Forces Hospital, King Abdulaziz Naval Base, Jubail"
Statistical-Yearbook-2023.xlsx,52,39,3,hospital,مستشفى,مستشفى القوات المسلحة بالشمالية بحفر الباطن
Statistical-Yearbook-2023.xlsx,52,39,4,hospital,hospital,Northern Borders Area Armed Forces Hospital - Hafr Al Batin
Statistical-Yearbook-2023.xlsx,52,40,3,hospital,مستشفى,مستشفى القوات المسلحة  - خميس مشيط
Statistical-Yearbook-2023.xlsx,52,40,4,hospital,hospital,"ARMED FORCES HOSPITAL, KHAMIS MUSHEET"
Statistical-Yearbook-2023.xlsx,53,2,1,hospital,hospital,CBAHI Accredited Private Hospitals
Statistical-Yearbook-2023.xlsx,53,4,1,region,المنطقة,المنطقة الصحية
Statistical-Yearbook-2023.xlsx,53,4,2,hospital,مستشفى,المستشفى
Statistical-Yearbook-2023.xlsx,53,4,4,hospital,hospital,Hospital Name
Statistical-Yearbook-2023.xlsx,53,4,6,region,region,Health Region
Statistical-Yearbook-2023.xlsx,53,5,3,hospital,مستشفى,مستشفى رعاية الرياض
Statistical-Yearbook-2023.xlsx,53,5,4,hospital,hospital,Riyadh Care Hospital
Statistical-Yearbook-2023.xlsx,53,6,3,hospital,مستشفى,مستشفى شركة الدارة الطبية
Statistical-Yearbook-2023.xlsx,53,6,4,hospital,hospital,Aldara Medical Company Hospital
Statistical-Yearbook-2023.xlsx,53,7,3,hospital,مستشفى,مستشفى شركة دلة نمار الصحية القابضة
Statistical-Yearbook-2023.xlsx,53,7,4,hospital,hospital,Dallah Namar Health Holding Company Hospital
Statistical-Yearbook-2023.xlsx,53,8,3,hospital,مستشفى,مستشفى الدكتور سليمان الحبيب
Statistical-Yearbook-2023.xlsx,53,8,4,hospital,hospital,Dr. Sulaiman Al Habib Hospital
Statistical-Yearbook-2023.xlsx,53,9,3,hospital,مستشفى,مستشفى الصفوة
Statistical-Yearbook-2023.xlsx,53,9,4,hospital,hospital,Al Safwa Hospital
Statistical-Yearbook-2023.xlsx,53,10,3,hospital,مستشفى,مستشفى الأسرة الدولى
Statistical-Yearbook-2023.xlsx,53,10,3,bed,أسرة,مستشفى الأسرة الدولى
Statistical-Yearbook-2023.xlsx,53,10,4,hospital,hospital,Al Osrah International Hospital
Statistical-Yearbook-2023.xlsx,53,11,3,hospital,مستشفى,مستشفى الجافل الدولي
Statistical-Yearbook-2023.xlsx,53,11,4,hospital,hospital,Al Jafel International Hospital
Statistical-Yearbook-2023.xlsx,53,12,3,hospital,مستشفى,مستشفى الدكتور سليمان الفقيه
Statistical-Yearbook-2023.xlsx,53,12,4,hospital,hospital,Doctor Soliman Fakeeh Hospital
Statistical-Yearbook-2023.xlsx,53,12,4,physician,doctor,Doctor Soliman Fakeeh Hospital
Statistical-Yearbook-2023.xlsx,53,13,3,hospital,مستشفى,مستشفى الغرب التخصصي للرعاية الطبية
Statistical-Yearbook-2023.xlsx,53,13,4,hospital,hospital,Al Gharb Al Takhassusi Hospital for healthcare
Statistical-Yearbook-2023.xlsx,53,14,3,hospital,مستشفى,مستشفى الحمادي 3 النزهه
Statistical-Yearbook-2023.xlsx,53,14,4,hospital,hospital,Al Hammadi Hospital 3 Nuzha
Statistical-Yearbook-2023.xlsx,53,15,3,hospital,مستشفى,مستشفى الوطني
Statistical-Yearbook-2023.xlsx,53,15,4,hospital,hospital,Riyadh National Hospital
Statistical-Yearbook-2023.xlsx,53,16,3,hospital,مستشفى,مستشفى الهلال الأخضر
Statistical-Yearbook-2023.xlsx,53,16,4,hospital,hospital,Green Crescent Hospital
Statistical-Yearbook-2023.xlsx,53,17,3,hospital,مستشفى,مستشفى العظام والمفاصل والعمود الفقري
Statistical-Yearbook-2023.xlsx,53,17,4,hospital,hospital,Bone Joint and Spine Hospital
Statistical-Yearbook-2023.xlsx,53,18,3,hospital,مستشفى,مستشفى الفلاح الدولي
Statistical-Yearbook-2023.xlsx,53,18,4,hospital,hospital,Alfalah International Hospital
Statistical-Yearbook-2023.xlsx,53,19,3,hospital,مستشفى,مستشفى الدكتور سليمان الحبيب للنساء والولادة
Statistical-Yearbook-2023.xlsx,53,19,4,hospital,hospital,Dr. Sulaiman Al Habib Hospital for Obstetric and Gynecology
Statistical-Yearbook-2023.xlsx,53,20,3,hospital,مستشفى,مستشفى النخبة
Statistical-Yearbook-2023.xlsx,53,20,4,hospital,hospital,Alnokhbah Hospital
Statistical-Yearbook-2023.xlsx,53,21,3,hospital,مستشفى,مستشفى شركة الدكتور محمد الفقيه
Statistical-Yearbook-2023.xlsx,53,21,4,hospital,hospital,Dr.Mohammed AlFagih Hospital
Statistical-Yearbook-2023.xlsx,53,22,3,hospital,مستشفى,مستشفى علي بن محمد بن علي
Statistical-Yearbook-2023.xlsx,53,22,4,hospital,hospital,Ali Bin Mohamed Bin Ali Hospital
Statistical-Yearbook-2023.xlsx,53,23,3,hospital,مستشفى,مستشفى عناية العائلة
Statistical-Yearbook-2023.xlsx,53,23,4,hospital,hospital,Family Care Hospital
Statistical-Yearbook-2023.xlsx,53,24,3,hospital,مستشفى,مستشفى المملكة
Statistical-Yearbook-2023.xlsx,53,24,4,hospital,hospital,Kingdom Hospital
Statistical-Yearbook-2023.xlsx,53,25,3,hospital,مستشفى,شركة مستشفى دار الشفاء
Statistical-Yearbook-2023.xlsx,53,25,4,hospital,hospital,Dar Al-Shefa Hospital Company
Statistical-Yearbook-2023.xlsx,53,26,3,hospital,مستشفى,شركة مستشفى واحة الصحة لرعاية المسنين
Statistical-Yearbook-2023.xlsx,53,26,4,hospital,hospital,Health Oasis Hospital Company
Statistical-Yearbook-2023.xlsx,53,27,3,hospital,مستشفى,مستشفى المركز التخصصي الطبي 2
Statistical-Yearbook-2023.xlsx,53,28,3,hospital,مستشفى,مستشفى السلام الطبي
Statistical-Yearbook-2023.xlsx,53,28,4,hospital,hospital,Al Salam Medical Hospital
Statistical-Yearbook-2023.xlsx,53,29,3,hospital,مستشفى,مستشفى أنفاس الراحة
Statistical-Yearbook-2023.xlsx,53,29,4,hospital,hospital,Anfas Medical Care Hospital
Statistical-Yearbook-2023.xlsx,53,30,3,hospital,مستشفى,مستشفى شركة صحة السويدي الطبية
Statistical-Yearbook-2023.xlsx,53,30,4,hospital,hospital,Al Suwaidi Medical Health Company Hospital
Statistical-Yearbook-2023.xlsx,53,31,3,hospital,مستشفى,مستشفى رابية الطبى
Statistical-Yearbook-2023.xlsx,53,31,4,hospital,hospital,Rabiah Hospital - Riyadh
Statistical-Yearbook-2023.xlsx,53,32,3,hospital,مستشفى,مستشفى شركة مغربي
Statistical-Yearbook-2023.xlsx,53,32,4,hospital,hospital,Magrabi Hospital Company
Statistical-Yearbook-2023.xlsx,53,33,3,hospital,مستشفى,مستشفى المركز التخصصي الطبي
Statistical-Yearbook-2023.xlsx,53,34,3,hospital,مستشفى,مستشفى عبيد التخصصي بالرياض
Statistical-Yearbook-2023.xlsx,53,34,4,hospital,hospital,Obaid Specialized Hospital
Statistical-Yearbook-2023.xlsx,53,35,3,hospital,مستشفى,مستشفى الحمادي 2 السويدي
Statistical-Yearbook-2023.xlsx,53,35,4,hospital,hospital,Al Hammadi Hospital 2 Al Suwaidi
Statistical-Yearbook-2023.xlsx,53,36,3,hospital,مستشفى,مستشفى الجزيرة الطبي
Statistical-Yearbook-2023.xlsx,53,36,4,hospital,hospital,Al Jazeera Medical Hospital
Statistical-Yearbook-2023.xlsx,53,38,3,hospital,مستشفى,مستشفى المواساة بالرياض
Statistical-Yearbook-2023.xlsx,53,38,4,hospital,hospital,Al Mouwasat Hospital
Statistical-Yearbook-2023.xlsx,53,39,3,hospital,مستشفى,مستشفى الدكتور عبدالرحمن المشاري
Statistical-Yearbook-2023.xlsx,53,39,4,hospital,hospital,Dr. Abdul Rahman Al-Mishari Hospital
Statistical-Yearbook-2023.xlsx,53,40,3,hospital,مستشفى,مستشفى دله
Statistical-Yearbook-2023.xlsx,53,40,4,hospital,hospital,Dallah Hospital
Statistical-Yearbook-2023.xlsx,فهرس الباب الثالث,1,2,year,عام,الباب الثالث: الصحة العامة
Statistical-Yearbook-2023.xlsx,فهرس الباب الثالث,3,2,year,عام,"التغطية التحصينية عام 2023م ومعدل حدوث الأمراض المستهدفة بالتحصين 
للأعوام الخمسة الأخيرة"
Statistical-Yearbook-2023.xlsx,فهرس الباب الثالث,4,2,year,year,Immunization Coverage in 2023G and the incidence of vaccination target diseases for the last five years.
Statistical-Yearbook-2023.xlsx,فهرس الباب الثالث,5,2,region,المنطقة,حالات الأمراض السارية ( المعدية )  المبلغة خلال 2023م حسب المنطقة الصحية
Statistical-Yearbook-2023.xlsx,فهرس الباب الثالث,6,2,region,region,"Reported Cases of  Notifiable Communicable Diseases by Health Region, 2023G"
Statistical-Yearbook-2023.xlsx,فهرس الباب الثالث,7,2,region,المنطقة,حالات الأمراض السارية ( المعدية )  المبلغة خلال 2023 م حسب المنطقة الصحية
Statistical-Yearbook-2023.xlsx,فهرس الباب الثالث,8,2,region,region,"Reported Cases of  Notifiable Communicable Diseases by Health Region, 2023G"
Statistical-Yearbook-2023.xlsx,فهرس الباب الثالث,9,2,year,عام,حالات الأمرض السارية ( المعدية )  المبلغة خلال عام 2023م حسب الشهر
Statistical-Yearbook-2023.xlsx,فهرس الباب الثالث,11,2,year,عام,حالات الأمراض السارية (المعدية) المبلغة خلال عام 2023م حسب فئة العمر
Statistical-Yearbook-2023.xlsx,فهرس الباب الثالث,13,2,year,عام,حالات الأمراض السارية (المعدية)  المبلغة خلال عام 2023م حسب الجنسية والجنس  ومعدل الإصابة
Statistical-Yearbook-2023.xlsx,فهرس الباب الثالث,16,2,year,year,Reported Cases and Incidence Rates of Certain Notifiable Communicable  Diseases in the last Five Years
Statistical-Yearbook-2023.xlsx,فهرس الباب الثالث,17,2,region,المنطقة,حالات الدرن الرئوي حسب المنطقة الصحية وفئة العمر عام 2023م
Statistical-Yearbook-2023.xlsx,فهرس الباب الثالث,17,2,year,عام,حالات الدرن الرئوي حسب المنطقة الصحية وفئة العمر عام 2023م
Statistical-Yearbook-2023.xlsx,فهرس الباب الثالث,18,2,region,region,"Pulmonary Tuberculosis by Health Region, Age Group, 2023G"
Statistical-Yearbook-2023.xlsx,فهرس الباب الثالث,19,2,region,المنطقة,حالات الدرن غير الرئوي حسب المنطقة الصحية وفئة العمر عام 2023م
Statistical-Yearbook-2023.xlsx,فهرس الباب الثالث,19,2,year,عام,حالات الدرن غير الرئوي حسب المنطقة الصحية وفئة العمر عام 2023م
Statistical-Yearbook-2023.xlsx,فهرس الباب الثالث,20,2,region,region,"Extrapulmonary Tuberculosis by Health Region, Age Group, 2023G"
Statistical-Yearbook-2023.xlsx,فهرس الباب الثالث,21,2,region,المنطقة,حالات الجذام حسب المنطقة الصحية  للأعوام الخمسة الأخيرة
Statistical-Yearbook-2023.xlsx,فهرس الباب الثالث,22,2,region,region,Leprosy Cases by Health Region for the last five years .
Statistical-Yearbook-2023.xlsx,فهرس الباب الثالث,22,2,year,year,Leprosy Cases by Health Region for the last five years .
Statistical-Yearbook-2023.xlsx,فهرس الباب الثالث,23,2,region,المنطقة,حالات الملاريا المبلغة حسب المنطقة الصحية ونوع الطفيل عام 2023م.
Statistical-Yearbook-2023.xlsx,فهرس الباب الثالث,23,2,year,عام,حالات الملاريا المبلغة حسب المنطقة الصحية ونوع الطفيل عام 2023م.
Statistical-Yearbook-2023.xlsx,فهرس الباب الثالث,24,2,region,region,"Notified Malaria Cases by Health Region& Type of Parasite, 2023G."
Statistical-Yearbook-2023.xlsx,فهرس الباب الثالث,25,2,year,عام,حالات الملاريا المبلغة بأماكن التوطن بالمملكة حسب فئة العمر عام 2023م
Statistical-Yearbook-2023.xlsx,فهرس الباب الثالث,27,2,region,المنطقة,حالات الملاريا المبلغة بأماكن التوطن بالمملكة حسب المنطقة الصحية و الشهور عام 2023 م.
Statistical-Yearbook-2023.xlsx,فهرس الباب الثالث,27,2,year,عام,حالات الملاريا المبلغة بأماكن التوطن بالمملكة حسب المنطقة الصحية و الشهور عام 2023 م.
Statistical-Yearbook-2023.xlsx,فهرس الباب الثالث,28,2,region,region,"Notified Malaria Cases in Endemic Zones , KSA , By Health Region and Months, 2023G."
Statistical-Yearbook-2023.xlsx,فهرس الباب الثالث,29,2,region,المنطقة,حالات البلهارسيا المبلغة حسب المنطقة الصحية ونوع الإصابة والجنسية والجنس وفئة العمر لعام 2023م.
Statistical-Yearbook-2023.xlsx,فهرس الباب الثالث,29,2,year,عام,حالات البلهارسيا المبلغة حسب المنطقة الصحية ونوع الإصابة والجنسية والجنس وفئة العمر لعام 2023م.
Statistical-Yearbook-2023.xlsx,فهرس الباب الثالث,30,2,region,region,"Reported Bilharzial Cases by Health Region, Type of Disease, Nationality, Sex and Age Group, 2023G."
Statistical-Yearbook-2023.xlsx,فهرس الباب الثالث,32,2,year,year,"Reported Bilharzial Cases According to Type of Disease, Nationality,Sex , and Prevalence Rate in the last Five Years"
Statistical-Yearbook-2023.xlsx,فهرس الباب الثالث,33,2,region,المنطقة,حالات الليشمانيا الجلدية المبلغة حسب المنطقة الصحية والجنسية والجنس والإقامة وفئة العمر 2023م
Statistical-Yearbook-2023.xlsx,فهرس الباب الثالث,34,2,region,region,"Reported Cases of  Cutaneous Leishmaniasis by Health Region, Nationality , Sex , Residence and Age Group, 2023G"
Statistical-Yearbook-2023.xlsx,فهرس الباب الثالث,35,2,year,عام,حالات الليشمانيا الجلدية المبلغة حسب الشهر والجنسية والجنس والإقامة وفئة العمرعام 2023م
Statistical-Yearbook-2023.xlsx,فهرس الباب الثالث,37,2,region,المنطقة,حالات الليشمانيا الحشوية  المبلغة حسب المنطقة الصحية في الأعوام الخمسة الأخيرة
Statistical-Yearbook-2023.xlsx,فهرس الباب الثالث,38,2,region,region,"Reported Cases of  Visceral Leishmaniasis by Health Region, in the last Five Years"
Statistical-Yearbook-2023.xlsx,فهرس الباب الثالث,38,2,year,year,"Reported Cases of  Visceral Leishmaniasis by Health Region, in the last Five Years"
Statistical-Yearbook-2023.xlsx,فهرس الباب الثالث,39,2,region,المنطقة,حالات الليشمانيا الجلدية والحشوية المبلغة حسب المنطقة الصحية والجنسية  2021-2023م
Statistical-Yearbook-2023.xlsx,فهرس الباب الثالث,40,2,region,region,"Reported Cases of Cutaneous and Visceral Leishmaniasis by Health Region and Nationality, 2021-2023G"
Statistical-Yearbook-2023.xlsx,3-1,1,1,year,عام,التغطية التحصينية عام 2023م ومعدل حدوث الأمراض المستهدفة بالتحصين  للأعوام الخمسة الأخيرة
Statistical-Yearbook-2023.xlsx,3-1,2,1,year,year,Immunization Coverage in 2023G and the incidence of vaccination target diseases for the last five years.
Statistical-Yearbook-2023.xlsx,3-1,5,2,population,population,Incidence Rate / 100 000 population
Statistical-Yearbook-2023.xlsx,3-2,1,1,region,المنطقة,حالات الأمراض المعدية المبلغة خلال 2023م حسب المنطقة الصحية
Statistical-Yearbook-2023.xlsx,3-2,2,1,region,region,"Reported Cases of  Notifiable Infectious Diseases by Health Region, 2023G"
Statistical-Yearbook-2023.xlsx,3-2,4,1,region,المنطقة,المنطقة الصحية
Statistical-Yearbook-2023.xlsx,3-2,4,30,region,region,Health Region
Statistical-Yearbook-2023.xlsx,3-2,26,1,total,المجموع,المجموع
Statistical-Yearbook-2023.xlsx,3-2,26,30,total,total,Total
Statistical-Yearbook-2023.xlsx,3-2تكملة,1,1,region,المنطقة,حالات الأمراض المعدية المبلغة خلال 2023 م حسب المنطقة الصحية
Statistical-Yearbook-2023.xlsx,3-2تكملة,2,1,region,region,"Reported Cases of  Notifiable Infectious Diseases by Health Region, 2023G"
Statistical-Yearbook-2023.xlsx,3-2تكملة,4,1,region,المنطقة,المنطقة الصحية
Statistical-Yearbook-2023.xlsx,3-2تكملة,4,36,region,region,Health Region
Statistical-Yearbook-2023.xlsx,3-2تكملة,26,1,total,المجموع,المجموع
Statistical-Yearbook-2023.xlsx,3-2تكملة,26,36,total,total,Total
Statistical-Yearbook-2023.xlsx,3-3,1,1,year,عام,حالات الأمرض المعدية المبلغة خلال عام 2023م حسب الشهر
Statistical-Yearbook-2023.xlsx,3-3,4,14,total,المجموع,المجموع
Statistical-Yearbook-2023.xlsx,3-3,5,14,total,total,Total
Statistical-Yearbook-2023.xlsx,3-4,1,1,year,عام,حالات الأمراض االمعدية المبلغة خلال عام 2023م حسب فئة العمر
Statistical-Yearbook-2023.xlsx,3-4,4,2,year,year,Age group(years)               (فئة العمر (بالسنوات
Statistical-Yearbook-2023.xlsx,3-4,5,8,total,المجموع,المجموع
Statistical-Yearbook-2023.xlsx,3-4,6,8,total,total,Total
Statistical-Yearbook-2023.xlsx,3-5,1,1,year,عام,حالات الأمراض المعدية المبلغة خلال عام 2023م حسب الجنسية والجنس  ومعدل الإصابة
Statistical-Yearbook-2023.xlsx,3-5,4,8,total,المجموع,المجموع
Statistical-Yearbook-2023.xlsx,3-5,5,4,total,المجموع,المجموع
Statistical-Yearbook-2023.xlsx,3-5,5,7,total,المجموع,المجموع
Statistical-Yearbook-2023.xlsx,3-5,6,8,total,total,Total
Statistical-Yearbook-2023.xlsx,3-5,38,1,population,السكان,معدل الإصابة لكل 100000 من السكان *
Statistical-Yearbook-2023.xlsx,3-5,38,6,population,population,* Incidence rate / 100.000 population
Statistical-Yearbook-2023.xlsx,3-6,2,1,year,year,Reported Cases and Incidence Rates of Certain Notifiable Infectious  Diseases in the last Five Years
Statistical-Yearbook-2023.xlsx,3-6,5,3,population,السكان,معدل  الإصابة لكل مائة ألف من السكان
Statistical-Yearbook-2023.xlsx,3-6,5,5,population,السكان,معدل  الإصابة لكل مائة ألف من السكان
Statistical-Yearbook-2023.xlsx,3-6,5,7,population,السكان,معدل  الإصابة لكل مائة ألف من السكان
Statistical-Yearbook-2023.xlsx,3-6,5,9,population,السكان,معدل  الإصابة لكل مائة ألف من السكان
Statistical-Yearbook-2023.xlsx,3-6,5,11,population,السكان,معدل  الإصابة لكل مائة ألف من السكان
Statistical-Yearbook-2023.xlsx,3-6,5,13,population,السكان,معدل  الإصابة لكل مائة ألف من السكان
Statistical-Yearbook-2023.xlsx,3-6,5,15,population,السكان,معدل  الإصابة لكل مائة ألف من السكان
Statistical-Yearbook-2023.xlsx,3-6,6,3,population,population,"Incidence Rate per 100,000 population"
Statistical-Yearbook-2023.xlsx,3-6,6,5,population,population,"Incidence Rate per 100,000 population"
Statistical-Yearbook-2023.xlsx,3-6,6,7,population,population,"Incidence Rate per 100,000 population"
Statistical-Yearbook-2023.xlsx,3-6,6,9,population,population,"Incidence Rate per 100,000 population"
Statistical-Yearbook-2023.xlsx,3-6,6,11,population,population,"Incidence Rate per 100,000 population"
Statistical-Yearbook-2023.xlsx,3-6,6,13,population,population,"Incidence Rate per 100,000 population"
Statistical-Yearbook-2023.xlsx,3-6,6,15,population,population,"Incidence Rate per 100,000 population"
Statistical-Yearbook-2023.xlsx,3-6,37,1,population,السكان,معدل  الإصابة لكل 100000 من السكان فيما عدا الكزاز الوليدي لكل 1000 مولود حي
Statistical-Yearbook-2023.xlsx,3-6,37,5,population,population,Incidence rate/100000 population except NNT/1000 live birth
Statistical-Yearbook-2023.xlsx,3-7,1,1,region,المنطقة,حالات الدرن الرئوي حسب المنطقة الصحية وفئة العمر عام 2023م
Statistical-Yearbook-2023.xlsx,3-7,1,1,year,عام,حالات الدرن الرئوي حسب المنطقة الصحية وفئة العمر عام 2023م
Statistical-Yearbook-2023.xlsx,3-7,2,1,region,region,"Pulmonary Tuberculosis by Health Region, Age Group, 2023G"
Statistical-Yearbook-2023.xlsx,3-7,4,1,region,المنطقة,المنطقة الصحية
Statistical-Yearbook-2023.xlsx,3-7,4,3,year,year,Age group (years)        (فئة العمر(بالسنوات
Statistical-Yearbook-2023.xlsx,3-7,4,17,region,region,Health Region
Statistical-Yearbook-2023.xlsx,3-7,6,2,total,total,Total
Statistical-Yearbook-2023.xlsx,3-7,6,13,total,المجموع,المجموع
Statistical-Yearbook-2023.xlsx,3-7,6,16,total,المجموع,المجموع
Statistical-Yearbook-2023.xlsx,3-7,28,1,total,المجموع,المجموع
Statistical-Yearbook-2023.xlsx,3-7,28,17,total,total,Total
Statistical-Yearbook-2023.xlsx,3-8,1,1,region,المنطقة,حالات الدرن غير الرئوي حسب المنطقة الصحية وفئة العمر عام 2023م
Statistical-Yearbook-2023.xlsx,3-8,1,1,year,عام,حالات الدرن غير الرئوي حسب المنطقة الصحية وفئة العمر عام 2023م
Statistical-Yearbook-2023.xlsx,3-8,2,1,region,region,"Extrapulmonary Tuberculosis by Health Region, Age Group, 2023G"
Statistical-Yearbook-2023.xlsx,3-8,4,1,region,المنطقة,المنطقة الصحية
Statistical-Yearbook-2023.xlsx,3-8,4,3,year,year,Age group (years)        (فئة العمر(بالسنوات
Statistical-Yearbook-2023.xlsx,3-8,4,17,region,region,Health Region
Statistical-Yearbook-2023.xlsx,3-8,6,2,total,total,Total
Statistical-Yearbook-2023.xlsx,3-8,6,13,total,المجموع,المجموع
Statistical-Yearbook-2023.xlsx,3-8,6,16,total,المجموع,المجموع
Statistical-Yearbook-2023.xlsx,3-8,28,1,total,المجموع,المجموع
Statistical-Yearbook-2023.xlsx,3-8,28,17,total,total,Total
Statistical-Yearbook-2023.xlsx,3.9,1,1,region,المنطقة,حالات الجذام حسب المنطقة الصحية  للأعوام الخمسة الأخيرة
Statistical-Yearbook-2023.xlsx,3.9,2,1,region,region,Leprosy Cases by Health Region for the last five years .
Statistical-Yearbook-2023.xlsx,3.9,2,1,year,year,Leprosy Cases by Health Region for the last five years .
Statistical-Yearbook-2023.xlsx,3.9,4,1,region,المنطقة,المنطقة الصحية
Statistical-Yearbook-2023.xlsx,3.9,4,8,region,region,Health Region
Statistical-Yearbook-2023.xlsx,3.9,25,1,total,المجموع,المجموع
Statistical-Yearbook-2023.xlsx,3.9,25,8,total,total,Total
Statistical-Yearbook-2023.xlsx,3.9,26,1,population,السكان,معدل الإصابة لكل مائة ألف من السكان
Statistical-Yearbook-2023.xlsx,3.9,26,8,population,population,"Incidence rate /100,000 population"
Statistical-Yearbook-2023.xlsx,3-10,1,1,region,المنطقة,حالات الملاريا المبلغة حسب المنطقة الصحية ونوع الطفيل عام 2023م.
Statistical-Yearbook-2023.xlsx,3-10,1,1,year,عام,حالات الملاريا المبلغة حسب المنطقة الصحية ونوع الطفيل عام 2023م.
Statistical-Yearbook-2023.xlsx,3-10,2,1,region,region,"Notified Malaria Cases by Health Region& Type of Parasite, 2023G."
Statistical-Yearbook-2023.xlsx,3-10,4,1,region,المنطقة,المنطقة الصحية
Statistical-Yearbook-2023.xlsx,3-10,4,12,region,region,Health Region
Statistical-Yearbook-2023.xlsx,3-10,27,1,total,المجموع,المجموع
Statistical-Yearbook-2023.xlsx,3-10,27,12,total,total,Total
Statistical-Yearbook-2023.xlsx,3-11,1,1,region,المنطقة,حالات الملاريا المبلغة حسب المنطقة الصحية وفئة العمر عام 2023م.
Statistical-Yearbook-2023.xlsx,3-11,1,1,year,عام,حالات الملاريا المبلغة حسب المنطقة الصحية وفئة العمر عام 2023م.
Statistical-Yearbook-2023.xlsx,3-11,2,1,region,region,"Notified Malaria Cases, by Health Region and Age Group, 2023G."
Statistical-Yearbook-2023.xlsx,3-11,4,1,region,المنطقة,المنطقة الصحية
Statistical-Yearbook-2023.xlsx,3-11,4,3,year,السنوات,(فئة العمر(بالسنوات
Statistical-Yearbook-2023.xlsx,3-11,4,13,region,region,Health Region
Statistical-Yearbook-2023.xlsx,3-11,27,1,total,المجموع,المجموع
Statistical-Yearbook-2023.xlsx,3-11,27,13,total,total,Total
Statistical-Yearbook-2023.xlsx,3-12,1,1,region,المنطقة,حالات الملاريا المبلغة بأماكن التوطن بالمملكة حسب المنطقة الصحية و الشهور عام 2023 م.
Statistical-Yearbook-2023.xlsx,3-12,1,1,year,عام,حالات الملاريا المبلغة بأماكن التوطن بالمملكة حسب المنطقة الصحية و الشهور عام 2023 م.
Statistical-Yearbook-2023.xlsx,3-12,2,1,region,region,"Notified Malaria Cases in Endemic Zones , KSA , By Health Region and Month, 2023G."
Statistical-Yearbook-2023.xlsx,3-12,4,1,region,المنطقة,المنطقة الصحية
Statistical-Yearbook-2023.xlsx,3-12,4,8,total,المجموع,المجموع
Statistical-Yearbook-2023.xlsx,3-12,4,9,region,region,Health Region
Statistical-Yearbook-2023.xlsx,3-12,5,8,total,total,Total
Statistical-Yearbook-2023.xlsx,3-12,18,1,total,المجموع,المجموع
Statistical-Yearbook-2023.xlsx,3-12,18,9,total,total,Total
Statistical-Yearbook-2023.xlsx,3-13,1,1,region,المنطقة,حالات البلهارسيا المبلغة حسب المنطقة الصحية ونوع الإصابة والجنسية والجنس وفئة العمر لعام 2023م.
Statistical-Yearbook-2023.xlsx,3-13,1,1,year,عام,حالات البلهارسيا المبلغة حسب المنطقة الصحية ونوع الإصابة والجنسية والجنس وفئة العمر لعام 2023م.
Statistical-Yearbook-2023.xlsx,3-13,2,1,region,region,"Reported Bilharzial Cases by Health Region, Type of Disease, Nationality, Sex and Age Group, 2023G."
Statistical-Yearbook-2023.xlsx,3-13,4,1,region,المنطقة,المنطقة الصحية
Statistical-Yearbook-2023.xlsx,3-13,4,18,region,region,Health Region
Statistical-Yearbook-2023.xlsx,3-13,5,14,year,السنوات,(بالسنوات)
Statistical-Yearbook-2023.xlsx,3-13,5,17,year,year,(years)
Statistical-Yearbook-2023.xlsx,3-13,6,10,total,المجموع,المجموع
Statistical-Yearbook-2023.xlsx,3-13,6,13,total,المجموع,المجموع
Statistical-Yearbook-2023.xlsx,3-13,23,1,total,المجموع,المجموع
Statistical-Yearbook-2023.xlsx,3-13,23,18,total,total,Total
Statistical-Yearbook-2023.xlsx,3-14,2,1,year,year,"Reported Bilharzial Cases According to Type of Disease, Nationality,Sex , and Prevalence Rate in the last Five Years"
Statistical-Yearbook-2023.xlsx,3-14,4,3,year,عام,العام
Statistical-Yearbook-2023.xlsx,3-14,4,7,year,year,Year
Statistical-Yearbook-2023.xlsx,3-14,14,1,population,السكان,معدل الانتشار لكل مائة ألف من السكان
Statistical-Yearbook-2023.xlsx,3-14,14,9,population,population,"Prevalence rate/100,000 population"
Statistical-Yearbook-2023.xlsx,3-15,1,1,region,المنطقة,حالات الليشمانيا الجلدية المبلغة حسب المنطقة الصحية والجنسية والجنس والإقامة وفئة العمر 2023م.
Statistical-Yearbook-2023.xlsx,3-15,2,1,region,region,"Reported Cases of  Cutaneous Leishmaniasis by Health Region, Nationality , Sex , Residence and Age Group, 2023G."
Statistical-Yearbook-2023.xlsx,3-15,4,1,region,المنطقة,المنطقة الصحية
Statistical-Yearbook-2023.xlsx,3-15,4,7,region,المنطقة,الإقامة بالمنطقة الصحية    Residence
Statistical-Yearbook-2023.xlsx,3-15,4,9,year,year,Age group (years)          (فئة العمر(بالسنوات
Statistical-Yearbook-2023.xlsx,3-15,4,15,region,region,Health Region
Statistical-Yearbook-2023.xlsx,3-15,28,1,total,المجموع,المجموع
Statistical-Yearbook-2023.xlsx,3-15,28,15,total,total,Total
Statistical-Yearbook-2023.xlsx,3-16,1,1,year,عام,حالات الليشمانيا الجلدية المبلغة حسب الشهر والجنسية والجنس والإقامة وفئة العمرعام 2023م.
Statistical-Yearbook-2023.xlsx,3-16,4,7,region,المنطقة,الإقامة بالمنطقة الصحية    Residency
Statistical-Yearbook-2023.xlsx,3-16,4,9,year,year,Age group(years)               (فئة العمر(بالسنوات
Statistical-Yearbook-2023.xlsx,3-16,19,1,total,المجموع,المجموع
Statistical-Yearbook-2023.xlsx,3-16,19,15,total,total,Total
Statistical-Yearbook-2023.xlsx,3-17,1,1,region,المنطقة,حالات الليشمانيا الحشوية  المبلغة حسب المنطقة الصحية في الأعوام الخمسة الأخيرة*
Statistical-Yearbook-2023.xlsx,3-17,2,1,region,region,"Reported Cases of  Visceral Leishmaniasis by Health Region, in the last Five Years*"
Statistical-Yearbook-2023.xlsx,3-17,2,1,year,year,"Reported Cases of  Visceral Leishmaniasis by Health Region, in the last Five Years*"
Statistical-Yearbook-2023.xlsx,3-17,4,1,region,المنطقة,المنطقة الصحية
Statistical-Yearbook-2023.xlsx,3-17,4,9,region,region,Health Region
Statistical-Yearbook-2023.xlsx,3-17,9,1,total,المجموع,المجموع
Statistical-Yearbook-2023.xlsx,3-17,9,9,total,total,Total
Statistical-Yearbook-2023.xlsx,3-17,10,1,region,المناطق,*لم تسجل حالات في باقي المناطق
Statistical-Yearbook-2023.xlsx,3-17,10,4,region,region,*No reported cases from other Health Regions
Statistical-Yearbook-2023.xlsx,3-18,1,1,region,المنطقة,حالات الليشمانيا الجلدية والحشوية المبلغة حسب المنطقة الصحية والجنسية  2022-2023م .
Statistical-Yearbook-2023.xlsx,3-18,2,1,region,region,"Reported Cases of Cutaneous and Visceral Leishmaniasis by Health Region and Nationality, 2022-2023G."
Statistical-Yearbook-2023.xlsx,3-18,4,1,region,المنطقة,المنطقة الصحية
Statistical-Yearbook-2023.xlsx,3-18,4,20,region,region,Health Region
Statistical-Yearbook-2023.xlsx,3-18,6,4,total,المجموع,المجموع
Statistical-Yearbook-2023.xlsx,3-18,6,7,total,المجموع,المجموع
Statistical-Yearbook-2023.xlsx,3-18,6,10,total,المجموع,المجموع
Statistical-Yearbook-2023.xlsx,3-18,6,13,total,المجموع,المجموع
Statistical-Yearbook-2023.xlsx,3-18,6,16,total,المجموع,المجموع
Statistical-Yearbook-2023.xlsx,3-18,6,19,total,المجموع,المجموع
Statistical-Yearbook-2023.xlsx,3-18,7,4,total,total,Total
Statistical-Yearbook-2023.xlsx,3-18,7,7,total,total,Total
Statistical-Yearbook-2023.xlsx,3-18,7,10,total,total,Total
Statistical-Yearbook-2023.xlsx,3-18,7,13,total,total,Total
Statistical-Yearbook-2023.xlsx,3-18,7,16,total,total,Total
Statistical-Yearbook-2023.xlsx,3-18,7,19,total,total,Total
Statistical-Yearbook-2023.xlsx,3-18,28,1,total,المجموع,المجموع
Statistical-Yearbook-2023.xlsx,3-18,28,20,total,total,Total
Statistical-Yearbook-2023.xlsx,3-19,1,1,year,عام,أنشطة صحة البيئة بوزارة الصحة خلال عام 2023م.
Statistical-Yearbook-2023.xlsx,3-19,2,1,activity,activities,"Environmental Health Activities in MOH, 2023G."
Statistical-Yearbook-2023.xlsx,3-19,4,1,region,المنطقة,المنطقة الصحية
Statistical-Yearbook-2023.xlsx,3-19,4,2,activity,visits,عدد الزيارات Visits No
Statistical-Yearbook-2023.xlsx,3-19,4,8,region,region,Health Region
Statistical-Yearbook-2023.xlsx,3-19,5,3,year,عام,للأماكن العامة
Statistical-Yearbook-2023.xlsx,3-19,6,2,source,source,Sources of Water supply
Statistical-Yearbook-2023.xlsx,3-19,27,1,total,المجموع,المجموع
Statistical-Yearbook-2023.xlsx,3-19,27,8,total,total,Total
Statistical-Yearbook-2023.xlsx,3-20,2,1,year,year,"Environmental Health Activities, MOH in the last Five Years"
Statistical-Yearbook-2023.xlsx,3-20,2,1,activity,activities,"Environmental Health Activities, MOH in the last Five Years"
Statistical-Yearbook-2023.xlsx,3-20,4,1,activity,النشاط,النشاط
Statistical-Yearbook-2023.xlsx,3-20,4,2,activity,activity,Activity
Statistical-Yearbook-2023.xlsx,3-20,5,1,activity,visits,"عدد الزيارات
Number of Visits"
Statistical-Yearbook-2023.xlsx,3-20,5,2,source,source,"مصادر مياة الشرب
Sources of water supply"
Statistical-Yearbook-2023.xlsx,3-20,6,2,year,عام,"الأماكن العامة
Public places"
Statistical-Yearbook-2023.xlsx,3-20,9,1,year,عام,"مراجعة الشهادات الصحية للعاملين
Check up of workers health certificates"
Statistical-Yearbook-2023.xlsx,3-21,2,1,year,year,Incidence Rate of environmental health related diseases for the last five years.
Statistical-Yearbook-2023.xlsx,3-21,5,2,population,population,"Incidence Rate / 100,000 population"
Statistical-Yearbook-2023.xlsx,3.22,1,1,region,المنطقة,فاشيات الأمراض المنقولة بالغذاء وعدد الحالات المصابة موزعة حسب مصدر الفاشية والجنس والجنسية والفئات العمرية والمنطقة الصحية لعام 2023م.
Statistical-Yearbook-2023.xlsx,3.22,1,1,year,عام,فاشيات الأمراض المنقولة بالغذاء وعدد الحالات المصابة موزعة حسب مصدر الفاشية والجنس والجنسية والفئات العمرية والمنطقة الصحية لعام 2023م.
Statistical-Yearbook-2023.xlsx,3.22,1,1,source,مصدر,فاشيات الأمراض المنقولة بالغذاء وعدد الحالات المصابة موزعة حسب مصدر الفاشية والجنس والجنسية والفئات العمرية والمنطقة الصحية لعام 2023م.
Statistical-Yearbook-2023.xlsx,3.22,2,1,region,region,"Food Borne Outbreaks by Source of Infection, Sex, Nationality,  Age Group and Health Region, 2023G."
Statistical-Yearbook-2023.xlsx,3.22,2,1,source,source,"Food Borne Outbreaks by Source of Infection, Sex, Nationality,  Age Group and Health Region, 2023G."
Statistical-Yearbook-2023.xlsx,3.22,4,1,region,المنطقة,المنطقة الصحية
Statistical-Yearbook-2023.xlsx,3.22,4,3,year,عام,فاشيات من مصدر عام
Statistical-Yearbook-2023.xlsx,3.22,4,3,source,مصدر,فاشيات من مصدر عام
Statistical-Yearbook-2023.xlsx,3.22,4,6,year,عام,عدد الحالات في الفاشيات من مصدر عام
Statistical-Yearbook-2023.xlsx,3.22,4,6,source,مصدر,عدد الحالات في الفاشيات من مصدر عام
Statistical-Yearbook-2023.xlsx,3.22,4,12,year,السنوات,الفئات العمرية بالسنوات
Statistical-Yearbook-2023.xlsx,3.22,4,17,region,region,Health Region
Statistical-Yearbook-2023.xlsx,3.22,5,12,year,year,Age group (years)
Statistical-Yearbook-2023.xlsx,3.22,6,2,total,total,Total FBDOs
Statistical-Yearbook-2023.xlsx,3.22,6,3,source,source,FBDOs from Public Source
Statistical-Yearbook-2023.xlsx,3.22,6,4,source,source,FBDOs from Home Source
Statistical-Yearbook-2023.xlsx,3.22,6,5,total,total,Total Cases of FBDOs
Statistical-Yearbook-2023.xlsx,3.22,6,6,source,source,Cases from Public Source
Statistical-Yearbook-2023.xlsx,3.22,6,7,source,source,Cases from Home Source
Statistical-Yearbook-2023.xlsx,3.22,28,1,total,المجموع,المجموع
Statistical-Yearbook-2023.xlsx,3.22,28,17,total,total,Total
Statistical-Yearbook-2023.xlsx,3-23,1,1,region,المنطقة,حالات التسمم الكيميائي والدوائي موزعة حسب الجنس والجنسية  والمنطقة الصحية لعام 2023م.
Statistical-Yearbook-2023.xlsx,3-23,1,1,year,عام,حالات التسمم الكيميائي والدوائي موزعة حسب الجنس والجنسية  والمنطقة الصحية لعام 2023م.
Statistical-Yearbook-2023.xlsx,3-23,2,1,region,region,"Chemical and Drug Intoxication  by sex, Nationality and Health Region, 2023G."
Statistical-Yearbook-2023.xlsx,3-23,4,1,region,المنطقة,المنطقة الصحية
Statistical-Yearbook-2023.xlsx,3-23,4,9,region,region,Health Region
Statistical-Yearbook-2023.xlsx,3-23,6,2,total,total,Total Cases
Statistical-Yearbook-2023.xlsx,3-23,28,1,total,المجموع,المجموع
Statistical-Yearbook-2023.xlsx,3-23,28,9,total,total,Total
Statistical-Yearbook-2023.xlsx,فهرس الباب الرابع,1,2,activity,الأنشطة,الباب الرابع: الأنشطة والخدمات الصحية
Statistical-Yearbook-2023.xlsx,فهرس الباب الرابع,2,2,activity,activities,Chapter IV : Health Activities and Services
Statistical-Yearbook-2023.xlsx,فهرس الباب الرابع,3,2,region,المنطقة,زيارات واستشارات الرعاية الصحية الأولية بوزارة الصحة حسب المنطقة الصحية عام 2023م.
Statistical-Yearbook-2023.xlsx,فهرس الباب الرابع,3,2,year,عام,زيارات واستشارات الرعاية الصحية الأولية بوزارة الصحة حسب المنطقة الصحية عام 2023م.
Statistical-Yearbook-2023.xlsx,فهرس الباب الرابع,4,2,region,region,"MoH PHC  Encounters and Consultations by Health Region, 2023G."
Statistical-Yearbook-2023.xlsx,فهرس الباب الرابع,5,2,region,المنطقة,زيارات مراجعي الطوارئ المرضية بمستشفيات وزارة الصحة حسب الجنس والجنسية والمنطقة الصحية عام 2023م.
Statistical-Yearbook-2023.xlsx,فهرس الباب الرابع,5,2,year,عام,زيارات مراجعي الطوارئ المرضية بمستشفيات وزارة الصحة حسب الجنس والجنسية والمنطقة الصحية عام 2023م.
Statistical-Yearbook-2023.xlsx,فهرس الباب الرابع,6,2,region,region,"Medical Emergency Encounters in the MoH Hospitals by  Sex, Nationality  and Health Region, 2023G."
Statistical-Yearbook-2023.xlsx,فهرس الباب الرابع,6,2,hospital,hospital,"Medical Emergency Encounters in the MoH Hospitals by  Sex, Nationality  and Health Region, 2023G."
Statistical-Yearbook-2023.xlsx,فهرس الباب الرابع,7,2,region,المنطقة,زيارات مراجعي الطوارئ الجراحية بمستشفيات وزارة الصحة حسب الجنس والجنسية والمنطقة الصحية عام 2023م.
Statistical-Yearbook-2023.xlsx,فهرس الباب الرابع,7,2,year,عام,زيارات مراجعي الطوارئ الجراحية بمستشفيات وزارة الصحة حسب الجنس والجنسية والمنطقة الصحية عام 2023م.
Statistical-Yearbook-2023.xlsx,فهرس الباب الرابع,8,2,region,region,"Surgical Emergency Encounters in the MoH Hospitals by  Sex, Nationality  and Health Region, 2023G."
Statistical-Yearbook-2023.xlsx,فهرس الباب الرابع,8,2,hospital,hospital,"Surgical Emergency Encounters in the MoH Hospitals by  Sex, Nationality  and Health Region, 2023G."
Statistical-Yearbook-2023.xlsx,فهرس الباب الرابع,9,2,region,المنطقة,زيارات مراجعي  العيادات الخارجية بمستشفيات وزارة الصحة حسب الجنس والجنسية والمنطقة الصحية عام 2023م.
Statistical-Yearbook-2023.xlsx,فهرس الباب الرابع,9,2,year,عام,زيارات مراجعي  العيادات الخارجية بمستشفيات وزارة الصحة حسب الجنس والجنسية والمنطقة الصحية عام 2023م.
Statistical-Yearbook-2023.xlsx,فهرس الباب الرابع,10,2,region,region,"Encounters to Outpatient Clinics in MoH Hospitals by  Sex, Nationality  and Health Region, 2023G."
Statistical-Yearbook-2023.xlsx,فهرس الباب الرابع,10,2,hospital,hospital,"Encounters to Outpatient Clinics in MoH Hospitals by  Sex, Nationality  and Health Region, 2023G."
Statistical-Yearbook-2023.xlsx,فهرس الباب الرابع,11,2,region,المنطقة,زيارات المراجعين  للرعاية الصحية الأولية والعيادات الخارجية بمستشفيات وزارة الصحة حسب المنطقة الصحية عام 2023م
Statistical-Yearbook-2023.xlsx,فهرس الباب الرابع,11,2,year,عام,زيارات المراجعين  للرعاية الصحية الأولية والعيادات الخارجية بمستشفيات وزارة الصحة حسب المنطقة الصحية عام 2023م
Statistical-Yearbook-2023.xlsx,فهرس الباب الرابع,12,2,region,region,"PHCs' Encounters and Outpatients of MoH Hospitals by Health Region, 2023G."
Statistical-Yearbook-2023.xlsx,فهرس الباب الرابع,12,2,hospital,hospital,"PHCs' Encounters and Outpatients of MoH Hospitals by Health Region, 2023G."
Statistical-Yearbook-2023.xlsx,فهرس الباب الرابع,13,2,region,المنطقة,زيارات المراجعين لمراكز الرعاية الصحية الأولية والعيادات الخارجية بمستشفيات وزارة الصحة حسب المنطقة الصحية في الأعوام الخمسة الأخيرة
Statistical-Yearbook-2023.xlsx,فهرس الباب الرابع,14,2,region,region,PHCs' Encounters  and Outpatients in MoH Hospitals by Health Region in the last Five Years
Statistical-Yearbook-2023.xlsx,فهرس الباب الرابع,14,2,year,year,PHCs' Encounters  and Outpatients in MoH Hospitals by Health Region in the last Five Years
Statistical-Yearbook-2023.xlsx,فهرس الباب الرابع,14,2,hospital,hospital,PHCs' Encounters  and Outpatients in MoH Hospitals by Health Region in the last Five Years
Statistical-Yearbook-2023.xlsx,فهرس الباب الرابع,15,2,region,المنطقة,مراكز الإسعاف والسيارات التابعة لهيئة الهلال الأحمر السعودي حسب المنطقة الإدارية  عام 2023م.
Statistical-Yearbook-2023.xlsx,فهرس الباب الرابع,15,2,year,عام,مراكز الإسعاف والسيارات التابعة لهيئة الهلال الأحمر السعودي حسب المنطقة الإدارية  عام 2023م.
Statistical-Yearbook-2023.xlsx,فهرس الباب الرابع,16,2,region,region,"First Aid Centers and Ambulances of the Saudi Red Crescent Authority  by Administrative Region, 2023G."
Statistical-Yearbook-2023.xlsx,فهرس الباب الرابع,17,2,region,المنطقة,المرضى والمصابون الذين تم إسعافهم ونقلهم إلى المستشفيات بواسطة هيئة الهلال الأحمر السعودي حسب المنطقة الإدارية ونوع الحالة عام 2023م
Statistical-Yearbook-2023.xlsx,فهرس الباب الرابع,17,2,year,عام,المرضى والمصابون الذين تم إسعافهم ونقلهم إلى المستشفيات بواسطة هيئة الهلال الأحمر السعودي حسب المنطقة الإدارية ونوع الحالة عام 2023م
Statistical-Yearbook-2023.xlsx,فهرس الباب الرابع,17,2,hospital,المستشفيات,المرضى والمصابون الذين تم إسعافهم ونقلهم إلى المستشفيات بواسطة هيئة الهلال الأحمر السعودي حسب المنطقة الإدارية ونوع الحالة عام 2023م
Statistical-Yearbook-2023.xlsx,فهرس الباب الرابع,18,2,region,region,"Patients and Casualties Offered First Aid and Transported by Saudi Red Crescent Authority Ambulances by  Administrative Region and Type of Case  , 2023G."
Statistical-Yearbook-2023.xlsx,فهرس الباب الرابع,19,2,region,المنطقة,الحالات الإسعافية المنقولة بواسطة هيئة الهلال الأحمر السعودي حسب المنطقة الإدارية في الأعوام الخمسة الأخيرة
Statistical-Yearbook-2023.xlsx,فهرس الباب الرابع,20,2,region,region,Cases Offered First Aid and Transported by Ambulances of Saudi Red Crescent Authority by Administrative Region in the last Five Years
Statistical-Yearbook-2023.xlsx,فهرس الباب الرابع,20,2,year,year,Cases Offered First Aid and Transported by Ambulances of Saudi Red Crescent Authority by Administrative Region in the last Five Years
Statistical-Yearbook-2023.xlsx,فهرس الباب الرابع,21,2,year,عام,زيارات المراجعين للمستوصفات والعيادات الخارجية بمستشفيات الجهات الحكومية الأخرى  حسب الجنسية عام 2023م
Statistical-Yearbook-2023.xlsx,فهرس الباب الرابع,22,2,hospital,hospital,"OPD Encounters at  Other Governmental Sector Hospitals and Polyclinics by Nationality, 2023G."
Statistical-Yearbook-2023.xlsx,فهرس الباب الرابع,23,2,region,المنطقة,الخدمات الصحية بالقطاع الخاص  حسب المنطقة الإدارية عام 2023م
Statistical-Yearbook-2023.xlsx,فهرس الباب الرابع,23,2,year,عام,الخدمات الصحية بالقطاع الخاص  حسب المنطقة الإدارية عام 2023م
Statistical-Yearbook-2023.xlsx,فهرس الباب الرابع,24,2,region,region,"Health Services in the Private Sector by Administrative Regions, 2023G"
Statistical-Yearbook-2023.xlsx,فهرس الباب الرابع,25,2,population,السكان,زيارات المراجعين للقطاعات الصحية بالمملكة ومتوسط عدد الزيارات لكل فرد من السكان في الأعوام الخمسة الأخيرة
Statistical-Yearbook-2023.xlsx,فهرس الباب الرابع,25,2,activity,الزيارات,زيارات المراجعين للقطاعات الصحية بالمملكة ومتوسط عدد الزيارات لكل فرد من السكان في الأعوام الخمسة الأخيرة
Statistical-Yearbook-2023.xlsx,فهرس الباب الرابع,26,2,year,year,Encounters to Various Health Sectors & Average No. of Encounters Per Person in the last Five Years
Statistical-Yearbook-2023.xlsx,فهرس الباب الرابع,27,2,region,المنطقة,زيارات المراجعين لعيادات السكرى بمستشفيات وزارة الصحة حسب الجنس والجنسية والمنطقة الصحية عام 2023م.
Statistical-Yearbook-2023.xlsx,فهرس الباب الرابع,27,2,year,عام,زيارات المراجعين لعيادات السكرى بمستشفيات وزارة الصحة حسب الجنس والجنسية والمنطقة الصحية عام 2023م.
Statistical-Yearbook-2023.xlsx,فهرس الباب الرابع,28,2,region,region,"Encounters to  Diabetic  Clinics, MoH Hospitals by  Sex, Nationality  and Health Region, 2023G."
Statistical-Yearbook-2023.xlsx,فهرس الباب الرابع,28,2,hospital,hospital,"Encounters to  Diabetic  Clinics, MoH Hospitals by  Sex, Nationality  and Health Region, 2023G."
Statistical-Yearbook-2023.xlsx,فهرس الباب الرابع,29,2,year,عام,مضاعفات الحمل والولادة  بمستشفيات وزارة الصحة لعام 2023م.
Statistical-Yearbook-2023.xlsx,فهرس الباب الرابع,30,2,hospital,hospital,"Complications of pregnancy and child birth , MoH Hospitals, 2023G."
Statistical-Yearbook-2023.xlsx,فهرس الباب الرابع,31,2,year,عام,المراجعون والمنومون في أقسام الصحة النفسية بوزارة الصحة حسب المجموعات المرضية للتصنيف الدولي للأمراض (ICD-10 ) عام 2023م.
Statistical-Yearbook-2023.xlsx,فهرس الباب الرابع,31,2,total,المجموع,المراجعون والمنومون في أقسام الصحة النفسية بوزارة الصحة حسب المجموعات المرضية للتصنيف الدولي للأمراض (ICD-10 ) عام 2023م.
Statistical-Yearbook-2023.xlsx,فهرس الباب الرابع,33,2,region,المنطقة,زيارات المراجعين لعيادات الأسنان بوزارة الصحة حسب الجنس والجنسية والمنطقة الصحية عام 2023م
Statistical-Yearbook-2023.xlsx,فهرس الباب الرابع,33,2,year,عام,زيارات المراجعين لعيادات الأسنان بوزارة الصحة حسب الجنس والجنسية والمنطقة الصحية عام 2023م
Statistical-Yearbook-2023.xlsx,فهرس الباب الرابع,34,2,region,region,"Encounters to Dental Clinics, MoH by Sex, Nationality and Health Region, 2023G."
Statistical-Yearbook-2023.xlsx,فهرس الباب الرابع,35,2,region,المنطقة,الخدمات الرئيسية للأسنان بمراكز طب الأسنان بوزارة الصحة حسب نوع الخدمة والمنطقة الصحية عام 2023م.
Statistical-Yearbook-2023.xlsx,فهرس الباب الرابع,35,2,year,عام,الخدمات الرئيسية للأسنان بمراكز طب الأسنان بوزارة الصحة حسب نوع الخدمة والمنطقة الصحية عام 2023م.
Statistical-Yearbook-2023.xlsx,فهرس الباب الرابع,36,2,region,region,"Main Dental Services in Dental Centers, MoH by Type of Service and Health Region, 2023G."
Statistical-Yearbook-2023.xlsx,فهرس الباب الرابع,37,2,region,المنطقة,العمليات الجراحية للفك والأسنان وحالات الخلع بوزارة الصحة حسب المنطقة الصحية عام 2023م.
Statistical-Yearbook-2023.xlsx,فهرس الباب الرابع,37,2,year,عام,العمليات الجراحية للفك والأسنان وحالات الخلع بوزارة الصحة حسب المنطقة الصحية عام 2023م.
Statistical-Yearbook-2023.xlsx,فهرس الباب الرابع,37,2,activity,العمليات,العمليات الجراحية للفك والأسنان وحالات الخلع بوزارة الصحة حسب المنطقة الصحية عام 2023م.
Statistical-Yearbook-2023.xlsx,فهرس الباب الرابع,38,2,region,region,"Oral Surgery and Teeth Extraction at  MoH  Facilities by Health Region, 2023G."
Statistical-Yearbook-2023.xlsx,فهرس الباب الرابع,39,2,region,المنطقة,المنومون بمستشفيات وزارة الصحة حسب المنطقة الصحية والجنسية عام 2023م.
Statistical-Yearbook-2023.xlsx,فهرس الباب الرابع,39,2,year,عام,المنومون بمستشفيات وزارة الصحة حسب المنطقة الصحية والجنسية عام 2023م.
Statistical-Yearbook-2023.xlsx,فهرس الباب الرابع,40,2,region,region,"Inpatients at MoH Hospitals  by Health Region and Nationality, 2023G."
Statistical-Yearbook-2023.xlsx,فهرس الباب الرابع,40,2,hospital,hospital,"Inpatients at MoH Hospitals  by Health Region and Nationality, 2023G."
Statistical-Yearbook-2023.xlsx,1..,1,1,region,المنطقة,زيارات واستشارات الرعاية الصحية الأولية بوزارة الصحة حسب المنطقة الصحية عام 2023م.
Statistical-Yearbook-2023.xlsx,1..,1,1,year,عام,زيارات واستشارات الرعاية الصحية الأولية بوزارة الصحة حسب المنطقة الصحية عام 2023م.
Statistical-Yearbook-2023.xlsx,1..,2,1,region,region,"MoH PHC  Encounters and Consultations by Health Region, 2023G."
Statistical-Yearbook-2023.xlsx,1..,4,1,region,المنطقة,المنطقة الصحية
Statistical-Yearbook-2023.xlsx,1..,4,6,total,الإجمالي,الإجمالي
Statistical-Yearbook-2023.xlsx,1..,4,7,region,region,Health Region
Statistical-Yearbook-2023.xlsx,1..,5,6,total,total,Total
Statistical-Yearbook-2023.xlsx,1..,26,1,total,المجموع,المجموع
Statistical-Yearbook-2023.xlsx,1..,26,7,total,total,Total
Statistical-Yearbook-2023.xlsx,2..,1,1,region,المنطقة,زيارات مراجعي الطوارئ المرضية بمستشفيات وزارة الصحة حسب الجنس والجنسية والمنطقة الصحية عام 2023م.
Statistical-Yearbook-2023.xlsx,2..,1,1,year,عام,زيارات مراجعي الطوارئ المرضية بمستشفيات وزارة الصحة حسب الجنس والجنسية والمنطقة الصحية عام 2023م.
Statistical-Yearbook-2023.xlsx,2..,2,1,region,region,"Medical Emergency Encounters in the MOH Hospitals by Sex, Nationality  and Health Region, 2023G."
Statistical-Yearbook-2023.xlsx,2..,2,1,hospital,hospital,"Medical Emergency Encounters in the MOH Hospitals by Sex, Nationality  and Health Region, 2023G."
Statistical-Yearbook-2023.xlsx,2..,4,1,region,المنطقة,المنطقة الصحية
Statistical-Yearbook-2023.xlsx,2..,4,6,total,الإجمالي,الإجمالي
Statistical-Yearbook-2023.xlsx,2..,4,7,region,region,Health Region
Statistical-Yearbook-2023.xlsx,2..,5,6,total,total,Total
Statistical-Yearbook-2023.xlsx,2..,26,1,total,المجموع,المجموع
Statistical-Yearbook-2023.xlsx,2..,26,7,total,total,Total
Statistical-Yearbook-2023.xlsx,3..,1,1,region,المنطقة,زيارات مراجعي الطوارئ الجراحية بمستشفيات وزارة الصحة حسب الجنس والجنسية والمنطقة الصحية عام 2023م.
Statistical-Yearbook-2023.xlsx,3..,1,1,year,عام,زيارات مراجعي الطوارئ الجراحية بمستشفيات وزارة الصحة حسب الجنس والجنسية والمنطقة الصحية عام 2023م.
Statistical-Yearbook-2023.xlsx,3..,2,1,region,region,"Surgical Emergency Encounters in the MOH Hospitals by  Sex, Nationality  and Health Region, 2023G."
Statistical-Yearbook-2023.xlsx,3..,2,1,hospital,hospital,"Surgical Emergency Encounters in the MOH Hospitals by  Sex, Nationality  and Health Region, 2023G."
Statistical-Yearbook-2023.xlsx,3..,4,1,region,المنطقة,المنطقة الصحية
Statistical-Yearbook-2023.xlsx,3..,4,6,total,الإجمالي,الإجمالي
Statistical-Yearbook-2023.xlsx,3..,4,7,region,region,Health Region
Statistical-Yearbook-2023.xlsx,3..,5,1,region,region,Region
Statistical-Yearbook-2023.xlsx,3..,5,6,total,total,Total
Statistical-Yearbook-2023.xlsx,3..,26,1,total,المجموع,المجموع
Statistical-Yearbook-2023.xlsx,3..,26,7,total,total,Total
Statistical-Yearbook-2023.xlsx,4..,1,1,region,المنطقة,زيارات مراجعي  العيادات الخارجية بمستشفيات وزارة الصحة حسب الجنس والجنسية والمنطقة الصحية عام 2023م.
Statistical-Yearbook-2023.xlsx,4..,1,1,year,عام,زيارات مراجعي  العيادات الخارجية بمستشفيات وزارة الصحة حسب الجنس والجنسية والمنطقة الصحية عام 2023م.
Statistical-Yearbook-2023.xlsx,4..,2,1,region,region,"Encounters to Outpatient Clinics in MOH Hospitals by Sex, Nationality  and Health Region, 2023G."
Statistical-Yearbook-2023.xlsx,4..,2,1,hospital,hospital,"Encounters to Outpatient Clinics in MOH Hospitals by Sex, Nationality  and Health Region, 2023G."
Statistical-Yearbook-2023.xlsx,4..,4,1,region,المنطقة,المنطقة الصحية
Statistical-Yearbook-2023.xlsx,4..,4,6,total,الإجمالي,الإجمالي
Statistical-Yearbook-2023.xlsx,4..,4,7,region,region,Health Region
Statistical-Yearbook-2023.xlsx,4..,5,1,region,region,Region
Statistical-Yearbook-2023.xlsx,4..,5,6,total,total,Total
Statistical-Yearbook-2023.xlsx,4..,26,1,total,المجموع,المجموع
Statistical-Yearbook-2023.xlsx,4..,26,7,total,total,Total
Statistical-Yearbook-2023.xlsx,5..,1,1,region,المنطقة,زيارات المراجعين  للرعاية الصحية الأولية والعيادات الخارجية بمستشفيات وزارة الصحة حسب المنطقة الصحية عام 2023م
Statistical-Yearbook-2023.xlsx,5..,1,1,year,عام,زيارات المراجعين  للرعاية الصحية الأولية والعيادات الخارجية بمستشفيات وزارة الصحة حسب المنطقة الصحية عام 2023م
Statistical-Yearbook-2023.xlsx,5..,2,1,region,region,"PHCs' Encounters and Outpatients of MOH Hospitals by Health Region, 2023G."
Statistical-Yearbook-2023.xlsx,5..,2,1,hospital,hospital,"PHCs' Encounters and Outpatients of MOH Hospitals by Health Region, 2023G."
Statistical-Yearbook-2023.xlsx,5..,4,1,region,المنطقة,المنطقة الصحية
Statistical-Yearbook-2023.xlsx,5..,4,4,total,المجموع,المجموع
Statistical-Yearbook-2023.xlsx,5..,4,6,region,region,Health Region
Statistical-Yearbook-2023.xlsx,5..,5,4,total,total,Total
Statistical-Yearbook-2023.xlsx,5..,5,5,total,total,PHC Encounters as % of total Encounters
Statistical-Yearbook-2023.xlsx,5..,26,1,total,المجموع,المجموع
Statistical-Yearbook-2023.xlsx,5..,26,6,total,total,Total
Statistical-Yearbook-2023.xlsx,6..,1,1,region,المنطقة,زيارات المراجعين لمراكز الرعاية الصحية الأولية والعيادات الخارجية بمستشفيات وزارة الصحة حسب المنطقة الصحية في الأعوام الخمسة الأخيرة
Statistical-Yearbook-2023.xlsx,6..,2,1,region,region,PHCs' Encounters  and Outpatients in MOH Hospitals by Health Region in the last Five Years
Statistical-Yearbook-2023.xlsx,6..,2,1,year,year,PHCs' Encounters  and Outpatients in MOH Hospitals by Health Region in the last Five Years
Statistical-Yearbook-2023.xlsx,6..,2,1,hospital,hospital,PHCs' Encounters  and Outpatients in MOH Hospitals by Health Region in the last Five Years
Statistical-Yearbook-2023.xlsx,6..,4,1,region,المنطقة,المنطقة الصحية
Statistical-Yearbook-2023.xlsx,6..,4,16,region,region,Health Region
Statistical-Yearbook-2023.xlsx,6..,27,1,total,المجموع,المجموع
Statistical-Yearbook-2023.xlsx,6..,27,16,total,total,Total
Statistical-Yearbook-2023.xlsx,6..,28,1,activity,الزيارات,إجمالي الزيارات
Statistical-Yearbook-2023.xlsx,6..,28,16,total,total,Total Encounters
Statistical-Yearbook-2023.xlsx,6..,29,1,year,السنة,متوسط عدد الزيارات لكل فرد من السكان في السنة
Statistical-Yearbook-2023.xlsx,6..,29,1,population,السكان,متوسط عدد الزيارات لكل فرد من السكان في السنة
Statistical-Yearbook-2023.xlsx,6..,29,1,activity,الزيارات,متوسط عدد الزيارات لكل فرد من السكان في السنة
Statistical-Yearbook-2023.xlsx,6..,29,16,year,year,Average no. of Encounters / person / year
Statistical-Yearbook-2023.xlsx,7..,1,1,region,المنطقة,مراكز الإسعاف والسيارات التابعة لهيئة الهلال الأحمر السعودي حسب المنطقة الإدارية  عام 2023م.
Statistical-Yearbook-2023.xlsx,7..,1,1,year,عام,مراكز الإسعاف والسيارات التابعة لهيئة الهلال الأحمر السعودي حسب المنطقة الإدارية  عام 2023م.
Statistical-Yearbook-2023.xlsx,7..,2,1,region,region,"First Aid Centers and Ambulances of the Saudi Red Crescent Authority  by Administrative Region, 2023G."
Statistical-Yearbook-2023.xlsx,7..,4,1,region,المنطقة,المنطقة الإدارية
Statistical-Yearbook-2023.xlsx,7..,4,7,region,region,Administrative Region
Statistical-Yearbook-2023.xlsx,7..,6,2,hospital,hospital,"Cases offered first aid, Transported to hospitals"
Statistical-Yearbook-2023.xlsx,7..,21,1,total,المجموع,المجموع
Statistical-Yearbook-2023.xlsx,7..,21,7,total,total,Total
Statistical-Yearbook-2023.xlsx,8..,1,1,region,المنطقة,المرضى والمصابون الذين تم إسعافهم ونقلهم إلى المستشفيات بواسطة هيئة الهلال الأحمر السعودي حسب المنطقة الإدارية ونوع الحالة عام 2023م
Statistical-Yearbook-2023.xlsx,8..,1,1,year,عام,المرضى والمصابون الذين تم إسعافهم ونقلهم إلى المستشفيات بواسطة هيئة الهلال الأحمر السعودي حسب المنطقة الإدارية ونوع الحالة عام 2023م
Statistical-Yearbook-2023.xlsx,8..,1,1,hospital,المستشفيات,المرضى والمصابون الذين تم إسعافهم ونقلهم إلى المستشفيات بواسطة هيئة الهلال الأحمر السعودي حسب المنطقة الإدارية ونوع الحالة عام 2023م
Statistical-Yearbook-2023.xlsx,8..,2,1,region,region,"Patients and Casualties Offered First Aid and Transported by Saudi Red Crescent Authority Ambulances by  Administrative Region and Type of Case, 2023G."
Statistical-Yearbook-2023.xlsx,8..,4,1,region,المنطقة,المنطقة الإدارية
Statistical-Yearbook-2023.xlsx,8..,4,10,region,region,Administrative Region
Statistical-Yearbook-2023.xlsx,8..,5,9,total,المجموع,المجموع
Statistical-Yearbook-2023.xlsx,8..,6,9,total,total,Total
Statistical-Yearbook-2023.xlsx,8..,20,1,total,المجموع,المجموع
Statistical-Yearbook-2023.xlsx,8..,20,10,total,total,Total
Statistical-Yearbook-2023.xlsx,9..,1,1,region,المنطقة,الحالات الإسعافية المنقولة بواسطة هيئة الهلال الأحمر السعودي حسب المنطقة الإدارية في الأعوام الخمسة الأخيرة
Statistical-Yearbook-2023.xlsx,9..,2,1,region,region,Cases Offered First Aid and Transported by Ambulances of Saudi Red Crescent Authority by Administrative Region in the last Five Years
Statistical-Yearbook-2023.xlsx,9..,2,1,year,year,Cases Offered First Aid and Transported by Ambulances of Saudi Red Crescent Authority by Administrative Region in the last Five Years
Statistical-Yearbook-2023.xlsx,9..,4,1,region,المنطقة,المنطقة  الإدارية
Statistical-Yearbook-2023.xlsx,9..,4,3,year,عام,العام
Statistical-Yearbook-2023.xlsx,9..,4,4,year,عام,العام
Statistical-Yearbook-2023.xlsx,9..,4,8,year,year,Year
Statistical-Yearbook-2023.xlsx,9..,4,9,region,region,Administrative Region
Statistical-Yearbook-2023.xlsx,9..,19,1,total,المجموع,المجموع
Statistical-Yearbook-2023.xlsx,9..,19,9,total,total,Total
Statistical-Yearbook-2023.xlsx,10..,1,1,year,عام,زيارات المراجعين للمستوصفات والعيادات الخارجية بمستشفيات الجهات الحكومية الأخرى  حسب الجنسية عام 2023م
Statistical-Yearbook-2023.xlsx,10..,2,1,hospital,hospital,"OPD Encounters at  Other Governmental Sector Hospitals and Polyclinics by Nationality, 2023G."
Statistical-Yearbook-2023.xlsx,10..,4,2,activity,الزيارات,عدد الزيارات
Statistical-Yearbook-2023.xlsx,10..,6,4,total,المجموع,المجموع
Statistical-Yearbook-2023.xlsx,10..,7,4,total,total,Total
Statistical-Yearbook-2023.xlsx,10..,11,1,hospital,مستشفى,مستشفى الملك فيصل التخصصي ومركز الأبحاث
Statistical-Yearbook-2023.xlsx,10..,11,6,hospital,hospital,King Faisal Specialist Hospital
Statistical-Yearbook-2023.xlsx,10..,13,6,hospital,hospital,ARAMCO Hospitals
Statistical-Yearbook-2023.xlsx,10..,15,1,year,عام,المؤسسة العامة لتحلية المياه المالحة
Statistical-Yearbook-2023.xlsx,10..,18,1,total,المجموع,المجموع
Statistical-Yearbook-2023.xlsx,10..,18,6,total,total,Total
Statistical-Yearbook-2023.xlsx,11..,1,1,region,المنطقة,الخدمات الصحية بالقطاع الخاص  حسب المنطقة الإدارية عام 2023م
Statistical-Yearbook-2023.xlsx,11..,1,1,year,عام,الخدمات الصحية بالقطاع الخاص  حسب المنطقة الإدارية عام 2023م
Statistical-Yearbook-2023.xlsx,11..,2,1,region,region,"Health Services in the Private Sector by Administrative Regions, 2023G"
Statistical-Yearbook-2023.xlsx,11..,4,1,region,المنطقة,المنطقة الإدارية
Statistical-Yearbook-2023.xlsx,11..,4,10,region,region,Administrative Region
Statistical-Yearbook-2023.xlsx,11..,20,1,total,المجموع,المجموع
Statistical-Yearbook-2023.xlsx,11..,20,10,total,total,Total
Statistical-Yearbook-2023.xlsx,11..,21,1,source,المصدر,المصدر: مجلس الضمان الصحي
Statistical-Yearbook-2023.xlsx,11..,21,10,source,source,Source: Council of Health Insurance
Statistical-Yearbook-2023.xlsx,12..,1,1,population,السكان,زيارات المراجعين للقطاعات الصحية بالمملكة ومتوسط عدد الزيارات لكل فرد من السكان في الأعوام الخمسة الأخيرة
Statistical-Yearbook-2023.xlsx,12..,1,1,activity,الزيارات,زيارات المراجعين للقطاعات الصحية بالمملكة ومتوسط عدد الزيارات لكل فرد من السكان في الأعوام الخمسة الأخيرة
Statistical-Yearbook-2023.xlsx,12..,2,1,year,year,Encounters to Various Health Sectors & Average No. of Encounters Per Person in the last Five Years
Statistical-Yearbook-2023.xlsx,12..,4,2,year,عام,العام
Statistical-Yearbook-2023.xlsx,12..,4,6,year,year,Year
Statistical-Yearbook-2023.xlsx,12..,9,1,total,المجموع,المجموع
Statistical-Yearbook-2023.xlsx,12..,9,7,total,total,Total
Statistical-Yearbook-2023.xlsx,12..,10,1,year,السنة,متوسط عدد الزيارات لكل فرد من السكان في السنة
Statistical-Yearbook-2023.xlsx,12..,10,1,population,السكان,متوسط عدد الزيارات لكل فرد من السكان في السنة
Statistical-Yearbook-2023.xlsx,12..,10,1,activity,الزيارات,متوسط عدد الزيارات لكل فرد من السكان في السنة
Statistical-Yearbook-2023.xlsx,12..,10,7,year,year,Average  no. of  Encounters per person/year
Statistical-Yearbook-2023.xlsx,13..,1,1,region,المنطقة,زيارات المراجعين لعيادات السكرى بمستشفيات وزارة الصحة حسب الجنس والجنسية والمنطقة الصحية عام 2023م.
Statistical-Yearbook-2023.xlsx,13..,1,1,year,عام,زيارات المراجعين لعيادات السكرى بمستشفيات وزارة الصحة حسب الجنس والجنسية والمنطقة الصحية عام 2023م.
Statistical-Yearbook-2023.xlsx,13..,2,1,region,region,"Encounters to  Diabetic  Clinics, MOH Hospitals by Sex, Nationality  and Health Region, 2023G."
Statistical-Yearbook-2023.xlsx,13..,2,1,hospital,hospital,"Encounters to  Diabetic  Clinics, MOH Hospitals by Sex, Nationality  and Health Region, 2023G."
Statistical-Yearbook-2023.xlsx,13..,4,1,region,المنطقة,المنطقة الصحية
Statistical-Yearbook-2023.xlsx,13..,4,6,total,الإجمالي,الإجمالي
Statistical-Yearbook-2023.xlsx,13..,4,7,region,region,Health Region
Statistical-Yearbook-2023.xlsx,13..,5,6,total,total,Total
Statistical-Yearbook-2023.xlsx,13..,26,1,total,المجموع,المجموع
Statistical-Yearbook-2023.xlsx,13..,26,7,total,total,Total
Statistical-Yearbook-2023.xlsx,14..,1,1,year,عام,مضاعفات الحمل والولادة  بمستشفيات وزارة الصحة لعام 2023م.
Statistical-Yearbook-2023.xlsx,14..,2,1,hospital,hospital,"Complications of pregnancy and child birth, MOH Hospitals, 2023G."
Statistical-Yearbook-2023.xlsx,14..,4,4,total,الإجمالي,الإجمالي
Statistical-Yearbook-2023.xlsx,14..,5,4,total,total,Total
Statistical-Yearbook-2023.xlsx,15..,1,1,year,عام,المراجعون والمنومون في أقسام الصحة النفسية بوزارة الصحة حسب المجموعات المرضية للتصنيف الدولي للأمراض (ICD-10 ) عام 2023م.
Statistical-Yearbook-2023.xlsx,15..,1,1,total,المجموع,المراجعون والمنومون في أقسام الصحة النفسية بوزارة الصحة حسب المجموعات المرضية للتصنيف الدولي للأمراض (ICD-10 ) عام 2023م.
Statistical-Yearbook-2023.xlsx,15..,5,4,total,total,"المجموع
Total"
Statistical-Yearbook-2023.xlsx,15..,5,7,total,total,"المجموع
Total"
Statistical-Yearbook-2023.xlsx,15..,17,1,total,المجموع,المجموع
Statistical-Yearbook-2023.xlsx,15..,17,9,total,total,Total
Statistical-Yearbook-2023.xlsx,15..,18,1,year,عام,المصدر: الإدارة العامة للصحة النفسية والاجتماعية
Statistical-Yearbook-2023.xlsx,15..,18,1,source,المصدر,المصدر: الإدارة العامة للصحة النفسية والاجتماعية
Statistical-Yearbook-2023.xlsx,16..,1,1,region,المنطقة,زيارات المراجعين لعيادات الأسنان بوزارة الصحة حسب الجنس والجنسية والمنطقة الصحية عام 2023م
Statistical-Yearbook-2023.xlsx,16..,1,1,year,عام,زيارات المراجعين لعيادات الأسنان بوزارة الصحة حسب الجنس والجنسية والمنطقة الصحية عام 2023م
Statistical-Yearbook-2023.xlsx,16..,2,1,region,region,"Encounters to Dental Clinics, MOH by Sex, Nationality and Health Region, 2023G."
Statistical-Yearbook-2023.xlsx,16..,4,1,region,المنطقة,المنطقة الصحية
Statistical-Yearbook-2023.xlsx,16..,4,2,activity,الزيارات,عدد الزيارات
Statistical-Yearbook-2023.xlsx,16..,4,8,region,region,Health Region
Statistical-Yearbook-2023.xlsx,16..,25,1,total,المجموع,المجموع
Statistical-Yearbook-2023.xlsx,16..,25,8,total,total,Total
Statistical-Yearbook-2023.xlsx,16..,26,1,hospital,المستشفيات,يشمل عيادات الأسنان بالمستشفيات ومراكز طب الأسنان ومراكز الرعاية الصحية الأولية
Statistical-Yearbook-2023.xlsx,16..,26,5,hospital,hospital,"Include dental clinics in the hospitals, dental centers and PHC"
Statistical-Yearbook-2023.xlsx,16..,27,1,year,عام,المصدر: الإدارة العامة لطب الأسنان
Statistical-Yearbook-2023.xlsx,16..,27,1,source,المصدر,المصدر: الإدارة العامة لطب الأسنان
Statistical-Yearbook-2023.xlsx,16..,27,5,source,source,Source: General Directorate for Dentistry
Statistical-Yearbook-2023.xlsx,17..,1,1,region,المنطقة,الخدمات الرئيسية للأسنان بمراكز طب الأسنان بوزارة الصحة حسب نوع الخدمة والمنطقة الصحية عام 2023م.
Statistical-Yearbook-2023.xlsx,17..,1,1,year,عام,الخدمات الرئيسية للأسنان بمراكز طب الأسنان بوزارة الصحة حسب نوع الخدمة والمنطقة الصحية عام 2023م.
Statistical-Yearbook-2023.xlsx,17..,2,1,region,region,"Main Dental Services in Dental Centers, MoH by Type of Service and Health Region, 2023G."
Statistical-Yearbook-2023.xlsx,17..,4,1,region,المنطقة,المنطقة الصحية
Statistical-Yearbook-2023.xlsx,17..,4,13,total,الإجمالي,الإجمالي
Statistical-Yearbook-2023.xlsx,17..,4,14,region,region,Health Region
Statistical-Yearbook-2023.xlsx,17..,6,13,total,total,Total
Statistical-Yearbook-2023.xlsx,17..,27,1,total,المجموع,المجموع
Statistical-Yearbook-2023.xlsx,17..,27,14,total,total,Total
Statistical-Yearbook-2023.xlsx,17..,28,1,year,عام,المصدر: الإدارة العامة لطب الأسنان
Statistical-Yearbook-2023.xlsx,17..,28,1,source,المصدر,المصدر: الإدارة العامة لطب الأسنان
Statistical-Yearbook-2023.xlsx,17..,28,8,source,source,Source: General Directorate for Dentistry
Statistical-Yearbook-2023.xlsx,18.,1,1,region,المنطقة,العمليات الجراحية للفك والأسنان وحالات الخلع بوزارة الصحة حسب المنطقة الصحية عام 2023م.
Statistical-Yearbook-2023.xlsx,18.,1,1,year,عام,العمليات الجراحية للفك والأسنان وحالات الخلع بوزارة الصحة حسب المنطقة الصحية عام 2023م.
Statistical-Yearbook-2023.xlsx,18.,1,1,activity,العمليات,العمليات الجراحية للفك والأسنان وحالات الخلع بوزارة الصحة حسب المنطقة الصحية عام 2023م.
Statistical-Yearbook-2023.xlsx,18.,2,1,region,region,"Oral Surgery and Teeth Extraction at  MoH Facilities by Health Region, 2023G."
Statistical-Yearbook-2023.xlsx,18.,4,1,region,المنطقة,المنطقة الصحية
Statistical-Yearbook-2023.xlsx,18.,4,6,region,region,Health Region
Statistical-Yearbook-2023.xlsx,18.,5,4,total,total,Total teeth extraction cases
Statistical-Yearbook-2023.xlsx,18.,25,1,total,المجموع,المجموع
Statistical-Yearbook-2023.xlsx,18.,25,6,total,total,Total
Statistical-Yearbook-2023.xlsx,18.,26,1,hospital,المستشفيات,يشمل عيادات وأقسام الأسنان بالمستشفيات ومراكز طب الأسنان ومراكز الرعاية الصحية الأولية
Statistical-Yearbook-2023.xlsx,18.,26,4,hospital,hospital,"Include dental clinics & departments in the hospitals, dental centers and PHC"
Statistical-Yearbook-2023.xlsx,18.,27,1,year,عام,المصدر: الإدارة العامة لطب الأسنان
Statistical-Yearbook-2023.xlsx,18.,27,1,source,المصدر,المصدر: الإدارة العامة لطب الأسنان
Statistical-Yearbook-2023.xlsx,18.,27,4,source,source,Source: General Directorate for Dentistry
Statistical-Yearbook-2023.xlsx,19.,1,1,region,المنطقة,المنومون بمستشفيات وزارة الصحة حسب المنطقة الصحية والجنسية عام 2023م.
Statistical-Yearbook-2023.xlsx,19.,1,1,year,عام,المنومون بمستشفيات وزارة الصحة حسب المنطقة الصحية والجنسية عام 2023م.
Statistical-Yearbook-2023.xlsx,19.,2,1,region,region,"Inpatients at MoH Hospitals by Health Region and Nationality, 2023G."
Statistical-Yearbook-2023.xlsx,19.,2,1,hospital,hospital,"Inpatients at MoH Hospitals by Health Region and Nationality, 2023G."
Statistical-Yearbook-2023.xlsx,19.,4,1,region,المنطقة,المنطقة الصحية
Statistical-Yearbook-2023.xlsx,19.,4,8,region,region,Health Region
Statistical-Yearbook-2023.xlsx,19.,5,5,total,total,Total Non Saudi
Statistical-Yearbook-2023.xlsx,19.,5,6,total,total,Total Inpatients
Statistical-Yearbook-2023.xlsx,19.,26,1,total,المجموع,المجموع
Statistical-Yearbook-2023.xlsx,19.,26,8,total,total,Total
Statistical-Yearbook-2023.xlsx,19.,27,1,source,المصدر,المصدر: مركز الإحالات الطبية
Statistical-Yearbook-2023.xlsx,19.,27,5,source,source,Source: MRC
Statistical-Yearbook-2023.xlsx,20.,1,1,region,المنطقة,المرضى  المنومون بمستشفيات الرعاية المديدة وأسرة الرعاية المديدة بالمستشفيات العامة بوزارة الصحة حسب المنطقة الصحية عام 2023م.
Statistical-Yearbook-2023.xlsx,20.,1,1,year,عام,المرضى  المنومون بمستشفيات الرعاية المديدة وأسرة الرعاية المديدة بالمستشفيات العامة بوزارة الصحة حسب المنطقة الصحية عام 2023م.
Statistical-Yearbook-2023.xlsx,20.,1,1,hospital,المستشفيات,المرضى  المنومون بمستشفيات الرعاية المديدة وأسرة الرعاية المديدة بالمستشفيات العامة بوزارة الصحة حسب المنطقة الصحية عام 2023م.
Statistical-Yearbook-2023.xlsx,20.,1,1,bed,أسرة,المرضى  المنومون بمستشفيات الرعاية المديدة وأسرة الرعاية المديدة بالمستشفيات العامة بوزارة الصحة حسب المنطقة الصحية عام 2023م.
Statistical-Yearbook-2023.xlsx,20.,2,1,region,region,"Inpatients at Long-term Hospitals and Long-term Beds of General Hospitals of MoH by Health Region, 2023G."
Statistical-Yearbook-2023.xlsx,20.,2,1,hospital,hospital,"Inpatients at Long-term Hospitals and Long-term Beds of General Hospitals of MoH by Health Region, 2023G."
Statistical-Yearbook-2023.xlsx,20.,2,1,bed,bed,"Inpatients at Long-term Hospitals and Long-term Beds of General Hospitals of MoH by Health Region, 2023G."
Statistical-Yearbook-2023.xlsx,20.,4,1,region,المنطقة,المنطقة الصحية
Statistical-Yearbook-2023.xlsx,20.,4,3,hospital,hospital,Long-term care hospitals
Statistical-Yearbook-2023.xlsx,20.,4,5,year,عام,مستشفيات عامة بها رعاية مديدة
Statistical-Yearbook-2023.xlsx,20.,4,6,hospital,hospital,General Hospitals Having Long-term care
Statistical-Yearbook-2023.xlsx,20.,4,8,bed,أسرة,إجمالي أسرة الرعاية المديدة
Statistical-Yearbook-2023.xlsx,20.,4,10,region,region,Health Region
Statistical-Yearbook-2023.xlsx,20.,5,2,hospital,المستشفيات,المستشفيات
Statistical-Yearbook-2023.xlsx,20.,5,3,bed,أسرة,الأسرة النشطة
Statistical-Yearbook-2023.xlsx,20.,5,5,hospital,المستشفيات,المستشفيات
Statistical-Yearbook-2023.xlsx,20.,5,6,bed,أسرة,أسرة الرعاية المديدة
Statistical-Yearbook-2023.xlsx,20.,6,2,hospital,hospital,Hospitals
Statistical-Yearbook-2023.xlsx,20.,6,3,bed,bed,Active Beds
Statistical-Yearbook-2023.xlsx,20.,6,5,hospital,hospital,Hospitals
Statistical-Yearbook-2023.xlsx,20.,6,6,bed,bed,Long-term care Beds
Statistical-Yearbook-2023.xlsx,20.,6,8,total,total,Total Long-term Beds
Statistical-Yearbook-2023.xlsx,20.,6,8,bed,bed,Total Long-term Beds
Statistical-Yearbook-2023.xlsx,20.,6,9,total,total,Total Inpatients
Statistical-Yearbook-2023.xlsx,20.,27,1,total,المجموع,المجموع
Statistical-Yearbook-2023.xlsx,20.,27,10,total,total,Total
Statistical-Yearbook-2023.xlsx,21.,1,1,region,المنطقة,المؤشرات المختارة عن خدمات مستشفيات وزارة الصحة (100 سرير فأكثر) حسب المنطقة الصحية عام 2023م.
Statistical-Yearbook-2023.xlsx,21.,1,1,year,عام,المؤشرات المختارة عن خدمات مستشفيات وزارة الصحة (100 سرير فأكثر) حسب المنطقة الصحية عام 2023م.
Statistical-Yearbook-2023.xlsx,21.,1,1,bed,سرير,المؤشرات المختارة عن خدمات مستشفيات وزارة الصحة (100 سرير فأكثر) حسب المنطقة الصحية عام 2023م.
Statistical-Yearbook-2023.xlsx,21.,2,1,region,region,"Selected Indicators of MOH Hospital Services (100+ beds) by Health Region, 2023G."
Statistical-Yearbook-2023.xlsx,21.,2,1,hospital,hospital,"Selected Indicators of MOH Hospital Services (100+ beds) by Health Region, 2023G."
Statistical-Yearbook-2023.xlsx,21.,2,1,bed,bed,"Selected Indicators of MOH Hospital Services (100+ beds) by Health Region, 2023G."
Statistical-Yearbook-2023.xlsx,21.,4,1,region,المنطقة,المنطقة الصحية
Statistical-Yearbook-2023.xlsx,21.,4,2,bed,أسرة,معدل إشغال الأسرة %
Statistical-Yearbook-2023.xlsx,21.,4,6,bed,سرير,معدل دوران السرير / الشهر
Statistical-Yearbook-2023.xlsx,21.,4,8,region,region,Health Region
Statistical-Yearbook-2023.xlsx,21.,27,1,source,المصدر,المصدر: مركز الإحالات الطبية
Statistical-Yearbook-2023.xlsx,21.,27,5,source,source,Source: MRC
Statistical-Yearbook-2023.xlsx,22.,1,1,region,المنطقة,بعض المؤشرات المختارة عن خدمات مستشفيات وزارة الصحة (50 سرير) حسب المنطقة الصحية عام 2023م.
Statistical-Yearbook-2023.xlsx,22.,1,1,year,عام,بعض المؤشرات المختارة عن خدمات مستشفيات وزارة الصحة (50 سرير) حسب المنطقة الصحية عام 2023م.
Statistical-Yearbook-2023.xlsx,22.,1,1,bed,سرير,بعض المؤشرات المختارة عن خدمات مستشفيات وزارة الصحة (50 سرير) حسب المنطقة الصحية عام 2023م.
Statistical-Yearbook-2023.xlsx,22.,2,1,region,region,"Some Selected Indicators of MOH Hospital Services (50 beds) by Health Region, 2023G."
Statistical-Yearbook-2023.xlsx,22.,2,1,hospital,hospital,"Some Selected Indicators of MOH Hospital Services (50 beds) by Health Region, 2023G."
Statistical-Yearbook-2023.xlsx,22.,2,1,bed,bed,"Some Selected Indicators of MOH Hospital Services (50 beds) by Health Region, 2023G."
Statistical-Yearbook-2023.xlsx,22.,4,1,region,المنطقة,المنطقة الصحية
Statistical-Yearbook-2023.xlsx,22.,4,2,bed,أسرة,معدل إشغال الأسرة %
Statistical-Yearbook-2023.xlsx,22.,4,6,bed,سرير,معدل دوران السرير / الشهر
Statistical-Yearbook-2023.xlsx,22.,4,8,region,region,Health Region
Statistical-Yearbook-2023.xlsx,22.,27,1,source,المصدر,المصدر: مركز الإحالات الطبية
Statistical-Yearbook-2023.xlsx,22.,27,5,source,source,Source: MRC
Statistical-Yearbook-2023.xlsx,23.,1,1,region,المنطقة,بعض المؤشرات المختارة عن خدمات مستشفيات الصحة النفسية والرعاية المديدة والتأهيل بوزارة الصحة حسب المنطقة الصحية عام 2023م.
Statistical-Yearbook-2023.xlsx,23.,1,1,year,عام,بعض المؤشرات المختارة عن خدمات مستشفيات الصحة النفسية والرعاية المديدة والتأهيل بوزارة الصحة حسب المنطقة الصحية عام 2023م.
Statistical-Yearbook-2023.xlsx,23.,2,1,region,region,"Some Selected Indicators of MOH Psychiatric, Long Term Care and Rehabilitation Hospitals by Health Region, 2023G."
Statistical-Yearbook-2023.xlsx,23.,2,1,hospital,hospital,"Some Selected Indicators of MOH Psychiatric, Long Term Care and Rehabilitation Hospitals by Health Region, 2023G."
Statistical-Yearbook-2023.xlsx,23.,4,1,region,المنطقة,المنطقة الصحية
Statistical-Yearbook-2023.xlsx,23.,4,2,bed,أسرة,معدل إشغال الأسرة %
Statistical-Yearbook-2023.xlsx,23.,4,3,bed,سرير,معدل دوران السرير / الشهر
Statistical-Yearbook-2023.xlsx,23.,4,5,region,region,Health Region
Statistical-Yearbook-2023.xlsx,23.,27,1,source,المصدر,المصدر: مركز الإحالات الطبية
Statistical-Yearbook-2023.xlsx,23.,27,3,source,source,Source: MRC
Statistical-Yearbook-2023.xlsx,24.,2,1,hospital,hospital,"Inpatients in Other Governmental Sector Hospitals by Nationality, 2023G"
Statistical-Yearbook-2023.xlsx,24.,4,2,activity,التنويم,عدد حالات التنويم
Statistical-Yearbook-2023.xlsx,24.,6,4,total,المجموع,المجموع
Statistical-Yearbook-2023.xlsx,24.,7,4,total,total,Total
Statistical-Yearbook-2023.xlsx,24.,11,1,hospital,مستشفى,مستشفى الملك فيصل التخصصي ومركز الأبحاث
Statistical-Yearbook-2023.xlsx,24.,11,6,hospital,hospital,King Faisal Specialist Hospital & R.C.
Statistical-Yearbook-2023.xlsx,24.,12,6,hospital,hospital,Royal Commission Hospitals in Jubail and Yanbu
Statistical-Yearbook-2023.xlsx,24.,13,6,hospital,hospital,ARAMCO Hospitals
Statistical-Yearbook-2023.xlsx,24.,15,1,total,المجموع,المجموع
Statistical-Yearbook-2023.xlsx,24.,15,6,total,total,Total
Statistical-Yearbook-2023.xlsx,25.,2,1,year,year,"Inpatients in Health Sectors Hospitals, KSA in the last Five Years"
Statistical-Yearbook-2023.xlsx,25.,2,1,hospital,hospital,"Inpatients in Health Sectors Hospitals, KSA in the last Five Years"
Statistical-Yearbook-2023.xlsx,25.,4,2,year,عام,العام
Statistical-Yearbook-2023.xlsx,25.,4,6,year,year,Year
Statistical-Yearbook-2023.xlsx,25.,9,1,total,المجموع,المجموع
Statistical-Yearbook-2023.xlsx,25.,9,7,total,total,Total
Statistical-Yearbook-2023.xlsx,25.,10,7,activity,admissions,Average no. of admissions per 100 persons
Statistical-Yearbook-2023.xlsx,26.,1,1,region,المنطقة,الولادات بمستشفيات وزارة الصحة حسب المنطقة الصحية ونوع الولادة عام 2023م.
Statistical-Yearbook-2023.xlsx,26.,1,1,year,عام,الولادات بمستشفيات وزارة الصحة حسب المنطقة الصحية ونوع الولادة عام 2023م.
Statistical-Yearbook-2023.xlsx,26.,2,1,region,region,"Deliveries in MOH Hospitals by Health Region and Type of Delivery, 2023G."
Statistical-Yearbook-2023.xlsx,26.,2,1,hospital,hospital,"Deliveries in MOH Hospitals by Health Region and Type of Delivery, 2023G."
Statistical-Yearbook-2023.xlsx,26.,4,1,region,المنطقة,المنطقة الصحية
Statistical-Yearbook-2023.xlsx,26.,4,13,region,region,Health Region
Statistical-Yearbook-2023.xlsx,26.,5,8,total,المجموع,المجموع
Statistical-Yearbook-2023.xlsx,26.,6,8,total,total,Total
Statistical-Yearbook-2023.xlsx,26.,6,9,total,total,Total
Statistical-Yearbook-2023.xlsx,26.,7,12,total,total,Total
Statistical-Yearbook-2023.xlsx,26.,28,1,total,المجموع,المجموع
Statistical-Yearbook-2023.xlsx,26.,28,13,total,total,Total
Statistical-Yearbook-2023.xlsx,26.,29,13,total,total,% of total  deliveries
Statistical-Yearbook-2023.xlsx,27.,1,1,year,عام,الولادات بمستشفيات الجهات الحكومية الأخرى حسب نوع الولادة عام 2023م
Statistical-Yearbook-2023.xlsx,27.,2,1,hospital,hospital,"Deliveries at Other Governmental Sector Hospitals by Type of Delivery, 2023G"
Statistical-Yearbook-2023.xlsx,27.,5,8,total,المجموع,المجموع
Statistical-Yearbook-2023.xlsx,27.,6,8,total,total,Total
Statistical-Yearbook-2023.xlsx,27.,6,9,total,total,Total
Statistical-Yearbook-2023.xlsx,27.,7,12,total,total,Total
Statistical-Yearbook-2023.xlsx,27.,11,1,hospital,مستشفى,مستشفى الملك فيصل التخصصي ومركز الأبحاث
Statistical-Yearbook-2023.xlsx,27.,11,13,hospital,hospital,King Faisal Specialist HospitalR.C.
Statistical-Yearbook-2023.xlsx,27.,13,13,hospital,hospital,ARAMCO Hospitals
Statistical-Yearbook-2023.xlsx,27.,15,1,total,المجموع,المجموع
Statistical-Yearbook-2023.xlsx,27.,15,13,total,total,Total
Statistical-Yearbook-2023.xlsx,27.,16,13,total,total,% of total deliveries
Statistical-Yearbook-2023.xlsx,28.,1,1,year,عام,المواليدالأحياء بالقطاع الخاص حسب الجنس عام 2023م
Statistical-Yearbook-2023.xlsx,28.,4,1,region,المنطقة,المنطقة الصحية
Statistical-Yearbook-2023.xlsx,28.,4,5,region,region,Health Region
Statistical-Yearbook-2023.xlsx,28.,7,4,total,total,Total
Statistical-Yearbook-2023.xlsx,28.,28,1,total,المجموع,المجموع
Statistical-Yearbook-2023.xlsx,28.,28,5,total,total,Total
Statistical-Yearbook-2023.xlsx,28.,29,5,total,total,% of total  deliveries
Statistical-Yearbook-2023.xlsx,29.,1,1,region,المنطقة,التدخلات الجراحية بمستشفيات وزارة الصحة حسب المنطقة الصحية والقسم لعام 2023م.
Statistical-Yearbook-2023.xlsx,29.,1,1,year,عام,التدخلات الجراحية بمستشفيات وزارة الصحة حسب المنطقة الصحية والقسم لعام 2023م.
Statistical-Yearbook-2023.xlsx,29.,2,1,region,region,"Surgical Interventions at MoH Hospitals by Health Region and Hospital Sections, 2023G."
Statistical-Yearbook-2023.xlsx,29.,2,1,hospital,hospital,"Surgical Interventions at MoH Hospitals by Health Region and Hospital Sections, 2023G."
Statistical-Yearbook-2023.xlsx,29.,4,1,region,المنطقة,المنطقة الصحية
Statistical-Yearbook-2023.xlsx,29.,4,15,region,region,Health Region
Statistical-Yearbook-2023.xlsx,29.,6,2,year,عام,جراحة عامة
Statistical-Yearbook-2023.xlsx,29.,6,14,total,المجموع,المجموع
Statistical-Yearbook-2023.xlsx,29.,7,14,total,total,Total
Statistical-Yearbook-2023.xlsx,29.,28,1,total,المجموع,المجموع
Statistical-Yearbook-2023.xlsx,29.,28,15,total,total,Total
Statistical-Yearbook-2023.xlsx,30.,1,1,year,عام,التدخلات الجراحية بمستشفيات الجهات الحكومية الأخرى حسب القسم لعام 2023م
Statistical-Yearbook-2023.xlsx,30.,2,1,hospital,hospital,"Surgical Interventions at Other Governmental Sector Hospitals by Section, 2023G"
Statistical-Yearbook-2023.xlsx,30.,6,2,year,عام,جراحة عامة
Statistical-Yearbook-2023.xlsx,30.,6,14,total,المجموع,المجموع
Statistical-Yearbook-2023.xlsx,30.,7,14,total,total,Total
Statistical-Yearbook-2023.xlsx,30.,11,1,hospital,مستشفى,مستشفى الملك فيصل التخصصي ومركز الأبحاث
Statistical-Yearbook-2023.xlsx,30.,11,15,hospital,hospital,King Faisal Specialist Hospital&R.C.
Statistical-Yearbook-2023.xlsx,30.,12,15,hospital,hospital,Royal Commission Hospitals
Statistical-Yearbook-2023.xlsx,30.,13,15,hospital,hospital,ARAMCO Hospitals
Statistical-Yearbook-2023.xlsx,30.,16,1,total,المجموع,المجموع
Statistical-Yearbook-2023.xlsx,30.,16,15,total,total,Total
Statistical-Yearbook-2023.xlsx,31.,1,1,hospital,مستشفى,الأنشطة والخدمات الرئيسية بمستشفى الملك خالد التخصصي للعيون بالرياض في الأعوام الخمسة الأخيرة
Statistical-Yearbook-2023.xlsx,31.,1,1,activity,الأنشطة,الأنشطة والخدمات الرئيسية بمستشفى الملك خالد التخصصي للعيون بالرياض في الأعوام الخمسة الأخيرة
Statistical-Yearbook-2023.xlsx,31.,2,1,year,year,"Main Activities and Services at King Khaled Eye Specialist Hospital, in the last Five Years"
Statistical-Yearbook-2023.xlsx,31.,2,1,hospital,hospital,"Main Activities and Services at King Khaled Eye Specialist Hospital, in the last Five Years"
Statistical-Yearbook-2023.xlsx,31.,2,1,activity,activities,"Main Activities and Services at King Khaled Eye Specialist Hospital, in the last Five Years"
Statistical-Yearbook-2023.xlsx,31.,5,2,activity,الزيارات,عدد الزيارات الأولية
Statistical-Yearbook-2023.xlsx,31.,9,2,total,المجموع,المجموع
Statistical-Yearbook-2023.xlsx,31.,9,10,total,total,Total
Statistical-Yearbook-2023.xlsx,31.,14,2,total,المجموع,المجموع
Statistical-Yearbook-2023.xlsx,31.,14,10,total,total,Total
Statistical-Yearbook-2023.xlsx,31.,15,10,activity,admissions,Admissions
Statistical-Yearbook-2023.xlsx,31.,17,1,activity,العمليات,العمليات الجراحية
Statistical-Yearbook-2023.xlsx,32.,1,1,year,عام,حالات الأورام الخبيثة التي سجلت بمستشفى الملك فيصل التخصصي ومركز الأبحاث حسب موضع الورم والجنس لعام 2023م.
Statistical-Yearbook-2023.xlsx,32.,1,1,hospital,مستشفى,حالات الأورام الخبيثة التي سجلت بمستشفى الملك فيصل التخصصي ومركز الأبحاث حسب موضع الورم والجنس لعام 2023م.
Statistical-Yearbook-2023.xlsx,32.,2,1,hospital,hospital,"Cases of Malignant Tumours Registered at King Faisal Specialist Hospital and Research Center by Site and Sex, 2023G."
Statistical-Yearbook-2023.xlsx,32.,24,1,total,المجموع,المجموع
Statistical-Yearbook-2023.xlsx,32.,24,14,total,total,Total
Statistical-Yearbook-2023.xlsx,32.,25,1,source,المصدر,المصدر : مستشفى الملك فيصل التخصصي  ومركز الأبحاث
Statistical-Yearbook-2023.xlsx,32.,25,1,hospital,مستشفى,المصدر : مستشفى الملك فيصل التخصصي  ومركز الأبحاث
Statistical-Yearbook-2023.xlsx,32.,25,8,source,source,Source : King Faisal Specialist Hospital and Research Center
Statistical-Yearbook-2023.xlsx,32.,25,8,hospital,hospital,Source : King Faisal Specialist Hospital and Research Center
Statistical-Yearbook-2023.xlsx,33.,1,1,year,عام,حالات الأطفال بتشخيص الأورام المحولين الي مستشفى الملك فيصل التخصصي ومركز الأبحاث حسب موضع الورم عام 2023م.
Statistical-Yearbook-2023.xlsx,33.,1,1,hospital,مستشفى,حالات الأطفال بتشخيص الأورام المحولين الي مستشفى الملك فيصل التخصصي ومركز الأبحاث حسب موضع الورم عام 2023م.
Statistical-Yearbook-2023.xlsx,33.,2,1,hospital,hospital,"Cases of Tumours among Children Referred to King Faisal Specialist Hospital by Site, 2023G."
Statistical-Yearbook-2023.xlsx,33.,17,1,total,المجموع,المجموع
Statistical-Yearbook-2023.xlsx,33.,17,8,total,total,Total
Statistical-Yearbook-2023.xlsx,33.,18,1,source,المصدر,المصدر : مستشفى الملك فيصل التخصصي  ومركز الابحاث
Statistical-Yearbook-2023.xlsx,33.,18,1,hospital,مستشفى,المصدر : مستشفى الملك فيصل التخصصي  ومركز الابحاث
Statistical-Yearbook-2023.xlsx,33.,18,5,source,source,Source : King Faisal Specialist Hospital and Research Center
Statistical-Yearbook-2023.xlsx,33.,18,5,hospital,hospital,Source : King Faisal Specialist Hospital and Research Center
Statistical-Yearbook-2023.xlsx,34.,1,1,year,عام,مراكز ومرضى الغسيل الكلوي حسب القطاعات الصحية عام 2021م.
Statistical-Yearbook-2023.xlsx,34.,4,5,total,المجموع,المجموع
Statistical-Yearbook-2023.xlsx,34.,5,5,total,total,Total
Statistical-Yearbook-2023.xlsx,35.,1,1,year,عام,مرضى التنقية الدموية حسب القطاعات الصحية والجنسية والجنس عام 2021م.
Statistical-Yearbook-2023.xlsx,35.,7,7,hospital,hospital,M.o.H. Hospitals
Statistical-Yearbook-2023.xlsx,35.,8,7,hospital,hospital,Other Governmental Sector Hospitals
Statistical-Yearbook-2023.xlsx,35.,9,7,hospital,hospital,Private Sector Hospitals
Statistical-Yearbook-2023.xlsx,35.,10,1,total,المجموع,المجموع
Statistical-Yearbook-2023.xlsx,35.,10,7,total,total,Total
Statistical-Yearbook-2023.xlsx,36.,1,1,year,عام,عدد زيارات مراكز وأقسام التأهيل الطبي بوزارة الصحة عام 2023م.
Statistical-Yearbook-2023.xlsx,36.,4,1,region,المنطقة,المنطقة الصحية
Statistical-Yearbook-2023.xlsx,36.,4,7,total,المجموع,المجموع
Statistical-Yearbook-2023.xlsx,36.,4,8,region,region,Health Region
Statistical-Yearbook-2023.xlsx,36.,7,7,total,total,Total
Statistical-Yearbook-2023.xlsx,36.,28,1,total,المجموع,المجموع
Statistical-Yearbook-2023.xlsx,36.,28,8,total,total,Total
Statistical-Yearbook-2023.xlsx,37.,1,1,year,عام,زيارات ما بعد البتر لمراكز وأقسام التأهيل الطبي بوزارة الصحة حسب الجنس والجنسية وسبب الإصابة لعام  2023م.
Statistical-Yearbook-2023.xlsx,37.,4,6,total,الإجمالي,الإجمالي
Statistical-Yearbook-2023.xlsx,37.,5,6,total,total,Total
Statistical-Yearbook-2023.xlsx,37.,12,1,total,المجموع,المجموع
Statistical-Yearbook-2023.xlsx,37.,12,7,total,total,Total
Statistical-Yearbook-2023.xlsx,38.,1,1,year,عام,خدمات  التأهيل  بالجهات الحكومية الأخرى عام 2023م
Statistical-Yearbook-2023.xlsx,38.,4,11,total,total,"اجمالي عدد الجلسات
Total Sessions"
Statistical-Yearbook-2023.xlsx,38.,5,10,total,total,"المجموع
Total"
Statistical-Yearbook-2023.xlsx,38.,9,1,hospital,مستشفى,مستشفى الملك فيصل التخصصي ومركز الأبحاث
Statistical-Yearbook-2023.xlsx,38.,9,12,hospital,hospital,King Faisal Specialist Hospital
Statistical-Yearbook-2023.xlsx,38.,11,12,hospital,hospital,ARAMCO Hospitals
Statistical-Yearbook-2023.xlsx,38.,15,12,source,source,Ministry of Human Resources and Social Development
Statistical-Yearbook-2023.xlsx,38.,16,1,total,المجموع,المجموع
Statistical-Yearbook-2023.xlsx,38.,16,12,total,total,Total
Statistical-Yearbook-2023.xlsx,39.,1,1,year,عام,خدمات مركز رعاية وتأهيل الأطفال ذوي الإعاقة حسب العمر خلال عام 2023م
Statistical-Yearbook-2023.xlsx,39.,4,1,year,السنة,فئة العمر (بالسنة)
Statistical-Yearbook-2023.xlsx,39.,6,13,nurse,تمريض,تمريض
Statistical-Yearbook-2023.xlsx,39.,6,16,total,المجموع,المجموع
Statistical-Yearbook-2023.xlsx,39.,7,1,year,year,Age group (year)
Statistical-Yearbook-2023.xlsx,39.,7,16,total,total,Total
Statistical-Yearbook-2023.xlsx,39.,20,1,total,total,المجموع    Total
Statistical-Yearbook-2023.xlsx,39.,22,1,source,المصدر,المصدر : الجمعية السعودية الخيرية لرعاية الأطفال المعوقين
Statistical-Yearbook-2023.xlsx,39.,22,8,source,source,Source: Saudi Society of Caring Handicapped Children
Statistical-Yearbook-2023.xlsx,40.,1,1,region,المنطقة,الفحوص المخبرية وعدد مرضى الفحوص الشعاعية بمستشفيات وزارة الصحة حسب المنطقة الصحية عام 2023م.
Statistical-Yearbook-2023.xlsx,40.,1,1,year,عام,الفحوص المخبرية وعدد مرضى الفحوص الشعاعية بمستشفيات وزارة الصحة حسب المنطقة الصحية عام 2023م.
Statistical-Yearbook-2023.xlsx,40.,2,1,region,region,"Laboratory Investigations and Radiology patients at MoH Hospitals by Health Region, 2023G."
Statistical-Yearbook-2023.xlsx,40.,2,1,hospital,hospital,"Laboratory Investigations and Radiology patients at MoH Hospitals by Health Region, 2023G."
Statistical-Yearbook-2023.xlsx,40.,4,1,region,المنطقة,المنطقة الصحية
Statistical-Yearbook-2023.xlsx,40.,4,4,region,region,Health Region
Statistical-Yearbook-2023.xlsx,40.,26,1,total,المجموع,المجموع
Statistical-Yearbook-2023.xlsx,40.,26,4,total,total,Total
Statistical-Yearbook-2023.xlsx,41.,1,1,region,المنطقة,الفحوص المخبرية بمستشفيات وزارة الصحة حسب المنطقة الصحية ونوع الفحص لعام 2023م.
Statistical-Yearbook-2023.xlsx,41.,1,1,year,عام,الفحوص المخبرية بمستشفيات وزارة الصحة حسب المنطقة الصحية ونوع الفحص لعام 2023م.
Statistical-Yearbook-2023.xlsx,41.,2,1,region,region,"Laboratory investigations at MoH Hospitals by Health Region and Type of investigations, 2023G."
Statistical-Yearbook-2023.xlsx,41.,2,1,hospital,hospital,"Laboratory investigations at MoH Hospitals by Health Region and Type of investigations, 2023G."
Statistical-Yearbook-2023.xlsx,41.,4,1,region,المنطقة,المنطقة الصحية
Statistical-Yearbook-2023.xlsx,41.,4,19,total,total,"الإجمالي
Total"
Statistical-Yearbook-2023.xlsx,41.,4,20,region,region,Health Region
Statistical-Yearbook-2023.xlsx,41.,28,1,total,المجموع,المجموع
Statistical-Yearbook-2023.xlsx,41.,28,20,total,total,Total
Statistical-Yearbook-2023.xlsx,42.,1,1,year,عام,فحوص الأشعة التشخيصية بمستشفيات وزارة الصحة حسب نوع الفحص عام 2023م.
Statistical-Yearbook-2023.xlsx,42.,2,1,hospital,hospital,"Diagnostic Radiology Investigations at MoH Hospitals by Type of Investigation, 2023G."
Statistical-Yearbook-2023.xlsx,42.,5,1,year,عام,الأشعة العامة
Statistical-Yearbook-2023.xlsx,43.,2,1,year,year,"Laboratory Investigations and Number of  Radiology & Physiotherapy patients at MoH Facilities, in the last Five Years"
Statistical-Yearbook-2023.xlsx,43.,4,1,activity,النشاط,النشاط
Statistical-Yearbook-2023.xlsx,43.,4,9,activity,activity,Activity
Statistical-Yearbook-2023.xlsx,44.,1,1,year,عام,الفحوص المخبرية والشعاعية بالجهات الحكومية الأخرى عام 2023م
Statistical-Yearbook-2023.xlsx,44.,9,1,hospital,مستشفى,مستشفى الملك فيصل التخصصي ومركز الأبحاث
Statistical-Yearbook-2023.xlsx,44.,9,4,hospital,hospital,King Faisal Specialist Hospital
Statistical-Yearbook-2023.xlsx,44.,11,4,hospital,hospital,ARAMCO Hospitals
Statistical-Yearbook-2023.xlsx,44.,14,1,year,عام,المؤسسة العامة لتحلية المياه المالحة
Statistical-Yearbook-2023.xlsx,44.,15,1,total,المجموع,المجموع
Statistical-Yearbook-2023.xlsx,44.,15,4,total,total,Total
Statistical-Yearbook-2023.xlsx,45.,1,1,region,المنطقة,أعداد العينات والاختبارات التي أجريت بمراكز مراقبة السموم والكيمياء الطبية الشرعية بوزارة الصحة  حسب المنطقة الصحية لعام 2023م.
Statistical-Yearbook-2023.xlsx,45.,1,1,year,عام,أعداد العينات والاختبارات التي أجريت بمراكز مراقبة السموم والكيمياء الطبية الشرعية بوزارة الصحة  حسب المنطقة الصحية لعام 2023م.
Statistical-Yearbook-2023.xlsx,45.,2,1,region,region,"Number of Samples and Tests Conducted at MoH Poison Control and Forensic Chemistry Centers, by Health Region, 2023G."
Statistical-Yearbook-2023.xlsx,45.,4,1,region,المنطقة,المنطقة الصحية
Statistical-Yearbook-2023.xlsx,45.,4,7,region,region,Health Region
Statistical-Yearbook-2023.xlsx,45.,5,5,total,total,Total No. of Samples
Statistical-Yearbook-2023.xlsx,45.,16,1,total,المجموع,المجموع
Statistical-Yearbook-2023.xlsx,45.,16,7,total,total,Total
Statistical-Yearbook-2023.xlsx,46.,1,1,region,المنطقة,أنشطة بنوك الدم بوزارة الصحة حسب المنطقة الصحية عام 2023م.
Statistical-Yearbook-2023.xlsx,46.,1,1,year,عام,أنشطة بنوك الدم بوزارة الصحة حسب المنطقة الصحية عام 2023م.
Statistical-Yearbook-2023.xlsx,46.,2,1,region,region,"Activities at MoH Blood Banks by Health Region, 2023G."
Statistical-Yearbook-2023.xlsx,46.,2,1,activity,activities,"Activities at MoH Blood Banks by Health Region, 2023G."
Statistical-Yearbook-2023.xlsx,46.,4,1,region,المنطقة,المنطقة الصحية
Statistical-Yearbook-2023.xlsx,46.,4,5,region,region,Health Region
Statistical-Yearbook-2023.xlsx,46.,5,2,total,total,Total investigations
Statistical-Yearbook-2023.xlsx,46.,26,1,total,المجموع,المجموع
Statistical-Yearbook-2023.xlsx,46.,26,5,total,total,Total
Statistical-Yearbook-2023.xlsx,47.,2,1,year,year,Activities at MoH Blood Banks in the last Five Years
Statistical-Yearbook-2023.xlsx,47.,2,1,activity,activities,Activities at MoH Blood Banks in the last Five Years
Statistical-Yearbook-2023.xlsx,47.,4,1,activity,النشاط,النشاط
Statistical-Yearbook-2023.xlsx,47.,4,9,activity,activity,Activity
Statistical-Yearbook-2023.xlsx,48.,1,1,year,عام,أنشطة بنوك الدم بالجهات الحكومية الأخرى لعام 2023م
Statistical-Yearbook-2023.xlsx,48.,2,1,activity,activities,"Activities of Blood Banks at  Other Governmental Sector, 2023G"
Statistical-Yearbook-2023.xlsx,48.,9,1,hospital,مستشفى,مستشفى الملك فيصل التخصصي ومركز الأبحاث
Statistical-Yearbook-2023.xlsx,48.,9,6,hospital,hospital,King Faisal Specialist Hospital
Statistical-Yearbook-2023.xlsx,48.,11,6,hospital,hospital,ARAMCO Hospitals
Statistical-Yearbook-2023.xlsx,48.,13,1,total,المجموع,المجموع
Statistical-Yearbook-2023.xlsx,48.,13,6,total,total,Total
Statistical-Yearbook-2023.xlsx,49.,1,1,region,المنطقة,الحالات المعروضة على مراكز الطب الشرعي بوزارة الصحة حسب المنطقة الصحية وطبيعة الفحص الطبي الشرعي لعام 2023م
Statistical-Yearbook-2023.xlsx,49.,1,1,year,عام,الحالات المعروضة على مراكز الطب الشرعي بوزارة الصحة حسب المنطقة الصحية وطبيعة الفحص الطبي الشرعي لعام 2023م
Statistical-Yearbook-2023.xlsx,49.,2,1,region,region,"Cases of MoH Forensic Medicine Centers by Health Region and Different Examinations, 2023G."
Statistical-Yearbook-2023.xlsx,49.,4,1,region,المنطقة,المنطقة الصحية
Statistical-Yearbook-2023.xlsx,49.,4,4,total,المجموع,المجموع
Statistical-Yearbook-2023.xlsx,49.,4,7,total,الإجمالي,الإجمالي
Statistical-Yearbook-2023.xlsx,49.,4,8,region,region,Health Region
Statistical-Yearbook-2023.xlsx,49.,6,4,total,total,Total
Statistical-Yearbook-2023.xlsx,49.,6,7,total,total,Grand Total
Statistical-Yearbook-2023.xlsx,49.,27,1,total,المجموع,المجموع
Statistical-Yearbook-2023.xlsx,49.,27,8,total,total,Total
Statistical-Yearbook-2023.xlsx,50.,1,1,region,المنطقة,عدد الهيئات الصحية الشرعية وعدد قضايا الأخطاء الطبية المعروضة عليها  حسب المنطقة الصحية لعام 2022م.
Statistical-Yearbook-2023.xlsx,50.,1,1,year,عام,عدد الهيئات الصحية الشرعية وعدد قضايا الأخطاء الطبية المعروضة عليها  حسب المنطقة الصحية لعام 2022م.
Statistical-Yearbook-2023.xlsx,50.,2,1,region,region,Number of Medico Legal Committees and Number of  Referred Medical Malpractice Cases by Health Region in 2022G.
Statistical-Yearbook-2023.xlsx,50.,4,1,region,المنطقة,المنطقة الصحية
Statistical-Yearbook-2023.xlsx,50.,4,5,total,المجموع,المجموع
Statistical-Yearbook-2023.xlsx,50.,4,7,year,عام,عدد القضايا المرحلة للعام التالي
Statistical-Yearbook-2023.xlsx,50.,4,8,region,region,Health Region
Statistical-Yearbook-2023.xlsx,50.,7,5,total,total,Total
Statistical-Yearbook-2023.xlsx,50.,7,7,year,year,Ongoing Cases to the next year
Statistical-Yearbook-2023.xlsx,50.,23,1,total,المجموع,المجموع
Statistical-Yearbook-2023.xlsx,50.,23,8,total,total,Total
Statistical-Yearbook-2023.xlsx,51.,1,1,year,عام,قضايا الوفيات الناتجة عن الأخطاء الطبية الصادرة عن الهيئات الصحية الشرعية تبعا للإدانة من عدمها عام 2022م.
Statistical-Yearbook-2023.xlsx,51.,4,1,region,المنطقة,المنطقة الصحية
Statistical-Yearbook-2023.xlsx,51.,4,7,region,region,Health Region
Statistical-Yearbook-2023.xlsx,51.,5,6,total,total,Total of Dead Cases' Resolutions
Statistical-Yearbook-2023.xlsx,51.,22,1,total,المجموع,المجموع
Statistical-Yearbook-2023.xlsx,51.,22,7,total,total,Total
Statistical-Yearbook-2023.xlsx,52.,1,1,region,المنطقة,الحالات التي تمت إحالتها إلى المستشفيات الحكومية العامة أو التخصصية حسب المنطقة المحيلة والمستقبلة عام 2023م.
Statistical-Yearbook-2023.xlsx,52.,1,1,year,عام,الحالات التي تمت إحالتها إلى المستشفيات الحكومية العامة أو التخصصية حسب المنطقة المحيلة والمستقبلة عام 2023م.
Statistical-Yearbook-2023.xlsx,52.,1,1,hospital,المستشفيات,الحالات التي تمت إحالتها إلى المستشفيات الحكومية العامة أو التخصصية حسب المنطقة المحيلة والمستقبلة عام 2023م.
Statistical-Yearbook-2023.xlsx,52.,2,1,region,region,"Cases Referred to  Governmental General or Specialist Hospitals by Source and Destination Region , 2023G."
Statistical-Yearbook-2023.xlsx,52.,2,1,source,source,"Cases Referred to  Governmental General or Specialist Hospitals by Source and Destination Region , 2023G."
Statistical-Yearbook-2023.xlsx,52.,2,1,hospital,hospital,"Cases Referred to  Governmental General or Specialist Hospitals by Source and Destination Region , 2023G."
Statistical-Yearbook-2023.xlsx,52.,4,1,region,المنطقة,المنطقة المستقبلة
Statistical-Yearbook-2023.xlsx,52.,4,24,total,المجموع,المجموع
Statistical-Yearbook-2023.xlsx,52.,5,1,region,المنطقة,المنطقة المحيلة
Statistical-Yearbook-2023.xlsx,52.,5,24,total,total,Total
Statistical-Yearbook-2023.xlsx,52.,28,1,total,المجموع,المجموع
Statistical-Yearbook-2023.xlsx,52.,28,25,total,total,Total
Statistical-Yearbook-2023.xlsx,53.,1,1,year,عام,الحالات التي أرسلت للعلاج بالخارج من قبل الهيئات الطبية حسب الدولة والحالة الطبية عام  2023م.
Statistical-Yearbook-2023.xlsx,53.,4,8,total,الإجمالي,الإجمالي
Statistical-Yearbook-2023.xlsx,53.,5,8,total,total,Total
Statistical-Yearbook-2023.xlsx,53.,11,1,year,عام,الجراحة العامة
Statistical-Yearbook-2023.xlsx,53.,20,1,year,عام,الباطنة العامة
Statistical-Yearbook-2023.xlsx,53.,25,1,total,المجموع,المجموع
Statistical-Yearbook-2023.xlsx,53.,25,9,total,total,Total
Statistical-Yearbook-2023.xlsx,54,1,1,year,عام,المرضى المحالون إلى أقسام الخدمة الاجتماعية بمستشفيات وزارة الصحة حسب أسباب البحث الاجتماعي والجنس عام 2023م.
Statistical-Yearbook-2023.xlsx,54,2,1,hospital,hospital,"Cases Referred to Social Service Departements at MOH Hospitals, According to Cause of Social Investigation and Sex, 2023G."
Statistical-Yearbook-2023.xlsx,54,4,4,total,total,"الإجمالي
Total"
Statistical-Yearbook-2023.xlsx,55,1,1,region,المنطقة,عدد الوجبات التقريبي لمستحقي التغذية في مستشفيات وزارة الصحة حسب المنطقة الصحية لعام 2023م.
Statistical-Yearbook-2023.xlsx,55,1,1,year,عام,عدد الوجبات التقريبي لمستحقي التغذية في مستشفيات وزارة الصحة حسب المنطقة الصحية لعام 2023م.
Statistical-Yearbook-2023.xlsx,55,2,1,region,region,"Approximate No. of Meals Served in MoH Hospitals by Health Region, 2023G."
Statistical-Yearbook-2023.xlsx,55,2,1,hospital,hospital,"Approximate No. of Meals Served in MoH Hospitals by Health Region, 2023G."
Statistical-Yearbook-2023.xlsx,55,4,1,region,المنطقة,المنطقة الصحية
Statistical-Yearbook-2023.xlsx,55,4,2,bed,أسرة,عدد الأسرة
Statistical-Yearbook-2023.xlsx,55,4,4,nurse,تمريض,وجبات التمريض والمناوبين
Statistical-Yearbook-2023.xlsx,55,4,9,year,السنة,متوسط وجبات المرضى لكل سرير في السنة
Statistical-Yearbook-2023.xlsx,55,4,9,bed,سرير,متوسط وجبات المرضى لكل سرير في السنة
Statistical-Yearbook-2023.xlsx,55,4,10,region,region,Health Region
Statistical-Yearbook-2023.xlsx,55,5,2,bed,bed,No. of beds
Statistical-Yearbook-2023.xlsx,55,5,4,nurse,nurse,Nurses & on duties meals
Statistical-Yearbook-2023.xlsx,55,5,6,total,total,Total no. of meals
Statistical-Yearbook-2023.xlsx,55,5,8,total,total,Percent of  patient  meals / total meals
Statistical-Yearbook-2023.xlsx,55,5,9,year,year,Average  patient      meals /  bed in year
Statistical-Yearbook-2023.xlsx,55,5,9,bed,bed,Average  patient      meals /  bed in year
Statistical-Yearbook-2023.xlsx,55,26,1,total,المجموع,المجموع
Statistical-Yearbook-2023.xlsx,55,26,10,total,total,Total
Statistical-Yearbook-2023.xlsx,55,27,1,year,عام,المصدر: الإدارة العامة للتغذية
Statistical-Yearbook-2023.xlsx,55,27,1,source,المصدر,المصدر: الإدارة العامة للتغذية
Statistical-Yearbook-2023.xlsx,56,1,1,region,المنطقة,عدد المستشفيات المنفذة لبرنامج الرعاية الصحية المنزلية بوزارة الصحة والعاملين وعدد المستفيدين حسب المنطقة الصحية لعام 2023م
Statistical-Yearbook-2023.xlsx,56,1,1,year,عام,عدد المستشفيات المنفذة لبرنامج الرعاية الصحية المنزلية بوزارة الصحة والعاملين وعدد المستفيدين حسب المنطقة الصحية لعام 2023م
Statistical-Yearbook-2023.xlsx,56,1,1,hospital,المستشفيات,عدد المستشفيات المنفذة لبرنامج الرعاية الصحية المنزلية بوزارة الصحة والعاملين وعدد المستفيدين حسب المنطقة الصحية لعام 2023م
Statistical-Yearbook-2023.xlsx,56,2,1,region,region,"Number of MoH Hospitals Implementing Home Health Care Program, Manpower and Beneficiaries by Health Region, 2023G"
Statistical-Yearbook-2023.xlsx,56,2,1,hospital,hospital,"Number of MoH Hospitals Implementing Home Health Care Program, Manpower and Beneficiaries by Health Region, 2023G"
Statistical-Yearbook-2023.xlsx,56,4,1,region,المنطقة,المنطقة الصحية
Statistical-Yearbook-2023.xlsx,56,4,2,hospital,المستشفيات,عدد المستشفيات
Statistical-Yearbook-2023.xlsx,56,4,4,year,عام,عدد العاملين
Statistical-Yearbook-2023.xlsx,56,4,6,year,عام,عدد المستفيدين التراكمي نهاية عام 2023
Statistical-Yearbook-2023.xlsx,56,4,7,region,region,Health Region
Statistical-Yearbook-2023.xlsx,56,5,2,hospital,hospital,No. of Hospitals
Statistical-Yearbook-2023.xlsx,56,26,1,total,المجموع,المجموع
Statistical-Yearbook-2023.xlsx,56,26,7,total,total,Total
Statistical-Yearbook-2023.xlsx,57,1,1,year,عام,الخدمات المقدمة من الإدارة العامة لمراكز الاتصال خلال الأعوام الخمسة الأخيرة
Statistical-Yearbook-2023.xlsx,57,2,1,year,year,Services Provided by General Directorate for Call Centers in the Last Five Years.
Statistical-Yearbook-2023.xlsx,58,1,1,year,عام,مؤشرات الإدارة العامة لمراكز الاتصال للأعوام الخمسة الأخيرة
Statistical-Yearbook-2023.xlsx,58,2,1,year,year,Indicators of the General Directorate for Call Centers in the Last Five Years.
Statistical-Yearbook-2023.xlsx,58,26,1,year,عام,المصدر: الإدارة العامة لمراكز الإتصال
Statistical-Yearbook-2023.xlsx,58,26,1,source,المصدر,المصدر: الإدارة العامة لمراكز الإتصال
Statistical-Yearbook-2023.xlsx,58,26,7,source,source,Source: General Directorate for Call Centers
Statistical-Yearbook-2023.xlsx,59,1,1,region,المنطقة,موارد وأنشطة الطب الاتصالي بوزارة الصحة حسب المنطقة الصحية لعام 2023م
Statistical-Yearbook-2023.xlsx,59,1,1,year,عام,موارد وأنشطة الطب الاتصالي بوزارة الصحة حسب المنطقة الصحية لعام 2023م
Statistical-Yearbook-2023.xlsx,59,2,1,region,region,"Resources and Activities of Telemedicine at MoH by Health Regions, 2023G"
Statistical-Yearbook-2023.xlsx,59,2,1,source,source,"Resources and Activities of Telemedicine at MoH by Health Regions, 2023G"
Statistical-Yearbook-2023.xlsx,59,2,1,activity,activities,"Resources and Activities of Telemedicine at MoH by Health Regions, 2023G"
Statistical-Yearbook-2023.xlsx,59,4,1,region,المنطقة,المنطقة الصحية
Statistical-Yearbook-2023.xlsx,59,4,9,region,region,Health Region
Statistical-Yearbook-2023.xlsx,59,5,2,hospital,المستشفيات,المستشفيات
Statistical-Yearbook-2023.xlsx,59,6,2,hospital,hospital,Hospitals
Statistical-Yearbook-2023.xlsx,59,6,5,total,total,Total Facilities
Statistical-Yearbook-2023.xlsx,59,26,1,total,المجموع,المجموع
Statistical-Yearbook-2023.xlsx,59,26,9,total,total,Total
Statistical-Yearbook-2023.xlsx,60,1,1,region,المنطقة,خدمات الصحة المدرسية حسب نوع الخدمة والمنطقة الصحية لعام 2023م
Statistical-Yearbook-2023.xlsx,60,1,1,year,عام,خدمات الصحة المدرسية حسب نوع الخدمة والمنطقة الصحية لعام 2023م
Statistical-Yearbook-2023.xlsx,60,2,1,region,region,"School Health Services by Type of Service and Health Region, 2023G"
Statistical-Yearbook-2023.xlsx,60,4,1,region,المنطقة,المنطقة الصحية
Statistical-Yearbook-2023.xlsx,60,4,6,region,region,Health Region
Statistical-Yearbook-2023.xlsx,60,27,1,total,المجموع,المجموع
Statistical-Yearbook-2023.xlsx,60,27,6,total,total,Total
Statistical-Yearbook-2023.xlsx,fig1,39,2,year,year,Year
Statistical-Yearbook-2023.xlsx,fig2,8,25,year,year,YearMonth
Statistical-Yearbook-2023.xlsx,fig2,36,2,year,year,Year
Statistical-Yearbook-2023.xlsx,fig3,1,1,hospital,مستشفى,متوسط مدة الإقامة للمرضى داخل المستشفى (بالأيام)
Statistical-Yearbook-2023.xlsx,fig3,7,26,year,year,Year Month
Statistical-Yearbook-2023.xlsx,fig3,40,2,year,year,Year
Statistical-Yearbook-2023.xlsx,fig4,5,25,year,year,Year Month
Statistical-Yearbook-2023.xlsx,fig4,37,2,year,year,Year
Statistical-Yearbook-2023.xlsx,fig5,1,1,activity,العمليات,غرفة العمليات – متوسط وقت انتظار الجراحة (بالأيام)
Statistical-Yearbook-2023.xlsx,fig5,6,25,year,year,Year Month
Statistical-Yearbook-2023.xlsx,fig6,8,28,year,year,YearMonth
Statistical-Yearbook-2023.xlsx,fig6,39,2,year,year,Year
Statistical-Yearbook-2023.xlsx,fig7,8,24,year,year,YearMonth
Statistical-Yearbook-2023.xlsx,فهرس الباب الخامس,4,2,year,year,Pilgrims From Inside and Outside the Kingdom in the last Ten Years
Statistical-Yearbook-2023.xlsx,فهرس الباب الخامس,7,2,year,عام,العاملون بوزارة الصحة والمخصصون للعمل خلال موسم حج 1444هـ (2023م).
Statistical-Yearbook-2023.xlsx,فهرس الباب الخامس,10,2,activity,activities,"Activities of Control Health Centers at Entry Points ( Preventive Care ), 1444H (2023G)."
Statistical-Yearbook-2023.xlsx,فهرس الباب الخامس,12,2,year,year,Hajj Visits to PHCs  in the Last Five Years
Statistical-Yearbook-2023.xlsx,فهرس الباب الخامس,12,2,activity,visits,Hajj Visits to PHCs  in the Last Five Years
Statistical-Yearbook-2023.xlsx,فهرس الباب الخامس,13,2,hospital,المستشفيات,زيارات الحجاج لأقسام الطوارئ بالمستشفيات في الأعوام الخمسة الأخيرة
Statistical-Yearbook-2023.xlsx,فهرس الباب الخامس,14,2,year,year,Hajj Visits to ER Hospital Departments in the Last Five Years
Statistical-Yearbook-2023.xlsx,فهرس الباب الخامس,14,2,hospital,hospital,Hajj Visits to ER Hospital Departments in the Last Five Years
Statistical-Yearbook-2023.xlsx,فهرس الباب الخامس,14,2,activity,visits,Hajj Visits to ER Hospital Departments in the Last Five Years
Statistical-Yearbook-2023.xlsx,فهرس الباب الخامس,15,2,hospital,المستشفيات,زيارات الحجاج للعيادات الخارجية بالمستشفيات في الأعوام الخمسة الأخيرة
Statistical-Yearbook-2023.xlsx,فهرس الباب الخامس,16,2,year,year,Hajj Visits to Hospital OPDs in the Last Five Years
Statistical-Yearbook-2023.xlsx,فهرس الباب الخامس,16,2,hospital,hospital,Hajj Visits to Hospital OPDs in the Last Five Years
Statistical-Yearbook-2023.xlsx,فهرس الباب الخامس,16,2,activity,visits,Hajj Visits to Hospital OPDs in the Last Five Years
Statistical-Yearbook-2023.xlsx,فهرس الباب الخامس,17,2,hospital,المستشفيات,حالات التنويم من الحجاج  بأقسام المستشفيات في الأعوام الخمسة الأخيرة
Statistical-Yearbook-2023.xlsx,فهرس الباب الخامس,17,2,activity,التنويم,حالات التنويم من الحجاج  بأقسام المستشفيات في الأعوام الخمسة الأخيرة
Statistical-Yearbook-2023.xlsx,فهرس الباب الخامس,18,2,year,year,Hajj Admissions to Hospital Departments in the Last Five Years
Statistical-Yearbook-2023.xlsx,فهرس الباب الخامس,18,2,hospital,hospital,Hajj Admissions to Hospital Departments in the Last Five Years
Statistical-Yearbook-2023.xlsx,فهرس الباب الخامس,18,2,activity,admissions,Hajj Admissions to Hospital Departments in the Last Five Years
Statistical-Yearbook-2023.xlsx,فهرس الباب الخامس,20,2,year,year,Heat exhaustion Cases among Hajj in the Last Five Years
Statistical-Yearbook-2023.xlsx,فهرس الباب الخامس,22,2,year,year,Heat Stroke Cases among Hajj in the Last Five Years
Statistical-Yearbook-2023.xlsx,فهرس الباب الخامس,28,2,year,year,Cardiac Catheter Cases among Hajj in the Last Five Years
Statistical-Yearbook-2023.xlsx,فهرس الباب الخامس,30,2,year,year,Open Heart Surgery among Hajj in the Last Five Years
Statistical-Yearbook-2023.xlsx,فهرس الباب الخامس,32,2,year,year,Renal Dialysis Sessions among Hajj in the Last Five Years
Statistical-Yearbook-2023.xlsx,فهرس الباب الخامس,34,2,year,year,Endoscopy Cases among Hajj in the Last Five Years
Statistical-Yearbook-2023.xlsx,فهرس الباب الخامس,36,2,year,year,Deliveries among Hajj in the Last Five Years
Statistical-Yearbook-2023.xlsx,فهرس الباب الخامس,38,2,year,year,Deaths among Hajj in the Last Five Years
Statistical-Yearbook-2023.xlsx,5-1,2,1,year,year,Pilgrims From Inside and Outside the Kingdom in the last Ten Years
Statistical-Yearbook-2023.xlsx,5-1,4,1,year,عام,العام الهجري
Statistical-Yearbook-2023.xlsx,5-1,4,2,total,جملة,جملة الحجاج
Statistical-Yearbook-2023.xlsx,5-1,4,7,year,عام,العام الميلادي
Statistical-Yearbook-2023.xlsx,5-1,5,1,year,year,H. Year
Statistical-Yearbook-2023.xlsx,5-1,5,2,total,total,Total No. of Plgrims
Statistical-Yearbook-2023.xlsx,5-1,5,7,year,year,G. Year
Statistical-Yearbook-2023.xlsx,5-1,17,1,year,عام,المصدر : الهيئة العامة للإحصاء
Statistical-Yearbook-2023.xlsx,5-1,17,1,source,المصدر,المصدر : الهيئة العامة للإحصاء
Statistical-Yearbook-2023.xlsx,5-1,17,5,source,source,Source: General Authority for Statistics
Statistical-Yearbook-2023.xlsx,5-2,4,5,total,المجموع,المجموع
Statistical-Yearbook-2023.xlsx,5-2,5,5,total,total,Total
Statistical-Yearbook-2023.xlsx,5-2,6,6,hospital,hospital,Permanent hospitals
Statistical-Yearbook-2023.xlsx,5-2,7,6,hospital,hospital,Seasonal hospitals
Statistical-Yearbook-2023.xlsx,5-2,8,6,hospital,hospital,Field Hospitals
Statistical-Yearbook-2023.xlsx,5-2,9,6,hospital,hospital,Virtual Hospital
Statistical-Yearbook-2023.xlsx,5-2,10,1,bed,أسرة,عدد أسرة التنويم
Statistical-Yearbook-2023.xlsx,5-2,10,1,activity,التنويم,عدد أسرة التنويم
Statistical-Yearbook-2023.xlsx,5-2,10,6,bed,bed,Inpatient Beds
Statistical-Yearbook-2023.xlsx,5-2,11,1,bed,أسرة,عدد أسرة العناية المركزة
Statistical-Yearbook-2023.xlsx,5-2,11,6,bed,bed,ICU Beds
Statistical-Yearbook-2023.xlsx,5-3,1,1,year,عام,العاملون بوزارة الصحة والمخصصون للعمل خلال موسم حج 1444هـ (2023م).
Statistical-Yearbook-2023.xlsx,5-3,4,8,total,الإجمالي,الإجمالي
Statistical-Yearbook-2023.xlsx,5-3,5,4,total,total,"الإجمالي
Total"
Statistical-Yearbook-2023.xlsx,5-3,5,7,total,total,"الإجمالي
Total"
Statistical-Yearbook-2023.xlsx,5-3,5,8,total,total,Total
Statistical-Yearbook-2023.xlsx,5-3,6,1,physician,طبيب,طبيب استشاري
Statistical-Yearbook-2023.xlsx,5-3,6,9,physician,physician,Consultant Physician
Statistical-Yearbook-2023.xlsx,5-3,7,1,physician,طبيب,طبيب نائب
Statistical-Yearbook-2023.xlsx,5-3,7,9,physician,physician,Registrar Physician
Statistical-Yearbook-2023.xlsx,5-3,8,1,year,عام,طبيب عام
Statistical-Yearbook-2023.xlsx,5-3,8,1,physician,طبيب,طبيب عام
Statistical-Yearbook-2023.xlsx,5-3,10,1,nurse,ممرض,ممرض
Statistical-Yearbook-2023.xlsx,5-3,10,9,nurse,nurse,Nurse
Statistical-Yearbook-2023.xlsx,5-3,14,1,year,عام,عامل / سائق
Statistical-Yearbook-2023.xlsx,5-3,15,1,total,الإجمالي,الإجمالي
Statistical-Yearbook-2023.xlsx,5-3,15,9,total,total,Total
Statistical-Yearbook-2023.xlsx,5-4,2,1,activity,activities,"Activities of Control Health Centers at Entry Points ( Preventive Care ), 1444H (2023G)."
Statistical-Yearbook-2023.xlsx,5-4,9,1,total,المجموع,المجموع
Statistical-Yearbook-2023.xlsx,5-4,9,8,total,total,Total
Statistical-Yearbook-2023.xlsx,5-5,2,1,year,year,Pilgrims' Visits to PHCs  in the Last Five Years
Statistical-Yearbook-2023.xlsx,5-5,2,1,activity,visits,Pilgrims' Visits to PHCs  in the Last Five Years
Statistical-Yearbook-2023.xlsx,5-5,4,1,region,المنطقة,المنطقة
Statistical-Yearbook-2023.xlsx,5-5,4,7,region,region,Region
Statistical-Yearbook-2023.xlsx,5-5,9,1,total,الإجمالي,الإجمالي
Statistical-Yearbook-2023.xlsx,5-5,9,7,total,total,Total
Statistical-Yearbook-2023.xlsx,5-6,1,1,hospital,المستشفيات,زيارات الحجاج لأقسام الطوارئ بالمستشفيات في الأعوام الخمسة الأخيرة
Statistical-Yearbook-2023.xlsx,5-6,2,1,year,year,Pilgrims' Visits to ER Hospital Departments in the Last Five Years
Statistical-Yearbook-2023.xlsx,5-6,2,1,hospital,hospital,Pilgrims' Visits to ER Hospital Departments in the Last Five Years
Statistical-Yearbook-2023.xlsx,5-6,2,1,activity,visits,Pilgrims' Visits to ER Hospital Departments in the Last Five Years
Statistical-Yearbook-2023.xlsx,5-6,4,1,region,المنطقة,المنطقة
Statistical-Yearbook-2023.xlsx,5-6,4,7,region,region,Region
Statistical-Yearbook-2023.xlsx,5-6,9,1,total,الإجمالي,الإجمالي
Statistical-Yearbook-2023.xlsx,5-6,9,7,total,total,Total
Statistical-Yearbook-2023.xlsx,5-7,1,1,hospital,المستشفيات,زيارات الحجاج للعيادات الخارجية بالمستشفيات في الأعوام الخمسة الأخيرة
Statistical-Yearbook-2023.xlsx,5-7,2,1,year,year,Pilgrims' Visits to Hospital OPDs in the Last Five Years
Statistical-Yearbook-2023.xlsx,5-7,2,1,hospital,hospital,Pilgrims' Visits to Hospital OPDs in the Last Five Years
Statistical-Yearbook-2023.xlsx,5-7,2,1,activity,visits,Pilgrims' Visits to Hospital OPDs in the Last Five Years
Statistical-Yearbook-2023.xlsx,5-7,4,1,region,المنطقة,المنطقة
Statistical-Yearbook-2023.xlsx,5-7,4,7,region,region,Region
Statistical-Yearbook-2023.xlsx,5-7,9,1,total,الإجمالي,الإجمالي
Statistical-Yearbook-2023.xlsx,5-7,9,7,total,total,Total
Statistical-Yearbook-2023.xlsx,5-8,1,1,hospital,المستشفيات,حالات التنويم من الحجاج  بأقسام المستشفيات في الأعوام الخمسة الأخيرة
Statistical-Yearbook-2023.xlsx,5-8,1,1,activity,التنويم,حالات التنويم من الحجاج  بأقسام المستشفيات في الأعوام الخمسة الأخيرة
Statistical-Yearbook-2023.xlsx,5-8,2,1,year,year,Pilgrims' Admissions to Hospital Departments in the Last Five Years
Statistical-Yearbook-2023.xlsx,5-8,2,1,hospital,hospital,Pilgrims' Admissions to Hospital Departments in the Last Five Years
Statistical-Yearbook-2023.xlsx,5-8,2,1,activity,admissions,Pilgrims' Admissions to Hospital Departments in the Last Five Years
Statistical-Yearbook-2023.xlsx,5-8,4,1,region,المنطقة,المنطقة
Statistical-Yearbook-2023.xlsx,5-8,4,7,region,region,Region
Statistical-Yearbook-2023.xlsx,5-8,9,1,total,الإجمالي,الإجمالي
Statistical-Yearbook-2023.xlsx,5-8,9,7,total,total,Total
Statistical-Yearbook-2023.xlsx,5-9,2,1,year,year,Heat exhaustion Cases among Pilgrims in the Last Five Years
Statistical-Yearbook-2023.xlsx,5-9,4,1,region,المنطقة,المنطقة
Statistical-Yearbook-2023.xlsx,5-9,4,7,region,region,Region
Statistical-Yearbook-2023.xlsx,5-9,9,1,total,الإجمالي,الإجمالي
Statistical-Yearbook-2023.xlsx,5-9,9,7,total,total,Total
Statistical-Yearbook-2023.xlsx,5-10,2,1,year,year,Heat Stroke Cases among Pilgrims in the Last Five Years
Statistical-Yearbook-2023.xlsx,5-10,4,1,region,المنطقة,المنطقة
Statistical-Yearbook-2023.xlsx,5-10,4,7,region,region,Region
Statistical-Yearbook-2023.xlsx,5-10,9,1,total,الإجمالي,الإجمالي
Statistical-Yearbook-2023.xlsx,5-10,9,7,total,total,Total
Statistical-Yearbook-2023.xlsx,5-11,2,1,year,year,Cardiac Catheters Performed for Pilgrims in the Last Five Years
Statistical-Yearbook-2023.xlsx,5-11,4,1,region,المنطقة,المنطقة
Statistical-Yearbook-2023.xlsx,5-11,4,7,region,region,Region
Statistical-Yearbook-2023.xlsx,5-11,9,1,total,الإجمالي,الإجمالي
Statistical-Yearbook-2023.xlsx,5-11,9,7,total,total,Total
Statistical-Yearbook-2023.xlsx,5-12,2,1,year,year,Open Heart Surgery Performed for Pilgrims in the Last Five Years
Statistical-Yearbook-2023.xlsx,5-12,4,1,region,المنطقة,المنطقة
Statistical-Yearbook-2023.xlsx,5-12,4,7,region,region,Region
Statistical-Yearbook-2023.xlsx,5-12,9,1,total,الإجمالي,الإجمالي
Statistical-Yearbook-2023.xlsx,5-12,9,7,total,total,Total
Statistical-Yearbook-2023.xlsx,5-13,2,1,year,year,Renal Dialysis Sessions Performed for Pilgrims in the Last Five Years
Statistical-Yearbook-2023.xlsx,5-13,4,1,region,المنطقة,المنطقة
Statistical-Yearbook-2023.xlsx,5-13,4,7,region,region,Region
Statistical-Yearbook-2023.xlsx,5-13,9,1,total,الإجمالي,الإجمالي
Statistical-Yearbook-2023.xlsx,5-13,9,7,total,total,Total
Statistical-Yearbook-2023.xlsx,5-14,2,1,year,year,Endoscopy Performed for Pilgrims in the Last Five Years
Statistical-Yearbook-2023.xlsx,5-14,4,1,region,المنطقة,المنطقة
Statistical-Yearbook-2023.xlsx,5-14,4,7,region,region,Region
Statistical-Yearbook-2023.xlsx,5-14,9,1,total,الإجمالي,الإجمالي
Statistical-Yearbook-2023.xlsx,5-14,9,7,total,total,Total
Statistical-Yearbook-2023.xlsx,5-15,2,1,year,year,Deliveries among Pilgrims in the Last Five Years
Statistical-Yearbook-2023.xlsx,5-15,4,1,region,المنطقة,المنطقة
Statistical-Yearbook-2023.xlsx,5-15,4,7,region,region,Region
Statistical-Yearbook-2023.xlsx,5-15,9,1,total,الإجمالي,الإجمالي
Statistical-Yearbook-2023.xlsx,5-15,9,7,total,total,Total
Statistical-Yearbook-2023.xlsx,5-16,2,1,year,year,Deaths among Pilgrims in the Last Five Years
Statistical-Yearbook-2023.xlsx,5-16,4,1,region,المنطقة,المنطقة
Statistical-Yearbook-2023.xlsx,5-16,4,7,region,region,Region
Statistical-Yearbook-2023.xlsx,5-16,9,1,total,الإجمالي,الإجمالي
Statistical-Yearbook-2023.xlsx,5-16,9,7,total,total,Total
Statistical-Yearbook-2024.xlsx,المناطق عربي,1,2,region,المناطق,مديريات الشؤون الصحية السابقة بالمناطق والمحافظات وما يقابلها من المناطق الإدارية والمحافظات والتجمعات الصحية وفروع ومكاتب وزارة الصحة
Statistical-Yearbook-2024.xlsx,المناطق عربي,2,2,region,المناطق,مديريات الشؤون الصحية السابقة بالمناطق والمحافظات
Statistical-Yearbook-2024.xlsx,المناطق عربي,2,3,region,المناطق,المناطق الإدارية
Statistical-Yearbook-2024.xlsx,المناطق عربي,13,4,region,المنطقة,فرع  الوزارة بالمنطقة الشرقية
Statistical-Yearbook-2024.xlsx,المناطق عربي,13,5,region,المنطقة,جميع محافظات المنطقة الشرقية عدا محافظتي الأحساء وحفر الباطن
Statistical-Yearbook-2024.xlsx,المناطق انجليزي,1,2,region,region,"Former Health Affairs Directorates and their Corresponding Administrative Regions, Governorates, Health Clusters, and Branches & Offices of the Ministry of Health"
Statistical-Yearbook-2024.xlsx,المناطق انجليزي,2,3,region,region,Administrative Regions
Statistical-Yearbook-2024.xlsx,المناطق انجليزي,3,4,region,region,MoH Branch in Riyadh Region
Statistical-Yearbook-2024.xlsx,المناطق انجليزي,3,5,region,region,All Governorates in Riyadh Region
Statistical-Yearbook-2024.xlsx,المناطق انجليزي,6,4,region,region,MoH Branch in Makkah Region
Statistical-Yearbook-2024.xlsx,المناطق انجليزي,11,4,region,region,MoH Branch in Madinah Region
Statistical-Yearbook-2024.xlsx,المناطق انجليزي,11,5,region,region,All governorates of Madinah region
Statistical-Yearbook-2024.xlsx,المناطق انجليزي,12,4,region,region,MoH Branch in Qassim Region
Statistical-Yearbook-2024.xlsx,المناطق انجليزي,12,5,region,region,All governorates of Qassim region
Statistical-Yearbook-2024.xlsx,المناطق انجليزي,13,4,region,region,MoH Branch in Eastern Region
Statistical-Yearbook-2024.xlsx,المناطق انجليزي,13,5,region,region,All governorates of the Eastern region except Al-Ahsa and Hafar Al-Batin
Statistical-Yearbook-2024.xlsx,المناطق انجليزي,16,4,region,region,MoH Branch in Asir Region
Statistical-Yearbook-2024.xlsx,المناطق انجليزي,16,5,region,region,"All governorates of Asir region except Bisha, Tathlith, Balqarn and Al Amwah"
Statistical-Yearbook-2024.xlsx,المناطق انجليزي,18,4,region,region,MoH Branch in Tabuk Region
Statistical-Yearbook-2024.xlsx,المناطق انجليزي,18,5,region,region,All governorates of Tabuk region
Statistical-Yearbook-2024.xlsx,المناطق انجليزي,19,4,region,region,MoH Branch in Hail Region
Statistical-Yearbook-2024.xlsx,المناطق انجليزي,19,5,region,region,All governorates of Hail region
Statistical-Yearbook-2024.xlsx,المناطق انجليزي,20,4,region,region,MoH Branch in Northern Borders Region
Statistical-Yearbook-2024.xlsx,المناطق انجليزي,20,5,region,region,All governorates of Northern Borders region
Statistical-Yearbook-2024.xlsx,المناطق انجليزي,21,4,region,region,MoH Branch in Jazan Region
Statistical-Yearbook-2024.xlsx,المناطق انجليزي,21,5,region,region,All governorates of Jazan region
Statistical-Yearbook-2024.xlsx,المناطق انجليزي,22,4,region,region,MoH Branch in Najran Region
Statistical-Yearbook-2024.xlsx,المناطق انجليزي,22,5,region,region,All governorates of Najran region
Statistical-Yearbook-2024.xlsx,المناطق انجليزي,23,4,region,region,MoH Branch in Al Baha Region
Statistical-Yearbook-2024.xlsx,المناطق انجليزي,23,5,region,region,All governorates of Al Baha region
Statistical-Yearbook-2024.xlsx,المناطق انجليزي,24,4,region,region,MoH Branch in Al Jouf Region
Statistical-Yearbook-2024.xlsx,المناطق انجليزي,24,5,region,region,All governorates of Al Jouf region except Qurayyat Governorate
Statistical-Yearbook-2024.xlsx,فهرس الباب الأول,3,2,population,السكان,المؤشرات السكانية
Statistical-Yearbook-2024.xlsx,فهرس الباب الأول,5,2,region,المنطقة,العمر المتوقع عند الولادة حسب الجنس والمنطقة الإدارية لعام 2023م
Statistical-Yearbook-2024.xlsx,فهرس الباب الأول,5,2,year,عام,العمر المتوقع عند الولادة حسب الجنس والمنطقة الإدارية لعام 2023م
Statistical-Yearbook-2024.xlsx,فهرس الباب الأول,6,2,region,region,"Life Expectancy at Birth by Gender and Adminstrative Regions, 2023G"
Statistical-Yearbook-2024.xlsx,فهرس الباب الأول,7,2,year,عام,السكان حسب الجنسية والجنس والفئة العمرية لعام 2024م
Statistical-Yearbook-2024.xlsx,فهرس الباب الأول,7,2,population,السكان,السكان حسب الجنسية والجنس والفئة العمرية لعام 2024م
Statistical-Yearbook-2024.xlsx,فهرس الباب الأول,8,2,population,population,"Population by Nationality, Gender, and Age group, 2024G"
Statistical-Yearbook-2024.xlsx,فهرس الباب الأول,9,2,year,عام,السكان حسب الجنسية والجنس والفئة العمرية لعام 2023م
Statistical-Yearbook-2024.xlsx,فهرس الباب الأول,9,2,population,السكان,السكان حسب الجنسية والجنس والفئة العمرية لعام 2023م
Statistical-Yearbook-2024.xlsx,فهرس الباب الأول,10,2,population,population,"Population by Nationality, Gender, and Age group, 2023G"
Statistical-Yearbook-2024.xlsx,فهرس الباب الأول,11,2,region,المناطق,تقديرات عدد السكان بالمناطق الإدارية للأعوام 2010-2021  بناء على تعداد عام 2022م.
Statistical-Yearbook-2024.xlsx,فهرس الباب الأول,11,2,year,عام,تقديرات عدد السكان بالمناطق الإدارية للأعوام 2010-2021  بناء على تعداد عام 2022م.
Statistical-Yearbook-2024.xlsx,فهرس الباب الأول,11,2,population,السكان,تقديرات عدد السكان بالمناطق الإدارية للأعوام 2010-2021  بناء على تعداد عام 2022م.
Statistical-Yearbook-2024.xlsx,فهرس الباب الأول,12,2,region,region,"Estimated (2010-2021G) Population By Administrative Regions, Based on  (2022G) Census."
Statistical-Yearbook-2024.xlsx,فهرس الباب الأول,12,2,population,population,"Estimated (2010-2021G) Population By Administrative Regions, Based on  (2022G) Census."
Statistical-Yearbook-2024.xlsx,فهرس الباب الأول,14,2,total,total,"Total Fertility Rate Estimates, 2011-2024G"
Statistical-Yearbook-2024.xlsx,فهرس الباب الأول,18,2,year,year,"Health Resources Indicators (per 10,000 population) in the Last Five Years."
Statistical-Yearbook-2024.xlsx,فهرس الباب الأول,18,2,source,source,"Health Resources Indicators (per 10,000 population) in the Last Five Years."
Statistical-Yearbook-2024.xlsx,فهرس الباب الأول,18,2,population,population,"Health Resources Indicators (per 10,000 population) in the Last Five Years."
Statistical-Yearbook-2024.xlsx,فهرس الباب الأول,19,2,region,المنطقة,مؤشرات مختارة عن الموارد المتاحة بمستشفيات وزارة الصحة حسب المنطقة الصحية لعام 2023 م.
Statistical-Yearbook-2024.xlsx,فهرس الباب الأول,19,2,year,عام,مؤشرات مختارة عن الموارد المتاحة بمستشفيات وزارة الصحة حسب المنطقة الصحية لعام 2023 م.
Statistical-Yearbook-2024.xlsx,فهرس الباب الأول,20,2,region,region,"Selected Indicators of Available Resources at MoH Hospitals by Health Region, 2023G"
Statistical-Yearbook-2024.xlsx,فهرس الباب الأول,20,2,source,source,"Selected Indicators of Available Resources at MoH Hospitals by Health Region, 2023G"
Statistical-Yearbook-2024.xlsx,فهرس الباب الأول,20,2,hospital,hospital,"Selected Indicators of Available Resources at MoH Hospitals by Health Region, 2023G"
Statistical-Yearbook-2024.xlsx,فهرس الباب الأول,22,2,year,year,Basic Immunization Coverage (%) in the Last Five Years.
Statistical-Yearbook-2024.xlsx,فهرس الباب الأول,23,2,population,السكان,معدلات الإصابة لبعض الأمراض المستهدفة بالتحصين (لكل مائة ألف من السكان) في الأعوام الخمسة الأخيرة.
Statistical-Yearbook-2024.xlsx,فهرس الباب الأول,24,2,year,year,"Incidence Rate of Some Immunization Targeted Diseases (per 100,000 population) in the Last Five Years."
Statistical-Yearbook-2024.xlsx,فهرس الباب الأول,24,2,population,population,"Incidence Rate of Some Immunization Targeted Diseases (per 100,000 population) in the Last Five Years."
Statistical-Yearbook-2024.xlsx,1-1,3,1,population,السكان,المؤشرات السكانية
Statistical-Yearbook-2024.xlsx,1-1,6,3,year,year,"العام
Year"
Statistical-Yearbook-2024.xlsx,1-1,7,1,population,السكان,إجمالي عدد السكان
Statistical-Yearbook-2024.xlsx,1-1,7,4,total,total,Total Population Size
Statistical-Yearbook-2024.xlsx,1-1,7,4,population,population,Total Population Size
Statistical-Yearbook-2024.xlsx,1-1,8,1,population,السكان,عدد السكان الذكور
Statistical-Yearbook-2024.xlsx,1-1,8,4,population,population,Male Population
Statistical-Yearbook-2024.xlsx,1-1,9,1,population,السكان,عدد السكان الإناث
Statistical-Yearbook-2024.xlsx,1-1,9,4,population,population,Female Population
Statistical-Yearbook-2024.xlsx,1-1,10,4,population,population,Annual Population Growth Rate (%)
Statistical-Yearbook-2024.xlsx,1-1,11,4,year,year,% Population Under 5 Years
Statistical-Yearbook-2024.xlsx,1-1,11,4,population,population,% Population Under 5 Years
Statistical-Yearbook-2024.xlsx,1-1,12,4,year,year,% Population Under 15 Years
Statistical-Yearbook-2024.xlsx,1-1,12,4,population,population,% Population Under 15 Years
Statistical-Yearbook-2024.xlsx,1-1,13,4,year,year,% Population 15- 64 Years
Statistical-Yearbook-2024.xlsx,1-1,13,4,population,population,% Population 15- 64 Years
Statistical-Yearbook-2024.xlsx,1-1,14,4,year,year,% Population 65+ Years
Statistical-Yearbook-2024.xlsx,1-1,14,4,population,population,% Population 65+ Years
Statistical-Yearbook-2024.xlsx,1-1,15,1,year,عام,المصدر : الهيئة العامة للإحصاء
Statistical-Yearbook-2024.xlsx,1-1,15,1,source,المصدر,المصدر : الهيئة العامة للإحصاء
Statistical-Yearbook-2024.xlsx,1-1,15,4,source,source,Source:General Authority for Statistics
Statistical-Yearbook-2024.xlsx,1-1,16,4,population,population,Crude Birth Rate /1000 Population
Statistical-Yearbook-2024.xlsx,1-1,17,1,source,المصدر,المصدر : وزارة الصحة
Statistical-Yearbook-2024.xlsx,1-1,17,4,source,source,Source: Ministry of Health
Statistical-Yearbook-2024.xlsx,1-2,1,1,region,المنطقة,العمر المتوقع عند الولادة حسب الجنس والمنطقة الإدارية لعام 2023م
Statistical-Yearbook-2024.xlsx,1-2,1,1,year,عام,العمر المتوقع عند الولادة حسب الجنس والمنطقة الإدارية لعام 2023م
Statistical-Yearbook-2024.xlsx,1-2,2,1,region,region,"Life Expectancy at Birth by Gender and Adminstrative Regions, 2023G"
Statistical-Yearbook-2024.xlsx,1-2,4,1,region,المنطقة,المنطقة الإدارية
Statistical-Yearbook-2024.xlsx,1-2,4,5,region,region,Administrative Region
Statistical-Yearbook-2024.xlsx,1-2,9,1,region,المنطقة,المنطقة الشرقية
Statistical-Yearbook-2024.xlsx,1-2,19,1,source,المصدر,المصدر : وزارة الصحة
Statistical-Yearbook-2024.xlsx,1-2,19,5,source,source,Source: Ministry of Health
Statistical-Yearbook-2024.xlsx,1-3,1,1,year,عام,السكان حسب الجنسية والجنس والفئة العمرية لعام 2024م
Statistical-Yearbook-2024.xlsx,1-3,1,1,population,السكان,السكان حسب الجنسية والجنس والفئة العمرية لعام 2024م
Statistical-Yearbook-2024.xlsx,1-3,2,1,population,population,"Population by Nationality, Gender, and Age group, 2024G"
Statistical-Yearbook-2024.xlsx,1-3,4,8,total,total,جملة السكان     Total Population
Statistical-Yearbook-2024.xlsx,1-3,4,8,population,population,جملة السكان     Total Population
Statistical-Yearbook-2024.xlsx,1-3,5,4,total,total,جملة    Total
Statistical-Yearbook-2024.xlsx,1-3,5,7,total,total,جملة    Total
Statistical-Yearbook-2024.xlsx,1-3,5,10,total,total,جملة    Total
Statistical-Yearbook-2024.xlsx,1-3,23,1,total,total,جملة               Total
Statistical-Yearbook-2024.xlsx,1-3,24,1,year,عام,المصدر : الهيئة العامة للإحصاء
Statistical-Yearbook-2024.xlsx,1-3,24,1,source,المصدر,المصدر : الهيئة العامة للإحصاء
Statistical-Yearbook-2024.xlsx,1-3,24,5,source,source,Source:General Authority for Statistics
Statistical-Yearbook-2024.xlsx,1-4,1,1,year,عام,السكان حسب الجنسية والجنس والفئة العمرية لعام 2023م
Statistical-Yearbook-2024.xlsx,1-4,1,1,population,السكان,السكان حسب الجنسية والجنس والفئة العمرية لعام 2023م
Statistical-Yearbook-2024.xlsx,1-4,2,1,population,population,"Population by Nationality, Gender, and Age group, 2023G"
Statistical-Yearbook-2024.xlsx,1-4,4,8,total,total,جملة السكان     Total Population
Statistical-Yearbook-2024.xlsx,1-4,4,8,population,population,جملة السكان     Total Population
Statistical-Yearbook-2024.xlsx,1-4,5,4,total,total,جملة    Total
Statistical-Yearbook-2024.xlsx,1-4,5,7,total,total,جملة    Total
Statistical-Yearbook-2024.xlsx,1-4,5,10,total,total,جملة    Total
Statistical-Yearbook-2024.xlsx,1-4,23,1,total,total,جملة               Total
Statistical-Yearbook-2024.xlsx,1-4,24,1,year,عام,المصدر : الهيئة العامة للإحصاء
Statistical-Yearbook-2024.xlsx,1-4,24,1,source,المصدر,المصدر : الهيئة العامة للإحصاء
Statistical-Yearbook-2024.xlsx,1-4,24,5,source,source,Source:General Authority for Statistics
Statistical-Yearbook-2024.xlsx,1-5,1,1,region,المناطق,تقديرات عدد السكان بالمناطق الإدارية للأعوام 2010-2021  بناء على تعداد عام 2022م.
Statistical-Yearbook-2024.xlsx,1-5,1,1,year,عام,تقديرات عدد السكان بالمناطق الإدارية للأعوام 2010-2021  بناء على تعداد عام 2022م.
Statistical-Yearbook-2024.xlsx,1-5,1,1,population,السكان,تقديرات عدد السكان بالمناطق الإدارية للأعوام 2010-2021  بناء على تعداد عام 2022م.
Statistical-Yearbook-2024.xlsx,1-5,2,1,region,region,"Estimated (2010-2021G) Population By Administrative Regions, Based on  (2022G) Census."
Statistical-Yearbook-2024.xlsx,1-5,2,1,population,population,"Estimated (2010-2021G) Population By Administrative Regions, Based on  (2022G) Census."
Statistical-Yearbook-2024.xlsx,1-5,4,1,region,المنطقة,المنطقة الإدارية
Statistical-Yearbook-2024.xlsx,1-5,4,15,region,region,Administrative Region
Statistical-Yearbook-2024.xlsx,1-5,9,1,region,المنطقة,المنطقة الشرقية
Statistical-Yearbook-2024.xlsx,1-5,18,1,total,الإجمالي,الإجمالي
Statistical-Yearbook-2024.xlsx,1-5,18,15,total,total,Total
Statistical-Yearbook-2024.xlsx,1-5,19,1,year,عام,المصدر : الهيئة العامة للإحصاء
Statistical-Yearbook-2024.xlsx,1-5,19,1,source,المصدر,المصدر : الهيئة العامة للإحصاء
Statistical-Yearbook-2024.xlsx,1-5,19,13,source,source,Source: General Authority for Statistics.
Statistical-Yearbook-2024.xlsx,1-6,2,1,total,total,"Total Fertility Rate Estimates, 2011-2024G"
Statistical-Yearbook-2024.xlsx,1-6,4,1,year,عام,العام
Statistical-Yearbook-2024.xlsx,1-6,5,1,year,year,Year
Statistical-Yearbook-2024.xlsx,1-6,20,1,year,عام,المصدر : الهيئة العامة للإحصاء
Statistical-Yearbook-2024.xlsx,1-6,20,1,source,المصدر,المصدر : الهيئة العامة للإحصاء
Statistical-Yearbook-2024.xlsx,1-6,20,3,source,source,Source:General Authority for Statistics
Statistical-Yearbook-2024.xlsx,1-7,5,1,total,الإجمالي,نصيب الفرد من الناتج المحلي الإجمالي بالأسعار الجارية (دولار أمريكي)
Statistical-Yearbook-2024.xlsx,1-7,6,1,year,عام,الإنفاق الحكومي العام المحلي على الصحة كنسبة مئوية من الإنفاق الحكومي العام (%)
Statistical-Yearbook-2024.xlsx,1-7,8,1,total,الإجمالي,النسبة المئوية لإجمالي الإنفاق الصحي الكلي من الناتج المحلي الإجمالي (%)
Statistical-Yearbook-2024.xlsx,1-7,12,1,total,الإجمالي,النسبة المئوية لإجمالي الإنفاق الصحي الحكومي من الناتج المحلي الإجمالي (%)
Statistical-Yearbook-2024.xlsx,1-7,18,1,year,عام,مصدر بيانات (نصيب الفرد من الناتج المحلي الإجمالي بالأسعار الجارية): الهيئة العامة للإحصاء
Statistical-Yearbook-2024.xlsx,1-7,18,1,total,الإجمالي,مصدر بيانات (نصيب الفرد من الناتج المحلي الإجمالي بالأسعار الجارية): الهيئة العامة للإحصاء
Statistical-Yearbook-2024.xlsx,1-7,18,1,source,مصدر,مصدر بيانات (نصيب الفرد من الناتج المحلي الإجمالي بالأسعار الجارية): الهيئة العامة للإحصاء
Statistical-Yearbook-2024.xlsx,1-7,18,8,source,source,Source of data (GDP per capita at current prices): General Authority for Statistics
Statistical-Yearbook-2024.xlsx,1-7,19,1,source,مصدر,مصدر بيانات باقي المؤشرات الاقتصادية: المجلس الصحي السعودي
Statistical-Yearbook-2024.xlsx,1-7,19,8,source,source,Source of the for the remaining economic indicators: Saudi Health Council
Statistical-Yearbook-2024.xlsx,1-8,2,1,year,year,"Health Resources Indicators (per 10,000 population) in the Last Five Years"
Statistical-Yearbook-2024.xlsx,1-8,2,1,source,source,"Health Resources Indicators (per 10,000 population) in the Last Five Years"
Statistical-Yearbook-2024.xlsx,1-8,2,1,population,population,"Health Resources Indicators (per 10,000 population) in the Last Five Years"
Statistical-Yearbook-2024.xlsx,1-8,5,1,physician,أطباء,الأطبـــــاء (شاملا أطباء الأسنان)
Statistical-Yearbook-2024.xlsx,1-8,5,8,physician,physician,Physicians (including Dentists)
Statistical-Yearbook-2024.xlsx,1-8,6,1,physician,أطباء,الأطباء البشريون
Statistical-Yearbook-2024.xlsx,1-8,6,8,physician,physician,Physicians
Statistical-Yearbook-2024.xlsx,1-8,7,1,physician,أطباء,أطباء الأسنان
Statistical-Yearbook-2024.xlsx,1-8,9,1,nurse,تمريض,التمريض (شاملا القابلات)
Statistical-Yearbook-2024.xlsx,1-8,9,8,nurse,nurse,Nurses (including midwives)
Statistical-Yearbook-2024.xlsx,1-8,10,1,nurse,تمريض,التمريض
Statistical-Yearbook-2024.xlsx,1-8,10,8,nurse,nurse,Nurses
Statistical-Yearbook-2024.xlsx,1-8,11,1,population,السكان,القابلات لكل عشرة آلاف نسمة من السكان
Statistical-Yearbook-2024.xlsx,1-8,11,8,population,population,"Midwives per 10,000 population"
Statistical-Yearbook-2024.xlsx,1-8,14,1,hospital,المستشفيات,أسرة المستشفيات  بالمملكة (كل القطاعات)
Statistical-Yearbook-2024.xlsx,1-8,14,1,bed,أسرة,أسرة المستشفيات  بالمملكة (كل القطاعات)
Statistical-Yearbook-2024.xlsx,1-8,14,8,hospital,hospital,"Hospital Beds (All Sectors), KSA"
Statistical-Yearbook-2024.xlsx,1-8,14,8,bed,bed,"Hospital Beds (All Sectors), KSA"
Statistical-Yearbook-2024.xlsx,1-8,15,1,bed,أسرة,أسرة مستشفيات  وزارة الصحة
Statistical-Yearbook-2024.xlsx,1-8,15,8,hospital,hospital,MoH Hospital Beds
Statistical-Yearbook-2024.xlsx,1-8,15,8,bed,bed,MoH Hospital Beds
Statistical-Yearbook-2024.xlsx,1-8,16,1,bed,أسرة,أسرة مستشفيات  الجهات الحكومية الأخرى
Statistical-Yearbook-2024.xlsx,1-8,16,8,hospital,hospital,Other Governmental Sector Hospital Beds
Statistical-Yearbook-2024.xlsx,1-8,16,8,bed,bed,Other Governmental Sector Hospital Beds
Statistical-Yearbook-2024.xlsx,1-8,17,1,bed,أسرة,أسرة مستشفيات القطاع الخاص
Statistical-Yearbook-2024.xlsx,1-8,17,8,hospital,hospital,Private Sector Hospital Beds
Statistical-Yearbook-2024.xlsx,1-8,17,8,bed,bed,Private Sector Hospital Beds
Statistical-Yearbook-2024.xlsx,1-8,18,1,year,عام,تم تعديل مصدر بيانات القوى العاملة اعتبارا من 2024م ليكون الهيئة السعودية للتخصصات الصحية
Statistical-Yearbook-2024.xlsx,1-8,18,1,source,مصدر,تم تعديل مصدر بيانات القوى العاملة اعتبارا من 2024م ليكون الهيئة السعودية للتخصصات الصحية
Statistical-Yearbook-2024.xlsx,1-8,18,8,source,source,The source of workforce data has been modified as of 2024 to be the Saudi Commission for Health Specialties.
Statistical-Yearbook-2024.xlsx,1-9,1,1,year,عام,مؤشرات مختارة عن الموارد المتاحة بمستشفيات وزارة الصحة حسب فروع ومكاتب وزارة الصحة لعام 2024 م
Statistical-Yearbook-2024.xlsx,1-9,2,1,source,source,"Selected Indicators of Available Resources at MoH Hospitals by MoH Branches and Offices, 2024G"
Statistical-Yearbook-2024.xlsx,1-9,2,1,hospital,hospital,"Selected Indicators of Available Resources at MoH Hospitals by MoH Branches and Offices, 2024G"
Statistical-Yearbook-2024.xlsx,1-9,4,2,bed,bed,"عدد الأسرة
No. of Beds"
Statistical-Yearbook-2024.xlsx,1-9,4,3,physician,physician,"عدد الأطباء
No. of Physicians"
Statistical-Yearbook-2024.xlsx,1-9,4,4,bed,bed,"الأطباء لكل مائة سرير
Physicians/100 beds"
Statistical-Yearbook-2024.xlsx,1-9,4,4,physician,physician,"الأطباء لكل مائة سرير
Physicians/100 beds"
Statistical-Yearbook-2024.xlsx,1-9,4,5,nurse,nurse,"عدد التمريض شاملا القابلات
 No. of Nurses  including midwives"
Statistical-Yearbook-2024.xlsx,1-9,4,6,bed,bed,"التمريض لكل مائة سرير
Nurses/100 beds"
Statistical-Yearbook-2024.xlsx,1-9,4,6,nurse,nurse,"التمريض لكل مائة سرير
Nurses/100 beds"
Statistical-Yearbook-2024.xlsx,1-9,4,7,physician,physician,"التمريض لكل مائة طبيب
Nurses/ 100 physicians"
Statistical-Yearbook-2024.xlsx,1-9,4,7,nurse,nurse,"التمريض لكل مائة طبيب
Nurses/ 100 physicians"
Statistical-Yearbook-2024.xlsx,1-10,2,1,year,year,Basic Immunization Coverage (%) in the Last Five Years
Statistical-Yearbook-2024.xlsx,1-11,1,1,population,السكان,معدلات الإصابة لبعض الأمراض المستهدفة بالتحصين (لكل مائة ألف من السكان) في الأعوام الخمسة الأخيرة
Statistical-Yearbook-2024.xlsx,1-11,2,1,year,year,"Incidence Rate of Some Immunization Targeted Diseases (per 100,000 population) in the Last Five Years"
Statistical-Yearbook-2024.xlsx,1-11,2,1,population,population,"Incidence Rate of Some Immunization Targeted Diseases (per 100,000 population) in the Last Five Years"
Statistical-Yearbook-2024.xlsx,1-12,6,9,population,population,"Number of new HIV infections per 1,000 uninfected population."
Statistical-Yearbook-2024.xlsx,1-12,7,9,population,population,"Malaria incidence per 1,000 population"
Statistical-Yearbook-2024.xlsx,1-12,9,1,bed,أسرة,نسبة النساء اللاتي في سن الإنجاب (15-49 سنة) واللاتي لُبّيت حاجتُهن إلى تنظيم الأسرة بطرق حديثة (%)
Statistical-Yearbook-2024.xlsx,1-12,9,9,year,year,Proportion of women of reproductive age (aged 15–49 years) who have their need for family planning satisfied with modern methods (%)
Statistical-Yearbook-2024.xlsx,1-12,11,1,population,السكان,"معدل الوفيات المنسوب إلى التسمم غير المتعمد لكل 100,000 من السكان"
Statistical-Yearbook-2024.xlsx,1-12,11,9,population,population,"Mortality rate attributed to unintentional poisoning 100,000 population"
Statistical-Yearbook-2024.xlsx,1-12,12,9,year,year,Age-standardized prevalence of current tobacco use among persons aged 15 years and older
Statistical-Yearbook-2024.xlsx,1-12,14,9,year,year,Prevalence of stunting among children under 5 years of age (%)***
Statistical-Yearbook-2024.xlsx,1-12,15,9,year,year,"Prevalence of malnutrition : Wasting among children under 5 years of age, (%)"
Statistical-Yearbook-2024.xlsx,1-12,16,9,year,year,"Prevalence of malnutrition : Overweight among children under 5 years of age,  (%)***"
Statistical-Yearbook-2024.xlsx,1-12,23,9,year,year,Adolescent birth rate 15-19 years (per 1000 women)
Statistical-Yearbook-2024.xlsx,1-12,24,9,year,year,Adolescent birth rate 10-14 years (per 1000 women)
Statistical-Yearbook-2024.xlsx,1-12,25,1,population,السكان,معدل الأطباء الجراحيين لكل مائة ألف من السكان
Statistical-Yearbook-2024.xlsx,1-12,25,1,physician,أطباء,معدل الأطباء الجراحيين لكل مائة ألف من السكان
Statistical-Yearbook-2024.xlsx,1-12,25,9,population,population,"Density of surgeons (per 100,000 population)"
Statistical-Yearbook-2024.xlsx,1-12,26,1,population,السكان,معدل أطباء النفسية لكل مائة ألف من السكان
Statistical-Yearbook-2024.xlsx,1-12,26,1,physician,أطباء,معدل أطباء النفسية لكل مائة ألف من السكان
Statistical-Yearbook-2024.xlsx,1-12,26,9,population,population,"Density of psychiatrists (per 100,000 population)"
Statistical-Yearbook-2024.xlsx,1-12,27,1,year,عام,* المصدر: الهيئة العامة للإحصاء (إبلاغ ذاتي)
Statistical-Yearbook-2024.xlsx,1-12,27,1,source,المصدر,* المصدر: الهيئة العامة للإحصاء (إبلاغ ذاتي)
Statistical-Yearbook-2024.xlsx,1-12,27,9,source,source,*Source: General Authoruty for Statistics (Self reported)
Statistical-Yearbook-2024.xlsx,فهرس الباب الثاني,2,2,source,source,Chapter II : Health Resources
Statistical-Yearbook-2024.xlsx,فهرس الباب الثاني,3,2,year,عام,الميزانية المخصصة لوزارة الصحة ( بمليارات الريالات) في الأعوام الخمسة الأخيرة بالنسبة للميزانية العامة للدولة
Statistical-Yearbook-2024.xlsx,فهرس الباب الثاني,4,2,year,year,Budget Appropriations for  MOH in relation to Government Budget (by billion SR) in the last Five Years
Statistical-Yearbook-2024.xlsx,فهرس الباب الثاني,5,2,population,السكان,المستشفيات والأسرة بالقطاعات الصحية بالمملكة حسب الجهة ومعدل الأسرة لكل عشرة آلاف من السكان في الأعوام الخمسة الأخيرة
Statistical-Yearbook-2024.xlsx,فهرس الباب الثاني,5,2,hospital,المستشفيات,المستشفيات والأسرة بالقطاعات الصحية بالمملكة حسب الجهة ومعدل الأسرة لكل عشرة آلاف من السكان في الأعوام الخمسة الأخيرة
Statistical-Yearbook-2024.xlsx,فهرس الباب الثاني,5,2,bed,أسرة,المستشفيات والأسرة بالقطاعات الصحية بالمملكة حسب الجهة ومعدل الأسرة لكل عشرة آلاف من السكان في الأعوام الخمسة الأخيرة
Statistical-Yearbook-2024.xlsx,فهرس الباب الثاني,6,2,year,year,"Hospitals and Beds in All Health Sectors, KSA and Rate of Beds / 10,000 population, in the last Five Years"
Statistical-Yearbook-2024.xlsx,فهرس الباب الثاني,6,2,population,population,"Hospitals and Beds in All Health Sectors, KSA and Rate of Beds / 10,000 population, in the last Five Years"
Statistical-Yearbook-2024.xlsx,فهرس الباب الثاني,6,2,hospital,hospital,"Hospitals and Beds in All Health Sectors, KSA and Rate of Beds / 10,000 population, in the last Five Years"
Statistical-Yearbook-2024.xlsx,فهرس الباب الثاني,6,2,bed,bed,"Hospitals and Beds in All Health Sectors, KSA and Rate of Beds / 10,000 population, in the last Five Years"
Statistical-Yearbook-2024.xlsx,فهرس الباب الثاني,7,2,hospital,المستشفيات,المستشفيات والأسرة بالقطاعات الصحية بالمملكة حسب فروع ومكاتب وزارة الصحة 2023م
Statistical-Yearbook-2024.xlsx,فهرس الباب الثاني,7,2,bed,أسرة,المستشفيات والأسرة بالقطاعات الصحية بالمملكة حسب فروع ومكاتب وزارة الصحة 2023م
Statistical-Yearbook-2024.xlsx,فهرس الباب الثاني,8,2,region,region,"Hospitals and Beds in KSA Health Sectors by Health Region, 2023G"
Statistical-Yearbook-2024.xlsx,فهرس الباب الثاني,8,2,hospital,hospital,"Hospitals and Beds in KSA Health Sectors by Health Region, 2023G"
Statistical-Yearbook-2024.xlsx,فهرس الباب الثاني,8,2,bed,bed,"Hospitals and Beds in KSA Health Sectors by Health Region, 2023G"
Statistical-Yearbook-2024.xlsx,فهرس الباب الثاني,9,2,year,عام,المرافق الصحية بوزارة الصحة حسب التجمعات الصحية عام 2024م
Statistical-Yearbook-2024.xlsx,فهرس الباب الثاني,12,2,year,year,"Primary Health Care Centers in MoH by MoH Branches & Offices, in the last Five Years"
Statistical-Yearbook-2024.xlsx,فهرس الباب الثاني,13,2,hospital,المستشفيات,المستشفيات والأسرة بوزارة الصحة حسب فروع ومكاتب وزارة الصحة في الأعوام الخمسة الأخيرة
Statistical-Yearbook-2024.xlsx,فهرس الباب الثاني,13,2,bed,أسرة,المستشفيات والأسرة بوزارة الصحة حسب فروع ومكاتب وزارة الصحة في الأعوام الخمسة الأخيرة
Statistical-Yearbook-2024.xlsx,فهرس الباب الثاني,14,2,year,year,"MOH Hospitals and Beds by MoH Branches & Offices, in the last Five Years"
Statistical-Yearbook-2024.xlsx,فهرس الباب الثاني,14,2,hospital,hospital,"MOH Hospitals and Beds by MoH Branches & Offices, in the last Five Years"
Statistical-Yearbook-2024.xlsx,فهرس الباب الثاني,14,2,bed,bed,"MOH Hospitals and Beds by MoH Branches & Offices, in the last Five Years"
Statistical-Yearbook-2024.xlsx,فهرس الباب الثاني,15,2,year,عام,مستشفيات وزارة الصحة وعدد الأسرة حسب التجمعات الصحية والتخصص لعام 2024م
Statistical-Yearbook-2024.xlsx,فهرس الباب الثاني,15,2,bed,أسرة,مستشفيات وزارة الصحة وعدد الأسرة حسب التجمعات الصحية والتخصص لعام 2024م
Statistical-Yearbook-2024.xlsx,فهرس الباب الثاني,16,2,hospital,hospital,"MoH Hospitals and Beds by Health Clusters and Speciality, 2024G"
Statistical-Yearbook-2024.xlsx,فهرس الباب الثاني,16,2,bed,bed,"MoH Hospitals and Beds by Health Clusters and Speciality, 2024G"
Statistical-Yearbook-2024.xlsx,فهرس الباب الثاني,17,2,year,عام,مستشفيات وزارة الصحة حسب التجمعات الصحية والسعة السريرية للعام 2024م
Statistical-Yearbook-2024.xlsx,فهرس الباب الثاني,17,2,bed,سرير,مستشفيات وزارة الصحة حسب التجمعات الصحية والسعة السريرية للعام 2024م
Statistical-Yearbook-2024.xlsx,فهرس الباب الثاني,18,2,hospital,hospital,"MoH Hospitals  by Health Clusters and Bed Capacity, 2024G"
Statistical-Yearbook-2024.xlsx,فهرس الباب الثاني,18,2,bed,bed,"MoH Hospitals  by Health Clusters and Bed Capacity, 2024G"
Statistical-Yearbook-2024.xlsx,فهرس الباب الثاني,19,2,year,عام,الأسرة بمستشفيات وزارة الصحة حسب التجمع الصحي والتخصص لعام 2024م
Statistical-Yearbook-2024.xlsx,فهرس الباب الثاني,19,2,bed,أسرة,الأسرة بمستشفيات وزارة الصحة حسب التجمع الصحي والتخصص لعام 2024م
Statistical-Yearbook-2024.xlsx,فهرس الباب الثاني,20,2,hospital,hospital,"Beds at MoH Hospitals By Health Cluster and Speciality, 2024G."
Statistical-Yearbook-2024.xlsx,فهرس الباب الثاني,20,2,bed,bed,"Beds at MoH Hospitals By Health Cluster and Speciality, 2024G."
Statistical-Yearbook-2024.xlsx,فهرس الباب الثاني,21,2,year,عام,أسرة مستشفيات الجهات الحكومية الأخرى حسب التخصص عام 2024م.
Statistical-Yearbook-2024.xlsx,فهرس الباب الثاني,21,2,bed,أسرة,أسرة مستشفيات الجهات الحكومية الأخرى حسب التخصص عام 2024م.
Statistical-Yearbook-2024.xlsx,فهرس الباب الثاني,22,2,hospital,hospital,"Hospital Beds in Other Governmental Sector by Speciality, 2024G."
Statistical-Yearbook-2024.xlsx,فهرس الباب الثاني,22,2,bed,bed,"Hospital Beds in Other Governmental Sector by Speciality, 2024G."
Statistical-Yearbook-2024.xlsx,فهرس الباب الثاني,23,2,year,عام,أسرة مستشفيات القطاع الخاص حسب فروع ومكاتب وزارة الصحة والتخصص عام 2024م.
Statistical-Yearbook-2024.xlsx,فهرس الباب الثاني,23,2,bed,أسرة,أسرة مستشفيات القطاع الخاص حسب فروع ومكاتب وزارة الصحة والتخصص عام 2024م.
Statistical-Yearbook-2024.xlsx,فهرس الباب الثاني,24,2,hospital,hospital,"Hospital Beds at Private Sector by MoH Branches & Offices and Speciality, 2024G."
Statistical-Yearbook-2024.xlsx,فهرس الباب الثاني,24,2,bed,bed,"Hospital Beds at Private Sector by MoH Branches & Offices and Speciality, 2024G."
Statistical-Yearbook-2024.xlsx,فهرس الباب الثاني,25,2,year,عام,أسرة العناية المركزة بمستشفيات وزارة الصحة حسب التجمعات الصحية ونوع العناية لعام 2024م
Statistical-Yearbook-2024.xlsx,فهرس الباب الثاني,25,2,bed,أسرة,أسرة العناية المركزة بمستشفيات وزارة الصحة حسب التجمعات الصحية ونوع العناية لعام 2024م
Statistical-Yearbook-2024.xlsx,فهرس الباب الثاني,26,2,hospital,hospital,"Intensive Care Beds at MoH Hospitals By Health Cluster and Type of Intensive Care Bed, 2024G"
Statistical-Yearbook-2024.xlsx,فهرس الباب الثاني,26,2,bed,bed,"Intensive Care Beds at MoH Hospitals By Health Cluster and Type of Intensive Care Bed, 2024G"
Statistical-Yearbook-2024.xlsx,فهرس الباب الثاني,27,2,year,عام,أسرة الطوارئ بمستشفيات وزارة الصحة حسب التجمعات الصحية لعام 2024م
Statistical-Yearbook-2024.xlsx,فهرس الباب الثاني,27,2,bed,أسرة,أسرة الطوارئ بمستشفيات وزارة الصحة حسب التجمعات الصحية لعام 2024م
Statistical-Yearbook-2024.xlsx,فهرس الباب الثاني,28,2,hospital,hospital,"ER Beds at MoH Hospitals By Health Clusters, 2024G"
Statistical-Yearbook-2024.xlsx,فهرس الباب الثاني,28,2,bed,bed,"ER Beds at MoH Hospitals By Health Clusters, 2024G"
Statistical-Yearbook-2024.xlsx,فهرس الباب الثاني,29,2,year,عام,المستشفيات والأسرة والمجمعات الطبية والمرافق الصحية الأخرى بالقطاع الخاص حسب فروع ومكاتب وزارة الصحة عام 2024م.
Statistical-Yearbook-2024.xlsx,فهرس الباب الثاني,29,2,hospital,المستشفيات,المستشفيات والأسرة والمجمعات الطبية والمرافق الصحية الأخرى بالقطاع الخاص حسب فروع ومكاتب وزارة الصحة عام 2024م.
Statistical-Yearbook-2024.xlsx,فهرس الباب الثاني,29,2,bed,أسرة,المستشفيات والأسرة والمجمعات الطبية والمرافق الصحية الأخرى بالقطاع الخاص حسب فروع ومكاتب وزارة الصحة عام 2024م.
Statistical-Yearbook-2024.xlsx,فهرس الباب الثاني,30,2,hospital,hospital,"Private Sector Hospitals, Medical Complexes, Beds and Other Medical Facilities by MoH Branches & Offices, 2024G."
Statistical-Yearbook-2024.xlsx,فهرس الباب الثاني,30,2,bed,bed,"Private Sector Hospitals, Medical Complexes, Beds and Other Medical Facilities by MoH Branches & Offices, 2024G."
Statistical-Yearbook-2024.xlsx,فهرس الباب الثاني,31,2,hospital,المستشفيات,المستشفيات والأسرة والمجمعات الطبية بالقطاع الخاص  حسب فروع ومكاتب وزارة الصحة في الأعوام الخمسة الأخيرة
Statistical-Yearbook-2024.xlsx,فهرس الباب الثاني,31,2,bed,أسرة,المستشفيات والأسرة والمجمعات الطبية بالقطاع الخاص  حسب فروع ومكاتب وزارة الصحة في الأعوام الخمسة الأخيرة
Statistical-Yearbook-2024.xlsx,فهرس الباب الثاني,32,2,year,year,"Private Sector Hospitals, Beds and Medical Complexes by MoH Branches & Offices, in the last Five Years"
Statistical-Yearbook-2024.xlsx,فهرس الباب الثاني,32,2,hospital,hospital,"Private Sector Hospitals, Beds and Medical Complexes by MoH Branches & Offices, in the last Five Years"
Statistical-Yearbook-2024.xlsx,فهرس الباب الثاني,32,2,bed,bed,"Private Sector Hospitals, Beds and Medical Complexes by MoH Branches & Offices, in the last Five Years"
Statistical-Yearbook-2024.xlsx,فهرس الباب الثاني,33,2,year,عام,العيادات الخاصة للأطباء التخصص بفروع ومكاتب وزارة الصحة عام 2024م.
Statistical-Yearbook-2024.xlsx,فهرس الباب الثاني,33,2,physician,أطباء,العيادات الخاصة للأطباء التخصص بفروع ومكاتب وزارة الصحة عام 2024م.
Statistical-Yearbook-2024.xlsx,فهرس الباب الثاني,34,2,physician,doctor,"Single Doctor Private Clinics by Speciality in MoH Branches & Offices, 2024G."
Statistical-Yearbook-2024.xlsx,فهرس الباب الثاني,35,2,year,عام,القوى العاملة الصحية بالقطاعات الصحية بالمملكة في الأعوام الخمسة الأخيرة
Statistical-Yearbook-2024.xlsx,فهرس الباب الثاني,36,2,year,year,Health Manpower in KSA Health Sectors in the Last Five Years
Statistical-Yearbook-2024.xlsx,فهرس الباب الثاني,37,2,year,عام,القوى العاملة الصحية بالقطاعات الصحية بالمملكة حسب الفئة والجنس والجنسية عام 2024م
Statistical-Yearbook-2024.xlsx,فهرس الباب الثاني,39,2,year,عام,الأطباء وأطباء الأسنان بالقطاعات الصحية بالمملكة حسب التخصص والتصنيف الوظيفي عام 2024م.
Statistical-Yearbook-2024.xlsx,فهرس الباب الثاني,39,2,physician,أطباء,الأطباء وأطباء الأسنان بالقطاعات الصحية بالمملكة حسب التخصص والتصنيف الوظيفي عام 2024م.
Statistical-Yearbook-2024.xlsx,فهرس الباب الثاني,40,2,physician,physician,"Physicians and Dentists in KSA Health Sectors by Speciality and Professional Categories, 2024G"
Statistical-Yearbook-2024.xlsx,2-1,1,1,year,عام,الميزانية المخصصة لوزارة الصحة ( بمليارات الريالات) في الأعوام الخمسة الأخيرة بالنسبة للميزانية العامة للدولة
Statistical-Yearbook-2024.xlsx,2-1,2,1,year,year,Budget Appropriations for MOH in relation to Government Budget (by billion SR) in the last Five Years
Statistical-Yearbook-2024.xlsx,2-1,4,1,year,السنة,السنة الميلادية
Statistical-Yearbook-2024.xlsx,2-1,5,1,year,year,G. Year
Statistical-Yearbook-2024.xlsx,2-1,5,2,total,total,Total Governmental Budget
Statistical-Yearbook-2024.xlsx,2-1,11,3,total,total,* As % of Total Government Budget
Statistical-Yearbook-2024.xlsx,2-2,1,1,population,السكان,المستشفيات والأسرة بالقطاعات الصحية بالمملكة حسب الجهة ومعدل الأسرة لكل عشرة آلاف من السكان في الأعوام الخمسة الأخيرة
Statistical-Yearbook-2024.xlsx,2-2,1,1,hospital,المستشفيات,المستشفيات والأسرة بالقطاعات الصحية بالمملكة حسب الجهة ومعدل الأسرة لكل عشرة آلاف من السكان في الأعوام الخمسة الأخيرة
Statistical-Yearbook-2024.xlsx,2-2,1,1,bed,أسرة,المستشفيات والأسرة بالقطاعات الصحية بالمملكة حسب الجهة ومعدل الأسرة لكل عشرة آلاف من السكان في الأعوام الخمسة الأخيرة
Statistical-Yearbook-2024.xlsx,2-2,2,1,year,year,"Hospitals and Beds in All Health Sectors, KSA and Rate of Beds / 10,000 population, in the last Five Years"
Statistical-Yearbook-2024.xlsx,2-2,2,1,population,population,"Hospitals and Beds in All Health Sectors, KSA and Rate of Beds / 10,000 population, in the last Five Years"
Statistical-Yearbook-2024.xlsx,2-2,2,1,hospital,hospital,"Hospitals and Beds in All Health Sectors, KSA and Rate of Beds / 10,000 population, in the last Five Years"
Statistical-Yearbook-2024.xlsx,2-2,2,1,bed,bed,"Hospitals and Beds in All Health Sectors, KSA and Rate of Beds / 10,000 population, in the last Five Years"
Statistical-Yearbook-2024.xlsx,2-2,4,2,year,عام,العام
Statistical-Yearbook-2024.xlsx,2-2,4,21,year,year,Year
Statistical-Yearbook-2024.xlsx,2-2,6,2,hospital,hospital,Hospitals
Statistical-Yearbook-2024.xlsx,2-2,6,3,hospital,المستشفيات,المستشفيات
Statistical-Yearbook-2024.xlsx,2-2,6,4,bed,bed,Beds
Statistical-Yearbook-2024.xlsx,2-2,6,5,bed,أسرة,الأسرة
Statistical-Yearbook-2024.xlsx,2-2,6,6,hospital,hospital,Hospitals
Statistical-Yearbook-2024.xlsx,2-2,6,7,hospital,المستشفيات,المستشفيات
Statistical-Yearbook-2024.xlsx,2-2,6,8,bed,bed,Beds
Statistical-Yearbook-2024.xlsx,2-2,6,9,bed,أسرة,الأسرة
Statistical-Yearbook-2024.xlsx,2-2,6,10,hospital,hospital,Hospitals
Statistical-Yearbook-2024.xlsx,2-2,6,11,hospital,المستشفيات,المستشفيات
Statistical-Yearbook-2024.xlsx,2-2,6,12,bed,bed,Beds
Statistical-Yearbook-2024.xlsx,2-2,6,13,bed,أسرة,الأسرة
Statistical-Yearbook-2024.xlsx,2-2,6,14,hospital,hospital,Hospitals
Statistical-Yearbook-2024.xlsx,2-2,6,15,hospital,المستشفيات,المستشفيات
Statistical-Yearbook-2024.xlsx,2-2,6,16,bed,bed,Beds
Statistical-Yearbook-2024.xlsx,2-2,6,17,bed,أسرة,الأسرة
Statistical-Yearbook-2024.xlsx,2-2,6,18,hospital,hospital,Hospitals
Statistical-Yearbook-2024.xlsx,2-2,6,19,hospital,المستشفيات,المستشفيات
Statistical-Yearbook-2024.xlsx,2-2,6,20,bed,bed,Beds
Statistical-Yearbook-2024.xlsx,2-2,6,21,bed,أسرة,الأسرة
Statistical-Yearbook-2024.xlsx,2-2,10,1,total,المجموع,المجموع
Statistical-Yearbook-2024.xlsx,2-2,10,22,total,total,Total
Statistical-Yearbook-2024.xlsx,2-2,11,1,bed,أسرة,معدل الأسرة لكل عشرة آلاف نسمة
Statistical-Yearbook-2024.xlsx,2-2,11,22,population,population,"Rate of beds /10,000 population"
Statistical-Yearbook-2024.xlsx,2-2,11,22,bed,bed,"Rate of beds /10,000 population"
Statistical-Yearbook-2024.xlsx,2-3,1,1,hospital,المستشفيات,المستشفيات والأسرة بالقطاعات الصحية بالمملكة حسب فروع ومكاتب وزارة الصحة 2024م
Statistical-Yearbook-2024.xlsx,2-3,1,1,bed,أسرة,المستشفيات والأسرة بالقطاعات الصحية بالمملكة حسب فروع ومكاتب وزارة الصحة 2024م
Statistical-Yearbook-2024.xlsx,2-3,2,1,hospital,hospital,"Hospitals and Beds in KSA Health Sectors by MoH Branches & Offices, 2024G"
Statistical-Yearbook-2024.xlsx,2-3,2,1,bed,bed,"Hospitals and Beds in KSA Health Sectors by MoH Branches & Offices, 2024G"
Statistical-Yearbook-2024.xlsx,2-3,4,8,total,الإجمالي,الإجمالي
Statistical-Yearbook-2024.xlsx,2-3,5,8,total,total,Total
Statistical-Yearbook-2024.xlsx,2-3,6,2,hospital,المستشفيات,عدد المستشفيات
Statistical-Yearbook-2024.xlsx,2-3,6,3,bed,أسرة,عدد الأسرة
Statistical-Yearbook-2024.xlsx,2-3,6,4,hospital,المستشفيات,عدد المستشفيات
Statistical-Yearbook-2024.xlsx,2-3,6,5,bed,أسرة,عدد الأسرة
Statistical-Yearbook-2024.xlsx,2-3,6,6,hospital,المستشفيات,عدد المستشفيات
Statistical-Yearbook-2024.xlsx,2-3,6,7,bed,أسرة,عدد الأسرة
Statistical-Yearbook-2024.xlsx,2-3,6,8,hospital,المستشفيات,عدد المستشفيات
Statistical-Yearbook-2024.xlsx,2-3,6,9,bed,أسرة,عدد الأسرة
Statistical-Yearbook-2024.xlsx,2-3,7,2,hospital,hospital,Hospitals
Statistical-Yearbook-2024.xlsx,2-3,7,3,bed,bed,Beds
Statistical-Yearbook-2024.xlsx,2-3,7,4,hospital,hospital,Hospitals
Statistical-Yearbook-2024.xlsx,2-3,7,5,bed,bed,Beds
Statistical-Yearbook-2024.xlsx,2-3,7,6,hospital,hospital,Hospitals
Statistical-Yearbook-2024.xlsx,2-3,7,7,bed,bed,Beds
Statistical-Yearbook-2024.xlsx,2-3,7,8,hospital,hospital,Hospitals
Statistical-Yearbook-2024.xlsx,2-3,7,9,bed,bed,Beds
Statistical-Yearbook-2024.xlsx,2-3,28,1,total,الإجمالي,الإجمالي
Statistical-Yearbook-2024.xlsx,2-3,28,10,total,total,Total
Statistical-Yearbook-2024.xlsx,2-4,1,1,year,عام,المرافق الصحية بوزارة الصحة حسب التجمعات الصحية عام 2024م
Statistical-Yearbook-2024.xlsx,2-4,4,3,hospital,مستشفى,مستشفى
Statistical-Yearbook-2024.xlsx,2-4,5,3,hospital,hospital,Hospital
Statistical-Yearbook-2024.xlsx,2-4,5,10,region,region,Central/ Regional Laboratory
Statistical-Yearbook-2024.xlsx,2-4,9,14,total,total,Total Health Clusters - Riyadh
Statistical-Yearbook-2024.xlsx,2-4,12,14,total,total,Total Makkah Health Cluster
Statistical-Yearbook-2024.xlsx,2-4,15,14,total,total,Total Health Clusters - Jeddah
Statistical-Yearbook-2024.xlsx,2-4,24,14,total,total,Total Asir Health Cluster
Statistical-Yearbook-2024.xlsx,2-4,33,14,total,total,Total Al Jouf Health Cluster
Statistical-Yearbook-2024.xlsx,2-4,34,14,total,total,Total
Statistical-Yearbook-2024.xlsx,2-5,2,1,year,year,"Primary Health Care Centers in MoH by MoH Branches & Offices, in the last Five Years"
Statistical-Yearbook-2024.xlsx,2-5,25,1,total,المجموع,المجموع
Statistical-Yearbook-2024.xlsx,2-5,25,7,total,total,Total
Statistical-Yearbook-2024.xlsx,2-6,1,1,hospital,المستشفيات,المستشفيات والأسرة بوزارة الصحة حسب فروع ومكاتب وزارة الصحة في الأعوام الخمسة الأخيرة
Statistical-Yearbook-2024.xlsx,2-6,1,1,bed,أسرة,المستشفيات والأسرة بوزارة الصحة حسب فروع ومكاتب وزارة الصحة في الأعوام الخمسة الأخيرة
Statistical-Yearbook-2024.xlsx,2-6,2,1,year,year,"MOH Hospitals and Beds by MoH Branches & Offices, in the last Five Years"
Statistical-Yearbook-2024.xlsx,2-6,2,1,hospital,hospital,"MOH Hospitals and Beds by MoH Branches & Offices, in the last Five Years"
Statistical-Yearbook-2024.xlsx,2-6,2,1,bed,bed,"MOH Hospitals and Beds by MoH Branches & Offices, in the last Five Years"
Statistical-Yearbook-2024.xlsx,2-6,5,3,bed,أسرة,أسرة
Statistical-Yearbook-2024.xlsx,2-6,5,5,bed,أسرة,أسرة
Statistical-Yearbook-2024.xlsx,2-6,5,7,bed,أسرة,أسرة
Statistical-Yearbook-2024.xlsx,2-6,5,9,bed,أسرة,أسرة
Statistical-Yearbook-2024.xlsx,2-6,5,11,bed,أسرة,أسرة
Statistical-Yearbook-2024.xlsx,2-6,6,2,hospital,hospital,Hospitals
Statistical-Yearbook-2024.xlsx,2-6,6,3,bed,bed,Beds
Statistical-Yearbook-2024.xlsx,2-6,6,4,hospital,hospital,Hospitals
Statistical-Yearbook-2024.xlsx,2-6,6,5,bed,bed,Beds
Statistical-Yearbook-2024.xlsx,2-6,6,6,hospital,hospital,Hospitals
Statistical-Yearbook-2024.xlsx,2-6,6,7,bed,bed,Beds
Statistical-Yearbook-2024.xlsx,2-6,6,8,hospital,hospital,Hospitals
Statistical-Yearbook-2024.xlsx,2-6,6,9,bed,bed,Beds
Statistical-Yearbook-2024.xlsx,2-6,6,10,hospital,hospital,Hospitals
Statistical-Yearbook-2024.xlsx,2-6,6,11,bed,bed,Beds
Statistical-Yearbook-2024.xlsx,2-6,27,1,total,المجموع,المجموع
Statistical-Yearbook-2024.xlsx,2-6,27,12,total,total,Total
Statistical-Yearbook-2024.xlsx,2-7,1,1,year,عام,مستشفيات وزارة الصحة وعدد الأسرة حسب التجمعات الصحية والتخصص لعام 2024م
Statistical-Yearbook-2024.xlsx,2-7,1,1,bed,أسرة,مستشفيات وزارة الصحة وعدد الأسرة حسب التجمعات الصحية والتخصص لعام 2024م
Statistical-Yearbook-2024.xlsx,2-7,2,1,hospital,hospital,"MoH Hospitals and Beds by Health Clusters and Speciality, 2024G"
Statistical-Yearbook-2024.xlsx,2-7,2,1,bed,bed,"MoH Hospitals and Beds by Health Clusters and Speciality, 2024G"
Statistical-Yearbook-2024.xlsx,2-7,4,2,year,عام,عامة
Statistical-Yearbook-2024.xlsx,2-7,4,16,total,المجموع,المجموع
Statistical-Yearbook-2024.xlsx,2-7,5,16,total,total,Total
Statistical-Yearbook-2024.xlsx,2-7,6,3,bed,أسرة,أسرة
Statistical-Yearbook-2024.xlsx,2-7,6,5,bed,أسرة,أسرة
Statistical-Yearbook-2024.xlsx,2-7,6,7,bed,أسرة,أسرة
Statistical-Yearbook-2024.xlsx,2-7,6,9,bed,أسرة,أسرة
Statistical-Yearbook-2024.xlsx,2-7,6,11,bed,أسرة,أسرة
Statistical-Yearbook-2024.xlsx,2-7,6,13,bed,أسرة,أسرة
Statistical-Yearbook-2024.xlsx,2-7,6,15,bed,أسرة,أسرة
Statistical-Yearbook-2024.xlsx,2-7,6,17,bed,أسرة,أسرة
Statistical-Yearbook-2024.xlsx,2-7,7,2,hospital,hospital,Hospitals
Statistical-Yearbook-2024.xlsx,2-7,7,3,bed,bed,Beds
Statistical-Yearbook-2024.xlsx,2-7,7,4,hospital,hospital,Hospitals
Statistical-Yearbook-2024.xlsx,2-7,7,5,bed,bed,Beds
Statistical-Yearbook-2024.xlsx,2-7,7,6,hospital,hospital,Hospitals
Statistical-Yearbook-2024.xlsx,2-7,7,7,bed,bed,Beds
Statistical-Yearbook-2024.xlsx,2-7,7,8,hospital,hospital,Hospitals
Statistical-Yearbook-2024.xlsx,2-7,7,9,bed,bed,Beds
Statistical-Yearbook-2024.xlsx,2-7,7,10,hospital,hospital,Hospitals
Statistical-Yearbook-2024.xlsx,2-7,7,11,bed,bed,Beds
Statistical-Yearbook-2024.xlsx,2-7,7,12,hospital,hospital,Hospitals
Statistical-Yearbook-2024.xlsx,2-7,7,13,bed,bed,Beds
Statistical-Yearbook-2024.xlsx,2-7,7,14,hospital,hospital,Hospitals
Statistical-Yearbook-2024.xlsx,2-7,7,15,bed,bed,Beds
Statistical-Yearbook-2024.xlsx,2-7,7,16,hospital,hospital,Hospitals
Statistical-Yearbook-2024.xlsx,2-7,7,17,bed,bed,Beds
Statistical-Yearbook-2024.xlsx,2-7,11,18,total,total,Total Health Clusters - Riyadh
Statistical-Yearbook-2024.xlsx,2-7,14,18,total,total,Total Makkah Health Cluster
Statistical-Yearbook-2024.xlsx,2-7,17,18,total,total,Total Health Clusters - Jeddah
Statistical-Yearbook-2024.xlsx,2-7,26,18,total,total,Total Asir Health Cluster
Statistical-Yearbook-2024.xlsx,2-7,35,18,total,total,Total Al Jouf Health Cluster
Statistical-Yearbook-2024.xlsx,2-7,36,18,total,total,Total
Statistical-Yearbook-2024.xlsx,2-7,37,1,hospital,مستشفى,مستشفى الصحة النفسية ببيشة تعتبر مستشفى رعاية مديدة وصحة نفسية (50 سرير رعاية مديدة + 50 سرير صحة نفسية)
Statistical-Yearbook-2024.xlsx,2-7,37,1,bed,سرير,مستشفى الصحة النفسية ببيشة تعتبر مستشفى رعاية مديدة وصحة نفسية (50 سرير رعاية مديدة + 50 سرير صحة نفسية)
Statistical-Yearbook-2024.xlsx,2-7,37,18,hospital,hospital,psychiatric hospital in Bishah includes Long Term Care hospital (each 50 beds)
Statistical-Yearbook-2024.xlsx,2-7,37,18,bed,bed,psychiatric hospital in Bishah includes Long Term Care hospital (each 50 beds)
Statistical-Yearbook-2024.xlsx,2-7,38,1,hospital,مستشفى,مستشفى الرعاية المديدة بالعاصمة المقدسة تعتبر مستشفى رعاية مديدة وجذام (100 سرير رعاية مديدة +50سرير جذام)
Statistical-Yearbook-2024.xlsx,2-7,38,1,bed,سرير,مستشفى الرعاية المديدة بالعاصمة المقدسة تعتبر مستشفى رعاية مديدة وجذام (100 سرير رعاية مديدة +50سرير جذام)
Statistical-Yearbook-2024.xlsx,2-7,38,18,hospital,hospital,Long term care hospital in The Holy Capital includes 50 beds for Leprosy
Statistical-Yearbook-2024.xlsx,2-7,38,18,bed,bed,Long term care hospital in The Holy Capital includes 50 beds for Leprosy
Statistical-Yearbook-2024.xlsx,2-8,1,1,year,عام,مستشفيات وزارة الصحة حسب التجمعات الصحية والسعة السريرية للعام 2024م
Statistical-Yearbook-2024.xlsx,2-8,1,1,bed,سرير,مستشفيات وزارة الصحة حسب التجمعات الصحية والسعة السريرية للعام 2024م
Statistical-Yearbook-2024.xlsx,2-8,2,1,hospital,hospital,"MoH Hospitals  by Health Clusters and Bed Capacity, 2024G"
Statistical-Yearbook-2024.xlsx,2-8,2,1,bed,bed,"MoH Hospitals  by Health Clusters and Bed Capacity, 2024G"
Statistical-Yearbook-2024.xlsx,2-8,4,2,bed,سرير,السعة السريرية
Statistical-Yearbook-2024.xlsx,2-8,4,6,bed,bed,Bed Capacity
Statistical-Yearbook-2024.xlsx,2-8,5,9,total,total,"الإجمالي 
Total"
Statistical-Yearbook-2024.xlsx,2-8,9,10,total,total,Total Health Clusters - Riyadh
Statistical-Yearbook-2024.xlsx,2-8,12,10,total,total,Total Makkah Health Cluster
Statistical-Yearbook-2024.xlsx,2-8,15,10,total,total,Total Health Clusters - Jeddah
Statistical-Yearbook-2024.xlsx,2-8,24,10,total,total,Total Asir Health Cluster
Statistical-Yearbook-2024.xlsx,2-8,33,10,total,total,Total Al Jouf Health Cluster
Statistical-Yearbook-2024.xlsx,2-8,34,1,total,المجموع,المجموع
Statistical-Yearbook-2024.xlsx,2-8,34,10,total,total,Total
Statistical-Yearbook-2024.xlsx,2-9,1,1,year,عام,الأسرة بمستشفيات وزارة الصحة حسب التجمع الصحي والتخصص لعام 2024م
Statistical-Yearbook-2024.xlsx,2-9,1,1,bed,أسرة,الأسرة بمستشفيات وزارة الصحة حسب التجمع الصحي والتخصص لعام 2024م
Statistical-Yearbook-2024.xlsx,2-9,2,1,hospital,hospital,"Beds at MoH Hospitals By Health Cluster and Speciality, 2024G."
Statistical-Yearbook-2024.xlsx,2-9,2,1,bed,bed,"Beds at MoH Hospitals By Health Cluster and Speciality, 2024G."
Statistical-Yearbook-2024.xlsx,2-9,4,2,year,عام,عامة
Statistical-Yearbook-2024.xlsx,2-9,4,10,total,المجموع,المجموع
Statistical-Yearbook-2024.xlsx,2-9,5,10,total,total,Total
Statistical-Yearbook-2024.xlsx,2-9,9,11,total,total,Total Health Clusters - Riyadh
Statistical-Yearbook-2024.xlsx,2-9,12,11,total,total,Total Makkah Health Cluster
Statistical-Yearbook-2024.xlsx,2-9,15,11,total,total,Total Health Clusters - Jeddah
Statistical-Yearbook-2024.xlsx,2-9,24,11,total,total,Total Asir Health Cluster
Statistical-Yearbook-2024.xlsx,2-9,33,11,total,total,Total Al Jouf Health Cluster
Statistical-Yearbook-2024.xlsx,2-9,34,11,total,total,Total
Statistical-Yearbook-2024.xlsx,2-10,1,1,year,عام,أسرة مستشفيات الجهات الحكومية الأخرى حسب التخصص عام 2024م.
Statistical-Yearbook-2024.xlsx,2-10,1,1,bed,أسرة,أسرة مستشفيات الجهات الحكومية الأخرى حسب التخصص عام 2024م.
Statistical-Yearbook-2024.xlsx,2-10,2,1,hospital,hospital,"Hospital Beds in Other Governmental Sector by Speciality, 2024G."
Statistical-Yearbook-2024.xlsx,2-10,2,1,bed,bed,"Hospital Beds in Other Governmental Sector by Speciality, 2024G."
Statistical-Yearbook-2024.xlsx,2-10,4,2,year,عام,عامة
Statistical-Yearbook-2024.xlsx,2-10,4,10,total,المجموع,المجموع
Statistical-Yearbook-2024.xlsx,2-10,5,10,total,total,Total
Statistical-Yearbook-2024.xlsx,2-10,9,1,hospital,مستشفى,مستشفى الملك فيصل التخصصي ومركز الأبحاث
Statistical-Yearbook-2024.xlsx,2-10,9,11,hospital,hospital,King Faisal Specialist Hospital &R.C.
Statistical-Yearbook-2024.xlsx,2-10,10,1,hospital,مستشفى,مستشفى الملك خالد التخصصي للعيون
Statistical-Yearbook-2024.xlsx,2-10,10,11,hospital,hospital,King Khalid Eye Specialist Hospital
Statistical-Yearbook-2024.xlsx,2-10,13,1,total,المجموع,المجموع
Statistical-Yearbook-2024.xlsx,2-10,13,11,total,total,Total
Statistical-Yearbook-2024.xlsx,2-11,1,1,year,عام,أسرة مستشفيات القطاع الخاص حسب فروع ومكاتب وزارة الصحة والتخصص عام 2024م.
Statistical-Yearbook-2024.xlsx,2-11,1,1,bed,أسرة,أسرة مستشفيات القطاع الخاص حسب فروع ومكاتب وزارة الصحة والتخصص عام 2024م.
Statistical-Yearbook-2024.xlsx,2-11,2,1,hospital,hospital,"Hospital Beds at Private Sector by MoH Branches & Offices and Speciality, 2024G."
Statistical-Yearbook-2024.xlsx,2-11,2,1,bed,bed,"Hospital Beds at Private Sector by MoH Branches & Offices and Speciality, 2024G."
Statistical-Yearbook-2024.xlsx,2-11,4,2,year,عام,عامة
Statistical-Yearbook-2024.xlsx,2-11,4,11,total,المجموع,المجموع
Statistical-Yearbook-2024.xlsx,2-11,5,11,total,total,Total
Statistical-Yearbook-2024.xlsx,2-11,22,1,total,المجموع,المجموع
Statistical-Yearbook-2024.xlsx,2-11,22,12,total,total,Total
Statistical-Yearbook-2024.xlsx,2-12,1,1,year,عام,أسرة العناية المركزة بمستشفيات وزارة الصحة حسب التجمعات الصحية ونوع العناية لعام 2024م
Statistical-Yearbook-2024.xlsx,2-12,1,1,bed,أسرة,أسرة العناية المركزة بمستشفيات وزارة الصحة حسب التجمعات الصحية ونوع العناية لعام 2024م
Statistical-Yearbook-2024.xlsx,2-12,2,1,hospital,hospital,"Intensive Care Beds at MoH Hospitals By Health Cluster and Type of Intensive Care Bed, 2024G"
Statistical-Yearbook-2024.xlsx,2-12,2,1,bed,bed,"Intensive Care Beds at MoH Hospitals By Health Cluster and Type of Intensive Care Bed, 2024G"
Statistical-Yearbook-2024.xlsx,2-12,26,1,total,المجموع,المجموع
Statistical-Yearbook-2024.xlsx,2-12,26,5,total,total,Total
Statistical-Yearbook-2024.xlsx,2-13,1,1,year,عام,أسرة الطوارئ بمستشفيات وزارة الصحة حسب التجمعات الصحية لعام 2024م
Statistical-Yearbook-2024.xlsx,2-13,1,1,bed,أسرة,أسرة الطوارئ بمستشفيات وزارة الصحة حسب التجمعات الصحية لعام 2024م
Statistical-Yearbook-2024.xlsx,2-13,2,1,hospital,hospital,"ER Beds at MoH Hospitals By Health Clusters, 2024G"
Statistical-Yearbook-2024.xlsx,2-13,2,1,bed,bed,"ER Beds at MoH Hospitals By Health Clusters, 2024G"
Statistical-Yearbook-2024.xlsx,2-13,4,2,bed,أسرة,أسرة  بأجهزة مراقبة
Statistical-Yearbook-2024.xlsx,2-13,4,3,bed,أسرة,أسرة بدون أجهزة مراقبة
Statistical-Yearbook-2024.xlsx,2-13,4,4,total,الإجمالي,الإجمالي
Statistical-Yearbook-2024.xlsx,2-13,5,2,bed,bed,Beds with Monitors
Statistical-Yearbook-2024.xlsx,2-13,5,3,bed,bed,Beds without Monitors
Statistical-Yearbook-2024.xlsx,2-13,5,4,total,total,Total
Statistical-Yearbook-2024.xlsx,2-13,26,1,total,المجموع,المجموع
Statistical-Yearbook-2024.xlsx,2-13,26,5,total,total,Total
Statistical-Yearbook-2024.xlsx,2-14,1,1,year,عام,المستشفيات والأسرة والمجمعات الطبية والمرافق الصحية الأخرى بالقطاع الخاص حسب فروع ومكاتب وزارة الصحة عام 2024م.
Statistical-Yearbook-2024.xlsx,2-14,1,1,hospital,المستشفيات,المستشفيات والأسرة والمجمعات الطبية والمرافق الصحية الأخرى بالقطاع الخاص حسب فروع ومكاتب وزارة الصحة عام 2024م.
Statistical-Yearbook-2024.xlsx,2-14,1,1,bed,أسرة,المستشفيات والأسرة والمجمعات الطبية والمرافق الصحية الأخرى بالقطاع الخاص حسب فروع ومكاتب وزارة الصحة عام 2024م.
Statistical-Yearbook-2024.xlsx,2-14,2,1,hospital,hospital,"Private Sector Hospitals, Medical Complexes, Beds and Other Medical Facilities by MoH Branches & Offices, 2024G."
Statistical-Yearbook-2024.xlsx,2-14,2,1,bed,bed,"Private Sector Hospitals, Medical Complexes, Beds and Other Medical Facilities by MoH Branches & Offices, 2024G."
Statistical-Yearbook-2024.xlsx,2-14,4,2,hospital,hospital,"عدد المستشفيات
Hospitals"
Statistical-Yearbook-2024.xlsx,2-14,4,3,bed,bed,"عدد الأسرة
Beds"
Statistical-Yearbook-2024.xlsx,2-14,4,5,physician,doctor,"عيادات   خاصه
Single Doctor Private Clinics"
Statistical-Yearbook-2024.xlsx,2-14,25,1,total,الإجمالي,الإجمالي
Statistical-Yearbook-2024.xlsx,2-14,25,11,total,total,Total
Statistical-Yearbook-2024.xlsx,2-15,1,1,hospital,المستشفيات,المستشفيات والأسرة والمجمعات الطبية بالقطاع الخاص  حسب فروع ومكاتب وزارة الصحة في الأعوام الخمسة الأخيرة
Statistical-Yearbook-2024.xlsx,2-15,1,1,bed,أسرة,المستشفيات والأسرة والمجمعات الطبية بالقطاع الخاص  حسب فروع ومكاتب وزارة الصحة في الأعوام الخمسة الأخيرة
Statistical-Yearbook-2024.xlsx,2-15,2,1,year,year,"Private Sector Hospitals, Beds and Medical Complexes by MoH Branches & Offices, in the last Five Years"
Statistical-Yearbook-2024.xlsx,2-15,2,1,hospital,hospital,"Private Sector Hospitals, Beds and Medical Complexes by MoH Branches & Offices, in the last Five Years"
Statistical-Yearbook-2024.xlsx,2-15,2,1,bed,bed,"Private Sector Hospitals, Beds and Medical Complexes by MoH Branches & Offices, in the last Five Years"
Statistical-Yearbook-2024.xlsx,2-15,5,2,hospital,hospital,"المستشفيات
Hospitals"
Statistical-Yearbook-2024.xlsx,2-15,5,3,bed,bed,"الأسرة
Beds"
Statistical-Yearbook-2024.xlsx,2-15,5,5,hospital,hospital,"المستشفيات
Hospitals"
Statistical-Yearbook-2024.xlsx,2-15,5,6,bed,bed,"الأسرة
Beds"
Statistical-Yearbook-2024.xlsx,2-15,5,8,hospital,hospital,"المستشفيات
Hospitals"
Statistical-Yearbook-2024.xlsx,2-15,5,9,bed,bed,"الأسرة
Beds"
Statistical-Yearbook-2024.xlsx,2-15,5,11,hospital,hospital,"المستشفيات
Hospitals"
Statistical-Yearbook-2024.xlsx,2-15,5,12,bed,bed,"الأسرة
Beds"
Statistical-Yearbook-2024.xlsx,2-15,5,14,hospital,hospital,"المستشفيات
Hospitals"
Statistical-Yearbook-2024.xlsx,2-15,5,15,bed,bed,"الأسرة
Beds"
Statistical-Yearbook-2024.xlsx,2-15,5,17,hospital,hospital,"المستشفيات
Hospitals"
Statistical-Yearbook-2024.xlsx,2-15,5,18,bed,bed,"الأسرة
Beds"
Statistical-Yearbook-2024.xlsx,2-15,5,20,hospital,hospital,"المستشفيات
Hospitals"
Statistical-Yearbook-2024.xlsx,2-15,5,21,bed,bed,"الأسرة
Beds"
Statistical-Yearbook-2024.xlsx,2-15,26,1,total,الإجمالي,الإجمالي
Statistical-Yearbook-2024.xlsx,2-15,26,23,total,total,Total
Statistical-Yearbook-2024.xlsx,2-16,1,1,year,عام,العيادات الخاصة للأطباء التخصص بفروع ومكاتب وزارة الصحة عام 2024م.
Statistical-Yearbook-2024.xlsx,2-16,1,1,physician,أطباء,العيادات الخاصة للأطباء التخصص بفروع ومكاتب وزارة الصحة عام 2024م.
Statistical-Yearbook-2024.xlsx,2-16,2,1,physician,doctor,"Single Doctor Private Clinics by Speciality in MoH Branches & Offices, 2024G."
Statistical-Yearbook-2024.xlsx,2-16,4,3,year,عام,طـب عام
Statistical-Yearbook-2024.xlsx,2-16,4,9,year,عام,جراحة عامة
Statistical-Yearbook-2024.xlsx,2-16,4,24,total,total,Total
Statistical-Yearbook-2024.xlsx,2-16,4,25,total,المجموع,المجموع
Statistical-Yearbook-2024.xlsx,2-16,16,1,total,المجموع,المجموع
Statistical-Yearbook-2024.xlsx,2-16,16,26,total,total,Total
Statistical-Yearbook-2024.xlsx,2-16,17,1,region,المناطق,* باقي المناطق لا يوجد بها عيادات خاصة للأطباء
Statistical-Yearbook-2024.xlsx,2-16,17,1,physician,أطباء,* باقي المناطق لا يوجد بها عيادات خاصة للأطباء
Statistical-Yearbook-2024.xlsx,2-17,1,1,year,عام,القوى العاملة الصحية بالقطاعات الصحية بالمملكة في الأعوام الخمسة الأخيرة
Statistical-Yearbook-2024.xlsx,2-17,2,1,year,year,Health Manpower in KSA Health Sectors in the Last Five Years
Statistical-Yearbook-2024.xlsx,2-17,6,2,physician,أطباء,أطباء بشريون
Statistical-Yearbook-2024.xlsx,2-17,6,19,physician,physician,Physicians
Statistical-Yearbook-2024.xlsx,2-17,7,2,physician,أطباء,أطباء أسنان
Statistical-Yearbook-2024.xlsx,2-17,8,2,physician,أطباء,إجمالي الأطباء
Statistical-Yearbook-2024.xlsx,2-17,8,19,physician,physician,Physicians & Dentists
Statistical-Yearbook-2024.xlsx,2-17,9,2,nurse,تمريض,طاقم التمريض
Statistical-Yearbook-2024.xlsx,2-17,9,19,nurse,nurse,Nurses
Statistical-Yearbook-2024.xlsx,2-17,11,2,nurse,تمريض,إجمالي طاقم التمريض والقابلات
Statistical-Yearbook-2024.xlsx,2-17,11,19,total,total,Total Nurses and Midwives
Statistical-Yearbook-2024.xlsx,2-17,11,19,nurse,nurse,Total Nurses and Midwives
Statistical-Yearbook-2024.xlsx,2-17,14,2,physician,أطباء,أطباء بشريون
Statistical-Yearbook-2024.xlsx,2-17,14,19,physician,physician,Physicians
Statistical-Yearbook-2024.xlsx,2-17,15,2,physician,أطباء,أطباء أسنان
Statistical-Yearbook-2024.xlsx,2-17,16,2,physician,أطباء,إجمالي الأطباء
Statistical-Yearbook-2024.xlsx,2-17,16,19,physician,physician,Physicians & Dentists
Statistical-Yearbook-2024.xlsx,2-17,17,2,nurse,تمريض,طاقم التمريض
Statistical-Yearbook-2024.xlsx,2-17,17,19,nurse,nurse,Nurses
Statistical-Yearbook-2024.xlsx,2-17,19,2,nurse,تمريض,إجمالي طاقم التمريض والقابلات
Statistical-Yearbook-2024.xlsx,2-17,19,19,total,total,Total Nurses and Midwives
Statistical-Yearbook-2024.xlsx,2-17,19,19,nurse,nurse,Total Nurses and Midwives
Statistical-Yearbook-2024.xlsx,2-17,22,2,physician,أطباء,أطباء بشريون
Statistical-Yearbook-2024.xlsx,2-17,22,19,physician,physician,Physicians
Statistical-Yearbook-2024.xlsx,2-17,23,2,physician,أطباء,أطباء أسنان
Statistical-Yearbook-2024.xlsx,2-17,24,2,physician,أطباء,إجمالي الأطباء
Statistical-Yearbook-2024.xlsx,2-17,24,19,physician,physician,Physicians & Dentists
Statistical-Yearbook-2024.xlsx,2-17,25,2,nurse,تمريض,طاقم التمريض
Statistical-Yearbook-2024.xlsx,2-17,25,19,nurse,nurse,Nurses
Statistical-Yearbook-2024.xlsx,2-17,27,2,nurse,تمريض,إجمالي طاقم التمريض والقابلات
Statistical-Yearbook-2024.xlsx,2-17,27,19,total,total,Total Nurses and Midwives
Statistical-Yearbook-2024.xlsx,2-17,27,19,nurse,nurse,Total Nurses and Midwives
Statistical-Yearbook-2024.xlsx,2-17,30,1,total,المجموع,المجموع
Statistical-Yearbook-2024.xlsx,2-17,30,2,physician,أطباء,أطباء بشريون
Statistical-Yearbook-2024.xlsx,2-17,30,19,physician,physician,Physicians
Statistical-Yearbook-2024.xlsx,2-17,30,20,total,total,Total
Statistical-Yearbook-2024.xlsx,2-17,31,2,physician,أطباء,أطباء أسنان
Statistical-Yearbook-2024.xlsx,2-17,32,2,physician,أطباء,إجمالي الأطباء
Statistical-Yearbook-2024.xlsx,2-17,32,19,physician,physician,Physicians & Dentists
Statistical-Yearbook-2024.xlsx,2-17,33,2,nurse,تمريض,طاقم التمريض
Statistical-Yearbook-2024.xlsx,2-17,33,19,nurse,nurse,Nurses
Statistical-Yearbook-2024.xlsx,2-17,35,2,nurse,تمريض,إجمالي طاقم التمريض والقابلات
Statistical-Yearbook-2024.xlsx,2-17,35,19,total,total,Total Nurses and Midwives
Statistical-Yearbook-2024.xlsx,2-17,35,19,nurse,nurse,Total Nurses and Midwives
Statistical-Yearbook-2024.xlsx,2-18,1,1,year,عام,القوى العاملة الصحية بالقطاعات الصحية بالمملكة حسب الفئة والجنس والجنسية عام 2024م
Statistical-Yearbook-2024.xlsx,2-18,4,12,total,الإجمالي,الإجمالي
Statistical-Yearbook-2024.xlsx,2-18,5,12,total,total,Total
Statistical-Yearbook-2024.xlsx,2-18,6,5,total,المجموع,المجموع
Statistical-Yearbook-2024.xlsx,2-18,6,8,total,المجموع,المجموع
Statistical-Yearbook-2024.xlsx,2-18,6,11,total,المجموع,المجموع
Statistical-Yearbook-2024.xlsx,2-18,6,14,total,المجموع,المجموع
Statistical-Yearbook-2024.xlsx,2-18,7,5,total,total,Total
Statistical-Yearbook-2024.xlsx,2-18,7,8,total,total,Total
Statistical-Yearbook-2024.xlsx,2-18,7,11,total,total,Total
Statistical-Yearbook-2024.xlsx,2-18,7,14,total,total,Total
Statistical-Yearbook-2024.xlsx,2-18,8,1,physician,أطباء,أطباء بشريون
Statistical-Yearbook-2024.xlsx,2-18,8,16,physician,physician,Physicians
Statistical-Yearbook-2024.xlsx,2-18,10,2,total,المجموع,المجموع
Statistical-Yearbook-2024.xlsx,2-18,10,15,total,total,Total
Statistical-Yearbook-2024.xlsx,2-18,11,1,physician,أطباء,أطباء أسنان
Statistical-Yearbook-2024.xlsx,2-18,13,2,total,المجموع,المجموع
Statistical-Yearbook-2024.xlsx,2-18,13,15,total,total,Total
Statistical-Yearbook-2024.xlsx,2-18,14,1,physician,أطباء,إجمالي الأطباء
Statistical-Yearbook-2024.xlsx,2-18,14,16,total,total,Total Physicians and Dentists
Statistical-Yearbook-2024.xlsx,2-18,14,16,physician,physician,Total Physicians and Dentists
Statistical-Yearbook-2024.xlsx,2-18,16,2,total,المجموع,المجموع
Statistical-Yearbook-2024.xlsx,2-18,16,15,total,total,Total
Statistical-Yearbook-2024.xlsx,2-18,17,1,nurse,تمريض,طاقم التمريض
Statistical-Yearbook-2024.xlsx,2-18,17,16,nurse,nurse,Nurses
Statistical-Yearbook-2024.xlsx,2-18,19,2,total,المجموع,المجموع
Statistical-Yearbook-2024.xlsx,2-18,19,15,total,total,Total
Statistical-Yearbook-2024.xlsx,2-18,22,2,total,المجموع,المجموع
Statistical-Yearbook-2024.xlsx,2-18,22,15,total,total,Total
Statistical-Yearbook-2024.xlsx,2-18,23,1,nurse,تمريض,إجمالي طاقم التمريض والقابلات
Statistical-Yearbook-2024.xlsx,2-18,23,16,total,total,Total Nurses and Midwives
Statistical-Yearbook-2024.xlsx,2-18,23,16,nurse,nurse,Total Nurses and Midwives
Statistical-Yearbook-2024.xlsx,2-18,25,2,total,المجموع,المجموع
Statistical-Yearbook-2024.xlsx,2-18,25,15,total,total,Total
Statistical-Yearbook-2024.xlsx,2-18,28,2,total,المجموع,المجموع
Statistical-Yearbook-2024.xlsx,2-18,28,15,total,total,Total
Statistical-Yearbook-2024.xlsx,2-18,31,2,total,المجموع,المجموع
Statistical-Yearbook-2024.xlsx,2-18,31,15,total,total,Total
Statistical-Yearbook-2024.xlsx,2-19,1,1,year,عام,الأطباء وأطباء الأسنان بالقطاعات الصحية بالمملكة حسب التخصص والتصنيف الوظيفي عام 2024م.
Statistical-Yearbook-2024.xlsx,2-19,1,1,physician,أطباء,الأطباء وأطباء الأسنان بالقطاعات الصحية بالمملكة حسب التخصص والتصنيف الوظيفي عام 2024م.
Statistical-Yearbook-2024.xlsx,2-19,2,1,physician,physician,"Physicians and Dentists in KSA Health Sectors by Speciality and Professional Categories, 2024G"
Statistical-Yearbook-2024.xlsx,2-19,5,14,total,total,Total KSA
Statistical-Yearbook-2024.xlsx,2-19,6,5,total,المجموع,المجموع
Statistical-Yearbook-2024.xlsx,2-19,6,9,total,المجموع,المجموع
Statistical-Yearbook-2024.xlsx,2-19,6,13,total,المجموع,المجموع
Statistical-Yearbook-2024.xlsx,2-19,6,17,total,المجموع,المجموع
Statistical-Yearbook-2024.xlsx,2-19,7,5,total,total,Total
Statistical-Yearbook-2024.xlsx,2-19,7,9,total,total,Total
Statistical-Yearbook-2024.xlsx,2-19,7,13,total,total,Total
Statistical-Yearbook-2024.xlsx,2-19,7,17,total,total,Total
Statistical-Yearbook-2024.xlsx,2-19,8,1,year,عام,عام
Statistical-Yearbook-2024.xlsx,2-19,11,1,year,عام,جراحة عامة
Statistical-Yearbook-2024.xlsx,2-19,24,1,year,عام,صحة عامة (طب مجتمع) وصحة مهنية
Statistical-Yearbook-2024.xlsx,2-19,33,1,bed,أسرة,طب أسرة
Statistical-Yearbook-2024.xlsx,2-20,1,1,year,عام,الأطباء وأطباء الأسنان بوزارة الصحة حسب الجنس والجنسية والتخصص والتصنيف الوظيفي عام 2024م.
Statistical-Yearbook-2024.xlsx,2-20,1,1,physician,أطباء,الأطباء وأطباء الأسنان بوزارة الصحة حسب الجنس والجنسية والتخصص والتصنيف الوظيفي عام 2024م.
Statistical-Yearbook-2024.xlsx,2-20,2,1,physician,physician,"Physicians and Dentists in MoH by Gender, Nationality, Speciality and Professional Categories, 2024G"
Statistical-Yearbook-2024.xlsx,2-20,4,2,physician,طبيب,"طبيب مقيم 
Resident"
Statistical-Yearbook-2024.xlsx,2-20,4,7,physician,طبيب,"طبيب نائب 
Registrar"
Statistical-Yearbook-2024.xlsx,2-20,4,12,physician,طبيب,"طبيب استشاري 
Consultant"
Statistical-Yearbook-2024.xlsx,2-20,4,17,total,total,"المجموع
Total"
Statistical-Yearbook-2024.xlsx,2-20,5,6,total,total,"المجموع
Total"
Statistical-Yearbook-2024.xlsx,2-20,5,11,total,total,"المجموع
Total"
Statistical-Yearbook-2024.xlsx,2-20,5,16,total,total,"المجموع
Total"
Statistical-Yearbook-2024.xlsx,2-20,7,1,year,عام,عام
Statistical-Yearbook-2024.xlsx,2-20,10,1,year,عام,جراحة عامة
Statistical-Yearbook-2024.xlsx,2-20,23,1,year,عام,صحة عامة (طب مجتمع) وصحة مهنية
Statistical-Yearbook-2024.xlsx,2-21,1,1,year,عام,الأطباء وأطباء الأسنان بالجهات الحكومية الأخرى حسب الجنس والجنسية والتخصص والتصنيف الوظيفي عام 2024م.
Statistical-Yearbook-2024.xlsx,2-21,1,1,physician,أطباء,الأطباء وأطباء الأسنان بالجهات الحكومية الأخرى حسب الجنس والجنسية والتخصص والتصنيف الوظيفي عام 2024م.
Statistical-Yearbook-2024.xlsx,2-21,2,1,physician,physician,"Physicians and Dentists in the Other Governmental Sector by Gender, Nationality, Speciality and Professional Categories, 2024G"
Statistical-Yearbook-2024.xlsx,2-21,4,2,physician,طبيب,"طبيب مقيم 
Resident"
Statistical-Yearbook-2024.xlsx,2-21,4,7,physician,طبيب,"طبيب نائب 
Registrar"
Statistical-Yearbook-2024.xlsx,2-21,4,12,physician,طبيب,"طبيب استشاري 
Consultant"
Statistical-Yearbook-2024.xlsx,2-21,4,17,total,total,"المجموع
Total"
Statistical-Yearbook-2024.xlsx,2-21,5,6,total,total,"المجموع
Total"
Statistical-Yearbook-2024.xlsx,2-21,5,11,total,total,"المجموع
Total"
Statistical-Yearbook-2024.xlsx,2-21,5,16,total,total,"المجموع
Total"
Statistical-Yearbook-2024.xlsx,2-21,7,1,year,عام,عام
Statistical-Yearbook-2024.xlsx,2-21,10,1,year,عام,جراحة عامة
Statistical-Yearbook-2024.xlsx,2-21,23,1,year,عام,صحة عامة (طب مجتمع) وصحة مهنية
Statistical-Yearbook-2024.xlsx,2-22,1,1,year,عام,الأطباء وأطباء الأسنان بالقطاع الخاص حسب الجنس والجنسية والتخصص والتصنيف الوظيفي عام 2024م.
Statistical-Yearbook-2024.xlsx,2-22,1,1,physician,أطباء,الأطباء وأطباء الأسنان بالقطاع الخاص حسب الجنس والجنسية والتخصص والتصنيف الوظيفي عام 2024م.
Statistical-Yearbook-2024.xlsx,2-22,2,1,physician,physician,"Physicians and Dentists in the Private Sector by Gender, Nationality, Speciality and Professional Categories, 2024G"
Statistical-Yearbook-2024.xlsx,2-22,4,2,physician,طبيب,"طبيب مقيم 
Resident"
Statistical-Yearbook-2024.xlsx,2-22,4,7,physician,طبيب,"طبيب نائب 
Registrar"
Statistical-Yearbook-2024.xlsx,2-22,4,12,physician,طبيب,"طبيب استشاري 
Consultant"
Statistical-Yearbook-2024.xlsx,2-22,4,17,total,total,"المجموع
Total"
Statistical-Yearbook-2024.xlsx,2-22,5,6,total,total,"المجموع
Total"
Statistical-Yearbook-2024.xlsx,2-22,5,11,total,total,"المجموع
Total"
Statistical-Yearbook-2024.xlsx,2-22,5,16,total,total,"المجموع
Total"
Statistical-Yearbook-2024.xlsx,2-22,7,1,year,عام,عام
Statistical-Yearbook-2024.xlsx,2-22,10,1,year,عام,جراحة عامة
Statistical-Yearbook-2024.xlsx,2-22,23,1,year,عام,صحة عامة (طب مجتمع) وصحة مهنية
Statistical-Yearbook-2024.xlsx,2-23,1,1,year,عام,الأطباء وأطباء الأسنان بالقطاعات الصحية بالمملكة  حسب الجنس والجنسية والتخصص والتصنيف الوظيفي عام 2024م.
Statistical-Yearbook-2024.xlsx,2-23,1,1,physician,أطباء,الأطباء وأطباء الأسنان بالقطاعات الصحية بالمملكة  حسب الجنس والجنسية والتخصص والتصنيف الوظيفي عام 2024م.
Statistical-Yearbook-2024.xlsx,2-23,2,1,physician,physician,"Physicians and Dentists in KSA Health Sectors by Gender, Nationality, Speciality and Professional Categories, 2024G"
Statistical-Yearbook-2024.xlsx,2-23,4,2,physician,طبيب,"طبيب مقيم 
Resident"
Statistical-Yearbook-2024.xlsx,2-23,4,7,physician,طبيب,"طبيب نائب 
Registrar"
Statistical-Yearbook-2024.xlsx,2-23,4,12,physician,طبيب,"طبيب استشاري 
Consultant"
Statistical-Yearbook-2024.xlsx,2-23,4,17,total,total,"المجموع
Total"
Statistical-Yearbook-2024.xlsx,2-23,5,6,total,total,"المجموع
Total"
Statistical-Yearbook-2024.xlsx,2-23,5,11,total,total,"المجموع
Total"
Statistical-Yearbook-2024.xlsx,2-23,5,16,total,total,"المجموع
Total"
Statistical-Yearbook-2024.xlsx,2-23,7,1,year,عام,عام
Statistical-Yearbook-2024.xlsx,2-23,10,1,year,عام,جراحة عامة
Statistical-Yearbook-2024.xlsx,2-23,23,1,year,عام,صحة عامة (طب مجتمع) وصحة مهنية
Statistical-Yearbook-2024.xlsx,2-24,1,1,year,عام,القوى العاملة الصحية بفروع ومكاتب وزارة الصحة حسب الفئة والجنس والجنسية عام 2024م
Statistical-Yearbook-2024.xlsx,2-24,6,5,total,المجموع,المجموع
Statistical-Yearbook-2024.xlsx,2-24,6,8,total,المجموع,المجموع
Statistical-Yearbook-2024.xlsx,2-24,6,11,total,المجموع,المجموع
Statistical-Yearbook-2024.xlsx,2-24,6,14,total,المجموع,المجموع
Statistical-Yearbook-2024.xlsx,2-24,7,5,total,total,Total
Statistical-Yearbook-2024.xlsx,2-24,7,8,total,total,Total
Statistical-Yearbook-2024.xlsx,2-24,7,11,total,total,Total
Statistical-Yearbook-2024.xlsx,2-24,7,14,total,total,Total
Statistical-Yearbook-2024.xlsx,2-24,8,1,physician,أطباء,أطباء بشريون
Statistical-Yearbook-2024.xlsx,2-24,8,16,physician,physician,Physicians
Statistical-Yearbook-2024.xlsx,2-24,10,2,total,المجموع,المجموع
Statistical-Yearbook-2024.xlsx,2-24,10,15,total,total,Total
Statistical-Yearbook-2024.xlsx,2-24,11,1,physician,أطباء,أطباء أسنان
Statistical-Yearbook-2024.xlsx,2-24,13,2,total,المجموع,المجموع
Statistical-Yearbook-2024.xlsx,2-24,13,15,total,total,Total
Statistical-Yearbook-2024.xlsx,2-24,14,1,physician,أطباء,إجمالي الأطباء
Statistical-Yearbook-2024.xlsx,2-24,14,16,total,total,Total Physicians and Dentists
Statistical-Yearbook-2024.xlsx,2-24,14,16,physician,physician,Total Physicians and Dentists
Statistical-Yearbook-2024.xlsx,2-24,16,2,total,المجموع,المجموع
Statistical-Yearbook-2024.xlsx,2-24,16,15,total,total,Total
Statistical-Yearbook-2024.xlsx,2-24,17,1,nurse,تمريض,طاقم التمريض
Statistical-Yearbook-2024.xlsx,2-24,17,16,nurse,nurse,Nurses
Statistical-Yearbook-2024.xlsx,2-24,19,2,total,المجموع,المجموع
Statistical-Yearbook-2024.xlsx,2-24,19,15,total,total,Total
Statistical-Yearbook-2024.xlsx,2-24,22,2,total,المجموع,المجموع
Statistical-Yearbook-2024.xlsx,2-24,22,15,total,total,Total
Statistical-Yearbook-2024.xlsx,2-24,23,1,nurse,تمريض,إجمالي طاقم التمريض والقابلات
Statistical-Yearbook-2024.xlsx,2-24,23,16,total,total,Total Nurses and Midwives
Statistical-Yearbook-2024.xlsx,2-24,23,16,nurse,nurse,Total Nurses and Midwives
Statistical-Yearbook-2024.xlsx,2-24,25,2,total,المجموع,المجموع
Statistical-Yearbook-2024.xlsx,2-24,25,15,total,total,Total
Statistical-Yearbook-2024.xlsx,2-24,28,2,total,المجموع,المجموع
Statistical-Yearbook-2024.xlsx,2-24,28,15,total,total,Total
Statistical-Yearbook-2024.xlsx,2-24,31,2,total,المجموع,المجموع
Statistical-Yearbook-2024.xlsx,2-24,31,15,total,total,Total
Statistical-Yearbook-2024.xlsx,2-24,35,5,total,المجموع,المجموع
Statistical-Yearbook-2024.xlsx,2-24,35,8,total,المجموع,المجموع
Statistical-Yearbook-2024.xlsx,2-24,35,11,total,المجموع,المجموع
Statistical-Yearbook-2024.xlsx,2-24,35,14,total,المجموع,المجموع
Statistical-Yearbook-2024.xlsx,2-24,36,5,total,total,Total
Statistical-Yearbook-2024.xlsx,2-24,36,8,total,total,Total
Statistical-Yearbook-2024.xlsx,2-24,36,11,total,total,Total
Statistical-Yearbook-2024.xlsx,2-24,36,14,total,total,Total
Statistical-Yearbook-2024.xlsx,2-24,37,1,physician,أطباء,أطباء بشريون
Statistical-Yearbook-2024.xlsx,2-24,37,16,physician,physician,Physicians
Statistical-Yearbook-2024.xlsx,2-24,39,2,total,المجموع,المجموع
Statistical-Yearbook-2024.xlsx,2-24,39,15,total,total,Total
Statistical-Yearbook-2024.xlsx,2-24,40,1,physician,أطباء,أطباء أسنان
Statistical-Yearbook-2024.xlsx,2-25,1,1,year,عام,القوى العاملة الصحية بالجهات الحكومية الأخرى حسب فروع ومكاتب وزارة الصحة والفئة والجنس والجنسية عام 2024م
Statistical-Yearbook-2024.xlsx,2-25,6,5,total,المجموع,المجموع
Statistical-Yearbook-2024.xlsx,2-25,6,8,total,المجموع,المجموع
Statistical-Yearbook-2024.xlsx,2-25,6,11,total,المجموع,المجموع
Statistical-Yearbook-2024.xlsx,2-25,6,14,total,المجموع,المجموع
Statistical-Yearbook-2024.xlsx,2-25,7,5,total,total,Total
Statistical-Yearbook-2024.xlsx,2-25,7,8,total,total,Total
Statistical-Yearbook-2024.xlsx,2-25,7,11,total,total,Total
Statistical-Yearbook-2024.xlsx,2-25,7,14,total,total,Total
Statistical-Yearbook-2024.xlsx,2-25,8,1,physician,أطباء,أطباء بشريون
Statistical-Yearbook-2024.xlsx,2-25,8,16,physician,physician,Physicians
Statistical-Yearbook-2024.xlsx,2-25,10,2,total,المجموع,المجموع
Statistical-Yearbook-2024.xlsx,2-25,10,15,total,total,Total
Statistical-Yearbook-2024.xlsx,2-25,11,1,physician,أطباء,أطباء أسنان
Statistical-Yearbook-2024.xlsx,2-25,13,2,total,المجموع,المجموع
Statistical-Yearbook-2024.xlsx,2-25,13,15,total,total,Total
Statistical-Yearbook-2024.xlsx,2-25,14,1,physician,أطباء,إجمالي الأطباء
Statistical-Yearbook-2024.xlsx,2-25,14,16,total,total,Total Physicians and Dentists
Statistical-Yearbook-2024.xlsx,2-25,14,16,physician,physician,Total Physicians and Dentists
Statistical-Yearbook-2024.xlsx,2-25,16,2,total,المجموع,المجموع
Statistical-Yearbook-2024.xlsx,2-25,16,15,total,total,Total
Statistical-Yearbook-2024.xlsx,2-25,17,1,nurse,تمريض,طاقم التمريض
Statistical-Yearbook-2024.xlsx,2-25,17,16,nurse,nurse,Nurses
Statistical-Yearbook-2024.xlsx,2-25,19,2,total,المجموع,المجموع
Statistical-Yearbook-2024.xlsx,2-25,19,15,total,total,Total
Statistical-Yearbook-2024.xlsx,2-25,22,2,total,المجموع,المجموع
Statistical-Yearbook-2024.xlsx,2-25,22,15,total,total,Total
Statistical-Yearbook-2024.xlsx,2-25,23,1,nurse,تمريض,إجمالي طاقم التمريض والقابلات
Statistical-Yearbook-2024.xlsx,2-25,23,16,total,total,Total Nurses and Midwives
Statistical-Yearbook-2024.xlsx,2-25,23,16,nurse,nurse,Total Nurses and Midwives
Statistical-Yearbook-2024.xlsx,2-25,25,2,total,المجموع,المجموع
Statistical-Yearbook-2024.xlsx,2-25,25,15,total,total,Total
Statistical-Yearbook-2024.xlsx,2-25,28,2,total,المجموع,المجموع
Statistical-Yearbook-2024.xlsx,2-25,28,15,total,total,Total
Statistical-Yearbook-2024.xlsx,2-25,31,2,total,المجموع,المجموع
Statistical-Yearbook-2024.xlsx,2-25,31,15,total,total,Total
Statistical-Yearbook-2024.xlsx,2-25,35,5,total,المجموع,المجموع
Statistical-Yearbook-2024.xlsx,2-25,35,8,total,المجموع,المجموع
Statistical-Yearbook-2024.xlsx,2-25,35,11,total,المجموع,المجموع
Statistical-Yearbook-2024.xlsx,2-25,35,14,total,المجموع,المجموع
Statistical-Yearbook-2024.xlsx,2-25,36,5,total,total,Total
Statistical-Yearbook-2024.xlsx,2-25,36,8,total,total,Total
Statistical-Yearbook-2024.xlsx,2-25,36,11,total,total,Total
Statistical-Yearbook-2024.xlsx,2-25,36,14,total,total,Total
Statistical-Yearbook-2024.xlsx,2-25,37,1,physician,أطباء,أطباء بشريون
Statistical-Yearbook-2024.xlsx,2-25,37,16,physician,physician,Physicians
Statistical-Yearbook-2024.xlsx,2-25,39,2,total,المجموع,المجموع
Statistical-Yearbook-2024.xlsx,2-25,39,15,total,total,Total
Statistical-Yearbook-2024.xlsx,2-25,40,1,physician,أطباء,أطباء أسنان
Statistical-Yearbook-2024.xlsx,2-26,1,1,year,عام,القوى العاملة الصحية بالقطاع الخاص حسب الفئة والجنس والجنسية بفروع ومكاتب وزارة الصحة عام 2024م
Statistical-Yearbook-2024.xlsx,2-26,6,5,total,المجموع,المجموع
Statistical-Yearbook-2024.xlsx,2-26,6,8,total,المجموع,المجموع
Statistical-Yearbook-2024.xlsx,2-26,6,11,total,المجموع,المجموع
Statistical-Yearbook-2024.xlsx,2-26,6,14,total,المجموع,المجموع
Statistical-Yearbook-2024.xlsx,2-26,7,5,total,total,Total
Statistical-Yearbook-2024.xlsx,2-26,7,8,total,total,Total
Statistical-Yearbook-2024.xlsx,2-26,7,11,total,total,Total
Statistical-Yearbook-2024.xlsx,2-26,7,14,total,total,Total
Statistical-Yearbook-2024.xlsx,2-26,8,1,physician,أطباء,أطباء بشريون
Statistical-Yearbook-2024.xlsx,2-26,8,16,physician,physician,Physicians
Statistical-Yearbook-2024.xlsx,2-26,10,2,total,المجموع,المجموع
Statistical-Yearbook-2024.xlsx,2-26,10,15,total,total,Total
Statistical-Yearbook-2024.xlsx,2-26,11,1,physician,أطباء,أطباء أسنان
Statistical-Yearbook-2024.xlsx,2-26,13,2,total,المجموع,المجموع
Statistical-Yearbook-2024.xlsx,2-26,13,15,total,total,Total
Statistical-Yearbook-2024.xlsx,2-26,14,1,physician,أطباء,إجمالي الأطباء
Statistical-Yearbook-2024.xlsx,2-26,14,16,total,total,Total Physicians and Dentists
Statistical-Yearbook-2024.xlsx,2-26,14,16,physician,physician,Total Physicians and Dentists
Statistical-Yearbook-2024.xlsx,2-26,16,2,total,المجموع,المجموع
Statistical-Yearbook-2024.xlsx,2-26,16,15,total,total,Total
Statistical-Yearbook-2024.xlsx,2-26,17,1,nurse,تمريض,طاقم التمريض
Statistical-Yearbook-2024.xlsx,2-26,17,16,nurse,nurse,Nurses
Statistical-Yearbook-2024.xlsx,2-26,19,2,total,المجموع,المجموع
Statistical-Yearbook-2024.xlsx,2-26,19,15,total,total,Total
Statistical-Yearbook-2024.xlsx,2-26,22,2,total,المجموع,المجموع
Statistical-Yearbook-2024.xlsx,2-26,22,15,total,total,Total
Statistical-Yearbook-2024.xlsx,2-26,23,1,nurse,تمريض,إجمالي طاقم التمريض والقابلات
Statistical-Yearbook-2024.xlsx,2-26,23,16,total,total,Total Nurses and Midwives
Statistical-Yearbook-2024.xlsx,2-26,23,16,nurse,nurse,Total Nurses and Midwives
Statistical-Yearbook-2024.xlsx,2-26,25,2,total,المجموع,المجموع
Statistical-Yearbook-2024.xlsx,2-26,25,15,total,total,Total
Statistical-Yearbook-2024.xlsx,2-26,28,2,total,المجموع,المجموع
Statistical-Yearbook-2024.xlsx,2-26,28,15,total,total,Total
Statistical-Yearbook-2024.xlsx,2-26,31,2,total,المجموع,المجموع
Statistical-Yearbook-2024.xlsx,2-26,31,15,total,total,Total
Statistical-Yearbook-2024.xlsx,2-26,35,5,total,المجموع,المجموع
Statistical-Yearbook-2024.xlsx,2-26,35,8,total,المجموع,المجموع
Statistical-Yearbook-2024.xlsx,2-26,35,11,total,المجموع,المجموع
Statistical-Yearbook-2024.xlsx,2-26,35,14,total,المجموع,المجموع
Statistical-Yearbook-2024.xlsx,2-26,36,5,total,total,Total
Statistical-Yearbook-2024.xlsx,2-26,36,8,total,total,Total
Statistical-Yearbook-2024.xlsx,2-26,36,11,total,total,Total
Statistical-Yearbook-2024.xlsx,2-26,36,14,total,total,Total
Statistical-Yearbook-2024.xlsx,2-26,37,1,physician,أطباء,أطباء بشريون
Statistical-Yearbook-2024.xlsx,2-26,37,16,physician,physician,Physicians
Statistical-Yearbook-2024.xlsx,2-26,39,2,total,المجموع,المجموع
Statistical-Yearbook-2024.xlsx,2-26,39,15,total,total,Total
Statistical-Yearbook-2024.xlsx,2-26,40,1,physician,أطباء,أطباء أسنان
Statistical-Yearbook-2024.xlsx,2-27,1,1,year,عام,القوى العاملة الصحية بكافة القطاعات الصحية بالمملكة حسب الفئة والجنس والجنسية بفروع ومكاتب وزارة الصحة عام 2024م
Statistical-Yearbook-2024.xlsx,2-27,6,5,total,المجموع,المجموع
Statistical-Yearbook-2024.xlsx,2-27,6,8,total,المجموع,المجموع
Statistical-Yearbook-2024.xlsx,2-27,6,11,total,المجموع,المجموع
Statistical-Yearbook-2024.xlsx,2-27,6,14,total,المجموع,المجموع
Statistical-Yearbook-2024.xlsx,2-27,7,5,total,total,Total
Statistical-Yearbook-2024.xlsx,2-27,7,8,total,total,Total
Statistical-Yearbook-2024.xlsx,2-27,7,11,total,total,Total
Statistical-Yearbook-2024.xlsx,2-27,7,14,total,total,Total
Statistical-Yearbook-2024.xlsx,2-27,8,1,physician,أطباء,أطباء بشريون
Statistical-Yearbook-2024.xlsx,2-27,8,16,physician,physician,Physicians
Statistical-Yearbook-2024.xlsx,2-27,10,2,total,المجموع,المجموع
Statistical-Yearbook-2024.xlsx,2-27,10,15,total,total,Total
Statistical-Yearbook-2024.xlsx,2-27,11,1,physician,أطباء,أطباء أسنان
Statistical-Yearbook-2024.xlsx,2-27,13,2,total,المجموع,المجموع
Statistical-Yearbook-2024.xlsx,2-27,13,15,total,total,Total
Statistical-Yearbook-2024.xlsx,2-27,14,1,physician,أطباء,إجمالي الأطباء
Statistical-Yearbook-2024.xlsx,2-27,14,16,total,total,Total Physicians and Dentists
Statistical-Yearbook-2024.xlsx,2-27,14,16,physician,physician,Total Physicians and Dentists
Statistical-Yearbook-2024.xlsx,2-27,16,2,total,المجموع,المجموع
Statistical-Yearbook-2024.xlsx,2-27,16,15,total,total,Total
Statistical-Yearbook-2024.xlsx,2-27,17,1,nurse,تمريض,طاقم التمريض
Statistical-Yearbook-2024.xlsx,2-27,17,16,nurse,nurse,Nurses
Statistical-Yearbook-2024.xlsx,2-27,19,2,total,المجموع,المجموع
Statistical-Yearbook-2024.xlsx,2-27,19,15,total,total,Total
Statistical-Yearbook-2024.xlsx,2-27,22,2,total,المجموع,المجموع
Statistical-Yearbook-2024.xlsx,2-27,22,15,total,total,Total
Statistical-Yearbook-2024.xlsx,2-27,23,1,nurse,تمريض,إجمالي طاقم التمريض والقابلات
Statistical-Yearbook-2024.xlsx,2-27,23,16,total,total,Total Nurses and Midwives
Statistical-Yearbook-2024.xlsx,2-27,23,16,nurse,nurse,Total Nurses and Midwives
Statistical-Yearbook-2024.xlsx,2-27,25,2,total,المجموع,المجموع
Statistical-Yearbook-2024.xlsx,2-27,25,15,total,total,Total
Statistical-Yearbook-2024.xlsx,2-27,28,2,total,المجموع,المجموع
Statistical-Yearbook-2024.xlsx,2-27,28,15,total,total,Total
Statistical-Yearbook-2024.xlsx,2-27,31,2,total,المجموع,المجموع
Statistical-Yearbook-2024.xlsx,2-27,31,15,total,total,Total
Statistical-Yearbook-2024.xlsx,2-27,35,5,total,المجموع,المجموع
Statistical-Yearbook-2024.xlsx,2-27,35,8,total,المجموع,المجموع
Statistical-Yearbook-2024.xlsx,2-27,35,11,total,المجموع,المجموع
Statistical-Yearbook-2024.xlsx,2-27,35,14,total,المجموع,المجموع
Statistical-Yearbook-2024.xlsx,2-27,36,5,total,total,Total
Statistical-Yearbook-2024.xlsx,2-27,36,8,total,total,Total
Statistical-Yearbook-2024.xlsx,2-27,36,11,total,total,Total
Statistical-Yearbook-2024.xlsx,2-27,36,14,total,total,Total
Statistical-Yearbook-2024.xlsx,2-27,37,1,physician,أطباء,أطباء بشريون
Statistical-Yearbook-2024.xlsx,2-27,37,16,physician,physician,Physicians
Statistical-Yearbook-2024.xlsx,2-27,39,2,total,المجموع,المجموع
Statistical-Yearbook-2024.xlsx,2-27,39,15,total,total,Total
Statistical-Yearbook-2024.xlsx,2-27,40,1,physician,أطباء,أطباء أسنان
Statistical-Yearbook-2024.xlsx,2-28,1,1,year,عام,القوى العاملة الصحية بالجهات الحكومية الأخرى حسب الجهة والفئة والجنس والجنسية عام 2024م
Statistical-Yearbook-2024.xlsx,2-28,6,5,total,المجموع,المجموع
Statistical-Yearbook-2024.xlsx,2-28,6,8,total,المجموع,المجموع
Statistical-Yearbook-2024.xlsx,2-28,6,11,total,المجموع,المجموع
Statistical-Yearbook-2024.xlsx,2-28,6,14,total,المجموع,المجموع
Statistical-Yearbook-2024.xlsx,2-28,7,5,total,total,Total
Statistical-Yearbook-2024.xlsx,2-28,7,8,total,total,Total
Statistical-Yearbook-2024.xlsx,2-28,7,11,total,total,Total
Statistical-Yearbook-2024.xlsx,2-28,7,14,total,total,Total
Statistical-Yearbook-2024.xlsx,2-28,8,1,physician,أطباء,أطباء بشريون
Statistical-Yearbook-2024.xlsx,2-28,8,16,physician,physician,Physicians
Statistical-Yearbook-2024.xlsx,2-28,10,2,total,المجموع,المجموع
Statistical-Yearbook-2024.xlsx,2-28,10,15,total,total,Total
Statistical-Yearbook-2024.xlsx,2-28,11,1,physician,أطباء,أطباء أسنان
Statistical-Yearbook-2024.xlsx,2-28,13,2,total,المجموع,المجموع
Statistical-Yearbook-2024.xlsx,2-28,13,15,total,total,Total
Statistical-Yearbook-2024.xlsx,2-28,14,1,physician,أطباء,إجمالي الأطباء
Statistical-Yearbook-2024.xlsx,2-28,14,16,total,total,Total Physicians and Dentists
Statistical-Yearbook-2024.xlsx,2-28,14,16,physician,physician,Total Physicians and Dentists
Statistical-Yearbook-2024.xlsx,2-28,16,2,total,المجموع,المجموع
Statistical-Yearbook-2024.xlsx,2-28,16,15,total,total,Total
Statistical-Yearbook-2024.xlsx,2-28,17,1,nurse,تمريض,طاقم التمريض
Statistical-Yearbook-2024.xlsx,2-28,17,16,nurse,nurse,Nurses
Statistical-Yearbook-2024.xlsx,2-28,19,2,total,المجموع,المجموع
Statistical-Yearbook-2024.xlsx,2-28,19,15,total,total,Total
Statistical-Yearbook-2024.xlsx,2-28,22,2,total,المجموع,المجموع
Statistical-Yearbook-2024.xlsx,2-28,22,15,total,total,Total
Statistical-Yearbook-2024.xlsx,2-28,23,1,nurse,تمريض,إجمالي طاقم التمريض والقابلات
Statistical-Yearbook-2024.xlsx,2-28,23,16,total,total,Total Nurses and Midwives
Statistical-Yearbook-2024.xlsx,2-28,23,16,nurse,nurse,Total Nurses and Midwives
Statistical-Yearbook-2024.xlsx,2-28,25,2,total,المجموع,المجموع
Statistical-Yearbook-2024.xlsx,2-28,25,15,total,total,Total
Statistical-Yearbook-2024.xlsx,2-28,28,2,total,المجموع,المجموع
Statistical-Yearbook-2024.xlsx,2-28,28,15,total,total,Total
Statistical-Yearbook-2024.xlsx,2-28,31,2,total,المجموع,المجموع
Statistical-Yearbook-2024.xlsx,2-28,31,15,total,total,Total
Statistical-Yearbook-2024.xlsx,2-28,33,9,hospital,مستشفى,مستشفى الملك فيصل التخصصي
Statistical-Yearbook-2024.xlsx,2-28,33,12,hospital,مستشفى,مستشفى الملك خالد التخصصي للعيون
Statistical-Yearbook-2024.xlsx,2-28,34,3,source,source,Ministry of Human Resources and Social Development
Statistical-Yearbook-2024.xlsx,2-28,34,9,hospital,hospital,King Faisal Specialist Hospital
Statistical-Yearbook-2024.xlsx,2-28,34,12,hospital,hospital,King Khalid Eye Specialist Hospital
Statistical-Yearbook-2024.xlsx,2-28,35,5,total,المجموع,المجموع
Statistical-Yearbook-2024.xlsx,2-28,35,8,total,المجموع,المجموع
Statistical-Yearbook-2024.xlsx,2-28,35,11,total,المجموع,المجموع
Statistical-Yearbook-2024.xlsx,2-28,35,14,total,المجموع,المجموع
Statistical-Yearbook-2024.xlsx,2-28,36,5,total,total,Total
Statistical-Yearbook-2024.xlsx,2-28,36,8,total,total,Total
Statistical-Yearbook-2024.xlsx,2-28,36,11,total,total,Total
Statistical-Yearbook-2024.xlsx,2-28,36,14,total,total,Total
Statistical-Yearbook-2024.xlsx,2-28,37,1,physician,أطباء,أطباء بشريون
Statistical-Yearbook-2024.xlsx,2-28,37,16,physician,physician,Physicians
Statistical-Yearbook-2024.xlsx,2-28,39,2,total,المجموع,المجموع
Statistical-Yearbook-2024.xlsx,2-28,39,15,total,total,Total
Statistical-Yearbook-2024.xlsx,2-28,40,1,physician,أطباء,أطباء أسنان
Statistical-Yearbook-2024.xlsx,2-29,1,1,year,عام,الأطباء وأطباء الأسنان بفروع ومكاتب وزارة الصحة حسب التخصص والتصنيف الوظيفي عام 2024م.
Statistical-Yearbook-2024.xlsx,2-29,1,1,physician,أطباء,الأطباء وأطباء الأسنان بفروع ومكاتب وزارة الصحة حسب التخصص والتصنيف الوظيفي عام 2024م.
Statistical-Yearbook-2024.xlsx,2-29,2,1,physician,physician,"Physicians and Dentists, MoH Facilities by Speciality, Professional Categories in MoH Branches& Offices, 2024G."
Statistical-Yearbook-2024.xlsx,2-29,6,5,total,المجموع,المجموع
Statistical-Yearbook-2024.xlsx,2-29,6,9,total,المجموع,المجموع
Statistical-Yearbook-2024.xlsx,2-29,6,13,total,المجموع,المجموع
Statistical-Yearbook-2024.xlsx,2-29,6,17,total,المجموع,المجموع
Statistical-Yearbook-2024.xlsx,2-29,6,21,total,المجموع,المجموع
Statistical-Yearbook-2024.xlsx,2-29,6,25,total,المجموع,المجموع
Statistical-Yearbook-2024.xlsx,2-29,6,29,total,المجموع,المجموع
Statistical-Yearbook-2024.xlsx,2-29,7,5,total,total,Total
Statistical-Yearbook-2024.xlsx,2-29,7,9,total,total,Total
Statistical-Yearbook-2024.xlsx,2-29,7,13,total,total,Total
Statistical-Yearbook-2024.xlsx,2-29,7,17,total,total,Total
Statistical-Yearbook-2024.xlsx,2-29,7,21,total,total,Total
Statistical-Yearbook-2024.xlsx,2-29,7,25,total,total,Total
Statistical-Yearbook-2024.xlsx,2-29,7,29,total,total,Total
Statistical-Yearbook-2024.xlsx,2-29,8,1,year,عام,عام
Statistical-Yearbook-2024.xlsx,2-29,11,1,year,عام,جراحة عامة
Statistical-Yearbook-2024.xlsx,2-29,24,1,year,عام,صحة عامة (طب مجتمع) وصحة مهنية
Statistical-Yearbook-2024.xlsx,2-29,33,1,bed,أسرة,طب أسرة
Statistical-Yearbook-2024.xlsx,2-30,1,1,year,عام,الأطباء وأطباء الأسنان بالجهات الحكومية الأخري حسب التخصص والتصنيف الوظيفي وفروع ومكاتب وزارة الصحة عام 2024م.
Statistical-Yearbook-2024.xlsx,2-30,1,1,physician,أطباء,الأطباء وأطباء الأسنان بالجهات الحكومية الأخري حسب التخصص والتصنيف الوظيفي وفروع ومكاتب وزارة الصحة عام 2024م.
Statistical-Yearbook-2024.xlsx,2-30,2,1,physician,physician,"Other Governmental Sector' Physicians and Dentists by Speciality and Professional Categories in MoH Branches & Facilities, 2024G."
Statistical-Yearbook-2024.xlsx,2-30,6,5,total,المجموع,المجموع
Statistical-Yearbook-2024.xlsx,2-30,6,9,total,المجموع,المجموع
Statistical-Yearbook-2024.xlsx,2-30,6,13,total,المجموع,المجموع
Statistical-Yearbook-2024.xlsx,2-30,6,17,total,المجموع,المجموع
Statistical-Yearbook-2024.xlsx,2-30,6,21,total,المجموع,المجموع
Statistical-Yearbook-2024.xlsx,2-30,6,25,total,المجموع,المجموع
Statistical-Yearbook-2024.xlsx,2-30,6,29,total,المجموع,المجموع
Statistical-Yearbook-2024.xlsx,2-30,7,5,total,total,Total
Statistical-Yearbook-2024.xlsx,2-30,7,9,total,total,Total
Statistical-Yearbook-2024.xlsx,2-30,7,13,total,total,Total
Statistical-Yearbook-2024.xlsx,2-30,7,17,total,total,Total
Statistical-Yearbook-2024.xlsx,2-30,7,21,total,total,Total
Statistical-Yearbook-2024.xlsx,2-30,7,25,total,total,Total
Statistical-Yearbook-2024.xlsx,2-30,7,29,total,total,Total
Statistical-Yearbook-2024.xlsx,2-30,8,1,year,عام,عام
Statistical-Yearbook-2024.xlsx,2-30,11,1,year,عام,جراحة عامة
Statistical-Yearbook-2024.xlsx,2-30,24,1,year,عام,صحة عامة (طب مجتمع) وصحة مهنية
Statistical-Yearbook-2024.xlsx,2-30,33,1,bed,أسرة,طب أسرة
Statistical-Yearbook-2024.xlsx,2-31,1,1,year,عام,الأطباء وأطباء الأسنان بالقطاع الخاص حسب التخصص والتصنيف الوظيفي بفروع ومكاتب وزارة الصحة عام 2024م
Statistical-Yearbook-2024.xlsx,2-31,1,1,physician,أطباء,الأطباء وأطباء الأسنان بالقطاع الخاص حسب التخصص والتصنيف الوظيفي بفروع ومكاتب وزارة الصحة عام 2024م
Statistical-Yearbook-2024.xlsx,2-31,2,1,physician,physician,"Physicians and Dentists in the Private Sector by Speciality, Professional Categories in MoH Branches & Offices, 2024G"
Statistical-Yearbook-2024.xlsx,2-31,6,5,total,المجموع,المجموع
Statistical-Yearbook-2024.xlsx,2-31,6,9,total,المجموع,المجموع
Statistical-Yearbook-2024.xlsx,2-31,6,13,total,المجموع,المجموع
Statistical-Yearbook-2024.xlsx,2-31,6,17,total,المجموع,المجموع
Statistical-Yearbook-2024.xlsx,2-31,6,21,total,المجموع,المجموع
Statistical-Yearbook-2024.xlsx,2-31,6,25,total,المجموع,المجموع
Statistical-Yearbook-2024.xlsx,2-31,6,29,total,المجموع,المجموع
Statistical-Yearbook-2024.xlsx,2-31,7,5,total,total,Total
Statistical-Yearbook-2024.xlsx,2-31,7,9,total,total,Total
Statistical-Yearbook-2024.xlsx,2-31,7,13,total,total,Total
Statistical-Yearbook-2024.xlsx,2-31,7,17,total,total,Total
Statistical-Yearbook-2024.xlsx,2-31,7,21,total,total,Total
Statistical-Yearbook-2024.xlsx,2-31,7,25,total,total,Total
Statistical-Yearbook-2024.xlsx,2-31,7,29,total,total,Total
Statistical-Yearbook-2024.xlsx,2-31,8,1,year,عام,عام
Statistical-Yearbook-2024.xlsx,2-31,11,1,year,عام,جراحة عامة
Statistical-Yearbook-2024.xlsx,2-31,24,1,year,عام,صحة عامة (طب مجتمع) وصحة مهنية
Statistical-Yearbook-2024.xlsx,2-31,33,1,bed,أسرة,طب أسرة
Statistical-Yearbook-2024.xlsx,2-32,1,1,year,عام,الأطباء وأطباء الأسنان بالجهات الحكومية الأخري حسب التخصص والتصنيف الوظيفي والجهة عام 2024م.
Statistical-Yearbook-2024.xlsx,2-32,1,1,physician,أطباء,الأطباء وأطباء الأسنان بالجهات الحكومية الأخري حسب التخصص والتصنيف الوظيفي والجهة عام 2024م.
Statistical-Yearbook-2024.xlsx,2-32,2,1,physician,physician,"Physicians and Dentists in Other Governmental Sector by Speciality and Professional Categories, 2024G."
Statistical-Yearbook-2024.xlsx,2-32,4,26,hospital,مستشفى,مستشفى الملك فيصل التخصصي
Statistical-Yearbook-2024.xlsx,2-32,5,18,source,source,Ministry of Human Resources and Social Development
Statistical-Yearbook-2024.xlsx,2-32,5,26,hospital,hospital,King Faisal Specialist Hospital
Statistical-Yearbook-2024.xlsx,2-32,6,5,total,المجموع,المجموع
Statistical-Yearbook-2024.xlsx,2-32,6,9,total,المجموع,المجموع
Statistical-Yearbook-2024.xlsx,2-32,6,13,total,المجموع,المجموع
Statistical-Yearbook-2024.xlsx,2-32,6,17,total,المجموع,المجموع
Statistical-Yearbook-2024.xlsx,2-32,6,21,total,المجموع,المجموع
Statistical-Yearbook-2024.xlsx,2-32,6,25,total,المجموع,المجموع
Statistical-Yearbook-2024.xlsx,2-32,6,29,total,المجموع,المجموع
Statistical-Yearbook-2024.xlsx,2-32,7,5,total,total,Total
Statistical-Yearbook-2024.xlsx,2-32,7,9,total,total,Total
Statistical-Yearbook-2024.xlsx,2-32,7,13,total,total,Total
Statistical-Yearbook-2024.xlsx,2-32,7,17,total,total,Total
Statistical-Yearbook-2024.xlsx,2-32,7,21,total,total,Total
Statistical-Yearbook-2024.xlsx,2-32,7,25,total,total,Total
Statistical-Yearbook-2024.xlsx,2-32,7,29,total,total,Total
Statistical-Yearbook-2024.xlsx,2-32,8,1,year,عام,عام
Statistical-Yearbook-2024.xlsx,2-32,11,1,year,عام,جراحة عامة
Statistical-Yearbook-2024.xlsx,2-32,24,1,year,عام,صحة عامة (طب مجتمع) وصحة مهنية
Statistical-Yearbook-2024.xlsx,2-32,33,1,bed,أسرة,طب أسرة
Statistical-Yearbook-2024.xlsx,2-33,1,1,year,عام,الفئات الطبية المساعدة بوزارة الصحة حسب التخصص والجنسية والجنس عام 2024م
Statistical-Yearbook-2024.xlsx,2-33,4,8,total,المجموع,المجموع
Statistical-Yearbook-2024.xlsx,2-33,5,4,total,total,"إجمالي
Total"
Statistical-Yearbook-2024.xlsx,2-33,5,7,total,total,"إجمالي
Total"
Statistical-Yearbook-2024.xlsx,2-33,5,8,total,total,Total
Statistical-Yearbook-2024.xlsx,2-33,9,1,year,عام,صحة عامة
Statistical-Yearbook-2024.xlsx,2-33,32,1,total,المجموع,المجموع
Statistical-Yearbook-2024.xlsx,2-33,32,9,total,total,Total
Statistical-Yearbook-2024.xlsx,2-34,1,1,year,عام,الفئات الطبية المساعدة بالجهات الحكومية الأخرى حسب التخصص والجنسية والجنس عام 2024م
Statistical-Yearbook-2024.xlsx,2-34,4,8,total,المجموع,المجموع
Statistical-Yearbook-2024.xlsx,2-34,5,4,total,total,"إجمالي
Total"
Statistical-Yearbook-2024.xlsx,2-34,5,7,total,total,"إجمالي
Total"
Statistical-Yearbook-2024.xlsx,2-34,5,8,total,total,Total
Statistical-Yearbook-2024.xlsx,2-34,9,1,year,عام,صحة عامة
Statistical-Yearbook-2024.xlsx,2-34,32,1,total,المجموع,المجموع
Statistical-Yearbook-2024.xlsx,2-34,32,9,total,total,Total
Statistical-Yearbook-2024.xlsx,2-35,1,1,year,عام,الفئات الطبية المساعدة بالقطاع الخاص حسب التخصص والجنسية والجنس عام 2024م
Statistical-Yearbook-2024.xlsx,2-35,4,8,total,المجموع,المجموع
Statistical-Yearbook-2024.xlsx,2-35,5,4,total,total,"إجمالي
Total"
Statistical-Yearbook-2024.xlsx,2-35,5,7,total,total,"إجمالي
Total"
Statistical-Yearbook-2024.xlsx,2-35,5,8,total,total,Total
Statistical-Yearbook-2024.xlsx,2-35,9,1,year,عام,صحة عامة
Statistical-Yearbook-2024.xlsx,2-35,32,1,total,المجموع,المجموع
Statistical-Yearbook-2024.xlsx,2-35,32,9,total,total,Total
Statistical-Yearbook-2024.xlsx,2-36,1,1,year,عام,الفئات الطبية المساعدة بكافة القطاعات الصحية حسب التخصص والجنسية والجنس عام 2024م
Statistical-Yearbook-2024.xlsx,2-36,4,8,total,المجموع,المجموع
Statistical-Yearbook-2024.xlsx,2-36,5,4,total,total,"إجمالي
Total"
Statistical-Yearbook-2024.xlsx,2-36,5,7,total,total,"إجمالي
Total"
Statistical-Yearbook-2024.xlsx,2-36,5,8,total,total,Total
Statistical-Yearbook-2024.xlsx,2-36,9,1,year,عام,صحة عامة
Statistical-Yearbook-2024.xlsx,2-36,32,1,total,المجموع,المجموع
Statistical-Yearbook-2024.xlsx,2-36,32,9,total,total,Total
Statistical-Yearbook-2024.xlsx,2-37,1,1,year,عام,القوى العاملة الصحية بوزارة الصحة حسب الجنسية في الأعوام الخمسة الأخيرة
Statistical-Yearbook-2024.xlsx,2-37,2,1,year,year,Health Manpower in MoH by Nationality in the Last Five Years
Statistical-Yearbook-2024.xlsx,2-37,4,3,year,عام,العام
Statistical-Yearbook-2024.xlsx,2-37,4,7,year,year,Year
Statistical-Yearbook-2024.xlsx,2-37,6,1,physician,أطباء,أطباء بشريون
Statistical-Yearbook-2024.xlsx,2-37,6,9,physician,physician,Physicians
Statistical-Yearbook-2024.xlsx,2-37,8,2,total,المجموع,المجموع
Statistical-Yearbook-2024.xlsx,2-37,8,8,total,total,Total
Statistical-Yearbook-2024.xlsx,2-37,9,1,physician,أطباء,أطباء أسنان
Statistical-Yearbook-2024.xlsx,2-37,11,2,total,المجموع,المجموع
Statistical-Yearbook-2024.xlsx,2-37,11,8,total,total,Total
Statistical-Yearbook-2024.xlsx,2-37,12,1,physician,أطباء,إجمالي الأطباء
Statistical-Yearbook-2024.xlsx,2-37,12,9,total,total,Total Physicians and Dentists
Statistical-Yearbook-2024.xlsx,2-37,12,9,physician,physician,Total Physicians and Dentists
Statistical-Yearbook-2024.xlsx,2-37,14,2,total,المجموع,المجموع
Statistical-Yearbook-2024.xlsx,2-37,14,8,total,total,Total
Statistical-Yearbook-2024.xlsx,2-37,15,1,nurse,تمريض,طاقم التمريض
Statistical-Yearbook-2024.xlsx,2-37,15,9,nurse,nurse,Nurses
Statistical-Yearbook-2024.xlsx,2-37,17,2,total,المجموع,المجموع
Statistical-Yearbook-2024.xlsx,2-37,17,8,total,total,Total
Statistical-Yearbook-2024.xlsx,2-37,20,2,total,المجموع,المجموع
Statistical-Yearbook-2024.xlsx,2-37,20,8,total,total,Total
Statistical-Yearbook-2024.xlsx,2-37,21,1,nurse,تمريض,إجمالي طاقم التمريض والقابلات
Statistical-Yearbook-2024.xlsx,2-37,21,9,total,total,Total Nurses and Midwives
Statistical-Yearbook-2024.xlsx,2-37,21,9,nurse,nurse,Total Nurses and Midwives
Statistical-Yearbook-2024.xlsx,2-37,23,2,total,المجموع,المجموع
Statistical-Yearbook-2024.xlsx,2-37,23,8,total,total,Total
Statistical-Yearbook-2024.xlsx,2-37,26,2,total,المجموع,المجموع
Statistical-Yearbook-2024.xlsx,2-37,26,8,total,total,Total
Statistical-Yearbook-2024.xlsx,2-37,29,2,total,المجموع,المجموع
Statistical-Yearbook-2024.xlsx,2-37,29,8,total,total,Total
Statistical-Yearbook-2024.xlsx,2-38,1,1,year,عام,القوى العاملة الصحية بالجهات الحكومية الأخرى حسب الجنسية في الأعوام الخمسة الأخيرة
Statistical-Yearbook-2024.xlsx,2-38,2,1,year,year,"Health Manpower in the Other Governmental Sector by Nationality, in the last Five Years"
Statistical-Yearbook-2024.xlsx,2-38,4,3,year,عام,العام
Statistical-Yearbook-2024.xlsx,2-38,4,7,year,year,Year
Statistical-Yearbook-2024.xlsx,2-38,6,1,physician,أطباء,أطباء بشريون
Statistical-Yearbook-2024.xlsx,2-38,6,9,physician,physician,Physicians
Statistical-Yearbook-2024.xlsx,2-38,8,2,total,المجموع,المجموع
Statistical-Yearbook-2024.xlsx,2-38,8,8,total,total,Total
Statistical-Yearbook-2024.xlsx,2-38,9,1,physician,أطباء,أطباء أسنان
Statistical-Yearbook-2024.xlsx,2-38,11,2,total,المجموع,المجموع
Statistical-Yearbook-2024.xlsx,2-38,11,8,total,total,Total
Statistical-Yearbook-2024.xlsx,2-38,12,1,physician,أطباء,إجمالي الأطباء
Statistical-Yearbook-2024.xlsx,2-38,12,9,total,total,Total Physicians and Dentists
Statistical-Yearbook-2024.xlsx,2-38,12,9,physician,physician,Total Physicians and Dentists
Statistical-Yearbook-2024.xlsx,2-38,14,2,total,المجموع,المجموع
Statistical-Yearbook-2024.xlsx,2-38,14,8,total,total,Total
Statistical-Yearbook-2024.xlsx,2-38,15,1,nurse,تمريض,طاقم التمريض
Statistical-Yearbook-2024.xlsx,2-38,15,9,nurse,nurse,Nurses
Statistical-Yearbook-2024.xlsx,2-38,17,2,total,المجموع,المجموع
Statistical-Yearbook-2024.xlsx,2-38,17,8,total,total,Total
Statistical-Yearbook-2024.xlsx,2-38,20,2,total,المجموع,المجموع
Statistical-Yearbook-2024.xlsx,2-38,20,8,total,total,Total
Statistical-Yearbook-2024.xlsx,2-38,21,1,nurse,تمريض,إجمالي طاقم التمريض والقابلات
Statistical-Yearbook-2024.xlsx,2-38,21,9,total,total,Total Nurses and Midwives
Statistical-Yearbook-2024.xlsx,2-38,21,9,nurse,nurse,Total Nurses and Midwives
Statistical-Yearbook-2024.xlsx,2-38,23,2,total,المجموع,المجموع
Statistical-Yearbook-2024.xlsx,2-38,23,8,total,total,Total
Statistical-Yearbook-2024.xlsx,2-38,26,2,total,المجموع,المجموع
Statistical-Yearbook-2024.xlsx,2-38,26,8,total,total,Total
Statistical-Yearbook-2024.xlsx,2-38,29,2,total,المجموع,المجموع
Statistical-Yearbook-2024.xlsx,2-38,29,8,total,total,Total
Statistical-Yearbook-2024.xlsx,2-39,1,1,year,عام,القوى العاملة الصحية بالقطاع الخاص في الأعوام الخمسة الأخيرة
Statistical-Yearbook-2024.xlsx,2-39,2,1,year,year,Health Manpower at Private Sector in the last Five Years
Statistical-Yearbook-2024.xlsx,2-39,4,3,year,عام,العام
Statistical-Yearbook-2024.xlsx,2-39,4,7,year,year,Year
Statistical-Yearbook-2024.xlsx,2-39,6,1,physician,أطباء,أطباء بشريون
Statistical-Yearbook-2024.xlsx,2-39,6,9,physician,physician,Physicians
Statistical-Yearbook-2024.xlsx,2-39,8,2,total,المجموع,المجموع
Statistical-Yearbook-2024.xlsx,2-39,8,8,total,total,Total
Statistical-Yearbook-2024.xlsx,2-39,9,1,physician,أطباء,أطباء أسنان
Statistical-Yearbook-2024.xlsx,2-39,11,2,total,المجموع,المجموع
Statistical-Yearbook-2024.xlsx,2-39,11,8,total,total,Total
Statistical-Yearbook-2024.xlsx,2-39,12,1,physician,أطباء,إجمالي الأطباء
Statistical-Yearbook-2024.xlsx,2-39,12,9,total,total,Total Physicians and Dentists
Statistical-Yearbook-2024.xlsx,2-39,12,9,physician,physician,Total Physicians and Dentists
Statistical-Yearbook-2024.xlsx,2-39,14,2,total,المجموع,المجموع
Statistical-Yearbook-2024.xlsx,2-39,14,8,total,total,Total
Statistical-Yearbook-2024.xlsx,2-39,15,1,nurse,تمريض,طاقم التمريض
Statistical-Yearbook-2024.xlsx,2-39,15,9,nurse,nurse,Nurses
Statistical-Yearbook-2024.xlsx,2-39,17,2,total,المجموع,المجموع
Statistical-Yearbook-2024.xlsx,2-39,17,8,total,total,Total
Statistical-Yearbook-2024.xlsx,2-39,20,2,total,المجموع,المجموع
Statistical-Yearbook-2024.xlsx,2-39,20,8,total,total,Total
Statistical-Yearbook-2024.xlsx,2-39,21,1,nurse,تمريض,إجمالي طاقم التمريض والقابلات
Statistical-Yearbook-2024.xlsx,2-39,21,9,total,total,Total Nurses and Midwives
Statistical-Yearbook-2024.xlsx,2-39,21,9,nurse,nurse,Total Nurses and Midwives
Statistical-Yearbook-2024.xlsx,2-39,23,2,total,المجموع,المجموع
Statistical-Yearbook-2024.xlsx,2-39,23,8,total,total,Total
Statistical-Yearbook-2024.xlsx,2-39,26,2,total,المجموع,المجموع
Statistical-Yearbook-2024.xlsx,2-39,26,8,total,total,Total
Statistical-Yearbook-2024.xlsx,2-39,29,2,total,المجموع,المجموع
Statistical-Yearbook-2024.xlsx,2-39,29,8,total,total,Total
Statistical-Yearbook-2024.xlsx,2-40,1,1,year,عام,القوى العاملة الصحية بمستشفيات وزارة الصحة حسب الجنسية في الأعوام الخمسة الأخيرة
Statistical-Yearbook-2024.xlsx,2-40,2,1,year,year,"Health Manpower in MoH Hospitals by Nationality, in the last Five Years"
Statistical-Yearbook-2024.xlsx,2-40,2,1,hospital,hospital,"Health Manpower in MoH Hospitals by Nationality, in the last Five Years"
Statistical-Yearbook-2024.xlsx,2-40,4,3,year,عام,العام
Statistical-Yearbook-2024.xlsx,2-40,4,6,year,year,Year
Statistical-Yearbook-2024.xlsx,2-40,4,7,year,year,Year
Statistical-Yearbook-2024.xlsx,2-40,6,1,physician,أطباء,أطباء بشريون
Statistical-Yearbook-2024.xlsx,2-40,6,9,physician,physician,Physicians
Statistical-Yearbook-2024.xlsx,2-40,8,2,total,المجموع,المجموع
Statistical-Yearbook-2024.xlsx,2-40,8,8,total,total,Total
Statistical-Yearbook-2024.xlsx,2-40,9,1,physician,أطباء,أطباء أسنان
Statistical-Yearbook-2024.xlsx,2-40,11,2,total,المجموع,المجموع
Statistical-Yearbook-2024.xlsx,2-40,11,8,total,total,Total
Statistical-Yearbook-2024.xlsx,2-40,12,1,physician,أطباء,إجمالي الأطباء
Statistical-Yearbook-2024.xlsx,2-40,12,9,total,total,Total Physicians and Dentists
Statistical-Yearbook-2024.xlsx,2-40,12,9,physician,physician,Total Physicians and Dentists
Statistical-Yearbook-2024.xlsx,2-40,14,2,total,المجموع,المجموع
Statistical-Yearbook-2024.xlsx,2-40,14,8,total,total,Total
Statistical-Yearbook-2024.xlsx,2-40,15,1,nurse,تمريض,طاقم التمريض
Statistical-Yearbook-2024.xlsx,2-40,15,9,nurse,nurse,Nurses
Statistical-Yearbook-2024.xlsx,2-40,17,2,total,المجموع,المجموع
Statistical-Yearbook-2024.xlsx,2-40,17,8,total,total,Total
Statistical-Yearbook-2024.xlsx,2-40,20,2,total,المجموع,المجموع
Statistical-Yearbook-2024.xlsx,2-40,20,8,total,total,Total
Statistical-Yearbook-2024.xlsx,2-40,21,1,nurse,تمريض,إجمالي طاقم التمريض والقابلات
Statistical-Yearbook-2024.xlsx,2-40,21,9,total,total,Total Nurses and Midwives
Statistical-Yearbook-2024.xlsx,2-40,21,9,nurse,nurse,Total Nurses and Midwives
Statistical-Yearbook-2024.xlsx,2-40,23,2,total,المجموع,المجموع
Statistical-Yearbook-2024.xlsx,2-40,23,8,total,total,Total
Statistical-Yearbook-2024.xlsx,2-40,26,2,total,المجموع,المجموع
Statistical-Yearbook-2024.xlsx,2-40,26,8,total,total,Total
Statistical-Yearbook-2024.xlsx,2-40,29,2,total,المجموع,المجموع
Statistical-Yearbook-2024.xlsx,2-40,29,8,total,total,Total
Statistical-Yearbook-2024.xlsx,2-41,1,1,year,عام,القوى العاملة الصحية بمستشفيات وزارة الصحة حسب فروع ومكاتب الوزارة والفئة والجنس والجنسية عام 2024م
Statistical-Yearbook-2024.xlsx,2-41,2,1,hospital,hospital,"MoH Hospitals' Health Manpower by Category, Gender and Nationality in MoH Branches & Offices, 2024G"
Statistical-Yearbook-2024.xlsx,2-41,6,5,total,المجموع,المجموع
Statistical-Yearbook-2024.xlsx,2-41,6,8,total,المجموع,المجموع
Statistical-Yearbook-2024.xlsx,2-41,6,11,total,المجموع,المجموع
Statistical-Yearbook-2024.xlsx,2-41,6,14,total,المجموع,المجموع
Statistical-Yearbook-2024.xlsx,2-41,7,5,total,total,Total
Statistical-Yearbook-2024.xlsx,2-41,7,8,total,total,Total
Statistical-Yearbook-2024.xlsx,2-41,7,11,total,total,Total
Statistical-Yearbook-2024.xlsx,2-41,7,14,total,total,Total
Statistical-Yearbook-2024.xlsx,2-41,8,1,physician,أطباء,أطباء بشريون
Statistical-Yearbook-2024.xlsx,2-41,8,16,physician,physician,Physicians
Statistical-Yearbook-2024.xlsx,2-41,10,2,total,المجموع,المجموع
Statistical-Yearbook-2024.xlsx,2-41,10,15,total,total,Total
Statistical-Yearbook-2024.xlsx,2-41,11,1,physician,أطباء,أطباء أسنان
Statistical-Yearbook-2024.xlsx,2-41,13,2,total,المجموع,المجموع
Statistical-Yearbook-2024.xlsx,2-41,13,15,total,total,Total
Statistical-Yearbook-2024.xlsx,2-41,14,1,physician,أطباء,إجمالي الأطباء
Statistical-Yearbook-2024.xlsx,2-41,14,16,total,total,Total Physicians and Dentists
Statistical-Yearbook-2024.xlsx,2-41,14,16,physician,physician,Total Physicians and Dentists
Statistical-Yearbook-2024.xlsx,2-41,16,2,total,المجموع,المجموع
Statistical-Yearbook-2024.xlsx,2-41,16,15,total,total,Total
Statistical-Yearbook-2024.xlsx,2-41,17,1,nurse,تمريض,طاقم التمريض
Statistical-Yearbook-2024.xlsx,2-41,17,16,nurse,nurse,Nurses
Statistical-Yearbook-2024.xlsx,2-41,19,2,total,المجموع,المجموع
Statistical-Yearbook-2024.xlsx,2-41,19,15,total,total,Total
Statistical-Yearbook-2024.xlsx,2-41,22,2,total,المجموع,المجموع
Statistical-Yearbook-2024.xlsx,2-41,22,15,total,total,Total
Statistical-Yearbook-2024.xlsx,2-41,23,1,nurse,تمريض,إجمالي طاقم التمريض والقابلات
Statistical-Yearbook-2024.xlsx,2-41,23,16,total,total,Total Nurses and Midwives
Statistical-Yearbook-2024.xlsx,2-41,23,16,nurse,nurse,Total Nurses and Midwives
Statistical-Yearbook-2024.xlsx,2-41,25,2,total,المجموع,المجموع
Statistical-Yearbook-2024.xlsx,2-41,25,15,total,total,Total
Statistical-Yearbook-2024.xlsx,2-41,28,2,total,المجموع,المجموع
Statistical-Yearbook-2024.xlsx,2-41,28,15,total,total,Total
Statistical-Yearbook-2024.xlsx,2-41,31,2,total,المجموع,المجموع
Statistical-Yearbook-2024.xlsx,2-41,31,15,total,total,Total
Statistical-Yearbook-2024.xlsx,2-41,35,5,total,المجموع,المجموع
Statistical-Yearbook-2024.xlsx,2-41,35,8,total,المجموع,المجموع
Statistical-Yearbook-2024.xlsx,2-41,35,11,total,المجموع,المجموع
Statistical-Yearbook-2024.xlsx,2-41,35,14,total,المجموع,المجموع
Statistical-Yearbook-2024.xlsx,2-41,36,5,total,total,Total
Statistical-Yearbook-2024.xlsx,2-41,36,8,total,total,Total
Statistical-Yearbook-2024.xlsx,2-41,36,11,total,total,Total
Statistical-Yearbook-2024.xlsx,2-41,36,14,total,total,Total
Statistical-Yearbook-2024.xlsx,2-41,37,1,physician,أطباء,أطباء بشريون
Statistical-Yearbook-2024.xlsx,2-41,37,16,physician,physician,Physicians
Statistical-Yearbook-2024.xlsx,2-41,39,2,total,المجموع,المجموع
Statistical-Yearbook-2024.xlsx,2-41,39,15,total,total,Total
Statistical-Yearbook-2024.xlsx,2-41,40,1,physician,أطباء,أطباء أسنان
Statistical-Yearbook-2024.xlsx,2-42,1,1,year,عام,القوى العاملة الصحية بمراكز الرعاية الصحية الأولية بوزارة الصحة في الأعوام الخمسة الأخيرة
Statistical-Yearbook-2024.xlsx,2-42,2,1,year,year,"Health Manpower in Primary Health Care Centers, MoH, in the last Five Years"
Statistical-Yearbook-2024.xlsx,2-42,4,3,year,عام,العام
Statistical-Yearbook-2024.xlsx,2-42,4,7,year,year,Year
Statistical-Yearbook-2024.xlsx,2-42,6,1,physician,أطباء,أطباء بشريون
Statistical-Yearbook-2024.xlsx,2-42,6,9,physician,physician,Physicians
Statistical-Yearbook-2024.xlsx,2-42,8,2,total,المجموع,المجموع
Statistical-Yearbook-2024.xlsx,2-42,8,8,total,total,Total
Statistical-Yearbook-2024.xlsx,2-42,9,1,physician,أطباء,أطباء أسنان
Statistical-Yearbook-2024.xlsx,2-42,11,2,total,المجموع,المجموع
Statistical-Yearbook-2024.xlsx,2-42,11,8,total,total,Total
Statistical-Yearbook-2024.xlsx,2-42,12,1,physician,أطباء,إجمالي الأطباء
Statistical-Yearbook-2024.xlsx,2-42,12,9,total,total,Total Physicians and Dentists
Statistical-Yearbook-2024.xlsx,2-42,12,9,physician,physician,Total Physicians and Dentists
Statistical-Yearbook-2024.xlsx,2-42,14,2,total,المجموع,المجموع
Statistical-Yearbook-2024.xlsx,2-42,14,8,total,total,Total
Statistical-Yearbook-2024.xlsx,2-42,15,1,nurse,تمريض,طاقم التمريض
Statistical-Yearbook-2024.xlsx,2-42,15,9,nurse,nurse,Nurses
Statistical-Yearbook-2024.xlsx,2-42,17,2,total,المجموع,المجموع
Statistical-Yearbook-2024.xlsx,2-42,17,8,total,total,Total
Statistical-Yearbook-2024.xlsx,2-42,20,2,total,المجموع,المجموع
Statistical-Yearbook-2024.xlsx,2-42,20,8,total,total,Total
Statistical-Yearbook-2024.xlsx,2-42,21,1,nurse,تمريض,إجمالي طاقم التمريض والقابلات
Statistical-Yearbook-2024.xlsx,2-42,21,9,total,total,Total Nurses and Midwives
Statistical-Yearbook-2024.xlsx,2-42,21,9,nurse,nurse,Total Nurses and Midwives
Statistical-Yearbook-2024.xlsx,2-42,23,2,total,المجموع,المجموع
Statistical-Yearbook-2024.xlsx,2-42,23,8,total,total,Total
Statistical-Yearbook-2024.xlsx,2-42,26,2,total,المجموع,المجموع
Statistical-Yearbook-2024.xlsx,2-42,26,8,total,total,Total
Statistical-Yearbook-2024.xlsx,2-42,29,2,total,المجموع,المجموع
Statistical-Yearbook-2024.xlsx,2-42,29,8,total,total,Total
Statistical-Yearbook-2024.xlsx,2-43,1,1,physician,أطباء,الأطباء وأطباء الأسنان بمراكز الرعاية الصحية الأولية بوزارة الصحة حسب التخصص والجنسية في الأعوام الخمسة الأخيرة
Statistical-Yearbook-2024.xlsx,2-43,2,1,year,year,"Physicians and Dentists in MoH Primary Health Care Centers by Speciality and Nationality, in the last Five Years"
Statistical-Yearbook-2024.xlsx,2-43,2,1,physician,physician,"Physicians and Dentists in MoH Primary Health Care Centers by Speciality and Nationality, in the last Five Years"
Statistical-Yearbook-2024.xlsx,2-43,4,3,year,عام,العام
Statistical-Yearbook-2024.xlsx,2-43,4,7,year,year,Year
Statistical-Yearbook-2024.xlsx,2-43,6,1,year,عام,طـب عام
Statistical-Yearbook-2024.xlsx,2-43,8,2,total,المجموع,المجموع
Statistical-Yearbook-2024.xlsx,2-43,8,8,total,total,Total
Statistical-Yearbook-2024.xlsx,2-43,11,2,total,المجموع,المجموع
Statistical-Yearbook-2024.xlsx,2-43,11,8,total,total,Total
Statistical-Yearbook-2024.xlsx,2-43,14,2,total,المجموع,المجموع
Statistical-Yearbook-2024.xlsx,2-43,14,8,total,total,Total
Statistical-Yearbook-2024.xlsx,2-43,17,2,total,المجموع,المجموع
Statistical-Yearbook-2024.xlsx,2-43,17,8,total,total,Total
Statistical-Yearbook-2024.xlsx,2-43,18,1,bed,أسرة,طب أسرة
Statistical-Yearbook-2024.xlsx,2-43,20,2,total,المجموع,المجموع
Statistical-Yearbook-2024.xlsx,2-43,20,8,total,total,Total
Statistical-Yearbook-2024.xlsx,2-43,23,2,total,المجموع,المجموع
Statistical-Yearbook-2024.xlsx,2-43,23,8,total,total,Total
Statistical-Yearbook-2024.xlsx,2-43,24,9,total,total,Total
Statistical-Yearbook-2024.xlsx,2-43,26,2,total,المجموع,المجموع
Statistical-Yearbook-2024.xlsx,2-43,26,8,total,total,Total
Statistical-Yearbook-2024.xlsx,2-44,1,1,year,عام,القوى العاملة الصحية بمراكز الرعاية الصحية الأولية بفروع ومكاتب وزارة الصحة حسب الفئة والجنس والجنسية عام 2024م
Statistical-Yearbook-2024.xlsx,2-44,6,5,total,المجموع,المجموع
Statistical-Yearbook-2024.xlsx,2-44,6,8,total,المجموع,المجموع
Statistical-Yearbook-2024.xlsx,2-44,6,11,total,المجموع,المجموع
Statistical-Yearbook-2024.xlsx,2-44,6,14,total,المجموع,المجموع
Statistical-Yearbook-2024.xlsx,2-44,7,5,total,total,Total
Statistical-Yearbook-2024.xlsx,2-44,7,8,total,total,Total
Statistical-Yearbook-2024.xlsx,2-44,7,11,total,total,Total
Statistical-Yearbook-2024.xlsx,2-44,7,14,total,total,Total
Statistical-Yearbook-2024.xlsx,2-44,8,1,physician,أطباء,أطباء بشريون
Statistical-Yearbook-2024.xlsx,2-44,8,16,physician,physician,Physicians
Statistical-Yearbook-2024.xlsx,2-44,10,2,total,المجموع,المجموع
Statistical-Yearbook-2024.xlsx,2-44,10,15,total,total,Total
Statistical-Yearbook-2024.xlsx,2-44,11,1,physician,أطباء,أطباء أسنان
Statistical-Yearbook-2024.xlsx,2-44,13,2,total,المجموع,المجموع
Statistical-Yearbook-2024.xlsx,2-44,13,15,total,total,Total
Statistical-Yearbook-2024.xlsx,2-44,14,1,physician,أطباء,إجمالي الأطباء
Statistical-Yearbook-2024.xlsx,2-44,14,16,total,total,Total Physicians and Dentists
Statistical-Yearbook-2024.xlsx,2-44,14,16,physician,physician,Total Physicians and Dentists
Statistical-Yearbook-2024.xlsx,2-44,16,2,total,المجموع,المجموع
Statistical-Yearbook-2024.xlsx,2-44,16,15,total,total,Total
Statistical-Yearbook-2024.xlsx,2-44,17,1,nurse,تمريض,طاقم التمريض
Statistical-Yearbook-2024.xlsx,2-44,17,16,nurse,nurse,Nurses
Statistical-Yearbook-2024.xlsx,2-44,19,2,total,المجموع,المجموع
Statistical-Yearbook-2024.xlsx,2-44,19,15,total,total,Total
Statistical-Yearbook-2024.xlsx,2-44,22,2,total,المجموع,المجموع
Statistical-Yearbook-2024.xlsx,2-44,22,15,total,total,Total
Statistical-Yearbook-2024.xlsx,2-44,23,1,nurse,تمريض,إجمالي طاقم التمريض والقابلات
Statistical-Yearbook-2024.xlsx,2-44,23,16,total,total,Total Nurses and Midwives
Statistical-Yearbook-2024.xlsx,2-44,23,16,nurse,nurse,Total Nurses and Midwives
Statistical-Yearbook-2024.xlsx,2-44,25,2,total,المجموع,المجموع
Statistical-Yearbook-2024.xlsx,2-44,25,15,total,total,Total
Statistical-Yearbook-2024.xlsx,2-44,28,2,total,المجموع,المجموع
Statistical-Yearbook-2024.xlsx,2-44,28,15,total,total,Total
Statistical-Yearbook-2024.xlsx,2-44,31,2,total,المجموع,المجموع
Statistical-Yearbook-2024.xlsx,2-44,31,15,total,total,Total
Statistical-Yearbook-2024.xlsx,2-44,35,5,total,المجموع,المجموع
Statistical-Yearbook-2024.xlsx,2-44,35,8,total,المجموع,المجموع
Statistical-Yearbook-2024.xlsx,2-44,35,11,total,المجموع,المجموع
Statistical-Yearbook-2024.xlsx,2-44,35,14,total,المجموع,المجموع
Statistical-Yearbook-2024.xlsx,2-44,36,5,total,total,Total
Statistical-Yearbook-2024.xlsx,2-44,36,8,total,total,Total
Statistical-Yearbook-2024.xlsx,2-44,36,11,total,total,Total
Statistical-Yearbook-2024.xlsx,2-44,36,14,total,total,Total
Statistical-Yearbook-2024.xlsx,2-44,37,1,physician,أطباء,أطباء بشريون
Statistical-Yearbook-2024.xlsx,2-44,37,16,physician,physician,Physicians
Statistical-Yearbook-2024.xlsx,2-44,39,2,total,المجموع,المجموع
Statistical-Yearbook-2024.xlsx,2-44,39,15,total,total,Total
Statistical-Yearbook-2024.xlsx,2-44,40,1,physician,أطباء,أطباء أسنان
Statistical-Yearbook-2024.xlsx,2-45,1,1,year,عام,الأطباء بمراكز الرعاية الصحية الأولية بوزارة الصحة حسب التخصصات الرئيسية والجنسية والجنس بفروع ومكاتب الوزارة عام 2024م.
Statistical-Yearbook-2024.xlsx,2-45,1,1,physician,أطباء,الأطباء بمراكز الرعاية الصحية الأولية بوزارة الصحة حسب التخصصات الرئيسية والجنسية والجنس بفروع ومكاتب الوزارة عام 2024م.
Statistical-Yearbook-2024.xlsx,2-45,2,1,physician,physician,"Physicians in MoH Primary Health Care Centers by Main Specialities, Nationality and Gender in MoH Branches & Offices, 2024G."
Statistical-Yearbook-2024.xlsx,2-45,6,5,total,المجموع,المجموع
Statistical-Yearbook-2024.xlsx,2-45,6,8,total,المجموع,المجموع
Statistical-Yearbook-2024.xlsx,2-45,6,11,total,المجموع,المجموع
Statistical-Yearbook-2024.xlsx,2-45,6,14,total,المجموع,المجموع
Statistical-Yearbook-2024.xlsx,2-45,7,5,total,total,Total
Statistical-Yearbook-2024.xlsx,2-45,7,8,total,total,Total
Statistical-Yearbook-2024.xlsx,2-45,7,11,total,total,Total
Statistical-Yearbook-2024.xlsx,2-45,7,14,total,total,Total
Statistical-Yearbook-2024.xlsx,2-45,8,1,year,عام,طب عام
Statistical-Yearbook-2024.xlsx,2-45,10,2,total,المجموع,المجموع
Statistical-Yearbook-2024.xlsx,2-45,10,15,total,total,Total
Statistical-Yearbook-2024.xlsx,2-45,13,2,total,المجموع,المجموع
Statistical-Yearbook-2024.xlsx,2-45,13,15,total,total,Total
Statistical-Yearbook-2024.xlsx,2-45,16,2,total,المجموع,المجموع
Statistical-Yearbook-2024.xlsx,2-45,16,15,total,total,Total
Statistical-Yearbook-2024.xlsx,2-45,19,2,total,المجموع,المجموع
Statistical-Yearbook-2024.xlsx,2-45,19,15,total,total,Total
Statistical-Yearbook-2024.xlsx,2-45,20,1,bed,أسرة,طب أسرة
Statistical-Yearbook-2024.xlsx,2-45,22,2,total,المجموع,المجموع
Statistical-Yearbook-2024.xlsx,2-45,22,15,total,total,Total
Statistical-Yearbook-2024.xlsx,2-45,23,1,physician,أطباء,أطباء آخرون
Statistical-Yearbook-2024.xlsx,2-45,25,2,total,المجموع,المجموع
Statistical-Yearbook-2024.xlsx,2-45,25,15,total,total,Total
Statistical-Yearbook-2024.xlsx,2-45,26,1,total,المجموع,المجموع
Statistical-Yearbook-2024.xlsx,2-45,26,16,total,total,Total
Statistical-Yearbook-2024.xlsx,2-45,28,2,total,المجموع,المجموع
Statistical-Yearbook-2024.xlsx,2-45,28,15,total,total,Total
Statistical-Yearbook-2024.xlsx,2-45,32,5,total,المجموع,المجموع
Statistical-Yearbook-2024.xlsx,2-45,32,8,total,المجموع,المجموع
Statistical-Yearbook-2024.xlsx,2-45,32,11,total,المجموع,المجموع
Statistical-Yearbook-2024.xlsx,2-45,32,14,total,المجموع,المجموع
Statistical-Yearbook-2024.xlsx,2-45,33,5,total,total,Total
Statistical-Yearbook-2024.xlsx,2-45,33,8,total,total,Total
Statistical-Yearbook-2024.xlsx,2-45,33,11,total,total,Total
Statistical-Yearbook-2024.xlsx,2-45,33,14,total,total,Total
Statistical-Yearbook-2024.xlsx,2-45,34,1,year,عام,طب عام
Statistical-Yearbook-2024.xlsx,2-45,36,2,total,المجموع,المجموع
Statistical-Yearbook-2024.xlsx,2-45,36,15,total,total,Total
Statistical-Yearbook-2024.xlsx,2-45,39,2,total,المجموع,المجموع
Statistical-Yearbook-2024.xlsx,2-45,39,15,total,total,Total
Statistical-Yearbook-2024.xlsx,2-46,1,1,year,عام,القوى العاملة الصحية بمستشفيات القطاع الخاص حسب الفئة والجنس والجنسية بفروع ومكاتب وزارة الصحة عام 2024م
Statistical-Yearbook-2024.xlsx,2-46,2,1,hospital,hospital,"Health Manpower in Private Sector Hospitals by Category, Gender and Nationality in MoH Branches & Offices, 2024G"
Statistical-Yearbook-2024.xlsx,2-46,6,5,total,المجموع,المجموع
Statistical-Yearbook-2024.xlsx,2-46,6,8,total,المجموع,المجموع
Statistical-Yearbook-2024.xlsx,2-46,6,11,total,المجموع,المجموع
Statistical-Yearbook-2024.xlsx,2-46,6,14,total,المجموع,المجموع
Statistical-Yearbook-2024.xlsx,2-46,7,5,total,total,Total
Statistical-Yearbook-2024.xlsx,2-46,7,8,total,total,Total
Statistical-Yearbook-2024.xlsx,2-46,7,11,total,total,Total
Statistical-Yearbook-2024.xlsx,2-46,7,14,total,total,Total
Statistical-Yearbook-2024.xlsx,2-46,8,1,physician,أطباء,أطباء بشريون
Statistical-Yearbook-2024.xlsx,2-46,8,16,physician,physician,Physicians
Statistical-Yearbook-2024.xlsx,2-46,10,2,total,المجموع,المجموع
Statistical-Yearbook-2024.xlsx,2-46,10,15,total,total,Total
Statistical-Yearbook-2024.xlsx,2-46,11,1,physician,أطباء,أطباء أسنان
Statistical-Yearbook-2024.xlsx,2-46,13,2,total,المجموع,المجموع
Statistical-Yearbook-2024.xlsx,2-46,13,15,total,total,Total
Statistical-Yearbook-2024.xlsx,2-46,14,1,physician,أطباء,إجمالي الأطباء
Statistical-Yearbook-2024.xlsx,2-46,14,16,total,total,Total Physicians and Dentists
Statistical-Yearbook-2024.xlsx,2-46,14,16,physician,physician,Total Physicians and Dentists
Statistical-Yearbook-2024.xlsx,2-46,16,2,total,المجموع,المجموع
Statistical-Yearbook-2024.xlsx,2-46,16,15,total,total,Total
Statistical-Yearbook-2024.xlsx,2-46,17,1,nurse,تمريض,طاقم التمريض
Statistical-Yearbook-2024.xlsx,2-46,17,16,nurse,nurse,Nurses
Statistical-Yearbook-2024.xlsx,2-46,19,2,total,المجموع,المجموع
Statistical-Yearbook-2024.xlsx,2-46,19,15,total,total,Total
Statistical-Yearbook-2024.xlsx,2-46,22,2,total,المجموع,المجموع
Statistical-Yearbook-2024.xlsx,2-46,22,15,total,total,Total
Statistical-Yearbook-2024.xlsx,2-46,23,1,nurse,تمريض,إجمالي طاقم التمريض والقابلات
Statistical-Yearbook-2024.xlsx,2-46,23,16,total,total,Total Nurses and Midwives
Statistical-Yearbook-2024.xlsx,2-46,23,16,nurse,nurse,Total Nurses and Midwives
Statistical-Yearbook-2024.xlsx,2-46,25,2,total,المجموع,المجموع
Statistical-Yearbook-2024.xlsx,2-46,25,15,total,total,Total
Statistical-Yearbook-2024.xlsx,2-46,28,2,total,المجموع,المجموع
Statistical-Yearbook-2024.xlsx,2-46,28,15,total,total,Total
Statistical-Yearbook-2024.xlsx,2-46,31,2,total,المجموع,المجموع
Statistical-Yearbook-2024.xlsx,2-46,31,15,total,total,Total
Statistical-Yearbook-2024.xlsx,2-46,35,5,total,المجموع,المجموع
Statistical-Yearbook-2024.xlsx,2-46,35,8,total,المجموع,المجموع
Statistical-Yearbook-2024.xlsx,2-46,35,11,total,المجموع,المجموع
Statistical-Yearbook-2024.xlsx,2-46,35,14,total,المجموع,المجموع
Statistical-Yearbook-2024.xlsx,2-46,36,5,total,total,Total
Statistical-Yearbook-2024.xlsx,2-46,36,8,total,total,Total
Statistical-Yearbook-2024.xlsx,2-46,36,11,total,total,Total
Statistical-Yearbook-2024.xlsx,2-46,36,14,total,total,Total
Statistical-Yearbook-2024.xlsx,2-46,37,1,physician,أطباء,أطباء بشريون
Statistical-Yearbook-2024.xlsx,2-46,37,16,physician,physician,Physicians
Statistical-Yearbook-2024.xlsx,2-46,39,2,total,المجموع,المجموع
Statistical-Yearbook-2024.xlsx,2-46,39,15,total,total,Total
Statistical-Yearbook-2024.xlsx,2-46,40,1,physician,أطباء,أطباء أسنان
Statistical-Yearbook-2024.xlsx,2-47,1,1,year,عام,القوى العاملة الصحية بمجمعات القطاع الخاص حسب الفئة والجنس والجنسية بفروع ومكاتب وزارة الصحة عام 2024م
Statistical-Yearbook-2024.xlsx,2-47,6,5,total,المجموع,المجموع
Statistical-Yearbook-2024.xlsx,2-47,6,8,total,المجموع,المجموع
Statistical-Yearbook-2024.xlsx,2-47,6,11,total,المجموع,المجموع
Statistical-Yearbook-2024.xlsx,2-47,6,14,total,المجموع,المجموع
Statistical-Yearbook-2024.xlsx,2-47,7,5,total,total,Total
Statistical-Yearbook-2024.xlsx,2-47,7,8,total,total,Total
Statistical-Yearbook-2024.xlsx,2-47,7,11,total,total,Total
Statistical-Yearbook-2024.xlsx,2-47,7,14,total,total,Total
Statistical-Yearbook-2024.xlsx,2-47,8,1,physician,أطباء,أطباء بشريون
Statistical-Yearbook-2024.xlsx,2-47,8,16,physician,physician,Physicians
Statistical-Yearbook-2024.xlsx,2-47,10,2,total,المجموع,المجموع
Statistical-Yearbook-2024.xlsx,2-47,10,15,total,total,Total
Statistical-Yearbook-2024.xlsx,2-47,11,1,physician,أطباء,أطباء أسنان
Statistical-Yearbook-2024.xlsx,2-47,13,2,total,المجموع,المجموع
Statistical-Yearbook-2024.xlsx,2-47,13,15,total,total,Total
Statistical-Yearbook-2024.xlsx,2-47,14,1,physician,أطباء,إجمالي الأطباء
Statistical-Yearbook-2024.xlsx,2-47,14,16,total,total,Total Physicians and Dentists
Statistical-Yearbook-2024.xlsx,2-47,14,16,physician,physician,Total Physicians and Dentists
Statistical-Yearbook-2024.xlsx,2-47,16,2,total,المجموع,المجموع
Statistical-Yearbook-2024.xlsx,2-47,16,15,total,total,Total
Statistical-Yearbook-2024.xlsx,2-47,17,1,nurse,تمريض,طاقم التمريض
Statistical-Yearbook-2024.xlsx,2-47,17,16,nurse,nurse,Nurses
Statistical-Yearbook-2024.xlsx,2-47,19,2,total,المجموع,المجموع
Statistical-Yearbook-2024.xlsx,2-47,19,15,total,total,Total
Statistical-Yearbook-2024.xlsx,2-47,22,2,total,المجموع,المجموع
Statistical-Yearbook-2024.xlsx,2-47,22,15,total,total,Total
Statistical-Yearbook-2024.xlsx,2-47,23,1,nurse,تمريض,إجمالي طاقم التمريض والقابلات
Statistical-Yearbook-2024.xlsx,2-47,23,16,total,total,Total Nurses and Midwives
Statistical-Yearbook-2024.xlsx,2-47,23,16,nurse,nurse,Total Nurses and Midwives
Statistical-Yearbook-2024.xlsx,2-47,25,2,total,المجموع,المجموع
Statistical-Yearbook-2024.xlsx,2-47,25,15,total,total,Total
Statistical-Yearbook-2024.xlsx,2-47,28,2,total,المجموع,المجموع
Statistical-Yearbook-2024.xlsx,2-47,28,15,total,total,Total
Statistical-Yearbook-2024.xlsx,2-47,31,2,total,المجموع,المجموع
Statistical-Yearbook-2024.xlsx,2-47,31,15,total,total,Total
Statistical-Yearbook-2024.xlsx,2-47,35,5,total,المجموع,المجموع
Statistical-Yearbook-2024.xlsx,2-47,35,8,total,المجموع,المجموع
Statistical-Yearbook-2024.xlsx,2-47,35,11,total,المجموع,المجموع
Statistical-Yearbook-2024.xlsx,2-47,35,14,total,المجموع,المجموع
Statistical-Yearbook-2024.xlsx,2-47,36,5,total,total,Total
Statistical-Yearbook-2024.xlsx,2-47,36,8,total,total,Total
Statistical-Yearbook-2024.xlsx,2-47,36,11,total,total,Total
Statistical-Yearbook-2024.xlsx,2-47,36,14,total,total,Total
Statistical-Yearbook-2024.xlsx,2-47,37,1,physician,أطباء,أطباء بشريون
Statistical-Yearbook-2024.xlsx,2-47,37,16,physician,physician,Physicians
Statistical-Yearbook-2024.xlsx,2-47,39,2,total,المجموع,المجموع
Statistical-Yearbook-2024.xlsx,2-47,39,15,total,total,Total
Statistical-Yearbook-2024.xlsx,2-47,40,1,physician,أطباء,أطباء أسنان
Statistical-Yearbook-2024.xlsx,2-48,1,1,year,عام,القوى العاملة الصحية بالقطاع الخاص حسب الفئة والجنس والجنسية وتصنيف المنشأة عام 2024م.
Statistical-Yearbook-2024.xlsx,2-48,4,12,total,المجموع,المجموع
Statistical-Yearbook-2024.xlsx,2-48,5,3,hospital,hospital,Hospitals
Statistical-Yearbook-2024.xlsx,2-48,5,12,total,total,Total
Statistical-Yearbook-2024.xlsx,2-48,6,5,total,المجموع,المجموع
Statistical-Yearbook-2024.xlsx,2-48,6,8,total,المجموع,المجموع
Statistical-Yearbook-2024.xlsx,2-48,6,11,total,المجموع,المجموع
Statistical-Yearbook-2024.xlsx,2-48,6,14,total,المجموع,المجموع
Statistical-Yearbook-2024.xlsx,2-48,7,5,total,total,Total
Statistical-Yearbook-2024.xlsx,2-48,7,8,total,total,Total
Statistical-Yearbook-2024.xlsx,2-48,7,11,total,total,Total
Statistical-Yearbook-2024.xlsx,2-48,7,14,total,total,Total
Statistical-Yearbook-2024.xlsx,2-48,8,1,physician,أطباء,أطباء بشريون
Statistical-Yearbook-2024.xlsx,2-48,8,16,physician,physician,Physicians
Statistical-Yearbook-2024.xlsx,2-48,10,2,total,المجموع,المجموع
Statistical-Yearbook-2024.xlsx,2-48,10,15,total,total,Total
Statistical-Yearbook-2024.xlsx,2-48,11,1,physician,أطباء,أطباء أسنان
Statistical-Yearbook-2024.xlsx,2-48,13,2,total,المجموع,المجموع
Statistical-Yearbook-2024.xlsx,2-48,13,15,total,total,Total
Statistical-Yearbook-2024.xlsx,2-48,14,1,physician,أطباء,إجمالي الأطباء
Statistical-Yearbook-2024.xlsx,2-48,14,16,total,total,Total Physicians and Dentists
Statistical-Yearbook-2024.xlsx,2-48,14,16,physician,physician,Total Physicians and Dentists
Statistical-Yearbook-2024.xlsx,2-48,16,2,total,المجموع,المجموع
Statistical-Yearbook-2024.xlsx,2-48,16,15,total,total,Total
Statistical-Yearbook-2024.xlsx,2-48,17,1,nurse,تمريض,طاقم التمريض
Statistical-Yearbook-2024.xlsx,2-48,17,16,nurse,nurse,Nurses
Statistical-Yearbook-2024.xlsx,2-48,19,2,total,المجموع,المجموع
Statistical-Yearbook-2024.xlsx,2-48,19,15,total,total,Total
Statistical-Yearbook-2024.xlsx,2-48,22,2,total,المجموع,المجموع
Statistical-Yearbook-2024.xlsx,2-48,22,15,total,total,Total
Statistical-Yearbook-2024.xlsx,2-48,23,1,nurse,تمريض,إجمالي طاقم التمريض والقابلات
Statistical-Yearbook-2024.xlsx,2-48,23,16,total,total,Total Nurses and Midwives
Statistical-Yearbook-2024.xlsx,2-48,23,16,nurse,nurse,Total Nurses and Midwives
Statistical-Yearbook-2024.xlsx,2-48,25,2,total,المجموع,المجموع
Statistical-Yearbook-2024.xlsx,2-48,25,15,total,total,Total
Statistical-Yearbook-2024.xlsx,2-48,28,2,total,المجموع,المجموع
Statistical-Yearbook-2024.xlsx,2-48,28,15,total,total,Total
Statistical-Yearbook-2024.xlsx,2-48,31,2,total,المجموع,المجموع
Statistical-Yearbook-2024.xlsx,2-48,31,15,total,total,Total
Statistical-Yearbook-2024.xlsx,2-49,1,1,year,عام,الملتحقون والملتحقات من العاملين بوزارة الصحة ببرامج الايفاد حسب التخصص عام 2024م
Statistical-Yearbook-2024.xlsx,2-49,5,1,physician,أطباء,الأطباء البشريون
Statistical-Yearbook-2024.xlsx,2-49,5,3,physician,physician,Physicians
Statistical-Yearbook-2024.xlsx,2-49,8,1,bed,أسرة,طب الأسرة
Statistical-Yearbook-2024.xlsx,2-49,10,1,year,عام,الجراحة العامة
Statistical-Yearbook-2024.xlsx,2-49,16,1,year,عام,الطب الوقائي وصحة العامة
Statistical-Yearbook-2024.xlsx,2-49,22,5,physician,أطباء,مجموع الأطباء البشريين
Statistical-Yearbook-2024.xlsx,2-49,22,7,total,total,Total Physicians
Statistical-Yearbook-2024.xlsx,2-49,22,7,physician,physician,Total Physicians
Statistical-Yearbook-2024.xlsx,2-49,23,5,physician,أطباء,أطباء الأسنان
Statistical-Yearbook-2024.xlsx,2-49,24,5,nurse,تمريض,طاقم التمريض
Statistical-Yearbook-2024.xlsx,2-49,24,7,nurse,nurse,Nurses
Statistical-Yearbook-2024.xlsx,2-50,1,1,year,عام,الملتحقون والملتحقات من العاملين بوزارة الصحة ببرامج الابتعاث حسب التخصص عام 2024م
Statistical-Yearbook-2024.xlsx,2-50,5,1,physician,أطباء,الأطباء البشريون
Statistical-Yearbook-2024.xlsx,2-50,5,3,physician,physician,Physicians
Statistical-Yearbook-2024.xlsx,2-50,7,1,year,عام,الجراحة العامة
Statistical-Yearbook-2024.xlsx,2-50,12,5,bed,أسرة,طب الأسرة
Statistical-Yearbook-2024.xlsx,2-50,20,5,physician,أطباء,مجموع الأطباء البشريين
Statistical-Yearbook-2024.xlsx,2-50,20,7,total,total,Total Physicians
Statistical-Yearbook-2024.xlsx,2-50,20,7,physician,physician,Total Physicians
Statistical-Yearbook-2024.xlsx,2-50,21,5,physician,أطباء,أطباء الأسنان
Statistical-Yearbook-2024.xlsx,2-50,22,5,nurse,تمريض,طاقم التمريض
Statistical-Yearbook-2024.xlsx,2-50,22,7,nurse,nurse,Nurses
Statistical-Yearbook-2024.xlsx,2-50,25,1,year,عام,الطب الوقائي وصحة العامة
Statistical-Yearbook-2024.xlsx,2-51,1,1,year,عام,الملتحقون والملتحقات من العاملين بوزارة الصحة ببرامج الايفاد حسب  جهة العمل عام 2024م
Statistical-Yearbook-2024.xlsx,2-51,9,3,total,total,Total Health Clusters - Riyadh
Statistical-Yearbook-2024.xlsx,2-51,13,3,total,total,Total Health Clusters - Jeddah
Statistical-Yearbook-2024.xlsx,2-51,28,1,total,المجموع,المجموع
Statistical-Yearbook-2024.xlsx,2-51,28,3,total,total,Total
Statistical-Yearbook-2024.xlsx,2-52,1,1,year,عام,الملتحقون والملتحقات من العاملين بوزارة الصحة ببرامج الابتعاث عام 2024م
Statistical-Yearbook-2024.xlsx,2-52,18,1,total,الإجمالي,الإجمالي
Statistical-Yearbook-2024.xlsx,2-52,18,3,total,total,Total
Statistical-Yearbook-2024.xlsx,2-52,24,3,total,total,Total Health Clusters - Riyadh
Statistical-Yearbook-2024.xlsx,2-52,28,3,total,total,Total Health Clusters - Jeddah
Statistical-Yearbook-2024.xlsx,2-53,1,1,year,عام,أعداد المتدربين بمراكز تطوير المهارات الفنية بوزارة الصحة لعام 2024م.
Statistical-Yearbook-2024.xlsx,2-53,20,1,nurse,تمريض,دورة العناية التمريضية المتقدمة للإصابات
Statistical-Yearbook-2024.xlsx,2-53,20,4,nurse,nurse,Advanced Trauma Care for Nurses (ATCN)
Statistical-Yearbook-2024.xlsx,2-53,21,1,nurse,تمريض,دورة العناية التمريضية المتقدمة للإصابات(إعداد مدربين)
Statistical-Yearbook-2024.xlsx,2-53,21,4,nurse,nurse,Advanced Trauma Care for Nurses Instructor course (ATCN)
Statistical-Yearbook-2024.xlsx,2-53,27,1,year,عام,التعامل مع عسر ولادة الكتف
Statistical-Yearbook-2024.xlsx,2-53,32,4,activity,activities,Internal Medicine Residency Simulation Activities
Statistical-Yearbook-2024.xlsx,2-53,34,1,physician,أطباء,التخدير العصبي للأطباء المقيمين
Statistical-Yearbook-2024.xlsx,2-53,37,1,physician,أطباء,محاكاة التخدير للأطباء المقيمين
Statistical-Yearbook-2024.xlsx,2-53,38,1,nurse,تمريض,أساسيات المهارة التمريضية
Statistical-Yearbook-2024.xlsx,2-53,39,4,bed,bed,Workshop: Bedsores
Statistical-Yearbook-2024.xlsx,2-54,1,1,year,عام,الطلبة والطالبات في الكليات الصحية الحكومية للعام الدراسي 2023-2024م.
Statistical-Yearbook-2024.xlsx,2-54,2,1,year,year,Enrolled Students in Governmental Health Colleges for the Academic Year 2023-2024G.
Statistical-Yearbook-2024.xlsx,2-54,4,6,total,المجموع,المجموع
Statistical-Yearbook-2024.xlsx,2-54,6,6,total,total,Total
Statistical-Yearbook-2024.xlsx,2-55,1,1,year,عام,خريجو وخريجات الكليات الصحية الحكومية للعام الدراسي 2023-2024م.
Statistical-Yearbook-2024.xlsx,2-55,2,1,year,year,Graduates in Governmental Health Colleges for the Academic Year 2023-2024G.
Statistical-Yearbook-2024.xlsx,2-55,4,6,total,المجموع,المجموع
Statistical-Yearbook-2024.xlsx,2-55,6,6,total,total,Total
Statistical-Yearbook-2024.xlsx,2-56,1,1,year,عام,الطلبة والطالبات في الكليات الصحية الأهلية للعام الدراسي 2023-2024م.
Statistical-Yearbook-2024.xlsx,2-56,2,1,year,year,Enrolled Students in Private Health Colleges for the Academic Year 2023-2024G.
Statistical-Yearbook-2024.xlsx,2-56,4,6,total,المجموع,المجموع
Statistical-Yearbook-2024.xlsx,2-56,6,6,total,total,Total
Statistical-Yearbook-2024.xlsx,2-56,14,1,nurse,تمريض,تخصص / التمريض
Statistical-Yearbook-2024.xlsx,2-56,20,1,nurse,تمريض,كلية التمريض
Statistical-Yearbook-2024.xlsx,2-56,22,1,physician,طبيب,تخصص / قسم: مساعد طبيب أسنان
Statistical-Yearbook-2024.xlsx,2-56,31,1,nurse,تمريض,برنامج البكالوريوس في التمريض
Statistical-Yearbook-2024.xlsx,2-56,39,1,nurse,تمريض,كلية التمريض
Statistical-Yearbook-2024.xlsx,2-57,1,1,year,عام,خريجو وخريجات الكليات الصحية الأهلية للعام الدراسي 2023-2024م.
Statistical-Yearbook-2024.xlsx,2-57,2,1,year,year,Graduates in Private Health Colleges for the Academic Year 2023-2024G.
Statistical-Yearbook-2024.xlsx,2-57,4,6,total,المجموع,المجموع
Statistical-Yearbook-2024.xlsx,2-57,6,6,total,total,Total
Statistical-Yearbook-2024.xlsx,2-57,14,1,nurse,تمريض,تخصص / التمريض
Statistical-Yearbook-2024.xlsx,2-57,20,1,nurse,تمريض,كلية التمريض
Statistical-Yearbook-2024.xlsx,2-57,22,1,physician,طبيب,تخصص / قسم: مساعد طبيب أسنان
Statistical-Yearbook-2024.xlsx,2-57,31,1,nurse,تمريض,برنامج البكالورويس في التمريض
Statistical-Yearbook-2024.xlsx,2-57,39,1,nurse,تمريض,كلية التمريض
Statistical-Yearbook-2024.xlsx,2-58,2,1,hospital,hospital,CBAHI Accredited MoH Hospitals.
Statistical-Yearbook-2024.xlsx,2-58,4,2,hospital,مستشفى,المستشفى
Statistical-Yearbook-2024.xlsx,2-58,4,4,hospital,hospital,Hospital Name
Statistical-Yearbook-2024.xlsx,2-58,5,3,hospital,مستشفى,مستشفى الأمير محمد بن عبدالعزيز
Statistical-Yearbook-2024.xlsx,2-58,5,4,hospital,hospital,Prince Mohammad Bin Abdulaziz Hospital
Statistical-Yearbook-2024.xlsx,2-58,6,3,hospital,مستشفى,مستشفى الملك خالد بالخرج
Statistical-Yearbook-2024.xlsx,2-58,6,4,hospital,hospital,King Khalid Hospital Al-Kharj
Statistical-Yearbook-2024.xlsx,2-58,7,3,hospital,مستشفى,مستشفى الولادة والأطفال بالخرج
Statistical-Yearbook-2024.xlsx,2-58,7,4,hospital,hospital,Maternity Hospital - Al-Kharj
Statistical-Yearbook-2024.xlsx,2-58,8,3,year,عام,مستشفى الإيمان العام
Statistical-Yearbook-2024.xlsx,2-58,8,3,hospital,مستشفى,مستشفى الإيمان العام
Statistical-Yearbook-2024.xlsx,2-58,8,4,hospital,hospital,Al Iman General Hospital
Statistical-Yearbook-2024.xlsx,2-58,9,3,year,عام,مستشفى الدوادمي العام
Statistical-Yearbook-2024.xlsx,2-58,9,3,hospital,مستشفى,مستشفى الدوادمي العام
Statistical-Yearbook-2024.xlsx,2-58,9,4,hospital,hospital,Dawadmi General Hospital
Statistical-Yearbook-2024.xlsx,2-58,10,3,year,عام,مستشفى الأفلاج العام
Statistical-Yearbook-2024.xlsx,2-58,10,3,hospital,مستشفى,مستشفى الأفلاج العام
Statistical-Yearbook-2024.xlsx,2-58,10,4,hospital,hospital,Alaflaj General Hospital
Statistical-Yearbook-2024.xlsx,2-58,11,3,hospital,مستشفى,مستشفى الدرعية
Statistical-Yearbook-2024.xlsx,2-58,11,4,hospital,hospital,Ad Diriyah hospital
Statistical-Yearbook-2024.xlsx,2-58,12,3,year,عام,مستشفى الزلفي العام
Statistical-Yearbook-2024.xlsx,2-58,12,3,hospital,مستشفى,مستشفى الزلفي العام
Statistical-Yearbook-2024.xlsx,2-58,12,4,hospital,hospital,Al Zulfi General Hospital
Statistical-Yearbook-2024.xlsx,2-58,13,3,year,عام,مستشفى حوطة بني تميم العام
Statistical-Yearbook-2024.xlsx,2-58,13,3,hospital,مستشفى,مستشفى حوطة بني تميم العام
Statistical-Yearbook-2024.xlsx,2-58,13,4,hospital,hospital,Hotat Bani Tamim General Hospital
Statistical-Yearbook-2024.xlsx,2-58,14,3,year,عام,مستشفى القويعية العام
Statistical-Yearbook-2024.xlsx,2-58,14,3,hospital,مستشفى,مستشفى القويعية العام
Statistical-Yearbook-2024.xlsx,2-58,14,4,hospital,hospital,Quwaiya General Hospital
Statistical-Yearbook-2024.xlsx,2-58,17,3,hospital,مستشفى,مستشفى الملك سلمان
Statistical-Yearbook-2024.xlsx,2-58,17,4,hospital,hospital,King Salman Hospital
Statistical-Yearbook-2024.xlsx,2-58,18,3,year,عام,مستشفى ثادق العام
Statistical-Yearbook-2024.xlsx,2-58,18,3,hospital,مستشفى,مستشفى ثادق العام
Statistical-Yearbook-2024.xlsx,2-58,18,4,hospital,hospital,Thadiq General Hospital
Statistical-Yearbook-2024.xlsx,2-58,19,3,year,عام,مستشفى تميرالعام
Statistical-Yearbook-2024.xlsx,2-58,19,3,hospital,مستشفى,مستشفى تميرالعام
Statistical-Yearbook-2024.xlsx,2-58,19,4,hospital,hospital,Tumier General Hospital
Statistical-Yearbook-2024.xlsx,2-58,20,3,hospital,مستشفى,مستشفى الإمام عبدالرحمن الفيصل
Statistical-Yearbook-2024.xlsx,2-58,20,4,hospital,hospital,Imam Abdulrahman Alfaisal Hospital
Statistical-Yearbook-2024.xlsx,2-58,21,3,year,عام,مستشفى شقراء العام
Statistical-Yearbook-2024.xlsx,2-58,21,3,hospital,مستشفى,مستشفى شقراء العام
Statistical-Yearbook-2024.xlsx,2-58,21,4,hospital,hospital,Shagra General Hospital
Statistical-Yearbook-2024.xlsx,2-58,22,3,hospital,مستشفى,مستشفى اليمامة
Statistical-Yearbook-2024.xlsx,2-58,22,4,hospital,hospital,Al-Yamama Hospital
Statistical-Yearbook-2024.xlsx,2-58,23,3,hospital,مستشفى,مستشفى رويضة العرض
Statistical-Yearbook-2024.xlsx,2-58,23,4,hospital,hospital,General Hospital Alrweidh
Statistical-Yearbook-2024.xlsx,2-58,24,3,year,عام,وادي الدواسر العام
Statistical-Yearbook-2024.xlsx,2-58,24,4,hospital,hospital,Wadi Dawasir General Hospital
Statistical-Yearbook-2024.xlsx,2-58,25,3,year,عام,مستشفى المزاحمية العام
Statistical-Yearbook-2024.xlsx,2-58,25,3,hospital,مستشفى,مستشفى المزاحمية العام
Statistical-Yearbook-2024.xlsx,2-58,25,4,hospital,hospital,Al Muzahimiyah General Hospital
Statistical-Yearbook-2024.xlsx,2-58,26,3,hospital,مستشفى,مستشفى الملك عبد العزيز
Statistical-Yearbook-2024.xlsx,2-58,26,4,hospital,hospital,King Abdulaziz  Hospital
Statistical-Yearbook-2024.xlsx,2-58,27,3,year,عام,مستشفى حراء العام
Statistical-Yearbook-2024.xlsx,2-58,27,3,hospital,مستشفى,مستشفى حراء العام
Statistical-Yearbook-2024.xlsx,2-58,27,4,hospital,hospital,Herra General Hospital
Statistical-Yearbook-2024.xlsx,2-58,28,3,hospital,مستشفى,مستشفى الولادة والأطفال
Statistical-Yearbook-2024.xlsx,2-58,28,4,hospital,hospital,Maternity & Children Hospital
Statistical-Yearbook-2024.xlsx,2-58,29,3,year,عام,مستشفى خليص العام
Statistical-Yearbook-2024.xlsx,2-58,29,3,hospital,مستشفى,مستشفى خليص العام
Statistical-Yearbook-2024.xlsx,2-58,29,4,hospital,hospital,Khulais General Hospital
Statistical-Yearbook-2024.xlsx,2-58,31,3,hospital,مستشفى,مستشفى أجياد للطوارئ
Statistical-Yearbook-2024.xlsx,2-58,31,4,hospital,hospital,Ajyad Emergency Hospital
Statistical-Yearbook-2024.xlsx,2-58,32,3,hospital,مستشفى,مستشفى الملك فيصل
Statistical-Yearbook-2024.xlsx,2-58,32,4,hospital,hospital,Kung Faisal Hospital
Statistical-Yearbook-2024.xlsx,2-58,33,3,year,عام,مستشفى ام الدوم العام
Statistical-Yearbook-2024.xlsx,2-58,33,3,hospital,مستشفى,مستشفى ام الدوم العام
Statistical-Yearbook-2024.xlsx,2-58,33,4,hospital,hospital,Umm Al Doom General Hospital
Statistical-Yearbook-2024.xlsx,2-58,34,3,year,عام,مستشفى الكامل العام
Statistical-Yearbook-2024.xlsx,2-58,34,3,hospital,مستشفى,مستشفى الكامل العام
Statistical-Yearbook-2024.xlsx,2-58,34,4,hospital,hospital,Khulais General Hospital
Statistical-Yearbook-2024.xlsx,2-58,35,3,hospital,مستشفى,مستشفى النور التخصصي
Statistical-Yearbook-2024.xlsx,2-58,35,4,hospital,hospital,Al-Noor  Specialist Hospital
Statistical-Yearbook-2024.xlsx,2-58,36,3,hospital,مستشفى,مستشفى الملك عبد العزيز ومركز الأورام
Statistical-Yearbook-2024.xlsx,2-58,36,4,hospital,hospital,King Abdulaziz  Hospital & Oncology Center
Statistical-Yearbook-2024.xlsx,2-58,37,3,year,عام,مستشفى الثغر العام
Statistical-Yearbook-2024.xlsx,2-58,37,3,hospital,مستشفى,مستشفى الثغر العام
Statistical-Yearbook-2024.xlsx,2-58,37,4,hospital,hospital,Al Thagher General Hospital
Statistical-Yearbook-2024.xlsx,2-58,38,3,hospital,مستشفى,مستشفى الملك فهد
Statistical-Yearbook-2024.xlsx,2-58,38,4,hospital,hospital,King Fahad Hospital
Statistical-Yearbook-2024.xlsx,2-58,39,3,year,عام,مستشفى أضم العام
Statistical-Yearbook-2024.xlsx,2-58,39,3,hospital,مستشفى,مستشفى أضم العام
Statistical-Yearbook-2024.xlsx,2-58,39,4,hospital,hospital,Adham General Hospital
Statistical-Yearbook-2024.xlsx,2-58,40,3,hospital,مستشفى,مستشفى شرق جدة
Statistical-Yearbook-2024.xlsx,2-58,40,4,hospital,hospital,East Jeddah Hospital
Statistical-Yearbook-2024.xlsx,2-59,2,1,hospital,hospital,CBAHI Accredited Other Governmental Sector Hospitals
Statistical-Yearbook-2024.xlsx,2-59,4,2,hospital,مستشفى,المستشفى
Statistical-Yearbook-2024.xlsx,2-59,4,4,hospital,hospital,Hospital Name
Statistical-Yearbook-2024.xlsx,2-59,5,3,hospital,مستشفى,مستشفى الملك فيصل التخصصي ومركز الأبحاث
Statistical-Yearbook-2024.xlsx,2-59,5,4,hospital,hospital,King Faisal Specialist Hospital and Research Center
Statistical-Yearbook-2024.xlsx,2-59,6,3,hospital,مستشفى,مستشفى القوات المسلحة بالمصانع الحربية بالخرج
Statistical-Yearbook-2024.xlsx,2-59,6,4,hospital,hospital,"Armed Forces Hospital in the military factories, Al-Kharj"
Statistical-Yearbook-2024.xlsx,2-59,8,3,hospital,مستشفى,مستشفى القوات المسلحة بوادي الدواسر
Statistical-Yearbook-2024.xlsx,2-59,8,4,hospital,hospital,Armed Forces Hospital in Wadi Al-Dawaser
Statistical-Yearbook-2024.xlsx,2-59,9,3,hospital,مستشفى,مستشفى الملك خالد الجامعي بالرياض
Statistical-Yearbook-2024.xlsx,2-59,9,4,hospital,hospital,King Khalid University Hospital - Riyadh
Statistical-Yearbook-2024.xlsx,2-59,10,3,hospital,مستشفى,مستشفى الملك عبدالله بن عبدالعزيز بجامعة الأميرة نورة- الرياض
Statistical-Yearbook-2024.xlsx,2-59,10,4,hospital,hospital,King Abdullah Bin Abdulaziz University Hospital - Riyadh
Statistical-Yearbook-2024.xlsx,2-59,11,3,hospital,مستشفى,مستشفى الملك خالد التخصصي للعيون
Statistical-Yearbook-2024.xlsx,2-59,11,4,hospital,hospital,King Khaled Eye Specialist Hospital
Statistical-Yearbook-2024.xlsx,2-59,12,3,hospital,مستشفى,مستشفى قوى الأمن
Statistical-Yearbook-2024.xlsx,2-59,12,4,hospital,hospital,Security Forces Hospital- Riyadh
Statistical-Yearbook-2024.xlsx,2-59,13,3,hospital,مستشفى,مستشفى الملك عبد العزيز الجامعي - الرياض
Statistical-Yearbook-2024.xlsx,2-59,13,4,hospital,hospital,King Abdulaziz University Hospital - Riyadh
Statistical-Yearbook-2024.xlsx,2-59,17,3,hospital,مستشفى,مستشفى قوى الأمن
Statistical-Yearbook-2024.xlsx,2-59,17,4,hospital,hospital,Security Forces Hospital-Makkah
Statistical-Yearbook-2024.xlsx,2-59,18,3,hospital,مستشفى,مستشفى الملك فهد للقوات المسلحة بجدة
Statistical-Yearbook-2024.xlsx,2-59,18,4,hospital,hospital,King Fahad Armed Forces Hospital- Jeddah
Statistical-Yearbook-2024.xlsx,2-59,20,3,hospital,مستشفى,مستشفى الملك عبد العزيز الجامعي - جدة
Statistical-Yearbook-2024.xlsx,2-59,20,4,hospital,hospital,King Abdulaziz University Hospital - Jeddah
Statistical-Yearbook-2024.xlsx,2-59,21,3,hospital,مستشفى,مستشفى الملك فيصل التخصصي ومركز الأبحاث
Statistical-Yearbook-2024.xlsx,2-59,21,4,hospital,hospital,King Faisal Specialist Hospital and Research Center
Statistical-Yearbook-2024.xlsx,2-59,22,3,hospital,مستشفى,مستشفى الأمير منصور العسكري
Statistical-Yearbook-2024.xlsx,2-59,22,4,hospital,hospital,Prince Mansour Military Hospital
Statistical-Yearbook-2024.xlsx,2-59,23,3,hospital,مستشفى,مستشفى الأمير سلطان العسكري- الطائف
Statistical-Yearbook-2024.xlsx,2-59,23,4,hospital,hospital,Prince Sultan Military Hospital-Taif
Statistical-Yearbook-2024.xlsx,2-59,24,3,hospital,مستشفى,مستشفى القوات المسلحة للتأهيل الصحي
Statistical-Yearbook-2024.xlsx,2-59,24,4,hospital,hospital,Armed Forces Rehabilitation Hospital
Statistical-Yearbook-2024.xlsx,2-59,25,3,hospital,مستشفى,مستشفى القوات المسلحة - الهدا
Statistical-Yearbook-2024.xlsx,2-59,25,4,hospital,hospital,Al Hada Military Hospital
Statistical-Yearbook-2024.xlsx,2-59,26,3,hospital,مستشفى,مستشفى الأمير محمد بن عبد العزيز
Statistical-Yearbook-2024.xlsx,2-59,26,4,hospital,hospital,Prince Mohammed bin Abdulaziz Hospital
Statistical-Yearbook-2024.xlsx,2-59,27,3,hospital,مستشفى,مستشفى الملك فيصل التخصصي ومركز الأبحاث
Statistical-Yearbook-2024.xlsx,2-59,27,4,hospital,hospital,King Faisal Specialist Hospital and Research Center
Statistical-Yearbook-2024.xlsx,2-59,28,3,hospital,مستشفى,مستشفى الأمير سلطان للقوات المسلحة
Statistical-Yearbook-2024.xlsx,2-59,30,3,hospital,مستشفى,مستشفى الامام عبد الرحمن آل فيصل للحرس الوطني
Statistical-Yearbook-2024.xlsx,2-59,30,4,hospital,hospital,Imam Abdul Rahman bin Faisal National Guard Hospital - Dammam
Statistical-Yearbook-2024.xlsx,2-59,30,6,region,region,Eastern Region
Statistical-Yearbook-2024.xlsx,2-59,33,3,hospital,مستشفى,مستشفى القوات المسلحة بقاعدة الملك عبد العزيز الجوية بالظهران
Statistical-Yearbook-2024.xlsx,2-59,33,4,hospital,hospital,"Armed Forces Hospital, King Abdulaziz Air Base, Dhahran"
Statistical-Yearbook-2024.xlsx,2-59,34,3,hospital,مستشفى,مستشفى قوى الأمن
Statistical-Yearbook-2024.xlsx,2-59,34,4,hospital,hospital,Security Forces Hospital
Statistical-Yearbook-2024.xlsx,2-59,35,3,hospital,مستشفى,مستشفى القوات المسلحة بقاعدة الملك عبد العزيز البحرية بالجبيل
Statistical-Yearbook-2024.xlsx,2-59,35,4,hospital,hospital,"Armed Forces Hospital, King Abdulaziz Naval Base, Jubail"
Statistical-Yearbook-2024.xlsx,2-59,37,3,hospital,مستشفى,مستشفى القوات المسلحة بالشمالية بحفر الباطن
Statistical-Yearbook-2024.xlsx,2-59,37,4,hospital,hospital,Northern Borders Area Armed Forces Hospital - Hafr Al Batin
Statistical-Yearbook-2024.xlsx,2-59,38,3,hospital,مستشفى,مستشفى القوات المسلحة  - خميس مشيط
Statistical-Yearbook-2024.xlsx,2-59,38,4,hospital,hospital,"ARMED FORCES HOSPITAL, KHAMIS MUSHEET"
Statistical-Yearbook-2024.xlsx,2-59,39,3,hospital,مستشفى,مستشفى القوات المسلحة
Statistical-Yearbook-2024.xlsx,2-59,39,4,hospital,hospital,ARMED FORCES HOSPITAL
Statistical-Yearbook-2024.xlsx,2-59,40,3,hospital,مستشفى,مستشفى القوات المسلحة - نجران
Statistical-Yearbook-2024.xlsx,2-59,40,4,hospital,hospital,"ARMED FORCES HOSPITAL,NAJRAN"
Statistical-Yearbook-2024.xlsx,2-60,2,1,hospital,hospital,CBAHI Accredited Private Hospitals
Statistical-Yearbook-2024.xlsx,2-60,4,2,hospital,مستشفى,المستشفى
Statistical-Yearbook-2024.xlsx,2-60,4,4,hospital,hospital,Hospital Name
Statistical-Yearbook-2024.xlsx,2-60,5,3,hospital,مستشفى,مستشفى رعاية الرياض
Statistical-Yearbook-2024.xlsx,2-60,5,4,hospital,hospital,Riyadh Care Hospital
Statistical-Yearbook-2024.xlsx,2-60,6,3,hospital,مستشفى,مستشفى شركة دلة نمار الصحية القابضة
Statistical-Yearbook-2024.xlsx,2-60,6,4,hospital,hospital,Dallah Namar Health Holding Company Hospital
Statistical-Yearbook-2024.xlsx,2-60,7,3,hospital,مستشفى,مستشفى الدكتور سليمان الحبيب
Statistical-Yearbook-2024.xlsx,2-60,7,4,hospital,hospital,Dr. Sulaiman Al Habib Hospital
Statistical-Yearbook-2024.xlsx,2-60,8,3,hospital,مستشفى,مستشفى الصفوة
Statistical-Yearbook-2024.xlsx,2-60,8,4,hospital,hospital,Al Safwa Hospital
Statistical-Yearbook-2024.xlsx,2-60,9,3,hospital,مستشفى,مستشفى الأسرة الدولى
Statistical-Yearbook-2024.xlsx,2-60,9,3,bed,أسرة,مستشفى الأسرة الدولى
Statistical-Yearbook-2024.xlsx,2-60,9,4,hospital,hospital,Al Osrah International Hospital
Statistical-Yearbook-2024.xlsx,2-60,10,3,hospital,مستشفى,مستشفى الدكتور سليمان الفقيه
Statistical-Yearbook-2024.xlsx,2-60,10,4,hospital,hospital,Doctor Soliman Fakeeh Hospital
Statistical-Yearbook-2024.xlsx,2-60,10,4,physician,doctor,Doctor Soliman Fakeeh Hospital
Statistical-Yearbook-2024.xlsx,2-60,11,3,hospital,مستشفى,مستشفى الغرب التخصصي للرعاية الطبية
Statistical-Yearbook-2024.xlsx,2-60,11,4,hospital,hospital,Al Gharb Al Takhassusi Hospital for healthcare
Statistical-Yearbook-2024.xlsx,2-60,12,3,hospital,مستشفى,مستشفى الحمادي 3 النزهه
Statistical-Yearbook-2024.xlsx,2-60,12,4,hospital,hospital,Al Hammadi Hospital 3 Nuzha
Statistical-Yearbook-2024.xlsx,2-60,13,3,hospital,مستشفى,مستشفى الوطني
Statistical-Yearbook-2024.xlsx,2-60,13,4,hospital,hospital,Riyadh National Hospital
Statistical-Yearbook-2024.xlsx,2-60,14,3,hospital,مستشفى,مستشفى الهلال الأخضر
Statistical-Yearbook-2024.xlsx,2-60,14,4,hospital,hospital,Green Crescent Hospital
Statistical-Yearbook-2024.xlsx,2-60,15,3,hospital,مستشفى,مستشفى العظام والمفاصل والعمود الفقري
Statistical-Yearbook-2024.xlsx,2-60,15,4,hospital,hospital,Bone Joint and Spine Hospital
Statistical-Yearbook-2024.xlsx,2-60,16,3,hospital,مستشفى,مستشفى الفلاح الدولي
Statistical-Yearbook-2024.xlsx,2-60,16,4,hospital,hospital,Alfalah International Hospital
Statistical-Yearbook-2024.xlsx,2-60,17,3,hospital,مستشفى,مستشفى الدكتور سليمان الحبيب للنساء والولادة
Statistical-Yearbook-2024.xlsx,2-60,17,4,hospital,hospital,Dr. Sulaiman Al Habib Hospital for Obstetric and Gynecology
Statistical-Yearbook-2024.xlsx,2-60,18,3,hospital,مستشفى,مستشفى النخبة
Statistical-Yearbook-2024.xlsx,2-60,18,4,hospital,hospital,Alnokhbah Hospital
Statistical-Yearbook-2024.xlsx,2-60,19,3,hospital,مستشفى,مستشفى شركة الدكتور محمد الفقيه
Statistical-Yearbook-2024.xlsx,2-60,19,4,hospital,hospital,Dr.Mohammed AlFagih Hospital
Statistical-Yearbook-2024.xlsx,2-60,20,3,hospital,مستشفى,مستشفى علي بن محمد بن علي
Statistical-Yearbook-2024.xlsx,2-60,20,4,hospital,hospital,Ali Bin Mohamed Bin Ali Hospital
Statistical-Yearbook-2024.xlsx,2-60,21,3,hospital,مستشفى,مستشفى عناية العائلة
Statistical-Yearbook-2024.xlsx,2-60,21,4,hospital,hospital,Family Care Hospital
Statistical-Yearbook-2024.xlsx,2-60,22,3,hospital,مستشفى,مستشفى المملكة
Statistical-Yearbook-2024.xlsx,2-60,22,4,hospital,hospital,Kingdom Hospital
Statistical-Yearbook-2024.xlsx,2-60,23,3,hospital,مستشفى,شركة مستشفى دار الشفاء
Statistical-Yearbook-2024.xlsx,2-60,23,4,hospital,hospital,Dar Al-Shefa Hospital Company
Statistical-Yearbook-2024.xlsx,2-60,24,3,hospital,مستشفى,شركة مستشفى واحة الصحة لرعاية المسنين
Statistical-Yearbook-2024.xlsx,2-60,24,4,hospital,hospital,Health Oasis Hospital Company
Statistical-Yearbook-2024.xlsx,2-60,25,3,hospital,مستشفى,مستشفى المركز التخصصي الطبي 2
Statistical-Yearbook-2024.xlsx,2-60,26,3,hospital,مستشفى,مستشفى السلام الطبي
Statistical-Yearbook-2024.xlsx,2-60,26,4,hospital,hospital,Al Salam Medical Hospital
Statistical-Yearbook-2024.xlsx,2-60,27,3,hospital,مستشفى,مستشفى أنفاس الراحة
Statistical-Yearbook-2024.xlsx,2-60,27,4,hospital,hospital,Anfas Medical Care Hospital
Statistical-Yearbook-2024.xlsx,2-60,28,3,hospital,مستشفى,مستشفى شركة صحة السويدي الطبية
Statistical-Yearbook-2024.xlsx,2-60,28,4,hospital,hospital,Al Suwaidi Medical Health Company Hospital
Statistical-Yearbook-2024.xlsx,2-60,29,3,hospital,مستشفى,مستشفى رابية الطبى
Statistical-Yearbook-2024.xlsx,2-60,29,4,hospital,hospital,Rabiah Hospital - Riyadh
Statistical-Yearbook-2024.xlsx,2-60,30,3,hospital,مستشفى,مستشفى شركة مغربي
Statistical-Yearbook-2024.xlsx,2-60,30,4,hospital,hospital,Magrabi Hospital Company
Statistical-Yearbook-2024.xlsx,2-60,31,3,hospital,مستشفى,مستشفى المركز التخصصي الطبي
Statistical-Yearbook-2024.xlsx,2-60,32,3,hospital,مستشفى,مستشفى عبيد التخصصي بالرياض
Statistical-Yearbook-2024.xlsx,2-60,32,4,hospital,hospital,Obaid Specialized Hospital
Statistical-Yearbook-2024.xlsx,2-60,33,3,hospital,مستشفى,مستشفى الحمادي 2 السويدي
Statistical-Yearbook-2024.xlsx,2-60,33,4,hospital,hospital,Al Hammadi Hospital 2 Al Suwaidi
Statistical-Yearbook-2024.xlsx,2-60,34,3,hospital,مستشفى,مستشفى الجزيرة الطبي
Statistical-Yearbook-2024.xlsx,2-60,34,4,hospital,hospital,Al Jazeera Medical Hospital
Statistical-Yearbook-2024.xlsx,2-60,36,3,hospital,مستشفى,مستشفى المواساة بالرياض
Statistical-Yearbook-2024.xlsx,2-60,36,4,hospital,hospital,Al Mouwasat Hospital
Statistical-Yearbook-2024.xlsx,2-60,37,3,hospital,مستشفى,مستشفى الدكتور عبدالرحمن المشاري
Statistical-Yearbook-2024.xlsx,2-60,37,4,hospital,hospital,Dr. Abdul Rahman Al-Mishari Hospital
Statistical-Yearbook-2024.xlsx,2-60,38,3,hospital,مستشفى,مستشفى دله
Statistical-Yearbook-2024.xlsx,2-60,38,4,hospital,hospital,Dallah Hospital
Statistical-Yearbook-2024.xlsx,2-60,39,3,hospital,مستشفى,مستشفى أستر سند للرعاية الطبية
Statistical-Yearbook-2024.xlsx,2-60,39,4,hospital,hospital,Aster Sanad Hospital for Medical Care
Statistical-Yearbook-2024.xlsx,2-60,40,3,hospital,مستشفى,مستشفى السعودي الألماني فرع شركة الشرق الأوسط للرعاية الصحية بالرياض
Statistical-Yearbook-2024.xlsx,2-60,40,4,hospital,hospital,Saudi German Hospital Middle East Healthcare Company
Statistical-Yearbook-2024.xlsx,فهرس الباب الثالث,1,2,year,عام,الباب الثالث: الصحة العامة
Statistical-Yearbook-2024.xlsx,فهرس الباب الثالث,3,2,year,عام,"التغطية التحصينية عام 2024م ومعدل حدوث الأمراض المستهدفة بالتحصين 
للأعوام الخمسة الأخيرة"
Statistical-Yearbook-2024.xlsx,فهرس الباب الثالث,4,2,year,year,Immunization Coverage in 2024G and the incidence of vaccination target diseases for the last five years.
Statistical-Yearbook-2024.xlsx,فهرس الباب الثالث,9,2,year,عام,حالات الأمرض السارية ( المعدية )  المبلغة خلال عام 2024م حسب الشهر
Statistical-Yearbook-2024.xlsx,فهرس الباب الثالث,11,2,year,عام,حالات الأمراض السارية (المعدية) المبلغة خلال عام 2024م حسب فئة العمر
Statistical-Yearbook-2024.xlsx,فهرس الباب الثالث,13,2,year,عام,حالات الأمراض السارية (المعدية)  المبلغة خلال عام 2024م حسب الجنسية والجنس
Statistical-Yearbook-2024.xlsx,فهرس الباب الثالث,16,2,year,year,Reported Cases and Incidence Rates of Certain Notifiable Communicable  Diseases in the last Five Years
Statistical-Yearbook-2024.xlsx,فهرس الباب الثالث,17,2,year,عام,حالات الدرن الرئوي حسب فروع ومكاتب وزارة الصحة وفئة العمر عام 2024م
Statistical-Yearbook-2024.xlsx,فهرس الباب الثالث,19,2,year,عام,حالات الدرن غير الرئوي حسب فروع ومكاتب وزارة الصحة وفئة العمر عام 2024م
Statistical-Yearbook-2024.xlsx,فهرس الباب الثالث,22,2,year,year,Leprosy Cases by MoH Branches & Offices for the last five years .
Statistical-Yearbook-2024.xlsx,فهرس الباب الثالث,23,2,year,عام,حالات الملاريا المبلغة حسب فروع ومكاتب وزارة الصحة ونوع الطفيل عام 2024م.
Statistical-Yearbook-2024.xlsx,فهرس الباب الثالث,25,2,year,عام,حالات الملاريا المبلغة بأماكن التوطن بالمملكة حسب فئة العمر عام 2024م
Statistical-Yearbook-2024.xlsx,فهرس الباب الثالث,27,2,year,عام,حالات الملاريا المبلغة بأماكن التوطن بالمملكة حسب فروع ومكاتب وزارة الصحة و الشهور عام 2024 م.
Statistical-Yearbook-2024.xlsx,فهرس الباب الثالث,29,2,year,عام,حالات البلهارسيا المبلغة حسب فروع ومكاتب وزارة الصحة ونوع الإصابة والجنسية والجنس وفئة العمر لعام 2024م.
Statistical-Yearbook-2024.xlsx,فهرس الباب الثالث,32,2,year,year,"Reported Bilharzial Cases According to Type of Disease, Nationality,Gender , and Prevalence Rate in the last Five Years"
Statistical-Yearbook-2024.xlsx,فهرس الباب الثالث,35,2,year,عام,حالات الليشمانيا الجلدية المبلغة حسب الشهر والجنسية والجنس والإقامة وفئة العمرعام 2024م
Statistical-Yearbook-2024.xlsx,فهرس الباب الثالث,38,2,year,year,"Reported Cases of  Visceral Leishmaniasis by MoH Branches & Offices, in the last Five Years"
Statistical-Yearbook-2024.xlsx,3-1,1,1,year,عام,التغطية التحصينية عام 2024م ومعدل حدوث الأمراض المستهدفة بالتحصين  للأعوام الخمسة الأخيرة
Statistical-Yearbook-2024.xlsx,3-1,2,1,year,year,Immunization Coverage in 2024G and the incidence of vaccination target diseases for the last five years.
Statistical-Yearbook-2024.xlsx,3-1,5,2,population,population,Incidence Rate / 100 000 population
Statistical-Yearbook-2024.xlsx,3-2,26,1,total,المجموع,المجموع
Statistical-Yearbook-2024.xlsx,3-2,26,30,total,total,Total
Statistical-Yearbook-2024.xlsx,3-2تكملة,26,1,total,المجموع,المجموع
Statistical-Yearbook-2024.xlsx,3-2تكملة,26,36,total,total,Total
Statistical-Yearbook-2024.xlsx,3-3,1,1,year,عام,حالات الأمرض المعدية المبلغة خلال عام 2024م حسب الشهر.
Statistical-Yearbook-2024.xlsx,3-3,4,14,total,المجموع,المجموع
Statistical-Yearbook-2024.xlsx,3-3,5,14,total,total,Total
Statistical-Yearbook-2024.xlsx,3-4,1,1,year,عام,حالات الأمراض االمعدية المبلغة خلال عام 2024م حسب فئة العمر
Statistical-Yearbook-2024.xlsx,3-4,4,2,year,year,Age group(years)               (فئة العمر (بالسنوات
Statistical-Yearbook-2024.xlsx,3-4,5,8,total,المجموع,المجموع
Statistical-Yearbook-2024.xlsx,3-4,6,8,total,total,Total
Statistical-Yearbook-2024.xlsx,3-5,1,1,year,عام,حالات الأمراض المعدية المبلغة خلال عام 2024م حسب الجنسية والجنس.
Statistical-Yearbook-2024.xlsx,3-5,4,8,total,المجموع,المجموع
Statistical-Yearbook-2024.xlsx,3-5,5,4,total,المجموع,المجموع
Statistical-Yearbook-2024.xlsx,3-5,5,7,total,المجموع,المجموع
Statistical-Yearbook-2024.xlsx,3-5,6,8,total,total,Total
Statistical-Yearbook-2024.xlsx,3-6,2,1,year,year,Reported Cases and Incidence Rates of Certain Notifiable Infectious  Diseases in the last Five Years
Statistical-Yearbook-2024.xlsx,3-6,5,3,population,السكان,معدل  الإصابة لكل مائة ألف من السكان
Statistical-Yearbook-2024.xlsx,3-6,5,5,population,السكان,معدل  الإصابة لكل مائة ألف من السكان
Statistical-Yearbook-2024.xlsx,3-6,5,7,population,السكان,معدل  الإصابة لكل مائة ألف من السكان
Statistical-Yearbook-2024.xlsx,3-6,5,9,population,السكان,معدل  الإصابة لكل مائة ألف من السكان
Statistical-Yearbook-2024.xlsx,3-6,5,11,population,السكان,معدل  الإصابة لكل مائة ألف من السكان
Statistical-Yearbook-2024.xlsx,3-6,6,3,population,population,"Incidence Rate per 100,000 population"
Statistical-Yearbook-2024.xlsx,3-6,6,5,population,population,"Incidence Rate per 100,000 population"
Statistical-Yearbook-2024.xlsx,3-6,6,7,population,population,"Incidence Rate per 100,000 population"
Statistical-Yearbook-2024.xlsx,3-6,6,9,population,population,"Incidence Rate per 100,000 population"
Statistical-Yearbook-2024.xlsx,3-6,6,11,population,population,"Incidence Rate per 100,000 population"
Statistical-Yearbook-2024.xlsx,3-6,36,1,population,السكان,معدل  الإصابة لكل 100000 من السكان فيما عدا الكزاز الوليدي لكل 1000 مولود حي
Statistical-Yearbook-2024.xlsx,3-6,36,8,population,population,"Incidence rate / 100,000 population except tetanus neonatorum incidence/1000 live birth"
Statistical-Yearbook-2024.xlsx,3-7,1,1,year,عام,حالات الدرن الرئوي بفروع ومكاتب وزارة الصحة حسب الجنسية والجنس وفئة العمر عام 2024م
Statistical-Yearbook-2024.xlsx,3-7,4,3,year,year,Age group (years)        (فئة العمر(بالسنوات
Statistical-Yearbook-2024.xlsx,3-7,6,2,total,total,Total
Statistical-Yearbook-2024.xlsx,3-7,6,13,total,المجموع,المجموع
Statistical-Yearbook-2024.xlsx,3-7,6,16,total,المجموع,المجموع
Statistical-Yearbook-2024.xlsx,3-7,28,1,total,المجموع,المجموع
Statistical-Yearbook-2024.xlsx,3-7,28,17,total,total,Total
Statistical-Yearbook-2024.xlsx,3-8,1,1,year,عام,حالات الدرن غير الرئوي بفروع ومكاتب وزارة الصحة حسب الجنسية والجنس وفئة العمر عام 2024م
Statistical-Yearbook-2024.xlsx,3-8,4,3,year,year,Age group (years)        (فئة العمر(بالسنوات
Statistical-Yearbook-2024.xlsx,3-8,6,2,total,total,Total
Statistical-Yearbook-2024.xlsx,3-8,6,13,total,المجموع,المجموع
Statistical-Yearbook-2024.xlsx,3-8,6,16,total,المجموع,المجموع
Statistical-Yearbook-2024.xlsx,3-8,28,1,total,المجموع,المجموع
Statistical-Yearbook-2024.xlsx,3-8,28,17,total,total,Total
Statistical-Yearbook-2024.xlsx,3.9,2,1,year,year,Leprosy Cases by MoH Branches & Offices for the last five years .
Statistical-Yearbook-2024.xlsx,3.9,25,1,total,المجموع,المجموع
Statistical-Yearbook-2024.xlsx,3.9,25,7,total,total,Total
Statistical-Yearbook-2024.xlsx,3.9,26,1,population,السكان,معدل الإصابة لكل مائة ألف من السكان
Statistical-Yearbook-2024.xlsx,3.9,26,7,population,population,"Incidence rate /100,000 population"
Statistical-Yearbook-2024.xlsx,3-10,1,1,year,عام,حالات الملاريا المبلغة حسب فروع ومكاتب وزارة الصحة ونوع الطفيل عام 2024م.
Statistical-Yearbook-2024.xlsx,3-10,27,1,total,المجموع,المجموع
Statistical-Yearbook-2024.xlsx,3-10,27,12,total,total,Total
Statistical-Yearbook-2024.xlsx,3-11,1,1,year,عام,حالات الملاريا المبلغة حسب فروع ومكاتب وزارة الصحة وفئة العمر عام 2024م.
Statistical-Yearbook-2024.xlsx,3-11,4,3,year,السنوات,(فئة العمر(بالسنوات
Statistical-Yearbook-2024.xlsx,3-11,27,1,total,المجموع,المجموع
Statistical-Yearbook-2024.xlsx,3-11,27,13,total,total,Total
Statistical-Yearbook-2024.xlsx,3-12,1,1,year,عام,حالات الملاريا المبلغة بأماكن التوطن بالمملكة حسب فروع وزارة الصحة و الشهور عام 2024 م.
Statistical-Yearbook-2024.xlsx,3-12,4,8,total,المجموع,المجموع
Statistical-Yearbook-2024.xlsx,3-12,5,8,total,total,Total
Statistical-Yearbook-2024.xlsx,3-12,18,1,total,المجموع,المجموع
Statistical-Yearbook-2024.xlsx,3-12,18,9,total,total,Total
Statistical-Yearbook-2024.xlsx,3-13,1,1,year,عام,حالات البلهارسيا المبلغة حسب فروع ومكاتب وزارة الصحة ونوع الإصابة والجنسية والجنس وفئة العمر لعام 2024م.
Statistical-Yearbook-2024.xlsx,3-13,5,14,year,السنوات,(بالسنوات)
Statistical-Yearbook-2024.xlsx,3-13,5,17,year,year,(years)
Statistical-Yearbook-2024.xlsx,3-13,6,10,total,المجموع,المجموع
Statistical-Yearbook-2024.xlsx,3-13,6,13,total,المجموع,المجموع
Statistical-Yearbook-2024.xlsx,3-13,28,1,total,المجموع,المجموع
Statistical-Yearbook-2024.xlsx,3-13,28,18,total,total,Total
Statistical-Yearbook-2024.xlsx,3-14,2,1,year,year,"Reported Bilharzial Cases According to Type of Disease, Nationality,Gender , and Prevalence Rate in the last Five Years"
Statistical-Yearbook-2024.xlsx,3-14,4,3,year,عام,العام
Statistical-Yearbook-2024.xlsx,3-14,4,7,year,year,Year
Statistical-Yearbook-2024.xlsx,3-14,14,1,population,السكان,معدل الانتشار لكل مائة ألف من السكان
Statistical-Yearbook-2024.xlsx,3-14,14,9,population,population,"Prevalence rate/100,000 population"
Statistical-Yearbook-2024.xlsx,3-15,4,7,region,المنطقة,الإقامة بالمنطقة     Residence
Statistical-Yearbook-2024.xlsx,3-15,4,9,year,year,Age group (years)          (فئة العمر(بالسنوات
Statistical-Yearbook-2024.xlsx,3-15,28,1,total,المجموع,المجموع
Statistical-Yearbook-2024.xlsx,3-15,28,15,total,total,Total
Statistical-Yearbook-2024.xlsx,3-16,1,1,year,عام,حالات الليشمانيا الجلدية المبلغة حسب الشهر والجنسية والجنس والإقامة وفئة العمرعام 2024م.
Statistical-Yearbook-2024.xlsx,3-16,4,7,region,المنطقة,الإقامة بالمنطقة     Residency
Statistical-Yearbook-2024.xlsx,3-16,4,9,year,year,Age group(years)               (فئة العمر(بالسنوات
Statistical-Yearbook-2024.xlsx,3-16,19,1,total,المجموع,المجموع
Statistical-Yearbook-2024.xlsx,3-16,19,15,total,total,Total
Statistical-Yearbook-2024.xlsx,3-17,2,1,year,year,"Reported Cases of  Visceral Leishmaniasis by MoH Branches & Offices, in the last Five Years*"
Statistical-Yearbook-2024.xlsx,3-17,12,1,total,المجموع,المجموع
Statistical-Yearbook-2024.xlsx,3-17,12,10,total,total,Total
Statistical-Yearbook-2024.xlsx,3-17,13,1,region,المناطق,*لم تسجل حالات في باقي المناطق
Statistical-Yearbook-2024.xlsx,3-18,6,4,total,المجموع,المجموع
Statistical-Yearbook-2024.xlsx,3-18,6,7,total,المجموع,المجموع
Statistical-Yearbook-2024.xlsx,3-18,6,10,total,المجموع,المجموع
Statistical-Yearbook-2024.xlsx,3-18,6,13,total,المجموع,المجموع
Statistical-Yearbook-2024.xlsx,3-18,7,4,total,total,Total
Statistical-Yearbook-2024.xlsx,3-18,7,7,total,total,Total
Statistical-Yearbook-2024.xlsx,3-18,7,10,total,total,Total
Statistical-Yearbook-2024.xlsx,3-18,7,13,total,total,Total
Statistical-Yearbook-2024.xlsx,3-18,28,1,total,المجموع,المجموع
Statistical-Yearbook-2024.xlsx,3-18,28,14,total,total,Total
Statistical-Yearbook-2024.xlsx,3-19,1,1,year,عام,أنشطة صحة البيئة بوزارة الصحة خلال عام 2024م.
Statistical-Yearbook-2024.xlsx,3-19,2,1,activity,activities,"Environmental Health Activities in MOH, 2024G."
Statistical-Yearbook-2024.xlsx,3-19,4,2,activity,visits,عدد الزيارات Visits No
Statistical-Yearbook-2024.xlsx,3-19,5,3,year,عام,للأماكن العامة
Statistical-Yearbook-2024.xlsx,3-19,6,2,source,source,Sources of Water supply
Statistical-Yearbook-2024.xlsx,3-19,10,8,total,total,Total Health Clusters - Riyadh
Statistical-Yearbook-2024.xlsx,3-19,13,8,total,total,Total Makkah Health Cluster
Statistical-Yearbook-2024.xlsx,3-19,16,8,total,total,Total Health Clusters - Jeddah
Statistical-Yearbook-2024.xlsx,3-19,25,8,total,total,Total Asir Health Cluster
Statistical-Yearbook-2024.xlsx,3-19,34,8,total,total,Total AlJouf Health Cluster
Statistical-Yearbook-2024.xlsx,3-19,35,1,total,الإجمالي,الإجمالي الكلي
Statistical-Yearbook-2024.xlsx,3-19,35,8,total,total,Total
Statistical-Yearbook-2024.xlsx,3-20,2,1,year,year,"Environmental Health Activities, MOH in the last Five Years"
Statistical-Yearbook-2024.xlsx,3-20,2,1,activity,activities,"Environmental Health Activities, MOH in the last Five Years"
Statistical-Yearbook-2024.xlsx,3-20,4,1,activity,النشاط,النشاط
Statistical-Yearbook-2024.xlsx,3-20,4,12,activity,activity,Activity
Statistical-Yearbook-2024.xlsx,3-20,5,1,activity,الزيارات,عدد الزيارات
Statistical-Yearbook-2024.xlsx,3-20,5,12,source,source,Sources of water supply
Statistical-Yearbook-2024.xlsx,3-20,5,13,activity,visits,Number of Visits
Statistical-Yearbook-2024.xlsx,3-20,6,2,year,عام,الأماكن العامة
Statistical-Yearbook-2024.xlsx,3-20,9,1,year,عام,مراجعة الشهادات الصحية للعاملين
Statistical-Yearbook-2024.xlsx,3-21,2,1,year,year,Incidence Rate of environmental health related diseases for the last five years.
Statistical-Yearbook-2024.xlsx,3-21,5,2,population,population,"Incidence Rate / 100,000 population"
Statistical-Yearbook-2024.xlsx,3.22,1,1,year,عام,فاشيات الأمراض المنقولة بالغذاء وعدد الحالات المصابة موزعة حسب مصدر الفاشية والجنس والجنسية والفئات العمرية بفروع ومكاتب وزارة الصحة لعام 2024م.
Statistical-Yearbook-2024.xlsx,3.22,1,1,source,مصدر,فاشيات الأمراض المنقولة بالغذاء وعدد الحالات المصابة موزعة حسب مصدر الفاشية والجنس والجنسية والفئات العمرية بفروع ومكاتب وزارة الصحة لعام 2024م.
Statistical-Yearbook-2024.xlsx,3.22,2,1,source,source,"Food Borne Outbreaks by Source of Infection, Gender, Nationality and  Age Group in MoH Branches & Offices, 2024G."
Statistical-Yearbook-2024.xlsx,3.22,4,3,year,عام,فاشيات من مصدر عام
Statistical-Yearbook-2024.xlsx,3.22,4,3,source,مصدر,فاشيات من مصدر عام
Statistical-Yearbook-2024.xlsx,3.22,4,6,year,عام,عدد الحالات في الفاشيات من مصدر عام
Statistical-Yearbook-2024.xlsx,3.22,4,6,source,مصدر,عدد الحالات في الفاشيات من مصدر عام
Statistical-Yearbook-2024.xlsx,3.22,4,12,year,السنوات,الفئات العمرية بالسنوات
Statistical-Yearbook-2024.xlsx,3.22,5,12,year,year,Age group (years)
Statistical-Yearbook-2024.xlsx,3.22,6,2,total,total,Total FBDOs
Statistical-Yearbook-2024.xlsx,3.22,6,3,source,source,FBDOs from Public Source
Statistical-Yearbook-2024.xlsx,3.22,6,4,source,source,FBDOs from Home Source
Statistical-Yearbook-2024.xlsx,3.22,6,5,total,total,Total Cases of FBDOs
Statistical-Yearbook-2024.xlsx,3.22,6,6,source,source,Cases from Public Source
Statistical-Yearbook-2024.xlsx,3.22,6,7,source,source,Cases from Home Source
Statistical-Yearbook-2024.xlsx,3.22,28,1,total,المجموع,المجموع
Statistical-Yearbook-2024.xlsx,3.22,28,17,total,total,Total
Statistical-Yearbook-2024.xlsx,3-23,1,1,year,عام,حالات التسمم الكيميائي والدوائي موزعة حسب الجنس والجنسية  بفروع ومكاتب وزارة الصحة لعام 2024م
Statistical-Yearbook-2024.xlsx,3-23,6,2,total,total,Total Cases
Statistical-Yearbook-2024.xlsx,3-23,28,1,total,الإجمالي,الإجمالي
Statistical-Yearbook-2024.xlsx,3-23,28,10,total,total,Total
Statistical-Yearbook-2024.xlsx,فهرس الباب الرابع,1,2,activity,الأنشطة,الباب الرابع: الأنشطة والخدمات الصحية
Statistical-Yearbook-2024.xlsx,فهرس الباب الرابع,2,2,activity,activities,Chapter IV : Health Activities and Services
Statistical-Yearbook-2024.xlsx,فهرس الباب الرابع,3,2,year,عام,زيارات واستشارات الرعاية الصحية الأولية بوزارة الصحة حسب التجمعات الصحية والجنس والجنسية عام 2024م.
Statistical-Yearbook-2024.xlsx,فهرس الباب الرابع,5,2,year,عام,زيارات واستشارات الرعاية الصحية الأولية بوزارة الصحة حسب التجمعات الصحية والفئة العمرية عام 2024م.
Statistical-Yearbook-2024.xlsx,فهرس الباب الرابع,7,2,year,عام,زيارات مراجعي الطوارئ المرضية بمستشفيات وزارة الصحة حسب الجنس والجنسية والتجمعات الصحية عام 2024م.
Statistical-Yearbook-2024.xlsx,فهرس الباب الرابع,8,2,hospital,hospital,"Medical Emergency Encounters in MoH Hospitals by Health Clusters, Gender and Nationality, 2024G."
Statistical-Yearbook-2024.xlsx,فهرس الباب الرابع,9,2,year,عام,زيارات مراجعي الطوارئ الجراحية بمستشفيات وزارة الصحة حسب الجنس والجنسية والتجمعات الصحية عام 2024م.
Statistical-Yearbook-2024.xlsx,فهرس الباب الرابع,10,2,hospital,hospital,"Surgical Emergency Encounters in MoH Hospitals by Health Clusters, Gender and Nationality, 2024G."
Statistical-Yearbook-2024.xlsx,فهرس الباب الرابع,11,2,year,عام,زيارات مراجعي  العيادات الخارجية بمستشفيات وزارة الصحة حسب الجنس والجنسية والتجمعات الصحية عام 2024م.
Statistical-Yearbook-2024.xlsx,فهرس الباب الرابع,12,2,hospital,hospital,"Encounters to Outpatient Clinics in MoH Hospitals by Gender, Nationality  and Health Clusters, 2024G."
Statistical-Yearbook-2024.xlsx,فهرس الباب الرابع,13,2,year,عام,زيارات المراجعين  لمراكز الرعاية الصحية الأولية والعيادات الخارجية بمستشفيات وزارة الصحة حسب التجمعات الصحية عام 2024م
Statistical-Yearbook-2024.xlsx,فهرس الباب الرابع,14,2,hospital,hospital,"PHCs' Encounters and Outpatients of MoH Hospitals by Health Clusters, 2024G."
Statistical-Yearbook-2024.xlsx,فهرس الباب الرابع,15,2,region,المنطقة,زيارات المراجعين لمراكز الرعاية الصحية الأولية والعيادات الخارجية بمستشفيات وزارة الصحة حسب المنطقة الإدارية في الأعوام الخمسة الأخيرة
Statistical-Yearbook-2024.xlsx,فهرس الباب الرابع,16,2,region,region,PHCs' Encounters  and Outpatients in MOH Hospitals by Adminstrative Region in the last Five Years
Statistical-Yearbook-2024.xlsx,فهرس الباب الرابع,16,2,year,year,PHCs' Encounters  and Outpatients in MOH Hospitals by Adminstrative Region in the last Five Years
Statistical-Yearbook-2024.xlsx,فهرس الباب الرابع,16,2,hospital,hospital,PHCs' Encounters  and Outpatients in MOH Hospitals by Adminstrative Region in the last Five Years
Statistical-Yearbook-2024.xlsx,فهرس الباب الرابع,17,2,region,المنطقة,مراكز الإسعاف والسيارات التابعة لهيئة الهلال الأحمر السعودي حسب المنطقة الإدارية  عام 2024م.
Statistical-Yearbook-2024.xlsx,فهرس الباب الرابع,17,2,year,عام,مراكز الإسعاف والسيارات التابعة لهيئة الهلال الأحمر السعودي حسب المنطقة الإدارية  عام 2024م.
Statistical-Yearbook-2024.xlsx,فهرس الباب الرابع,18,2,region,region,"First Aid Centers and Ambulances of the Saudi Red Crescent Authority  by Administrative Region, 2024G."
Statistical-Yearbook-2024.xlsx,فهرس الباب الرابع,19,2,region,المنطقة,المرضى والمصابون الذين تم إسعافهم ونقلهم إلى المستشفيات بواسطة هيئة الهلال الأحمر السعودي حسب المنطقة الإدارية ونوع الحالة عام 2024م
Statistical-Yearbook-2024.xlsx,فهرس الباب الرابع,19,2,year,عام,المرضى والمصابون الذين تم إسعافهم ونقلهم إلى المستشفيات بواسطة هيئة الهلال الأحمر السعودي حسب المنطقة الإدارية ونوع الحالة عام 2024م
Statistical-Yearbook-2024.xlsx,فهرس الباب الرابع,19,2,hospital,المستشفيات,المرضى والمصابون الذين تم إسعافهم ونقلهم إلى المستشفيات بواسطة هيئة الهلال الأحمر السعودي حسب المنطقة الإدارية ونوع الحالة عام 2024م
Statistical-Yearbook-2024.xlsx,فهرس الباب الرابع,20,2,region,region,"Patients and Casualties Offered First Aid and Transported by Saudi Red Crescent Authority Ambulances by  Administrative Region and Type of Case, 2024G."
Statistical-Yearbook-2024.xlsx,فهرس الباب الرابع,21,2,region,المنطقة,الحالات الإسعافية المنقولة بواسطة هيئة الهلال الأحمر السعودي حسب المنطقة الإدارية في الأعوام الخمسة الأخيرة
Statistical-Yearbook-2024.xlsx,فهرس الباب الرابع,22,2,region,region,Cases Offered First Aid and Transported by Ambulances of Saudi Red Crescent Authority by Administrative Region in the last Five Years
Statistical-Yearbook-2024.xlsx,فهرس الباب الرابع,22,2,year,year,Cases Offered First Aid and Transported by Ambulances of Saudi Red Crescent Authority by Administrative Region in the last Five Years
Statistical-Yearbook-2024.xlsx,فهرس الباب الرابع,23,2,year,عام,زيارات المراجعين بالجهات الحكومية الأخرى  حسب الجنسية عام 2024م
Statistical-Yearbook-2024.xlsx,فهرس الباب الرابع,25,2,region,المنطقة,زيارات العيادات الخارجية والطوارئ بمرافق القطاع الخاص حسب الجنس والجنسية والمنطقة الإدارية عام 2024م.
Statistical-Yearbook-2024.xlsx,فهرس الباب الرابع,25,2,year,عام,زيارات العيادات الخارجية والطوارئ بمرافق القطاع الخاص حسب الجنس والجنسية والمنطقة الإدارية عام 2024م.
Statistical-Yearbook-2024.xlsx,فهرس الباب الرابع,26,2,region,region,"Outpatient and ER Visits to all Private Sector Facilities by Gender, Nationality  and Administrative Region , 2024G."
Statistical-Yearbook-2024.xlsx,فهرس الباب الرابع,26,2,activity,visits,"Outpatient and ER Visits to all Private Sector Facilities by Gender, Nationality  and Administrative Region , 2024G."
Statistical-Yearbook-2024.xlsx,فهرس الباب الرابع,27,2,region,المنطقة,زيارات العيادات الخارجية والطوارئ بمرافق القطاع الخاص حسب الفئة العمرية والمنطقة الإدارية عام 2024م.
Statistical-Yearbook-2024.xlsx,فهرس الباب الرابع,27,2,year,عام,زيارات العيادات الخارجية والطوارئ بمرافق القطاع الخاص حسب الفئة العمرية والمنطقة الإدارية عام 2024م.
Statistical-Yearbook-2024.xlsx,فهرس الباب الرابع,28,2,region,region,"Outpatient and ER Visits to all Private Sector Facilities by Age Groups  and Administrative Region , 2024G."
Statistical-Yearbook-2024.xlsx,فهرس الباب الرابع,28,2,activity,visits,"Outpatient and ER Visits to all Private Sector Facilities by Age Groups  and Administrative Region , 2024G."
Statistical-Yearbook-2024.xlsx,فهرس الباب الرابع,29,2,year,عام,زيارات العيادات الخارجية والطوارئ بمرافق القطاع الخاص حسب الجنس والجنسية والتصنيف الدولي للأمراض  عام 2024م.
Statistical-Yearbook-2024.xlsx,فهرس الباب الرابع,30,2,activity,visits,"Outpatient and ER Visits to all Private Sector Facilities by Gender, Nationality  and ICD-10 Diagnosis, 2024G."
Statistical-Yearbook-2024.xlsx,فهرس الباب الرابع,31,2,population,السكان,زيارات المراجعين للقطاعات الصحية بالمملكة ومتوسط عدد الزيارات لكل فرد من السكان في الأعوام الخمسة الأخيرة
Statistical-Yearbook-2024.xlsx,فهرس الباب الرابع,31,2,activity,الزيارات,زيارات المراجعين للقطاعات الصحية بالمملكة ومتوسط عدد الزيارات لكل فرد من السكان في الأعوام الخمسة الأخيرة
Statistical-Yearbook-2024.xlsx,فهرس الباب الرابع,32,2,year,year,Encounters to Various Health Sectors & Average No. of Encounters Per Person in the last Five Years
Statistical-Yearbook-2024.xlsx,فهرس الباب الرابع,33,2,year,عام,زيارات المراجعين لعيادات السكرى بمستشفيات وزارة الصحة حسب الجنس والجنسية والتجمع الصحي عام 2024م.
Statistical-Yearbook-2024.xlsx,فهرس الباب الرابع,34,2,hospital,hospital,"Encounters to  Diabetic  Clinics, MOH Hospitals by Gender, Nationality  and Health Cluster, 2024G."
Statistical-Yearbook-2024.xlsx,فهرس الباب الرابع,35,2,year,عام,مضاعفات الحمل والولادة  بمستشفيات وزارة الصحة لعام 2024م.
Statistical-Yearbook-2024.xlsx,فهرس الباب الرابع,36,2,hospital,hospital,"Complications of pregnancy and child birth, MOH Hospitals, 2024G."
Statistical-Yearbook-2024.xlsx,فهرس الباب الرابع,37,2,year,عام,المراجعون والمنومون في أقسام الصحة النفسية بوزارة الصحة حسب المجموعات المرضية للتصنيف الدولي للأمراض (ICD-10 ) عام 2024م.
Statistical-Yearbook-2024.xlsx,فهرس الباب الرابع,37,2,total,المجموع,المراجعون والمنومون في أقسام الصحة النفسية بوزارة الصحة حسب المجموعات المرضية للتصنيف الدولي للأمراض (ICD-10 ) عام 2024م.
Statistical-Yearbook-2024.xlsx,فهرس الباب الرابع,39,2,year,عام,زيارات المراجعين لعيادات الأسنان بوزارة الصحة حسب الجنس والجنسية والتجمع الصحي عام 2024م
Statistical-Yearbook-2024.xlsx,4-1,1,1,year,عام,زيارات واستشارات الرعاية الصحية الأولية بوزارة الصحة حسب التجمعات الصحية والجنس والجنسية عام 2024م.
Statistical-Yearbook-2024.xlsx,4-1,5,7,total,المجموع,المجموع
Statistical-Yearbook-2024.xlsx,4-1,6,7,total,total,Total
Statistical-Yearbook-2024.xlsx,4-1,28,1,total,الإجمالي,الإجمالي
Statistical-Yearbook-2024.xlsx,4-1,28,8,total,total,Total
Statistical-Yearbook-2024.xlsx,4-2,1,1,year,عام,زيارات واستشارات الرعاية الصحية الأولية بوزارة الصحة حسب التجمعات الصحية والفئة العمرية عام 2024م.
Statistical-Yearbook-2024.xlsx,4-2,4,7,year,year,Age Groups (years)
Statistical-Yearbook-2024.xlsx,4-2,4,14,total,الإجمالي,الإجمالي
Statistical-Yearbook-2024.xlsx,4-2,5,14,total,total,Total
Statistical-Yearbook-2024.xlsx,4-2,27,1,total,الإجمالي,الإجمالي
Statistical-Yearbook-2024.xlsx,4-2,27,15,total,total,Total
Statistical-Yearbook-2024.xlsx,4-3,1,1,year,عام,زيارات مراجعي الطوارئ المرضية بمستشفيات وزارة الصحة حسب الجنس والجنسية والتجمعات الصحية عام 2024م.
Statistical-Yearbook-2024.xlsx,4-3,2,1,hospital,hospital,"Medical Emergency Encounters in MoH Hospitals by Health Clusters, Gender and Nationality, 2024G."
Statistical-Yearbook-2024.xlsx,4-3,4,6,total,الإجمالي,الإجمالي
Statistical-Yearbook-2024.xlsx,4-3,5,6,total,total,Total
Statistical-Yearbook-2024.xlsx,4-3,9,7,total,total,Total Health Clusters - Riyadh
Statistical-Yearbook-2024.xlsx,4-3,12,7,total,total,Total Makkah Health Cluster
Statistical-Yearbook-2024.xlsx,4-3,15,7,total,total,Total Health Clusters - Jeddah
Statistical-Yearbook-2024.xlsx,4-3,24,7,total,total,Total Asir Health Cluster
Statistical-Yearbook-2024.xlsx,4-3,33,7,total,total,Total Al Jouf Health Cluster
Statistical-Yearbook-2024.xlsx,4-3,34,1,total,المجموع,المجموع
Statistical-Yearbook-2024.xlsx,4-3,34,7,total,total,Total
Statistical-Yearbook-2024.xlsx,4-4,1,1,year,عام,زيارات مراجعي الطوارئ الجراحية بمستشفيات وزارة الصحة حسب الجنس والجنسية والتجمعات الصحية عام 2024م.
Statistical-Yearbook-2024.xlsx,4-4,2,1,hospital,hospital,"Surgical Emergency Encounters in MoH Hospitals by Health Clusters, Gender and Nationality, 2024G."
Statistical-Yearbook-2024.xlsx,4-4,4,6,total,الإجمالي,الإجمالي
Statistical-Yearbook-2024.xlsx,4-4,5,6,total,total,Total
Statistical-Yearbook-2024.xlsx,4-4,9,7,total,total,Total Health Clusters - Riyadh
Statistical-Yearbook-2024.xlsx,4-4,12,7,total,total,Total Makkah Health Cluster
Statistical-Yearbook-2024.xlsx,4-4,15,7,total,total,Total Health Clusters - Jeddah
Statistical-Yearbook-2024.xlsx,4-4,24,7,total,total,Total Asir Health Cluster
Statistical-Yearbook-2024.xlsx,4-4,33,7,total,total,Total Al Jouf Health Cluster
Statistical-Yearbook-2024.xlsx,4-4,34,1,total,المجموع,المجموع
Statistical-Yearbook-2024.xlsx,4-4,34,7,total,total,Total
Statistical-Yearbook-2024.xlsx,4-5,1,1,year,عام,زيارات مراجعي  العيادات الخارجية بمستشفيات وزارة الصحة حسب الجنس والجنسية والتجمعات الصحية عام 2024م.
Statistical-Yearbook-2024.xlsx,4-5,2,1,hospital,hospital,"Encounters to Outpatient Clinics in MoH Hospitals by Gender, Nationality  and Health Clusters, 2024G."
Statistical-Yearbook-2024.xlsx,4-5,4,6,total,الإجمالي,الإجمالي
Statistical-Yearbook-2024.xlsx,4-5,5,6,total,total,Total
Statistical-Yearbook-2024.xlsx,4-5,9,7,total,total,Total Health Clusters - Riyadh
Statistical-Yearbook-2024.xlsx,4-5,12,7,total,total,Total Makkah Health Cluster
Statistical-Yearbook-2024.xlsx,4-5,15,7,total,total,Total Health Clusters - Jeddah
Statistical-Yearbook-2024.xlsx,4-5,24,7,total,total,Total Asir Health Cluster
Statistical-Yearbook-2024.xlsx,4-5,33,7,total,total,Total Al Jouf Health Cluster
Statistical-Yearbook-2024.xlsx,4-5,34,1,total,المجموع,المجموع
Statistical-Yearbook-2024.xlsx,4-5,34,7,total,total,Total
Statistical-Yearbook-2024.xlsx,4-6,1,1,year,عام,زيارات المراجعين  لمراكز الرعاية الصحية الأولية والعيادات الخارجية بمستشفيات وزارة الصحة حسب التجمعات الصحية عام 2024م
Statistical-Yearbook-2024.xlsx,4-6,2,1,hospital,hospital,"PHCs' Encounters and Outpatients of MoH Hospitals by Health Clusters, 2024G."
Statistical-Yearbook-2024.xlsx,4-6,4,4,total,المجموع,المجموع
Statistical-Yearbook-2024.xlsx,4-6,5,4,total,total,Total
Statistical-Yearbook-2024.xlsx,4-6,5,5,total,total,PHC Encounters as % of total Encounters
Statistical-Yearbook-2024.xlsx,4-6,27,1,total,المجموع,المجموع
Statistical-Yearbook-2024.xlsx,4-6,27,6,total,total,Total
Statistical-Yearbook-2024.xlsx,4-7,1,1,region,المنطقة,زيارات المراجعين لمراكز الرعاية الصحية الأولية والعيادات الخارجية بمستشفيات وزارة الصحة حسب المنطقة الإدارية في الأعوام الخمسة الأخيرة
Statistical-Yearbook-2024.xlsx,4-7,2,1,region,region,PHCs' Encounters  and Outpatients in MOH Hospitals by Adminstrative Region in the last Five Years
Statistical-Yearbook-2024.xlsx,4-7,2,1,year,year,PHCs' Encounters  and Outpatients in MOH Hospitals by Adminstrative Region in the last Five Years
Statistical-Yearbook-2024.xlsx,4-7,2,1,hospital,hospital,PHCs' Encounters  and Outpatients in MOH Hospitals by Adminstrative Region in the last Five Years
Statistical-Yearbook-2024.xlsx,4-7,4,1,region,المنطقة,المنطقة الصحية
Statistical-Yearbook-2024.xlsx,4-7,4,12,region,region,Health Region
Statistical-Yearbook-2024.xlsx,4-7,21,1,total,المجموع,المجموع
Statistical-Yearbook-2024.xlsx,4-7,21,12,total,total,Total
Statistical-Yearbook-2024.xlsx,4-7,22,1,activity,الزيارات,إجمالي الزيارات
Statistical-Yearbook-2024.xlsx,4-7,22,12,total,total,Total Encounters
Statistical-Yearbook-2024.xlsx,4-7,23,1,year,السنة,متوسط عدد الزيارات لكل فرد من السكان في السنة
Statistical-Yearbook-2024.xlsx,4-7,23,1,population,السكان,متوسط عدد الزيارات لكل فرد من السكان في السنة
Statistical-Yearbook-2024.xlsx,4-7,23,1,activity,الزيارات,متوسط عدد الزيارات لكل فرد من السكان في السنة
Statistical-Yearbook-2024.xlsx,4-7,23,12,year,year,Average no. of Encounters person  year
Statistical-Yearbook-2024.xlsx,4-8,1,1,region,المنطقة,مراكز الإسعاف والسيارات التابعة لهيئة الهلال الأحمر السعودي حسب المنطقة الإدارية  عام 2024م.
Statistical-Yearbook-2024.xlsx,4-8,1,1,year,عام,مراكز الإسعاف والسيارات التابعة لهيئة الهلال الأحمر السعودي حسب المنطقة الإدارية  عام 2024م.
Statistical-Yearbook-2024.xlsx,4-8,2,1,region,region,"First Aid Centers and Ambulances of the Saudi Red Crescent Authority  by Administrative Region, 2024G."
Statistical-Yearbook-2024.xlsx,4-8,4,1,region,المنطقة,المنطقة الإدارية
Statistical-Yearbook-2024.xlsx,4-8,4,7,region,region,Administrative Region
Statistical-Yearbook-2024.xlsx,4-8,6,2,hospital,hospital,"Cases offered first aid, Transported to hospitals"
Statistical-Yearbook-2024.xlsx,4-8,21,1,total,المجموع,المجموع
Statistical-Yearbook-2024.xlsx,4-8,21,7,total,total,Total
Statistical-Yearbook-2024.xlsx,4-9,1,1,region,المنطقة,المرضى والمصابون الذين تم إسعافهم ونقلهم إلى المستشفيات بواسطة هيئة الهلال الأحمر السعودي حسب المنطقة الإدارية ونوع الحالة عام 2024م
Statistical-Yearbook-2024.xlsx,4-9,1,1,year,عام,المرضى والمصابون الذين تم إسعافهم ونقلهم إلى المستشفيات بواسطة هيئة الهلال الأحمر السعودي حسب المنطقة الإدارية ونوع الحالة عام 2024م
Statistical-Yearbook-2024.xlsx,4-9,1,1,hospital,المستشفيات,المرضى والمصابون الذين تم إسعافهم ونقلهم إلى المستشفيات بواسطة هيئة الهلال الأحمر السعودي حسب المنطقة الإدارية ونوع الحالة عام 2024م
Statistical-Yearbook-2024.xlsx,4-9,2,1,region,region,"Patients and Casualties Offered First Aid and Transported by Saudi Red Crescent Authority Ambulances by  Administrative Region and Type of Case, 2024G."
Statistical-Yearbook-2024.xlsx,4-9,4,1,region,المنطقة,المنطقة الإدارية
Statistical-Yearbook-2024.xlsx,4-9,4,10,region,region,Administrative Region
Statistical-Yearbook-2024.xlsx,4-9,5,9,total,المجموع,المجموع
Statistical-Yearbook-2024.xlsx,4-9,6,9,total,total,Total
Statistical-Yearbook-2024.xlsx,4-9,20,1,total,المجموع,المجموع
Statistical-Yearbook-2024.xlsx,4-9,20,10,total,total,Total
Statistical-Yearbook-2024.xlsx,4-10,1,1,region,المنطقة,الحالات الإسعافية المنقولة بواسطة هيئة الهلال الأحمر السعودي حسب المنطقة الإدارية في الأعوام الخمسة الأخيرة
Statistical-Yearbook-2024.xlsx,4-10,2,1,region,region,Cases Offered First Aid and Transported by Ambulances of Saudi Red Crescent Authority by Administrative Region in the last Five Years
Statistical-Yearbook-2024.xlsx,4-10,2,1,year,year,Cases Offered First Aid and Transported by Ambulances of Saudi Red Crescent Authority by Administrative Region in the last Five Years
Statistical-Yearbook-2024.xlsx,4-10,4,1,region,المنطقة,المنطقة  الإدارية
Statistical-Yearbook-2024.xlsx,4-10,4,3,year,عام,العام
Statistical-Yearbook-2024.xlsx,4-10,4,4,year,عام,العام
Statistical-Yearbook-2024.xlsx,4-10,4,5,year,عام,العام
Statistical-Yearbook-2024.xlsx,4-10,4,9,year,year,Year
Statistical-Yearbook-2024.xlsx,4-10,4,10,region,region,Administrative Region
Statistical-Yearbook-2024.xlsx,4-10,19,1,total,المجموع,المجموع
Statistical-Yearbook-2024.xlsx,4-10,19,10,total,total,Total
Statistical-Yearbook-2024.xlsx,4-11,1,1,year,عام,زيارات المراجعين بالجهات الحكومية الأخرى  حسب الجنسية عام 2024م
Statistical-Yearbook-2024.xlsx,4-11,4,2,activity,الزيارات,عدد الزيارات
Statistical-Yearbook-2024.xlsx,4-11,6,4,total,المجموع,المجموع
Statistical-Yearbook-2024.xlsx,4-11,7,4,total,total,Total
Statistical-Yearbook-2024.xlsx,4-11,11,1,hospital,مستشفى,مستشفى الملك فيصل التخصصي ومركز الأبحاث
Statistical-Yearbook-2024.xlsx,4-11,11,6,hospital,hospital,King Faisal Specialist Hospital
Statistical-Yearbook-2024.xlsx,4-11,12,1,hospital,مستشفى,مستشفى الملك خالد التخصصي للعيون
Statistical-Yearbook-2024.xlsx,4-11,12,6,hospital,hospital,King Khalid Eye Specialist Hospital
Statistical-Yearbook-2024.xlsx,4-11,17,6,source,source,Ministry of Human Resources and Social Development
Statistical-Yearbook-2024.xlsx,4-11,19,1,total,المجموع,المجموع
Statistical-Yearbook-2024.xlsx,4-11,19,6,total,total,Total
Statistical-Yearbook-2024.xlsx,4-12,1,1,region,المنطقة,زيارات العيادات الخارجية والطوارئ بمرافق القطاع الخاص حسب الجنس والجنسية والمنطقة الإدارية عام 2024م.
Statistical-Yearbook-2024.xlsx,4-12,1,1,year,عام,زيارات العيادات الخارجية والطوارئ بمرافق القطاع الخاص حسب الجنس والجنسية والمنطقة الإدارية عام 2024م.
Statistical-Yearbook-2024.xlsx,4-12,2,1,region,region,"Outpatient and ER Visits to all Private Sector Facilities by Gender, Nationality  and Administrative Region , 2024G."
Statistical-Yearbook-2024.xlsx,4-12,2,1,activity,visits,"Outpatient and ER Visits to all Private Sector Facilities by Gender, Nationality  and Administrative Region , 2024G."
Statistical-Yearbook-2024.xlsx,4-12,4,1,region,المنطقة,المنطقة الإدارية
Statistical-Yearbook-2024.xlsx,4-12,4,11,total,الإجمالي,الإجمالي
Statistical-Yearbook-2024.xlsx,4-12,4,12,region,region,Administrative Region
Statistical-Yearbook-2024.xlsx,4-12,5,11,total,total,Total
Statistical-Yearbook-2024.xlsx,4-12,21,1,total,الإجمالي,الإجمالي
Statistical-Yearbook-2024.xlsx,4-12,21,12,total,total,Total
Statistical-Yearbook-2024.xlsx,4-12,22,1,source,المصدر,المصدر: مجلس الضمان الصحي
Statistical-Yearbook-2024.xlsx,4-12,22,12,source,source,Source: Council of Health Insurance
Statistical-Yearbook-2024.xlsx,4-13,1,1,region,المنطقة,زيارات العيادات الخارجية والطوارئ بمرافق القطاع الخاص حسب الفئة العمرية والمنطقة الإدارية عام 2024م.
Statistical-Yearbook-2024.xlsx,4-13,1,1,year,عام,زيارات العيادات الخارجية والطوارئ بمرافق القطاع الخاص حسب الفئة العمرية والمنطقة الإدارية عام 2024م.
Statistical-Yearbook-2024.xlsx,4-13,2,1,region,region,"Outpatient and ER Visits to all Private Sector Facilities by Age Groups  and Administrative Region , 2024G."
Statistical-Yearbook-2024.xlsx,4-13,2,1,activity,visits,"Outpatient and ER Visits to all Private Sector Facilities by Age Groups  and Administrative Region , 2024G."
Statistical-Yearbook-2024.xlsx,4-13,4,1,region,المنطقة,المنطقة الإدارية
Statistical-Yearbook-2024.xlsx,4-13,4,2,year,year,"الفئة العمرية (الأعوام)
Age Groups (years)"
Statistical-Yearbook-2024.xlsx,4-13,4,25,region,region,Administrative Region
Statistical-Yearbook-2024.xlsx,4-13,5,24,total,الإجمالي,الإجمالي
Statistical-Yearbook-2024.xlsx,4-13,6,24,total,total,Total
Statistical-Yearbook-2024.xlsx,4-13,20,1,total,الإجمالي,الإجمالي
Statistical-Yearbook-2024.xlsx,4-13,20,25,total,total,Total
Statistical-Yearbook-2024.xlsx,4-13,21,1,source,المصدر,المصدر: مجلس الضمان الصحي
Statistical-Yearbook-2024.xlsx,4-13,21,25,source,source,Source: Council of Health Insurance
Statistical-Yearbook-2024.xlsx,4-14,1,1,year,عام,زيارات العيادات الخارجية والطوارئ بمرافق القطاع الخاص حسب الجنس والجنسية والتصنيف الدولي للأمراض  عام 2024م.
Statistical-Yearbook-2024.xlsx,4-14,2,1,activity,visits,"Outpatient and ER Visits to all Private Sector Facilities by Gender, Nationality  and ICD-10 Diagnosis, 2024G."
Statistical-Yearbook-2024.xlsx,4-14,4,1,total,المجموع,المجموعات المرضية
Statistical-Yearbook-2024.xlsx,4-14,4,6,total,الإجمالي,الإجمالي
Statistical-Yearbook-2024.xlsx,4-14,5,6,total,total,Total
Statistical-Yearbook-2024.xlsx,4-14,23,1,bed,سرير,الأعراض والعلامات الشاذة، والاختبارات السريرية والمرضية غير المصنفة في موضع آخر.
Statistical-Yearbook-2024.xlsx,4-14,28,1,total,الإجمالي,الإجمالي
Statistical-Yearbook-2024.xlsx,4-14,28,7,total,total,Total
Statistical-Yearbook-2024.xlsx,4-14,29,1,source,المصدر,المصدر: مجلس الضمان الصحي
Statistical-Yearbook-2024.xlsx,4-14,29,7,source,source,Source: Council of Health Insurance
Statistical-Yearbook-2024.xlsx,4-15,1,1,population,السكان,زيارات المراجعين للقطاعات الصحية بالمملكة ومتوسط عدد الزيارات لكل فرد من السكان في الأعوام الخمسة الأخيرة
Statistical-Yearbook-2024.xlsx,4-15,1,1,activity,الزيارات,زيارات المراجعين للقطاعات الصحية بالمملكة ومتوسط عدد الزيارات لكل فرد من السكان في الأعوام الخمسة الأخيرة
Statistical-Yearbook-2024.xlsx,4-15,2,1,year,year,Encounters to Various Health Sectors & Average No. of Encounters Per Person in the last Five Years
Statistical-Yearbook-2024.xlsx,4-15,4,2,year,عام,العام
Statistical-Yearbook-2024.xlsx,4-15,4,6,year,year,Year
Statistical-Yearbook-2024.xlsx,4-15,9,1,total,المجموع,المجموع
Statistical-Yearbook-2024.xlsx,4-15,9,7,total,total,Total
Statistical-Yearbook-2024.xlsx,4-15,10,1,year,السنة,متوسط عدد الزيارات لكل فرد من السكان في السنة
Statistical-Yearbook-2024.xlsx,4-15,10,1,population,السكان,متوسط عدد الزيارات لكل فرد من السكان في السنة
Statistical-Yearbook-2024.xlsx,4-15,10,1,activity,الزيارات,متوسط عدد الزيارات لكل فرد من السكان في السنة
Statistical-Yearbook-2024.xlsx,4-15,10,7,year,year,Average  no. of  Encounters per person/year
Statistical-Yearbook-2024.xlsx,4-16,1,1,year,عام,زيارات المراجعين لعيادات السكرى بمستشفيات وزارة الصحة حسب الجنس والجنسية والتجمع الصحي عام 2024م.
Statistical-Yearbook-2024.xlsx,4-16,2,1,hospital,hospital,"Encounters to  Diabetic  Clinics, MOH Hospitals by Gender, Nationality  and Health Cluster, 2024G."
Statistical-Yearbook-2024.xlsx,4-16,4,6,total,الإجمالي,الإجمالي
Statistical-Yearbook-2024.xlsx,4-16,5,6,total,total,Total
Statistical-Yearbook-2024.xlsx,4-16,9,7,total,total,Total Health Clusters - Riyadh
Statistical-Yearbook-2024.xlsx,4-16,12,7,total,total,Total Makkah Health Cluster
Statistical-Yearbook-2024.xlsx,4-16,15,7,total,total,Total Health Clusters - Jeddah
Statistical-Yearbook-2024.xlsx,4-16,24,7,total,total,Total Asir Health Cluster
Statistical-Yearbook-2024.xlsx,4-16,33,7,total,total,Total Al Jouf Health Cluster
Statistical-Yearbook-2024.xlsx,4-16,34,1,total,المجموع,المجموع
Statistical-Yearbook-2024.xlsx,4-16,34,7,total,total,Total
Statistical-Yearbook-2024.xlsx,4-17,1,1,year,عام,مضاعفات الحمل والولادة  بمستشفيات وزارة الصحة لعام 2024م.
Statistical-Yearbook-2024.xlsx,4-17,2,1,hospital,hospital,"Complications of pregnancy and child birth, MOH Hospitals, 2024G."
Statistical-Yearbook-2024.xlsx,4-17,4,4,total,الإجمالي,الإجمالي
Statistical-Yearbook-2024.xlsx,4-17,5,4,total,total,Total
Statistical-Yearbook-2024.xlsx,4-18,1,1,year,عام,المراجعون والمنومون في أقسام الصحة النفسية بوزارة الصحة حسب المجموعات المرضية للتصنيف الدولي للأمراض (ICD-10 ) عام 2024م.
Statistical-Yearbook-2024.xlsx,4-18,1,1,total,المجموع,المراجعون والمنومون في أقسام الصحة النفسية بوزارة الصحة حسب المجموعات المرضية للتصنيف الدولي للأمراض (ICD-10 ) عام 2024م.
Statistical-Yearbook-2024.xlsx,4-18,5,4,total,total,"المجموع
Total"
Statistical-Yearbook-2024.xlsx,4-18,5,7,total,total,"المجموع
Total"
Statistical-Yearbook-2024.xlsx,4-18,17,1,total,المجموع,المجموع
Statistical-Yearbook-2024.xlsx,4-18,17,9,total,total,Total
Statistical-Yearbook-2024.xlsx,4-18,18,1,year,عام,المصدر: الإدارة العامة للصحة النفسية والاجتماعية
Statistical-Yearbook-2024.xlsx,4-18,18,1,source,المصدر,المصدر: الإدارة العامة للصحة النفسية والاجتماعية
Statistical-Yearbook-2024.xlsx,4-18,18,9,source,source,Source: General Directorate of Mental and Social Health
Statistical-Yearbook-2024.xlsx,4-19,1,1,year,عام,زيارات المراجعين لعيادات الأسنان بوزارة الصحة حسب الجنس والجنسية والتجمع الصحي عام 2024م
Statistical-Yearbook-2024.xlsx,4-19,4,2,activity,الزيارات,عدد الزيارات
Statistical-Yearbook-2024.xlsx,4-19,26,1,total,المجموع,المجموع
Statistical-Yearbook-2024.xlsx,4-19,26,8,total,total,Total
Statistical-Yearbook-2024.xlsx,4-19,27,1,hospital,المستشفيات,يشمل عيادات الأسنان بالمستشفيات ومراكز طب الأسنان ومراكز الرعاية الصحية الأولية
Statistical-Yearbook-2024.xlsx,4-19,27,5,hospital,hospital,"Include dental clinics in the hospitals, dental centers and PHC"
Statistical-Yearbook-2024.xlsx,4-19,28,1,year,عام,المصدر: الإدارة العامة لطب الأسنان
Statistical-Yearbook-2024.xlsx,4-19,28,1,source,المصدر,المصدر: الإدارة العامة لطب الأسنان
Statistical-Yearbook-2024.xlsx,4-19,28,5,source,source,Source: General Directorate for Dentistry
Statistical-Yearbook-2024.xlsx,4-20,1,1,year,عام,الخدمات الرئيسية للأسنان بمراكز طب الأسنان بوزارة الصحة حسب نوع الخدمة والتجمع الصحي عام 2024م.
Statistical-Yearbook-2024.xlsx,4-20,4,13,total,الإجمالي,الإجمالي
Statistical-Yearbook-2024.xlsx,4-20,6,13,total,total,Total
Statistical-Yearbook-2024.xlsx,4-20,28,1,total,المجموع,المجموع
Statistical-Yearbook-2024.xlsx,4-20,28,14,total,total,Total
Statistical-Yearbook-2024.xlsx,4-20,29,1,year,عام,المصدر: الإدارة العامة لطب الأسنان
Statistical-Yearbook-2024.xlsx,4-20,29,1,source,المصدر,المصدر: الإدارة العامة لطب الأسنان
Statistical-Yearbook-2024.xlsx,4-20,29,8,source,source,Source: General Directorate for Dentistry
Statistical-Yearbook-2024.xlsx,4-21,1,1,year,عام,العمليات الجراحية للفك والأسنان وحالات الخلع بوزارة الصحة حسب التجمعات الصحية عام 2024م.
Statistical-Yearbook-2024.xlsx,4-21,1,1,activity,العمليات,العمليات الجراحية للفك والأسنان وحالات الخلع بوزارة الصحة حسب التجمعات الصحية عام 2024م.
Statistical-Yearbook-2024.xlsx,4-21,5,4,total,total,Total Teeth Extraction
Statistical-Yearbook-2024.xlsx,4-21,26,1,total,المجموع,المجموع
Statistical-Yearbook-2024.xlsx,4-21,26,6,total,total,Total
Statistical-Yearbook-2024.xlsx,4-21,27,1,hospital,المستشفيات,يشمل عيادات وأقسام الأسنان بالمستشفيات ومراكز طب الأسنان ومراكز الرعاية الصحية الأولية
Statistical-Yearbook-2024.xlsx,4-21,27,4,hospital,hospital,"Include dental clinics & departments in the hospitals, dental centers and PHC"
Statistical-Yearbook-2024.xlsx,4-21,28,1,year,عام,المصدر: الإدارة العامة لطب الأسنان
Statistical-Yearbook-2024.xlsx,4-21,28,1,source,المصدر,المصدر: الإدارة العامة لطب الأسنان
Statistical-Yearbook-2024.xlsx,4-21,28,4,source,source,Source: General Directorate for Dentistry
Statistical-Yearbook-2024.xlsx,4-22,1,1,year,عام,حالات الدخول لمستشفيات وزارة الصحة حسب التجمعات الصحية والجنس والجنسية عام 2024م.
Statistical-Yearbook-2024.xlsx,4-22,2,1,hospital,hospital,"Admissions at MoH Hospitals by Health Clusters, Gender and Nationality, 2024G."
Statistical-Yearbook-2024.xlsx,4-22,2,1,activity,admissions,"Admissions at MoH Hospitals by Health Clusters, Gender and Nationality, 2024G."
Statistical-Yearbook-2024.xlsx,4-22,5,7,total,total,Total Admissions
Statistical-Yearbook-2024.xlsx,4-22,5,7,activity,admissions,Total Admissions
Statistical-Yearbook-2024.xlsx,4-22,26,1,total,المجموع,المجموع
Statistical-Yearbook-2024.xlsx,4-22,26,8,total,total,Total
Statistical-Yearbook-2024.xlsx,4-22,27,1,source,المصدر,المصدر: مركز الإحالات الطبية
Statistical-Yearbook-2024.xlsx,4-22,27,5,source,source,Source: MRC
Statistical-Yearbook-2024.xlsx,4-23,1,1,year,عام,حالات الخروج من مستشفيات وزارة الصحة حسب التجمعات الصحية والجنس والجنسية عام 2024م.
Statistical-Yearbook-2024.xlsx,4-23,2,1,hospital,hospital,"Discharges from MoH Hospitals by Health Cluster, Gender and Nationality, 2024G."
Statistical-Yearbook-2024.xlsx,4-23,5,7,total,total,Total Admissions
Statistical-Yearbook-2024.xlsx,4-23,5,7,activity,admissions,Total Admissions
Statistical-Yearbook-2024.xlsx,4-23,26,1,total,المجموع,المجموع
Statistical-Yearbook-2024.xlsx,4-23,26,8,total,total,Total
Statistical-Yearbook-2024.xlsx,4-23,27,1,source,المصدر,المصدر: مركز الإحالات الطبية
Statistical-Yearbook-2024.xlsx,4-23,27,5,source,source,Source: MRC
Statistical-Yearbook-2024.xlsx,4-24,1,1,year,عام,المرضى  المنومون بمستشفيات الرعاية المديدة وأسرة الرعاية المديدة بالمستشفيات العامة بوزارة الصحة حسب التجمعات الصحية عام 2024م.
Statistical-Yearbook-2024.xlsx,4-24,1,1,hospital,المستشفيات,المرضى  المنومون بمستشفيات الرعاية المديدة وأسرة الرعاية المديدة بالمستشفيات العامة بوزارة الصحة حسب التجمعات الصحية عام 2024م.
Statistical-Yearbook-2024.xlsx,4-24,1,1,bed,أسرة,المرضى  المنومون بمستشفيات الرعاية المديدة وأسرة الرعاية المديدة بالمستشفيات العامة بوزارة الصحة حسب التجمعات الصحية عام 2024م.
Statistical-Yearbook-2024.xlsx,4-24,2,1,hospital,hospital,"Inpatients at Long-term Hospitals and Long-term Beds of General Hospitals of MoH by Health Cluster, 2024 G."
Statistical-Yearbook-2024.xlsx,4-24,2,1,bed,bed,"Inpatients at Long-term Hospitals and Long-term Beds of General Hospitals of MoH by Health Cluster, 2024 G."
Statistical-Yearbook-2024.xlsx,4-24,4,3,hospital,hospital,Long-term care hospitals
Statistical-Yearbook-2024.xlsx,4-24,4,5,year,عام,مستشفيات عامة بها رعاية مديدة
Statistical-Yearbook-2024.xlsx,4-24,4,6,hospital,hospital,General Hospitals Having Long-term care
Statistical-Yearbook-2024.xlsx,4-24,4,8,bed,أسرة,إجمالي أسرة الرعاية المديدة
Statistical-Yearbook-2024.xlsx,4-24,5,2,hospital,المستشفيات,المستشفيات
Statistical-Yearbook-2024.xlsx,4-24,5,3,bed,أسرة,الأسرة النشطة
Statistical-Yearbook-2024.xlsx,4-24,5,5,hospital,المستشفيات,المستشفيات
Statistical-Yearbook-2024.xlsx,4-24,5,6,bed,أسرة,أسرة الرعاية المديدة
Statistical-Yearbook-2024.xlsx,4-24,6,2,hospital,hospital,Hospitals
Statistical-Yearbook-2024.xlsx,4-24,6,3,bed,bed,Active Beds
Statistical-Yearbook-2024.xlsx,4-24,6,5,hospital,hospital,Hospitals
Statistical-Yearbook-2024.xlsx,4-24,6,6,bed,bed,Long-term care Beds
Statistical-Yearbook-2024.xlsx,4-24,6,8,total,total,Total Long-term Beds
Statistical-Yearbook-2024.xlsx,4-24,6,8,bed,bed,Total Long-term Beds
Statistical-Yearbook-2024.xlsx,4-24,6,9,total,total,Total Inpatients
Statistical-Yearbook-2024.xlsx,4-24,27,1,total,المجموع,المجموع
Statistical-Yearbook-2024.xlsx,4-24,27,10,total,total,Total
Statistical-Yearbook-2024.xlsx,4-25,1,1,year,عام,المؤشرات المختارة عن خدمات مستشفيات وزارة الصحة حسب التجمعات الصحية عام 2024م .
Statistical-Yearbook-2024.xlsx,4-25,2,1,hospital,hospital,"Selected Indicators of MoH Hospital Services by Health Clusters, 2024G"
Statistical-Yearbook-2024.xlsx,4-25,4,2,bed,أسرة,معدل إشغال الأسرة %
Statistical-Yearbook-2024.xlsx,4-25,4,6,bed,سرير,معدل دوران السرير / الشهر
Statistical-Yearbook-2024.xlsx,4-25,27,1,source,المصدر,المصدر: مركز الإحالات الطبية
Statistical-Yearbook-2024.xlsx,4-25,27,5,source,source,Source: MRC
Statistical-Yearbook-2024.xlsx,4-26,1,1,year,عام,بعض المؤشرات المختارة عن خدمات مستشفيات الصحة النفسية والرعاية المديدة والتأهيل بوزارة الصحة حسب التجمعات الصحية عام 2024م.
Statistical-Yearbook-2024.xlsx,4-26,2,1,hospital,hospital,"Some Selected Indicators of MoH Psychiatric, Long Term Care and Rehabilitation Hospitals by Health Clusters, 2024G."
Statistical-Yearbook-2024.xlsx,4-26,4,2,bed,أسرة,معدل إشغال الأسرة %
Statistical-Yearbook-2024.xlsx,4-26,4,3,bed,سرير,معدل دوران السرير / الشهر
Statistical-Yearbook-2024.xlsx,4-26,27,1,source,المصدر,المصدر: مركز الإحالات الطبية
Statistical-Yearbook-2024.xlsx,4-26,27,3,source,source,Source: MRC
Statistical-Yearbook-2024.xlsx,4-27,2,1,hospital,hospital,"Inpatients in Other Governmental Sector Hospitals by Nationality, 2024G"
Statistical-Yearbook-2024.xlsx,4-27,4,2,activity,التنويم,عدد حالات التنويم
Statistical-Yearbook-2024.xlsx,4-27,6,4,total,المجموع,المجموع
Statistical-Yearbook-2024.xlsx,4-27,7,4,total,total,Total
Statistical-Yearbook-2024.xlsx,4-27,11,1,hospital,مستشفى,مستشفى الملك فيصل التخصصي ومركز الأبحاث
Statistical-Yearbook-2024.xlsx,4-27,11,6,hospital,hospital,King Faisal Specialist Hospital & R.C.
Statistical-Yearbook-2024.xlsx,4-27,12,1,hospital,مستشفى,مستشفى الملك خالد التخصصي للعيون
Statistical-Yearbook-2024.xlsx,4-27,12,6,hospital,hospital,King Khalid Eye Specialist Hospital
Statistical-Yearbook-2024.xlsx,4-27,13,6,hospital,hospital,Royal Commission Hospitals in Jubail and Yanbu
Statistical-Yearbook-2024.xlsx,4-27,15,1,total,المجموع,المجموع
Statistical-Yearbook-2024.xlsx,4-27,15,6,total,total,Total
Statistical-Yearbook-2024.xlsx,4-28,1,1,region,المنطقة,المنومون بمستشفيات القطاع الخاص حسب الجنس والجنسية والمنطقة الإدارية عام 2024م.
Statistical-Yearbook-2024.xlsx,4-28,1,1,year,عام,المنومون بمستشفيات القطاع الخاص حسب الجنس والجنسية والمنطقة الإدارية عام 2024م.
Statistical-Yearbook-2024.xlsx,4-28,2,1,region,region,"Inpatients in Private Hospitals by Gender, Nationality  and Administrative Region , 2024G."
Statistical-Yearbook-2024.xlsx,4-28,2,1,hospital,hospital,"Inpatients in Private Hospitals by Gender, Nationality  and Administrative Region , 2024G."
Statistical-Yearbook-2024.xlsx,4-28,4,1,region,المنطقة,المنطقة الإدارية
Statistical-Yearbook-2024.xlsx,4-28,4,6,total,الإجمالي,الإجمالي
Statistical-Yearbook-2024.xlsx,4-28,4,7,region,region,Administrative Region
Statistical-Yearbook-2024.xlsx,4-28,5,6,total,total,Total
Statistical-Yearbook-2024.xlsx,4-28,20,1,total,الإجمالي,الإجمالي
Statistical-Yearbook-2024.xlsx,4-28,20,7,total,total,Total
Statistical-Yearbook-2024.xlsx,4-28,21,1,source,المصدر,المصدر: مجلس الضمان الصحي
Statistical-Yearbook-2024.xlsx,4-28,21,7,source,source,Source: Council of Health Insurance
Statistical-Yearbook-2024.xlsx,4-29,1,1,region,المنطقة,المنومون بمستشفيات القطاع الخاص حسب الفئات العمرية والمنطقة الإدارية عام 2024م.
Statistical-Yearbook-2024.xlsx,4-29,1,1,year,عام,المنومون بمستشفيات القطاع الخاص حسب الفئات العمرية والمنطقة الإدارية عام 2024م.
Statistical-Yearbook-2024.xlsx,4-29,2,1,region,region,"Inpatients in Private Hospitals by Age Groups and Administrative Region , 2024G."
Statistical-Yearbook-2024.xlsx,4-29,2,1,hospital,hospital,"Inpatients in Private Hospitals by Age Groups and Administrative Region , 2024G."
Statistical-Yearbook-2024.xlsx,4-29,4,1,region,المنطقة,المنطقة الإدارية
Statistical-Yearbook-2024.xlsx,4-29,4,7,year,year,Age Groups (years)
Statistical-Yearbook-2024.xlsx,4-29,4,13,total,الإجمالي,الإجمالي
Statistical-Yearbook-2024.xlsx,4-29,4,14,region,region,Administrative Region
Statistical-Yearbook-2024.xlsx,4-29,5,13,total,total,Total
Statistical-Yearbook-2024.xlsx,4-29,20,1,total,الإجمالي,الإجمالي
Statistical-Yearbook-2024.xlsx,4-29,20,14,total,total,Total
Statistical-Yearbook-2024.xlsx,4-29,21,1,source,المصدر,المصدر: مجلس الضمان الصحي
Statistical-Yearbook-2024.xlsx,4-29,21,14,source,source,Source: Council of Health Insurance
Statistical-Yearbook-2024.xlsx,4-30,1,1,year,عام,المنومون بمستشفيات القطاع الخاص حسب الجنس والجنسية والتصنيف الدولي للأمراض عام 2024م.
Statistical-Yearbook-2024.xlsx,4-30,2,1,hospital,hospital,"Inpatients in Private Hospitals by Gender, Nationality  and ICD-10 Diagnosis, 2024G."
Statistical-Yearbook-2024.xlsx,4-30,4,1,total,المجموع,المجموعات المرضية
Statistical-Yearbook-2024.xlsx,4-30,4,6,total,الإجمالي,الإجمالي
Statistical-Yearbook-2024.xlsx,4-30,5,6,total,total,Total
Statistical-Yearbook-2024.xlsx,4-30,23,1,bed,سرير,الأعراض والعلامات الشاذة، والاختبارات السريرية والمرضية غير المصنفة في موضع آخر.
Statistical-Yearbook-2024.xlsx,4-30,27,1,total,الإجمالي,الإجمالي
Statistical-Yearbook-2024.xlsx,4-30,27,7,total,total,Total
Statistical-Yearbook-2024.xlsx,4-30,28,1,source,المصدر,المصدر: مجلس الضمان الصحي
Statistical-Yearbook-2024.xlsx,4-30,28,7,source,source,Source: Council of Health Insurance
Statistical-Yearbook-2024.xlsx,4-31,2,1,year,year,"Inpatients in Health Sectors Hospitals, KSA in the last Five Years"
Statistical-Yearbook-2024.xlsx,4-31,2,1,hospital,hospital,"Inpatients in Health Sectors Hospitals, KSA in the last Five Years"
Statistical-Yearbook-2024.xlsx,4-31,4,2,year,عام,العام
Statistical-Yearbook-2024.xlsx,4-31,4,6,year,year,Year
Statistical-Yearbook-2024.xlsx,4-31,9,1,total,المجموع,المجموع
Statistical-Yearbook-2024.xlsx,4-31,9,7,total,total,Total
Statistical-Yearbook-2024.xlsx,4-31,10,7,activity,admissions,Average no. of admissions per 100 persons
Statistical-Yearbook-2024.xlsx,4-32,1,1,year,عام,المواليد الأحياء بوزارة الصحة حسب فروع ومكاتب وزارة الصحة ونوع الولادة والجنس والجنسية عام 2024م.
Statistical-Yearbook-2024.xlsx,4-32,5,5,total,المجموع,المجموع
Statistical-Yearbook-2024.xlsx,4-32,6,5,total,total,Total
Statistical-Yearbook-2024.xlsx,4-32,27,1,total,المجموع,المجموع
Statistical-Yearbook-2024.xlsx,4-32,27,11,total,total,Total
Statistical-Yearbook-2024.xlsx,4-32,28,11,total,total,% of total  live births
Statistical-Yearbook-2024.xlsx,4-32,29,1,source,المصدر,المصدر: نظام تسجيل بلاغات الولادة
Statistical-Yearbook-2024.xlsx,4-32,29,8,source,source,Source: Birth Notification Registration System
Statistical-Yearbook-2024.xlsx,4-33,1,1,year,عام,المواليد الأحياء بالجهات الحكومية الأخرى حسب فروع ومكاتب وزارة الصحة ونوع الولادة والجنس والجنسية عام 2024م.
Statistical-Yearbook-2024.xlsx,4-33,5,5,total,المجموع,المجموع
Statistical-Yearbook-2024.xlsx,4-33,6,5,total,total,Total
Statistical-Yearbook-2024.xlsx,4-33,27,1,total,المجموع,المجموع
Statistical-Yearbook-2024.xlsx,4-33,27,11,total,total,Total
Statistical-Yearbook-2024.xlsx,4-33,28,11,total,total,% of total  live births
Statistical-Yearbook-2024.xlsx,4-33,29,1,source,المصدر,المصدر: نظام تسجيل بلاغات الولادة
Statistical-Yearbook-2024.xlsx,4-33,29,8,source,source,Source: Birth Notification Registration System
Statistical-Yearbook-2024.xlsx,4-34,1,1,year,عام,المواليد الأحياء بالقطاع الخاص حسب فروع ومكاتب وزارة الصحة ونوع الولادة والجنس والجنسية عام 2024م.
Statistical-Yearbook-2024.xlsx,4-34,5,5,total,المجموع,المجموع
Statistical-Yearbook-2024.xlsx,4-34,6,5,total,total,Total
Statistical-Yearbook-2024.xlsx,4-34,27,1,total,المجموع,المجموع
Statistical-Yearbook-2024.xlsx,4-34,27,11,total,total,Total
Statistical-Yearbook-2024.xlsx,4-34,28,11,total,total,% of total  live births
Statistical-Yearbook-2024.xlsx,4-34,29,1,source,المصدر,المصدر: نظام تسجيل بلاغات الولادة
Statistical-Yearbook-2024.xlsx,4-34,29,8,source,source,Source: Birth Notification Registration System
Statistical-Yearbook-2024.xlsx,4-35,1,1,year,عام,المواليد الأحياء بكافة القطاعات الصحية بالمملكة حسب فروع ومكاتب وزارة الصحة ونوع الولادة والجنس والجنسية عام 2024م.
Statistical-Yearbook-2024.xlsx,4-35,5,5,total,المجموع,المجموع
Statistical-Yearbook-2024.xlsx,4-35,6,5,total,total,Total
Statistical-Yearbook-2024.xlsx,4-35,27,1,total,المجموع,المجموع
Statistical-Yearbook-2024.xlsx,4-35,27,11,total,total,Total
Statistical-Yearbook-2024.xlsx,4-35,28,11,total,total,% of total  live births
Statistical-Yearbook-2024.xlsx,4-35,29,1,source,المصدر,المصدر: نظام تسجيل بلاغات الولادة
Statistical-Yearbook-2024.xlsx,4-35,29,8,source,source,Source: Birth Notification Registration System
Statistical-Yearbook-2024.xlsx,4-36,1,1,year,عام,التدخلات الجراحية بمستشفيات وزارة الصحة حسب التجمعات الصحية والقسم لعام 2024م.
Statistical-Yearbook-2024.xlsx,4-36,2,1,hospital,hospital,"Surgical Interventions at MoH Hospitals by Health Clusters and Hospital Sections, 2024G."
Statistical-Yearbook-2024.xlsx,4-36,6,2,year,عام,جراحة عامة
Statistical-Yearbook-2024.xlsx,4-36,6,14,total,المجموع,المجموع
Statistical-Yearbook-2024.xlsx,4-36,7,14,total,total,Total
Statistical-Yearbook-2024.xlsx,4-36,11,15,total,total,Total Health Clusters - Riyadh
Statistical-Yearbook-2024.xlsx,4-36,14,15,total,total,Total Makkah Health Cluster
Statistical-Yearbook-2024.xlsx,4-36,17,15,total,total,Total Health Clusters - Jeddah
Statistical-Yearbook-2024.xlsx,4-36,26,15,total,total,Total Asir Health Cluster
Statistical-Yearbook-2024.xlsx,4-36,35,15,total,total,Total Al Jouf Health Cluster
Statistical-Yearbook-2024.xlsx,4-36,36,1,total,الإجمالي,الإجمالي
Statistical-Yearbook-2024.xlsx,4-36,36,15,total,total,Total
Statistical-Yearbook-2024.xlsx,4-37,1,1,year,عام,التدخلات الجراحية بمستشفيات الجهات الحكومية الأخرى حسب القسم لعام 2024م
Statistical-Yearbook-2024.xlsx,4-37,2,1,hospital,hospital,"Surgical Interventions at Other Governmental Sector Hospitals by Section, 2024G"
Statistical-Yearbook-2024.xlsx,4-37,6,2,year,عام,جراحة عامة
Statistical-Yearbook-2024.xlsx,4-37,6,14,total,المجموع,المجموع
Statistical-Yearbook-2024.xlsx,4-37,7,14,total,total,Total
Statistical-Yearbook-2024.xlsx,4-37,11,1,hospital,مستشفى,مستشفى الملك فيصل التخصصي ومركز الأبحاث
Statistical-Yearbook-2024.xlsx,4-37,11,15,hospital,hospital,King Faisal Specialist Hospital&R.C.
Statistical-Yearbook-2024.xlsx,4-37,12,1,hospital,مستشفى,مستشفى الملك خالد التخصصي للعيون
Statistical-Yearbook-2024.xlsx,4-37,12,15,hospital,hospital,King Khalid Eye Specialist Hospital
Statistical-Yearbook-2024.xlsx,4-37,13,15,hospital,hospital,Royal Commission Hospitals
Statistical-Yearbook-2024.xlsx,4-37,16,1,total,المجموع,المجموع
Statistical-Yearbook-2024.xlsx,4-37,16,15,total,total,Total
Statistical-Yearbook-2024.xlsx,4-37,40,2,year,عام,جراحة عامة  General Surgery
Statistical-Yearbook-2024.xlsx,4-37,40,18,total,total,المجموع   Total
Statistical-Yearbook-2024.xlsx,4-38,1,1,region,المنطقة,التدخلات الجراحية بمرافق القطاع الخاص حسب التصنيف الأسترالي للتدخلات الصحية والمنطقة الإدارية عام 2024م.
Statistical-Yearbook-2024.xlsx,4-38,1,1,year,عام,التدخلات الجراحية بمرافق القطاع الخاص حسب التصنيف الأسترالي للتدخلات الصحية والمنطقة الإدارية عام 2024م.
Statistical-Yearbook-2024.xlsx,4-38,2,1,region,region,"Surgical Interventions at all Private Sector Facilities by Australian Classification of Health Interventions (ACHI) and Administrative Region, 2024G."
Statistical-Yearbook-2024.xlsx,4-38,4,1,region,المنطقة,المنطقة الإدارية
Statistical-Yearbook-2024.xlsx,4-38,4,19,total,الإجمالي,الإجمالي
Statistical-Yearbook-2024.xlsx,4-38,4,20,region,region,Administrative Region
Statistical-Yearbook-2024.xlsx,4-38,5,19,total,total,Total
Statistical-Yearbook-2024.xlsx,4-38,19,1,total,الإجمالي,الإجمالي
Statistical-Yearbook-2024.xlsx,4-38,19,20,total,total,Total
Statistical-Yearbook-2024.xlsx,4-38,20,1,source,المصدر,المصدر: مجلس الضمان الصحي
Statistical-Yearbook-2024.xlsx,4-38,20,20,source,source,Source: Council of Health Insurance
Statistical-Yearbook-2024.xlsx,4-39,1,1,hospital,مستشفى,الأنشطة والخدمات الرئيسية بمستشفى الملك خالد التخصصي للعيون بالرياض في الأعوام الخمسة الأخيرة
Statistical-Yearbook-2024.xlsx,4-39,1,1,activity,الأنشطة,الأنشطة والخدمات الرئيسية بمستشفى الملك خالد التخصصي للعيون بالرياض في الأعوام الخمسة الأخيرة
Statistical-Yearbook-2024.xlsx,4-39,2,1,year,year,"Main Activities and Services at King Khaled Eye Specialist Hospital, in the last Five Years"
Statistical-Yearbook-2024.xlsx,4-39,2,1,hospital,hospital,"Main Activities and Services at King Khaled Eye Specialist Hospital, in the last Five Years"
Statistical-Yearbook-2024.xlsx,4-39,2,1,activity,activities,"Main Activities and Services at King Khaled Eye Specialist Hospital, in the last Five Years"
Statistical-Yearbook-2024.xlsx,4-39,5,2,activity,الزيارات,عدد الزيارات الأولية
Statistical-Yearbook-2024.xlsx,4-39,9,2,total,المجموع,المجموع
Statistical-Yearbook-2024.xlsx,4-39,9,11,total,total,Total
Statistical-Yearbook-2024.xlsx,4-39,14,2,total,المجموع,المجموع
Statistical-Yearbook-2024.xlsx,4-39,14,11,total,total,Total
Statistical-Yearbook-2024.xlsx,4-39,15,11,activity,admissions,Admissions
Statistical-Yearbook-2024.xlsx,4-39,17,1,activity,العمليات,العمليات الجراحية
Statistical-Yearbook-2024.xlsx,4-40,1,1,year,عام,حالات الأورام الخبيثة التي سجلت بمستشفى الملك فيصل التخصصي ومركز الأبحاث حسب موضع الورم والجنس لعام 2024م.
Statistical-Yearbook-2024.xlsx,4-40,1,1,hospital,مستشفى,حالات الأورام الخبيثة التي سجلت بمستشفى الملك فيصل التخصصي ومركز الأبحاث حسب موضع الورم والجنس لعام 2024م.
Statistical-Yearbook-2024.xlsx,4-40,2,1,hospital,hospital,"Cases of Malignant Tumours Registered at King Faisal Specialist Hospital and Research Center by Site and Gender, 2024G."
Statistical-Yearbook-2024.xlsx,4-40,24,1,total,المجموع,المجموع
Statistical-Yearbook-2024.xlsx,4-40,24,14,total,total,Total
Statistical-Yearbook-2024.xlsx,4-40,25,1,source,المصدر,المصدر : مستشفى الملك فيصل التخصصي  ومركز الأبحاث
Statistical-Yearbook-2024.xlsx,4-40,25,1,hospital,مستشفى,المصدر : مستشفى الملك فيصل التخصصي  ومركز الأبحاث
Statistical-Yearbook-2024.xlsx,4-40,25,8,source,source,Source : King Faisal Specialist Hospital and Research Center
Statistical-Yearbook-2024.xlsx,4-40,25,8,hospital,hospital,Source : King Faisal Specialist Hospital and Research Center
Statistical-Yearbook-2024.xlsx,4-41,1,1,year,عام,حالات الأطفال بتشخيص الأورام المحولين إلى مستشفى الملك فيصل التخصصي ومركز الأبحاث حسب موضع الورم عام 2024م.
Statistical-Yearbook-2024.xlsx,4-41,1,1,hospital,مستشفى,حالات الأطفال بتشخيص الأورام المحولين إلى مستشفى الملك فيصل التخصصي ومركز الأبحاث حسب موضع الورم عام 2024م.
Statistical-Yearbook-2024.xlsx,4-41,2,1,hospital,hospital,"Cases of Tumours among Children Referred to King Faisal Specialist Hospital by Site, 2024G."
Statistical-Yearbook-2024.xlsx,4-41,17,1,total,المجموع,المجموع
Statistical-Yearbook-2024.xlsx,4-41,17,8,total,total,Total
Statistical-Yearbook-2024.xlsx,4-41,18,1,source,المصدر,المصدر : مستشفى الملك فيصل التخصصي  ومركز الابحاث
Statistical-Yearbook-2024.xlsx,4-41,18,1,hospital,مستشفى,المصدر : مستشفى الملك فيصل التخصصي  ومركز الابحاث
Statistical-Yearbook-2024.xlsx,4-41,18,5,source,source,Source : King Faisal Specialist Hospital and Research Center
Statistical-Yearbook-2024.xlsx,4-41,18,5,hospital,hospital,Source : King Faisal Specialist Hospital and Research Center
Statistical-Yearbook-2024.xlsx,4-42,1,1,year,عام,مراكز ومرضى الغسيل الكلوي حسب القطاعات الصحية عام 2024
Statistical-Yearbook-2024.xlsx,4-42,4,5,total,المجموع,المجموع
Statistical-Yearbook-2024.xlsx,4-42,5,5,total,total,Total
Statistical-Yearbook-2024.xlsx,4-43,1,1,year,عام,مرضى الغسيل الكلوي  حسب الجنس والجنسية عام 2024م
Statistical-Yearbook-2024.xlsx,4-44,1,1,year,عام,عدد زيارات مراكز وأقسام التأهيل الطبي بوزارة الصحة عام 2024م .
Statistical-Yearbook-2024.xlsx,4-44,2,1,activity,visits,"Number of Visits to Medical Rehabilitation Centers and Departments, MoH, 2024G."
Statistical-Yearbook-2024.xlsx,4-44,4,7,total,المجموع,المجموع
Statistical-Yearbook-2024.xlsx,4-44,7,7,total,total,Total
Statistical-Yearbook-2024.xlsx,4-44,11,8,total,total,Total Health Clusters - Riyadh
Statistical-Yearbook-2024.xlsx,4-44,14,8,total,total,Total Makkah Health Cluster
Statistical-Yearbook-2024.xlsx,4-44,17,8,total,total,Total Health Clusters - Jeddah
Statistical-Yearbook-2024.xlsx,4-44,21,8,region,region,Eastern Region Health Cluster
Statistical-Yearbook-2024.xlsx,4-44,26,8,total,total,Total Asir Health Cluster
Statistical-Yearbook-2024.xlsx,4-44,35,8,total,total,Total Al Jouf Health Cluster
Statistical-Yearbook-2024.xlsx,4-44,36,1,total,المجموع,المجموع
Statistical-Yearbook-2024.xlsx,4-44,36,8,total,total,Total
Statistical-Yearbook-2024.xlsx,4-45,1,1,year,عام,زيارات ما بعد البتر لمراكز وأقسام التأهيل الطبي بوزارة الصحة حسب الجنس والجنسية وسبب الإصابة لعام  2024م.
Statistical-Yearbook-2024.xlsx,4-45,4,6,total,الإجمالي,الإجمالي
Statistical-Yearbook-2024.xlsx,4-45,5,6,total,total,Total
Statistical-Yearbook-2024.xlsx,4-45,12,1,total,المجموع,المجموع
Statistical-Yearbook-2024.xlsx,4-45,12,7,total,total,Total
Statistical-Yearbook-2024.xlsx,4-46,1,1,year,عام,خدمات  التأهيل  بالجهات الحكومية الأخرى عام 2024م
Statistical-Yearbook-2024.xlsx,4-46,4,11,total,total,"اجمالي عدد الجلسات
Total Sessions"
Statistical-Yearbook-2024.xlsx,4-46,5,10,total,total,"المجموع
Total"
Statistical-Yearbook-2024.xlsx,4-46,9,1,hospital,مستشفى,مستشفى الملك فيصل التخصصي ومركز الأبحاث
Statistical-Yearbook-2024.xlsx,4-46,9,12,hospital,hospital,King Faisal Specialist Hospital
Statistical-Yearbook-2024.xlsx,4-46,10,1,hospital,مستشفى,مستشفى الملك خالد التخصصي للعيون
Statistical-Yearbook-2024.xlsx,4-46,10,12,hospital,hospital,King Khalid Eye Specialist Hospital
Statistical-Yearbook-2024.xlsx,4-46,14,1,total,المجموع,المجموع
Statistical-Yearbook-2024.xlsx,4-46,14,12,total,total,Total
Statistical-Yearbook-2024.xlsx,4-47,1,1,region,المنطقة,عدد حالات التأهيل الطبي بالقطاع الخاص حسب نوع التأهيل والمنطقة الإدارية عام 2024م.
Statistical-Yearbook-2024.xlsx,4-47,1,1,year,عام,عدد حالات التأهيل الطبي بالقطاع الخاص حسب نوع التأهيل والمنطقة الإدارية عام 2024م.
Statistical-Yearbook-2024.xlsx,4-47,2,1,region,region,"Cases of Medical Rehabilitation in the Private Sector by Type of Rehabilitation and Administrative Region, 2024G."
Statistical-Yearbook-2024.xlsx,4-47,4,1,region,المنطقة,المنطقة الإدارية
Statistical-Yearbook-2024.xlsx,4-47,4,7,total,الإجمالي,الإجمالي
Statistical-Yearbook-2024.xlsx,4-47,4,8,region,region,Administrative Region
Statistical-Yearbook-2024.xlsx,4-47,6,7,total,total,Total
Statistical-Yearbook-2024.xlsx,4-47,20,1,total,الإجمالي,الإجمالي
Statistical-Yearbook-2024.xlsx,4-47,20,8,total,total,Total
Statistical-Yearbook-2024.xlsx,4-47,21,1,source,المصدر,المصدر: مجلس الضمان الصحي
Statistical-Yearbook-2024.xlsx,4-47,21,8,source,source,Source: Council of Health Insurance
Statistical-Yearbook-2024.xlsx,4-48,1,1,region,المنطقة,عدد جلسات التأهيل الطبي بالقطاع الخاص حسب نوع التأهيل والمنطقة الإدارية عام 2024م.
Statistical-Yearbook-2024.xlsx,4-48,1,1,year,عام,عدد جلسات التأهيل الطبي بالقطاع الخاص حسب نوع التأهيل والمنطقة الإدارية عام 2024م.
Statistical-Yearbook-2024.xlsx,4-48,2,1,region,region,"Sessions of Medical Rehabilitation in the Private Sector by Type of Rehabilitation and Administrative Region, 2024G."
Statistical-Yearbook-2024.xlsx,4-48,4,1,region,المنطقة,المنطقة الإدارية
Statistical-Yearbook-2024.xlsx,4-48,4,7,total,الإجمالي,الإجمالي
Statistical-Yearbook-2024.xlsx,4-48,4,8,region,region,Administrative Region
Statistical-Yearbook-2024.xlsx,4-48,6,7,total,total,Total
Statistical-Yearbook-2024.xlsx,4-48,20,1,total,الإجمالي,الإجمالي
Statistical-Yearbook-2024.xlsx,4-48,20,8,total,total,Total
Statistical-Yearbook-2024.xlsx,4-48,21,1,source,المصدر,المصدر: مجلس الضمان الصحي
Statistical-Yearbook-2024.xlsx,4-48,21,8,source,source,Source: Council of Health Insurance
Statistical-Yearbook-2024.xlsx,4-49,1,1,year,عام,خدمات مركز رعاية وتأهيل الأطفال ذوي الإعاقة حسب العمر خلال عام2024 م
Statistical-Yearbook-2024.xlsx,4-49,4,1,year,السنة,فئة العمر (بالسنة)
Statistical-Yearbook-2024.xlsx,4-49,6,13,nurse,تمريض,تمريض
Statistical-Yearbook-2024.xlsx,4-49,6,16,total,المجموع,المجموع
Statistical-Yearbook-2024.xlsx,4-49,7,1,year,year,Age group (year)
Statistical-Yearbook-2024.xlsx,4-49,7,16,total,total,Total
Statistical-Yearbook-2024.xlsx,4-49,20,1,total,total,المجموع    Total
Statistical-Yearbook-2024.xlsx,4-49,22,1,source,المصدر,المصدر : جمعية الأطفال ذوي الإعاقة
Statistical-Yearbook-2024.xlsx,4-49,22,8,source,source,Source: Children with Disability Association
Statistical-Yearbook-2024.xlsx,4-50,1,1,year,عام,الفحوص المخبرية وعدد مرضى الفحوص الشعاعية بوزارة الصحة حسب فروع الوزارة عام 2024م.
Statistical-Yearbook-2024.xlsx,4-50,23,1,total,المجموع,المجموع
Statistical-Yearbook-2024.xlsx,4-50,23,4,total,total,Total
Statistical-Yearbook-2024.xlsx,4-51,1,1,year,عام,الفحوص المخبرية بمستشفيات وزارة الصحة حسب التجمعات الصحية ونوع الفحص لعام 2024م.
Statistical-Yearbook-2024.xlsx,4-51,2,1,hospital,hospital,"Laboratory Investigations at MoH Hospitals by Health Cluster and Type of Investigation, 2024G."
Statistical-Yearbook-2024.xlsx,4-51,4,21,total,total,المجموع Total
Statistical-Yearbook-2024.xlsx,4-51,8,22,total,total,Total Health Clusters - Riyadh
Statistical-Yearbook-2024.xlsx,4-51,9,22,total,total,Total Makkah Health Cluster
Statistical-Yearbook-2024.xlsx,4-51,12,22,total,total,Total Health Clusters - Jeddah
Statistical-Yearbook-2024.xlsx,4-51,19,22,total,total,Total Asir Health Cluster
Statistical-Yearbook-2024.xlsx,4-51,26,22,total,total,Total Al Jouf Health Cluster
Statistical-Yearbook-2024.xlsx,4-51,27,1,total,المجموع,المجموع
Statistical-Yearbook-2024.xlsx,4-51,27,22,total,total,Total
Statistical-Yearbook-2024.xlsx,4-52,1,1,year,عام,الفحوص المخبرية بالمختبرات الإقليمية التابعة لوزارة الصحة حسب فروع ومكاتب الوزارة ونوع الفحص لعام 2024م.
Statistical-Yearbook-2024.xlsx,4-52,2,1,region,region,"Laboratory Investigations at MoH Regional Laboratories by MoH Branches and Offices & Type of Investigation, 2024G."
Statistical-Yearbook-2024.xlsx,4-52,4,21,total,total,المجموع Total
Statistical-Yearbook-2024.xlsx,4-52,22,1,total,المجموع,المجموع
Statistical-Yearbook-2024.xlsx,4-52,22,22,total,total,Total
Statistical-Yearbook-2024.xlsx,4-53,1,1,year,عام,فحوص الأشعة التشخيصية بمستشفيات وزارة الصحة حسب نوع الفحص عام 2024م.
Statistical-Yearbook-2024.xlsx,4-53,2,1,hospital,hospital,"Diagnostic Radiology Investigations at MoH Hospitals by Type of Investigation, 2024G."
Statistical-Yearbook-2024.xlsx,4-53,5,1,year,عام,الأشعة العامة
Statistical-Yearbook-2024.xlsx,4-54,1,1,year,عام,فحوص الأشعة التشخيصية بمرافق القطاع الخاص حسب نوع الفحص عام 2024م.
Statistical-Yearbook-2024.xlsx,4-54,5,1,year,عام,الأشعة العامة
Statistical-Yearbook-2024.xlsx,4-54,17,1,source,المصدر,المصدر: مجلس الضمان الصحي
Statistical-Yearbook-2024.xlsx,4-54,17,3,source,source,Source: Council of Health Insurance
Statistical-Yearbook-2024.xlsx,4-55,2,1,year,year,"Laboratory Investigations and Number of  Radiology & Physiotherapy patients at MoH Facilities, in the last Five Years"
Statistical-Yearbook-2024.xlsx,4-55,4,1,activity,النشاط,النشاط
Statistical-Yearbook-2024.xlsx,4-55,4,10,activity,activity,Activity
Statistical-Yearbook-2024.xlsx,4-56,1,1,year,عام,الفحوص المخبرية والشعاعية بالجهات الحكومية الأخرى عام 2024م
Statistical-Yearbook-2024.xlsx,4-56,9,1,hospital,مستشفى,مستشفى الملك فيصل التخصصي ومركز الأبحاث
Statistical-Yearbook-2024.xlsx,4-56,9,4,hospital,hospital,King Faisal Specialist Hospital
Statistical-Yearbook-2024.xlsx,4-56,10,1,hospital,مستشفى,مستشفى الملك خالد التخصصي للعيون
Statistical-Yearbook-2024.xlsx,4-56,10,4,hospital,hospital,King Khalid Eye Specialist Hospital
Statistical-Yearbook-2024.xlsx,4-56,15,1,total,المجموع,المجموع
Statistical-Yearbook-2024.xlsx,4-56,15,4,total,total,Total
Statistical-Yearbook-2024.xlsx,4-57,1,1,region,المنطقة,الفحوص المخبرية بمرافق القطاع الخاص حسب المنطقة الإدارية ونوع الفحص لعام 2024م.
Statistical-Yearbook-2024.xlsx,4-57,1,1,year,عام,الفحوص المخبرية بمرافق القطاع الخاص حسب المنطقة الإدارية ونوع الفحص لعام 2024م.
Statistical-Yearbook-2024.xlsx,4-57,2,1,region,region,"Number of Laboratory Investigations at all Private Sector Facilities by Administrative Region and Type of Investigatio , 2024G."
Statistical-Yearbook-2024.xlsx,4-57,4,1,region,region,Administrative Region
Statistical-Yearbook-2024.xlsx,4-57,4,19,total,total,المجموع Total
Statistical-Yearbook-2024.xlsx,4-57,4,20,region,region,Administrative Region
Statistical-Yearbook-2024.xlsx,4-57,18,1,total,الإجمالي,الإجمالي
Statistical-Yearbook-2024.xlsx,4-57,18,20,total,total,Total
Statistical-Yearbook-2024.xlsx,4-57,19,1,source,المصدر,المصدر: مجلس الضمان الصحي
Statistical-Yearbook-2024.xlsx,4-57,19,20,source,source,Source: Council of Health Insurance
Statistical-Yearbook-2024.xlsx,4-58,1,1,year,عام,أعداد العينات والاختبارات التي أجريت بإدارات ووحدات خدمات السموم الشرعية بوزارة الصحة  حسب فروع ومكاتب الوزارة لعام 2024م.
Statistical-Yearbook-2024.xlsx,4-58,4,9,region,region,Health Region
Statistical-Yearbook-2024.xlsx,4-58,5,6,total,total,Total No. of Samples
Statistical-Yearbook-2024.xlsx,4-58,23,1,total,المجموع,المجموع
Statistical-Yearbook-2024.xlsx,4-58,23,8,total,total,Total
Statistical-Yearbook-2024.xlsx,4-59,1,1,region,المنطقة,أنشطة بنوك الدم بوزارة الصحة حسب المنطقة الصحية عام 2024م.
Statistical-Yearbook-2024.xlsx,4-59,1,1,year,عام,أنشطة بنوك الدم بوزارة الصحة حسب المنطقة الصحية عام 2024م.
Statistical-Yearbook-2024.xlsx,4-59,2,1,region,region,"Activities at MoH Blood Banks by Health Region, 2024G."
Statistical-Yearbook-2024.xlsx,4-59,2,1,activity,activities,"Activities at MoH Blood Banks by Health Region, 2024G."
Statistical-Yearbook-2024.xlsx,4-59,4,1,region,المنطقة,المنطقة الصحية
Statistical-Yearbook-2024.xlsx,4-59,4,5,region,region,Health Region
Statistical-Yearbook-2024.xlsx,4-59,26,1,total,المجموع,المجموع
Statistical-Yearbook-2024.xlsx,4-59,26,5,total,total,Total
Statistical-Yearbook-2024.xlsx,4-59,27,1,source,المصدر,المصدر: مركز خدمات نقل الدم
Statistical-Yearbook-2024.xlsx,4-59,27,5,source,source,Source: Blood Transfusion Services Center
Statistical-Yearbook-2024.xlsx,4-60,2,1,year,year,Activities at MoH Blood Banks in the last Five Years
Statistical-Yearbook-2024.xlsx,4-60,2,1,activity,activities,Activities at MoH Blood Banks in the last Five Years
Statistical-Yearbook-2024.xlsx,4-60,4,1,activity,النشاط,النشاط
Statistical-Yearbook-2024.xlsx,4-60,4,10,activity,activity,Activity
Statistical-Yearbook-2024.xlsx,4-61,1,1,year,عام,أنشطة بنوك الدم بالجهات الحكومية الأخرى لعام 2024م
Statistical-Yearbook-2024.xlsx,4-61,2,1,activity,activities,"Activities of Blood Banks at  Other Governmental Sector, 2024G"
Statistical-Yearbook-2024.xlsx,4-61,9,1,hospital,مستشفى,مستشفى الملك فيصل التخصصي ومركز الأبحاث
Statistical-Yearbook-2024.xlsx,4-61,9,6,hospital,hospital,King Faisal Specialist Hospital
Statistical-Yearbook-2024.xlsx,4-61,12,1,total,المجموع,المجموع
Statistical-Yearbook-2024.xlsx,4-61,12,6,total,total,Total
Statistical-Yearbook-2024.xlsx,4-61,13,1,year,عام,عدد الفحوص بوزارة الدفاع لعام 2023م لعدم ورود بيانات 2024م
Statistical-Yearbook-2024.xlsx,4-62,1,1,region,المنطقة,الحالات المعروضة على مراكز الطب الشرعي بوزارة الصحة حسب المنطقة الصحية وطبيعة الفحص الطبي الشرعي لعام 2024م
Statistical-Yearbook-2024.xlsx,4-62,1,1,year,عام,الحالات المعروضة على مراكز الطب الشرعي بوزارة الصحة حسب المنطقة الصحية وطبيعة الفحص الطبي الشرعي لعام 2024م
Statistical-Yearbook-2024.xlsx,4-62,2,1,region,region,"Cases of MoH Forensic Medicine Centers by Health Region and Different Examinations, 2024G."
Statistical-Yearbook-2024.xlsx,4-62,4,1,region,المنطقة,المنطقة الصحية
Statistical-Yearbook-2024.xlsx,4-62,4,4,total,المجموع,المجموع
Statistical-Yearbook-2024.xlsx,4-62,4,7,total,الإجمالي,الإجمالي
Statistical-Yearbook-2024.xlsx,4-62,4,8,region,region,Health Region
Statistical-Yearbook-2024.xlsx,4-62,6,4,total,total,Total
Statistical-Yearbook-2024.xlsx,4-62,6,7,total,total,Grand Total
Statistical-Yearbook-2024.xlsx,4-62,28,1,total,المجموع,المجموع
Statistical-Yearbook-2024.xlsx,4-62,28,8,total,total,Total
Statistical-Yearbook-2024.xlsx,4-63,1,1,year,عام,الإحالات شاملة الإحالات العكسية التي تمت إحالتها إلى المستشفيات الحكومية العامة أو التخصصية حسب التجمع المحيل والمستقبل عام 2024م.
Statistical-Yearbook-2024.xlsx,4-63,1,1,hospital,المستشفيات,الإحالات شاملة الإحالات العكسية التي تمت إحالتها إلى المستشفيات الحكومية العامة أو التخصصية حسب التجمع المحيل والمستقبل عام 2024م.
Statistical-Yearbook-2024.xlsx,4-63,2,1,hospital,hospital,Referrals including reverse referrals to general or specialized government hospitals according to the referring and receiving cluster in 2024 G.
Statistical-Yearbook-2024.xlsx,4-63,4,22,total,المجموع,المجموع
Statistical-Yearbook-2024.xlsx,4-63,5,22,total,total,Total
Statistical-Yearbook-2024.xlsx,4-63,26,1,total,المجموع,المجموع
Statistical-Yearbook-2024.xlsx,4-63,26,23,total,total,Total
Statistical-Yearbook-2024.xlsx,4-64,1,1,year,عام,الحالات التي أرسلت للعلاج بالخارج من قبل الهيئة الطبية العليا حسب الدولة والحالة الطبية عام  2024م.
Statistical-Yearbook-2024.xlsx,4-64,4,8,total,الإجمالي,الإجمالي
Statistical-Yearbook-2024.xlsx,4-64,5,8,total,total,Total
Statistical-Yearbook-2024.xlsx,4-64,11,1,year,عام,الجراحة العامة
Statistical-Yearbook-2024.xlsx,4-64,21,1,year,عام,الباطنة العامة
Statistical-Yearbook-2024.xlsx,4-64,26,1,total,المجموع,المجموع
Statistical-Yearbook-2024.xlsx,4-64,26,9,total,total,Total
Statistical-Yearbook-2024.xlsx,4-65,1,1,year,عام,المرضى المحالون إلى أقسام الخدمة الاجتماعية بمستشفيات وزارة الصحة حسب أسباب البحث الاجتماعي والجنس عام 2024م.
Statistical-Yearbook-2024.xlsx,4-65,2,1,hospital,hospital,"Cases Referred to Social Service Departements at MOH Hospitals, According to Cause of Social Investigation and Gender, 2024G."
Statistical-Yearbook-2024.xlsx,4-65,4,4,total,total,"الإجمالي
Total"
Statistical-Yearbook-2024.xlsx,4-66,1,1,year,عام,عدد الوجبات التقريبي لمستحقي التغذية في مستشفيات وزارة الصحة حسب فروع ومكاتب الوزارة  لعام 2024م.
Statistical-Yearbook-2024.xlsx,4-66,2,1,hospital,hospital,"Approximate No. of Meals Served in MoH Hospitals by MoH Branches & Offices, 2024G."
Statistical-Yearbook-2024.xlsx,4-66,4,2,bed,أسرة,عدد الأسرة
Statistical-Yearbook-2024.xlsx,4-66,4,4,nurse,تمريض,وجبات التمريض والمناوبين
Statistical-Yearbook-2024.xlsx,4-66,4,9,year,السنة,متوسط وجبات المرضى لكل سرير في السنة
Statistical-Yearbook-2024.xlsx,4-66,4,9,bed,سرير,متوسط وجبات المرضى لكل سرير في السنة
Statistical-Yearbook-2024.xlsx,4-66,5,2,bed,bed,No. of beds
Statistical-Yearbook-2024.xlsx,4-66,5,4,nurse,nurse,Nurses & on duties meals
Statistical-Yearbook-2024.xlsx,4-66,5,6,total,total,Total no. of meals
Statistical-Yearbook-2024.xlsx,4-66,5,8,total,total,Percent of  patient  meals / total meals
Statistical-Yearbook-2024.xlsx,4-66,5,9,year,year,Average  patient      meals /  bed in year
Statistical-Yearbook-2024.xlsx,4-66,5,9,bed,bed,Average  patient      meals /  bed in year
Statistical-Yearbook-2024.xlsx,4-66,26,1,total,المجموع,المجموع
Statistical-Yearbook-2024.xlsx,4-66,26,10,total,total,Total
Statistical-Yearbook-2024.xlsx,4-66,27,1,year,عام,المصدر: الإدارة العامة للتغذية
Statistical-Yearbook-2024.xlsx,4-66,27,1,source,المصدر,المصدر: الإدارة العامة للتغذية
Statistical-Yearbook-2024.xlsx,4-67,1,1,year,عام,عدد المستشفيات المنفذة لبرنامج الرعاية الصحية المنزلية بوزارة الصحة والعاملين وعدد المستفيدين حسب فروع الوزارة لعام 2024م
Statistical-Yearbook-2024.xlsx,4-67,1,1,hospital,المستشفيات,عدد المستشفيات المنفذة لبرنامج الرعاية الصحية المنزلية بوزارة الصحة والعاملين وعدد المستفيدين حسب فروع الوزارة لعام 2024م
Statistical-Yearbook-2024.xlsx,4-67,2,1,hospital,hospital,"Number of MoH Hospitals Implementing Home Health Care Program, Manpower and Beneficiaries by MoH Branches, 2024 G"
Statistical-Yearbook-2024.xlsx,4-67,4,2,hospital,المستشفيات,عدد المستشفيات
Statistical-Yearbook-2024.xlsx,4-67,4,4,year,عام,عدد العاملين
Statistical-Yearbook-2024.xlsx,4-67,4,6,year,عام,عدد المستفيدين التراكمي نهاية عام 2024
Statistical-Yearbook-2024.xlsx,4-67,5,2,hospital,hospital,No. of Hospitals
Statistical-Yearbook-2024.xlsx,4-67,23,1,total,المجموع,المجموع
Statistical-Yearbook-2024.xlsx,4-67,23,7,total,total,Total
Statistical-Yearbook-2024.xlsx,4-68,1,1,year,عام,الخدمات المقدمة من الإدارة العامة لمراكز الاتصال خلال الأعوام الخمسة الأخيرة
Statistical-Yearbook-2024.xlsx,4-68,2,1,year,year,Services Provided by General Directorate for Call Centers in the Last Five Years.
Statistical-Yearbook-2024.xlsx,4-69,1,1,year,عام,مؤشرات الإدارة العامة لمراكز الاتصال للأعوام الخمسة الأخيرة
Statistical-Yearbook-2024.xlsx,4-69,2,1,year,year,Indicators of the General Directorate for Call Centers in the Last Five Years.
Statistical-Yearbook-2024.xlsx,4-69,26,1,year,عام,المصدر: الإدارة العامة لمراكز الإتصال
Statistical-Yearbook-2024.xlsx,4-69,26,1,source,المصدر,المصدر: الإدارة العامة لمراكز الإتصال
Statistical-Yearbook-2024.xlsx,4-69,26,7,source,source,Source: General Directorate for Call Centers
Statistical-Yearbook-2024.xlsx,4-70,1,1,hospital,مستشفى,الخدمات التخصصية لمستشفى صحة الافتراضي - 2024م
Statistical-Yearbook-2024.xlsx,4-70,2,1,hospital,hospital,SEHA Virtual Hospital  Specialized Services- 2024G
Statistical-Yearbook-2024.xlsx,4-70,6,2,hospital,المستشفيات,عدد المستشفيات
Statistical-Yearbook-2024.xlsx,4-70,6,5,hospital,المستشفيات,عدد المستشفيات
Statistical-Yearbook-2024.xlsx,4-70,6,7,hospital,المستشفيات,عدد المستشفيات
Statistical-Yearbook-2024.xlsx,4-70,6,9,hospital,المستشفيات,عدد المستشفيات
Statistical-Yearbook-2024.xlsx,4-70,6,11,hospital,المستشفيات,عدد المستشفيات
Statistical-Yearbook-2024.xlsx,4-70,6,13,hospital,المستشفيات,عدد المستشفيات
Statistical-Yearbook-2024.xlsx,4-70,6,15,hospital,المستشفيات,عدد المستشفيات
Statistical-Yearbook-2024.xlsx,4-70,6,17,hospital,المستشفيات,عدد المستشفيات
Statistical-Yearbook-2024.xlsx,4-70,6,19,hospital,المستشفيات,عدد المستشفيات
Statistical-Yearbook-2024.xlsx,4-70,6,21,total,total,Total cases
Statistical-Yearbook-2024.xlsx,4-70,7,2,hospital,hospital,No. of hospitals
Statistical-Yearbook-2024.xlsx,4-70,7,5,hospital,hospital,No. of hospitals
Statistical-Yearbook-2024.xlsx,4-70,7,7,hospital,hospital,No. of hospitals
Statistical-Yearbook-2024.xlsx,4-70,7,9,hospital,hospital,No. of hospitals
Statistical-Yearbook-2024.xlsx,4-70,7,11,hospital,hospital,No. of hospitals
Statistical-Yearbook-2024.xlsx,4-70,7,13,hospital,hospital,No. of hospitals
Statistical-Yearbook-2024.xlsx,4-70,7,15,hospital,hospital,No. of hospitals
Statistical-Yearbook-2024.xlsx,4-70,7,17,hospital,hospital,No. of hospitals
Statistical-Yearbook-2024.xlsx,4-70,7,19,hospital,hospital,No. of hospitals
Statistical-Yearbook-2024.xlsx,4-70,11,22,total,total,Total Health Clusters - Riyadh
Statistical-Yearbook-2024.xlsx,4-70,12,22,hospital,hospital,Other Governmental Hospitals- Riyadh
Statistical-Yearbook-2024.xlsx,4-70,16,22,total,total,Total Health Clusters - Jeddah
Statistical-Yearbook-2024.xlsx,4-70,32,1,total,المجموع,المجموع
Statistical-Yearbook-2024.xlsx,4-70,32,22,total,total,Total
Statistical-Yearbook-2024.xlsx,4-71,1,1,year,عام,عدد المواعيد الافتراضية المكتملة بمرافق وزارة الصحة حسب التجمعات الصحية  لعام 2024م.
Statistical-Yearbook-2024.xlsx,4-71,4,5,total,المجموع,المجموع
Statistical-Yearbook-2024.xlsx,4-71,5,3,hospital,hospital,Number of completed virtual appointments for Hospitals
Statistical-Yearbook-2024.xlsx,4-71,5,5,total,total,Total
Statistical-Yearbook-2024.xlsx,4-71,26,1,hospital,مستشفى,مستشفى صحة الافتراضي
Statistical-Yearbook-2024.xlsx,4-71,26,6,hospital,hospital,SEHA Virtual Hospital
Statistical-Yearbook-2024.xlsx,4-71,28,1,total,الإجمالي,الإجمالي
Statistical-Yearbook-2024.xlsx,4-71,28,6,total,total,Total
Statistical-Yearbook-2024.xlsx,4-72,1,1,year,عام,خدمات الصحة المدرسية حسب نوع الخدمة وفروع الوزارة  لعام 2024م
Statistical-Yearbook-2024.xlsx,4-72,24,1,total,المجموع,المجموع
Statistical-Yearbook-2024.xlsx,4-72,24,6,total,total,Total
Statistical-Yearbook-2024.xlsx,fig1,39,2,year,year,Year
Statistical-Yearbook-2024.xlsx,fig2,36,2,year,year,Year
Statistical-Yearbook-2024.xlsx,fig3,1,1,hospital,مستشفى,متوسط مدة الإقامة للمرضى داخل المستشفى (بالأيام)
Statistical-Yearbook-2024.xlsx,fig3,40,2,year,year,Year
Statistical-Yearbook-2024.xlsx,fig4,37,2,year,year,Year
Statistical-Yearbook-2024.xlsx,fig5,1,1,activity,العمليات,غرفة العمليات – متوسط وقت انتظار الجراحة (بالأيام)
Statistical-Yearbook-2024.xlsx,fig6,39,2,year,year,Year
Statistical-Yearbook-2024.xlsx,فهرس الباب الخامس,4,2,year,year,Pilgrims From Inside and Outside the Kingdom in the last Ten Years
Statistical-Yearbook-2024.xlsx,فهرس الباب الخامس,7,2,year,عام,العاملون بوزارة الصحة والمخصصون للعمل خلال موسم حج 1445هـ (2024م).
Statistical-Yearbook-2024.xlsx,فهرس الباب الخامس,10,2,activity,activities,"Activities of Control Health Centers at Entry Points ( Preventive Care ), 1445H (2024G)."
Statistical-Yearbook-2024.xlsx,فهرس الباب الخامس,12,2,year,year,Hajj Visits to PHCs  in the Last Five Years
Statistical-Yearbook-2024.xlsx,فهرس الباب الخامس,12,2,activity,visits,Hajj Visits to PHCs  in the Last Five Years
Statistical-Yearbook-2024.xlsx,فهرس الباب الخامس,13,2,hospital,المستشفيات,زيارات الحجاج لأقسام الطوارئ بالمستشفيات في الأعوام الخمسة الأخيرة
Statistical-Yearbook-2024.xlsx,فهرس الباب الخامس,14,2,year,year,Hajj Visits to ER Hospital Departments in the Last Five Years
Statistical-Yearbook-2024.xlsx,فهرس الباب الخامس,14,2,hospital,hospital,Hajj Visits to ER Hospital Departments in the Last Five Years
Statistical-Yearbook-2024.xlsx,فهرس الباب الخامس,14,2,activity,visits,Hajj Visits to ER Hospital Departments in the Last Five Years
Statistical-Yearbook-2024.xlsx,فهرس الباب الخامس,15,2,hospital,المستشفيات,زيارات الحجاج للعيادات الخارجية بالمستشفيات في الأعوام الخمسة الأخيرة
Statistical-Yearbook-2024.xlsx,فهرس الباب الخامس,16,2,year,year,Hajj Visits to Hospital OPDs in the Last Five Years
Statistical-Yearbook-2024.xlsx,فهرس الباب الخامس,16,2,hospital,hospital,Hajj Visits to Hospital OPDs in the Last Five Years
Statistical-Yearbook-2024.xlsx,فهرس الباب الخامس,16,2,activity,visits,Hajj Visits to Hospital OPDs in the Last Five Years
Statistical-Yearbook-2024.xlsx,فهرس الباب الخامس,17,2,hospital,المستشفيات,حالات التنويم من الحجاج  بأقسام المستشفيات في الأعوام الخمسة الأخيرة
Statistical-Yearbook-2024.xlsx,فهرس الباب الخامس,17,2,activity,التنويم,حالات التنويم من الحجاج  بأقسام المستشفيات في الأعوام الخمسة الأخيرة
Statistical-Yearbook-2024.xlsx,فهرس الباب الخامس,18,2,year,year,Hajj Admissions to Hospital Departments in the Last Five Years
Statistical-Yearbook-2024.xlsx,فهرس الباب الخامس,18,2,hospital,hospital,Hajj Admissions to Hospital Departments in the Last Five Years
Statistical-Yearbook-2024.xlsx,فهرس الباب الخامس,18,2,activity,admissions,Hajj Admissions to Hospital Departments in the Last Five Years
Statistical-Yearbook-2024.xlsx,فهرس الباب الخامس,20,2,year,year,Heat exhaustion Cases among Hajj in the Last Five Years
Statistical-Yearbook-2024.xlsx,فهرس الباب الخامس,22,2,year,year,Heat Stroke Cases among Hajj in the Last Five Years
Statistical-Yearbook-2024.xlsx,فهرس الباب الخامس,28,2,year,year,Cardiac Catheter Cases among Hajj in the Last Five Years
Statistical-Yearbook-2024.xlsx,فهرس الباب الخامس,30,2,year,year,Open Heart Surgery among Hajj in the Last Five Years
Statistical-Yearbook-2024.xlsx,فهرس الباب الخامس,32,2,year,year,Renal Dialysis Sessions among Hajj in the Last Five Years
Statistical-Yearbook-2024.xlsx,فهرس الباب الخامس,34,2,year,year,Endoscopy Cases among Hajj in the Last Five Years
Statistical-Yearbook-2024.xlsx,فهرس الباب الخامس,36,2,year,year,Deliveries among Hajj in the Last Five Years
Statistical-Yearbook-2024.xlsx,5-1,2,1,year,year,Pilgrims From Inside and Outside the Kingdom in the last Ten Years
Statistical-Yearbook-2024.xlsx,5-1,4,1,year,عام,العام الهجري
Statistical-Yearbook-2024.xlsx,5-1,4,2,total,جملة,جملة الحجاج
Statistical-Yearbook-2024.xlsx,5-1,4,7,year,عام,العام الميلادي
Statistical-Yearbook-2024.xlsx,5-1,5,1,year,year,H. Year
Statistical-Yearbook-2024.xlsx,5-1,5,2,total,total,Total No. of Plgrims
Statistical-Yearbook-2024.xlsx,5-1,5,7,year,year,G. Year
Statistical-Yearbook-2024.xlsx,5-1,16,1,year,عام,المصدر : الهيئة العامة للإحصاء
Statistical-Yearbook-2024.xlsx,5-1,16,1,source,المصدر,المصدر : الهيئة العامة للإحصاء
Statistical-Yearbook-2024.xlsx,5-1,16,5,source,source,Source: General Authority for Statistics
Statistical-Yearbook-2024.xlsx,5-2,4,5,total,المجموع,المجموع
Statistical-Yearbook-2024.xlsx,5-2,5,5,total,total,Total
Statistical-Yearbook-2024.xlsx,5-2,6,6,hospital,hospital,Permanent hospitals
Statistical-Yearbook-2024.xlsx,5-2,7,6,hospital,hospital,Seasonal hospitals
Statistical-Yearbook-2024.xlsx,5-2,8,6,hospital,hospital,Field Hospitals
Statistical-Yearbook-2024.xlsx,5-2,9,1,bed,أسرة,عدد أسرة التنويم
Statistical-Yearbook-2024.xlsx,5-2,9,1,activity,التنويم,عدد أسرة التنويم
Statistical-Yearbook-2024.xlsx,5-2,9,6,bed,bed,Inpatient Beds
Statistical-Yearbook-2024.xlsx,5-2,10,1,bed,أسرة,عدد أسرة العناية المركزة
Statistical-Yearbook-2024.xlsx,5-2,10,6,bed,bed,ICU Beds
Statistical-Yearbook-2024.xlsx,5-3,1,1,year,عام,العاملون بوزارة الصحة والمخصصون للعمل خلال موسم حج 1445هـ (2024م).
Statistical-Yearbook-2024.xlsx,5-3,4,8,total,الإجمالي,الإجمالي
Statistical-Yearbook-2024.xlsx,5-3,5,4,total,total,"الإجمالي
Total"
Statistical-Yearbook-2024.xlsx,5-3,5,7,total,total,"الإجمالي
Total"
Statistical-Yearbook-2024.xlsx,5-3,5,8,total,total,Total
Statistical-Yearbook-2024.xlsx,5-3,6,1,physician,طبيب,طبيب استشاري
Statistical-Yearbook-2024.xlsx,5-3,6,9,physician,physician,Consultant Physician
Statistical-Yearbook-2024.xlsx,5-3,7,1,physician,طبيب,طبيب نائب
Statistical-Yearbook-2024.xlsx,5-3,7,9,physician,physician,Registrar Physician
Statistical-Yearbook-2024.xlsx,5-3,8,1,year,عام,طبيب عام
Statistical-Yearbook-2024.xlsx,5-3,8,1,physician,طبيب,طبيب عام
Statistical-Yearbook-2024.xlsx,5-3,10,1,nurse,ممرض,ممرض
Statistical-Yearbook-2024.xlsx,5-3,10,9,nurse,nurse,Nurse
Statistical-Yearbook-2024.xlsx,5-3,14,1,year,عام,عامل / سائق
Statistical-Yearbook-2024.xlsx,5-3,15,1,total,الإجمالي,الإجمالي
Statistical-Yearbook-2024.xlsx,5-3,15,9,total,total,Total
Statistical-Yearbook-2024.xlsx,5-4,2,1,activity,activities,"Activities of Control Health Centers at Entry Points ( Preventive Care ), 1445H (2024G)."
Statistical-Yearbook-2024.xlsx,5-4,9,1,total,المجموع,المجموع
Statistical-Yearbook-2024.xlsx,5-4,9,8,total,total,Total
Statistical-Yearbook-2024.xlsx,5-5,2,1,year,year,Pilgrims' Visits to PHCs  in the Last Five Years
Statistical-Yearbook-2024.xlsx,5-5,2,1,activity,visits,Pilgrims' Visits to PHCs  in the Last Five Years
Statistical-Yearbook-2024.xlsx,5-5,4,1,region,المنطقة,المنطقة
Statistical-Yearbook-2024.xlsx,5-5,4,7,region,region,Region
Statistical-Yearbook-2024.xlsx,5-5,9,1,total,الإجمالي,الإجمالي
Statistical-Yearbook-2024.xlsx,5-5,9,7,total,total,Total
Statistical-Yearbook-2024.xlsx,5-6,1,1,hospital,المستشفيات,زيارات الحجاج لأقسام الطوارئ بالمستشفيات في الأعوام الخمسة الأخيرة
Statistical-Yearbook-2024.xlsx,5-6,2,1,year,year,Pilgrims' Visits to ER Hospital Departments in the Last Five Years
Statistical-Yearbook-2024.xlsx,5-6,2,1,hospital,hospital,Pilgrims' Visits to ER Hospital Departments in the Last Five Years
Statistical-Yearbook-2024.xlsx,5-6,2,1,activity,visits,Pilgrims' Visits to ER Hospital Departments in the Last Five Years
Statistical-Yearbook-2024.xlsx,5-6,4,1,region,المنطقة,المنطقة
Statistical-Yearbook-2024.xlsx,5-6,4,7,region,region,Region
Statistical-Yearbook-2024.xlsx,5-6,9,1,total,الإجمالي,الإجمالي
Statistical-Yearbook-2024.xlsx,5-6,9,7,total,total,Total
Statistical-Yearbook-2024.xlsx,5-7,1,1,hospital,المستشفيات,زيارات الحجاج للعيادات الخارجية بالمستشفيات في الأعوام الخمسة الأخيرة
Statistical-Yearbook-2024.xlsx,5-7,2,1,year,year,Pilgrims' Visits to Hospital OPDs in the Last Five Years
Statistical-Yearbook-2024.xlsx,5-7,2,1,hospital,hospital,Pilgrims' Visits to Hospital OPDs in the Last Five Years
Statistical-Yearbook-2024.xlsx,5-7,2,1,activity,visits,Pilgrims' Visits to Hospital OPDs in the Last Five Years
Statistical-Yearbook-2024.xlsx,5-7,4,1,region,المنطقة,المنطقة
Statistical-Yearbook-2024.xlsx,5-7,4,7,region,region,Region
Statistical-Yearbook-2024.xlsx,5-7,9,1,total,الإجمالي,الإجمالي
Statistical-Yearbook-2024.xlsx,5-7,9,7,total,total,Total
Statistical-Yearbook-2024.xlsx,5-8,1,1,hospital,المستشفيات,حالات التنويم من الحجاج  بأقسام المستشفيات في الأعوام الخمسة الأخيرة
Statistical-Yearbook-2024.xlsx,5-8,1,1,activity,التنويم,حالات التنويم من الحجاج  بأقسام المستشفيات في الأعوام الخمسة الأخيرة
Statistical-Yearbook-2024.xlsx,5-8,2,1,year,year,Pilgrims' Admissions to Hospital Departments in the Last Five Years
Statistical-Yearbook-2024.xlsx,5-8,2,1,hospital,hospital,Pilgrims' Admissions to Hospital Departments in the Last Five Years
Statistical-Yearbook-2024.xlsx,5-8,2,1,activity,admissions,Pilgrims' Admissions to Hospital Departments in the Last Five Years
Statistical-Yearbook-2024.xlsx,5-8,4,1,region,المنطقة,المنطقة
Statistical-Yearbook-2024.xlsx,5-8,4,7,region,region,Region
Statistical-Yearbook-2024.xlsx,5-8,9,1,total,الإجمالي,الإجمالي
Statistical-Yearbook-2024.xlsx,5-8,9,7,total,total,Total
Statistical-Yearbook-2024.xlsx,5-9,2,1,year,year,Heat exhaustion Cases among Pilgrims in the Last Five Years
Statistical-Yearbook-2024.xlsx,5-9,4,1,region,المنطقة,المنطقة
Statistical-Yearbook-2024.xlsx,5-9,4,7,region,region,Region
Statistical-Yearbook-2024.xlsx,5-9,9,1,total,الإجمالي,الإجمالي
Statistical-Yearbook-2024.xlsx,5-9,9,7,total,total,Total
Statistical-Yearbook-2024.xlsx,5-10,2,1,year,year,Heat Stroke Cases among Pilgrims in the Last Five Years
Statistical-Yearbook-2024.xlsx,5-10,4,1,region,المنطقة,المنطقة
Statistical-Yearbook-2024.xlsx,5-10,4,7,region,region,Region
Statistical-Yearbook-2024.xlsx,5-10,9,1,total,الإجمالي,الإجمالي
Statistical-Yearbook-2024.xlsx,5-10,9,7,total,total,Total
Statistical-Yearbook-2024.xlsx,5-11,2,1,year,year,Cardiac Catheters Performed for Pilgrims in the Last Five Years
Statistical-Yearbook-2024.xlsx,5-11,4,1,region,المنطقة,المنطقة
Statistical-Yearbook-2024.xlsx,5-11,4,7,region,region,Region
Statistical-Yearbook-2024.xlsx,5-11,9,1,total,الإجمالي,الإجمالي
Statistical-Yearbook-2024.xlsx,5-11,9,7,total,total,Total
Statistical-Yearbook-2024.xlsx,5-12,2,1,year,year,Open Heart Surgery Performed for Pilgrims in the Last Five Years
Statistical-Yearbook-2024.xlsx,5-12,4,1,region,المنطقة,المنطقة
Statistical-Yearbook-2024.xlsx,5-12,4,7,region,region,Region
Statistical-Yearbook-2024.xlsx,5-12,9,1,total,الإجمالي,الإجمالي
Statistical-Yearbook-2024.xlsx,5-12,9,7,total,total,Total
Statistical-Yearbook-2024.xlsx,5-13,2,1,year,year,Renal Dialysis Sessions Performed for Pilgrims in the Last Five Years
Statistical-Yearbook-2024.xlsx,5-13,4,1,region,المنطقة,المنطقة
Statistical-Yearbook-2024.xlsx,5-13,4,7,region,region,Region
Statistical-Yearbook-2024.xlsx,5-13,9,1,total,الإجمالي,الإجمالي
Statistical-Yearbook-2024.xlsx,5-13,9,7,total,total,Total
Statistical-Yearbook-2024.xlsx,5-14,2,1,year,year,Endoscopy Performed for Pilgrims in the Last Five Years
Statistical-Yearbook-2024.xlsx,5-14,4,1,region,المنطقة,المنطقة
Statistical-Yearbook-2024.xlsx,5-14,4,7,region,region,Region
Statistical-Yearbook-2024.xlsx,5-14,9,1,total,الإجمالي,الإجمالي
Statistical-Yearbook-2024.xlsx,5-14,9,7,total,total,Total
Statistical-Yearbook-2024.xlsx,5-15,2,1,year,year,Deliveries among Pilgrims in the Last Five Years
Statistical-Yearbook-2024.xlsx,5-15,4,1,region,المنطقة,المنطقة
Statistical-Yearbook-2024.xlsx,5-15,4,7,region,region,Region
Statistical-Yearbook-2024.xlsx,5-15,9,1,total,الإجمالي,الإجمالي
Statistical-Yearbook-2024.xlsx,5-15,9,7,total,total,Total
