workbook_name,sheet_name,row_number,column_number,region_candidate
2022-Chapter-I-Health-Indicators.xlsx,5,5,1,الرياض
2022-Chapter-I-Health-Indicators.xlsx,5,5,8,Riyadh
2022-Chapter-I-Health-Indicators.xlsx,5,9,1,المدينة المنورة
2022-Chapter-I-Health-Indicators.xlsx,5,10,1,القصيم
2022-Chapter-I-Health-Indicators.xlsx,5,11,1,الشرقية
2022-Chapter-I-Health-Indicators.xlsx,5,11,8,Eastern
2022-Chapter-I-Health-Indicators.xlsx,5,14,1,عسير
2022-Chapter-I-Health-Indicators.xlsx,5,16,1,تبوك
2022-Chapter-I-Health-Indicators.xlsx,5,17,1,حائل
2022-Chapter-I-Health-Indicators.xlsx,5,18,1,الحدود الشمالية
2022-Chapter-I-Health-Indicators.xlsx,5,19,1,جازان
2022-Chapter-I-Health-Indicators.xlsx,5,19,8,Jazan
2022-Chapter-I-Health-Indicators.xlsx,5,20,1,نجران
2022-Chapter-I-Health-Indicators.xlsx,5,20,8,Najran
2022-Chapter-I-Health-Indicators.xlsx,5,21,1,الباحة
2022-Chapter-I-Health-Indicators.xlsx,5,21,8,Al- Bahah
2022-Chapter-I-Health-Indicators.xlsx,5,22,1,الجوف
2022-Chapter-I-Health-Indicators.xlsx,5,22,8,Al- Jouf
2022-Chapter-I-Health-Indicators.xlsx,11,6,1,الرياض
2022-Chapter-I-Health-Indicators.xlsx,11,6,5,Riyadh
2022-Chapter-I-Health-Indicators.xlsx,11,10,1,المدينة المنورة
2022-Chapter-I-Health-Indicators.xlsx,11,11,1,القصيم
2022-Chapter-I-Health-Indicators.xlsx,11,12,5,Eastern
2022-Chapter-I-Health-Indicators.xlsx,11,15,1,عسير
2022-Chapter-I-Health-Indicators.xlsx,11,17,1,تبوك
2022-Chapter-I-Health-Indicators.xlsx,11,18,1,حائل
2022-Chapter-I-Health-Indicators.xlsx,11,20,1,جازان
2022-Chapter-I-Health-Indicators.xlsx,11,20,5,Jazan
2022-Chapter-I-Health-Indicators.xlsx,11,21,1,نجران
2022-Chapter-I-Health-Indicators.xlsx,11,21,5,Najran
2022-Chapter-I-Health-Indicators.xlsx,11,22,5,Al-Bahah
2022-Chapter-I-Health-Indicators.xlsx,11,23,1,الجوف
2022-Chapter-I-Health-Indicators.xlsx,11,23,5,Al-Jouf
2022-Chapter-I-Health-Indicators.xlsx,12,5,1,الرياض
2022-Chapter-I-Health-Indicators.xlsx,12,5,15,Riyadh
2022-Chapter-I-Health-Indicators.xlsx,12,6,1,مكة المكرمة
2022-Chapter-I-Health-Indicators.xlsx,12,6,15,Makkah
2022-Chapter-I-Health-Indicators.xlsx,12,7,1,المدينة المنورة
2022-Chapter-I-Health-Indicators.xlsx,12,8,1,القصيم
2022-Chapter-I-Health-Indicators.xlsx,12,9,1,المنطقة الشرقية
2022-Chapter-I-Health-Indicators.xlsx,12,9,15,Eastern
2022-Chapter-I-Health-Indicators.xlsx,12,10,1,عسير
2022-Chapter-I-Health-Indicators.xlsx,12,11,1,تبوك
2022-Chapter-I-Health-Indicators.xlsx,12,12,1,حائل
2022-Chapter-I-Health-Indicators.xlsx,12,13,1,الحدود الشمالية
2022-Chapter-I-Health-Indicators.xlsx,12,14,1,جازان
2022-Chapter-I-Health-Indicators.xlsx,12,14,15,Jazan
2022-Chapter-I-Health-Indicators.xlsx,12,15,1,نجران
2022-Chapter-I-Health-Indicators.xlsx,12,15,15,Najran
2022-Chapter-I-Health-Indicators.xlsx,12,16,1,الباحة
2022-Chapter-I-Health-Indicators.xlsx,12,16,15,Al-Bahah
2022-Chapter-I-Health-Indicators.xlsx,12,17,1,الجوف
2022-Chapter-I-Health-Indicators.xlsx,12,17,15,Al-Jouf
2022-Chapter-II-Health-Resources.xlsx,2-3,8,1,الرياض
2022-Chapter-II-Health-Resources.xlsx,2-3,8,10,Riyadh
2022-Chapter-II-Health-Resources.xlsx,2-3,12,1,المدينة المنورة
2022-Chapter-II-Health-Resources.xlsx,2-3,13,1,القصيم
2022-Chapter-II-Health-Resources.xlsx,2-3,14,1,الشرقية
2022-Chapter-II-Health-Resources.xlsx,2-3,14,10,Eastern
2022-Chapter-II-Health-Resources.xlsx,2-3,17,1,عسير
2022-Chapter-II-Health-Resources.xlsx,2-3,19,1,تبوك
2022-Chapter-II-Health-Resources.xlsx,2-3,20,1,حائل
2022-Chapter-II-Health-Resources.xlsx,2-3,21,1,الحدود الشمالية
2022-Chapter-II-Health-Resources.xlsx,2-3,22,1,جازان
2022-Chapter-II-Health-Resources.xlsx,2-3,22,10,Jazan
2022-Chapter-II-Health-Resources.xlsx,2-3,23,1,نجران
2022-Chapter-II-Health-Resources.xlsx,2-3,23,10,Najran
2022-Chapter-II-Health-Resources.xlsx,2-3,24,1,الباحة
2022-Chapter-II-Health-Resources.xlsx,2-3,24,10,Al-Bahah
2022-Chapter-II-Health-Resources.xlsx,2-3,25,1,الجوف
2022-Chapter-II-Health-Resources.xlsx,2-3,25,10,Al-Jouf
2022-Chapter-II-Health-Resources.xlsx,2-6,6,1,الرياض
2022-Chapter-II-Health-Resources.xlsx,2-6,6,14,Riyadh
2022-Chapter-II-Health-Resources.xlsx,2-6,10,1,المدينة المنورة
2022-Chapter-II-Health-Resources.xlsx,2-6,11,1,القصيم
2022-Chapter-II-Health-Resources.xlsx,2-6,12,1,الشرقية
2022-Chapter-II-Health-Resources.xlsx,2-6,12,14,Eastern
2022-Chapter-II-Health-Resources.xlsx,2-6,15,1,عسير
2022-Chapter-II-Health-Resources.xlsx,2-6,17,1,تبوك
2022-Chapter-II-Health-Resources.xlsx,2-6,18,1,حائل
2022-Chapter-II-Health-Resources.xlsx,2-6,19,1,الحدود الشمالية
2022-Chapter-II-Health-Resources.xlsx,2-6,20,1,جازان
2022-Chapter-II-Health-Resources.xlsx,2-6,20,14,Jazan
2022-Chapter-II-Health-Resources.xlsx,2-6,21,1,نجران
2022-Chapter-II-Health-Resources.xlsx,2-6,21,14,Najran
2022-Chapter-II-Health-Resources.xlsx,2-6,22,1,الباحة
2022-Chapter-II-Health-Resources.xlsx,2-6,22,14,Al- Bahah
2022-Chapter-II-Health-Resources.xlsx,2-6,23,1,الجوف
2022-Chapter-II-Health-Resources.xlsx,2-6,23,14,Al- Jouf
2022-Chapter-II-Health-Resources.xlsx,2-7,4,3,الرياض
2022-Chapter-II-Health-Resources.xlsx,2-7,4,5,Riyadh
2022-Chapter-II-Health-Resources.xlsx,2-7,4,8,Makkah
2022-Chapter-II-Health-Resources.xlsx,2-7,5,3,Riyadh
2022-Chapter-II-Health-Resources.xlsx,2-7,33,3,المدينة المنورة
2022-Chapter-II-Health-Resources.xlsx,2-7,33,6,القصيم
2022-Chapter-II-Health-Resources.xlsx,2-7,33,9,الشرقية
2022-Chapter-II-Health-Resources.xlsx,2-7,33,11,Eastern
2022-Chapter-II-Health-Resources.xlsx,2-7,34,9,Eastern
2022-Chapter-II-Health-Resources.xlsx,2-10,9,1,الرياض
2022-Chapter-II-Health-Resources.xlsx,2-10,9,14,Riyadh
2022-Chapter-II-Health-Resources.xlsx,2-10,13,1,المدينة المنورة
2022-Chapter-II-Health-Resources.xlsx,2-10,14,1,القصيم
2022-Chapter-II-Health-Resources.xlsx,2-10,15,1,الشرقية
2022-Chapter-II-Health-Resources.xlsx,2-10,15,14,Eastern
2022-Chapter-II-Health-Resources.xlsx,2-10,18,1,عسير
2022-Chapter-II-Health-Resources.xlsx,2-10,20,1,تبوك
2022-Chapter-II-Health-Resources.xlsx,2-10,21,1,حائل
2022-Chapter-II-Health-Resources.xlsx,2-10,22,1,الحدود الشمالية
2022-Chapter-II-Health-Resources.xlsx,2-10,23,1,جازان
2022-Chapter-II-Health-Resources.xlsx,2-10,23,14,Jazan
2022-Chapter-II-Health-Resources.xlsx,2-10,24,1,نجران
2022-Chapter-II-Health-Resources.xlsx,2-10,24,14,Najran
2022-Chapter-II-Health-Resources.xlsx,2-10,25,1,الباحة
2022-Chapter-II-Health-Resources.xlsx,2-10,25,14,Al-Bahah
2022-Chapter-II-Health-Resources.xlsx,2-10,26,1,الجوف
2022-Chapter-II-Health-Resources.xlsx,2-10,26,14,Al-Jouf
2022-Chapter-II-Health-Resources.xlsx,2-11,7,1,الرياض
2022-Chapter-II-Health-Resources.xlsx,2-11,7,14,Riyadh
2022-Chapter-II-Health-Resources.xlsx,2-11,11,1,المدينة المنورة
2022-Chapter-II-Health-Resources.xlsx,2-11,12,1,القصيم
2022-Chapter-II-Health-Resources.xlsx,2-11,13,1,الشرقية
2022-Chapter-II-Health-Resources.xlsx,2-11,13,14,Eastern
2022-Chapter-II-Health-Resources.xlsx,2-11,16,1,عسير
2022-Chapter-II-Health-Resources.xlsx,2-11,18,1,تبوك
2022-Chapter-II-Health-Resources.xlsx,2-11,19,1,حائل
2022-Chapter-II-Health-Resources.xlsx,2-11,20,1,الحدود الشمالية
2022-Chapter-II-Health-Resources.xlsx,2-11,21,1,جازان
2022-Chapter-II-Health-Resources.xlsx,2-11,21,14,Jazan
2022-Chapter-II-Health-Resources.xlsx,2-11,22,1,نجران
2022-Chapter-II-Health-Resources.xlsx,2-11,22,14,Najran
2022-Chapter-II-Health-Resources.xlsx,2-11,23,1,الباحة
2022-Chapter-II-Health-Resources.xlsx,2-11,23,14,Al-Bahah
2022-Chapter-II-Health-Resources.xlsx,2-11,24,1,الجوف
2022-Chapter-II-Health-Resources.xlsx,2-11,24,14,Al-Jouf
2022-Chapter-II-Health-Resources.xlsx,2-12,8,1,الرياض
2022-Chapter-II-Health-Resources.xlsx,2-12,8,18,Riyadh
2022-Chapter-II-Health-Resources.xlsx,2-12,12,1,المدينة المنورة
2022-Chapter-II-Health-Resources.xlsx,2-12,13,1,القصيم
2022-Chapter-II-Health-Resources.xlsx,2-12,14,1,الشرقية
2022-Chapter-II-Health-Resources.xlsx,2-12,14,18,Eastern
2022-Chapter-II-Health-Resources.xlsx,2-12,17,1,عسير
2022-Chapter-II-Health-Resources.xlsx,2-12,19,1,تبوك
2022-Chapter-II-Health-Resources.xlsx,2-12,20,1,حائل
2022-Chapter-II-Health-Resources.xlsx,2-12,21,1,الحدود الشمالية
2022-Chapter-II-Health-Resources.xlsx,2-12,22,1,جازان
2022-Chapter-II-Health-Resources.xlsx,2-12,22,18,Jazan
2022-Chapter-II-Health-Resources.xlsx,2-12,23,1,نجران
2022-Chapter-II-Health-Resources.xlsx,2-12,23,18,Najran
2022-Chapter-II-Health-Resources.xlsx,2-12,24,1,الباحة
2022-Chapter-II-Health-Resources.xlsx,2-12,24,18,Al- Bahah
2022-Chapter-II-Health-Resources.xlsx,2-12,25,1,الجوف
2022-Chapter-II-Health-Resources.xlsx,2-12,25,18,Al -Jouf
2022-Chapter-II-Health-Resources.xlsx,2-13,6,1,الرياض
2022-Chapter-II-Health-Resources.xlsx,2-13,6,10,Riyadh
2022-Chapter-II-Health-Resources.xlsx,2-13,10,1,المدينة المنورة
2022-Chapter-II-Health-Resources.xlsx,2-13,11,1,القصيم
2022-Chapter-II-Health-Resources.xlsx,2-13,12,1,الشرقية
2022-Chapter-II-Health-Resources.xlsx,2-13,12,10,Eastern
2022-Chapter-II-Health-Resources.xlsx,2-13,15,1,عسير
2022-Chapter-II-Health-Resources.xlsx,2-13,17,1,تبوك
2022-Chapter-II-Health-Resources.xlsx,2-13,18,1,حائل
2022-Chapter-II-Health-Resources.xlsx,2-13,19,1,الحدود الشمالية
2022-Chapter-II-Health-Resources.xlsx,2-13,20,1,جازان
2022-Chapter-II-Health-Resources.xlsx,2-13,20,10,Jazan
2022-Chapter-II-Health-Resources.xlsx,2-13,21,1,نجران
2022-Chapter-II-Health-Resources.xlsx,2-13,21,10,Najran
2022-Chapter-II-Health-Resources.xlsx,2-13,22,1,الباحة
2022-Chapter-II-Health-Resources.xlsx,2-13,22,10,Al-Bahah
2022-Chapter-II-Health-Resources.xlsx,2-13,23,1,الجوف
2022-Chapter-II-Health-Resources.xlsx,2-13,23,10,Al-Jouf
2022-Chapter-II-Health-Resources.xlsx,2.14,5,1,الرياض
2022-Chapter-II-Health-Resources.xlsx,2.14,5,36,Riyadh
2022-Chapter-II-Health-Resources.xlsx,2.14,6,1,مكةالمكرمة
2022-Chapter-II-Health-Resources.xlsx,2.14,9,1,المدينة المنورة
2022-Chapter-II-Health-Resources.xlsx,2.14,10,1,القصيم
2022-Chapter-II-Health-Resources.xlsx,2.14,11,1,الشرقية
2022-Chapter-II-Health-Resources.xlsx,2.14,11,36,Eastern
2022-Chapter-II-Health-Resources.xlsx,2.14,14,1,عسير
2022-Chapter-II-Health-Resources.xlsx,2.14,16,1,تبوك
2022-Chapter-II-Health-Resources.xlsx,2.14,17,1,حائل
2022-Chapter-II-Health-Resources.xlsx,2.14,19,1,جازان
2022-Chapter-II-Health-Resources.xlsx,2.14,19,36,Jazan
2022-Chapter-II-Health-Resources.xlsx,2.14,20,1,نجران
2022-Chapter-II-Health-Resources.xlsx,2.14,20,36,Najran
2022-Chapter-II-Health-Resources.xlsx,2.14,21,1,الباحة
2022-Chapter-II-Health-Resources.xlsx,2.14,21,36,Al-Bahah
2022-Chapter-II-Health-Resources.xlsx,2.14,22,1,الجوف
2022-Chapter-II-Health-Resources.xlsx,2.14,22,36,Al-Jouf
2022-Chapter-II-Health-Resources.xlsx,2.15,8,1,الرياض
2022-Chapter-II-Health-Resources.xlsx,2.15,8,11,Riyadh
2022-Chapter-II-Health-Resources.xlsx,2.15,12,1,المدينة المنورة
2022-Chapter-II-Health-Resources.xlsx,2.15,13,1,القصيم
2022-Chapter-II-Health-Resources.xlsx,2.15,14,1,الشرقية
2022-Chapter-II-Health-Resources.xlsx,2.15,14,11,Eastern
2022-Chapter-II-Health-Resources.xlsx,2.15,17,1,عسير
2022-Chapter-II-Health-Resources.xlsx,2.15,19,1,تبوك
2022-Chapter-II-Health-Resources.xlsx,2.15,20,1,حائل
2022-Chapter-II-Health-Resources.xlsx,2.15,22,1,جازان
2022-Chapter-II-Health-Resources.xlsx,2.15,22,11,Jazan
2022-Chapter-II-Health-Resources.xlsx,2.15,23,1,نجران
2022-Chapter-II-Health-Resources.xlsx,2.15,23,11,Najran
2022-Chapter-II-Health-Resources.xlsx,2.15,24,1,الباحة
2022-Chapter-II-Health-Resources.xlsx,2.15,24,11,Al-Bahah
2022-Chapter-II-Health-Resources.xlsx,2.15,25,1,الجوف
2022-Chapter-II-Health-Resources.xlsx,2.15,25,11,Al-Jouf
2022-Chapter-II-Health-Resources.xlsx,2.16,8,1,الرياض
2022-Chapter-II-Health-Resources.xlsx,2.16,8,9,Riyadh
2022-Chapter-II-Health-Resources.xlsx,2.16,12,1,المدينة المنورة
2022-Chapter-II-Health-Resources.xlsx,2.16,13,1,القصيم
2022-Chapter-II-Health-Resources.xlsx,2.16,14,1,الشرقية
2022-Chapter-II-Health-Resources.xlsx,2.16,14,9,Eastern
2022-Chapter-II-Health-Resources.xlsx,2.16,17,1,عسير
2022-Chapter-II-Health-Resources.xlsx,2.16,19,1,تبوك
2022-Chapter-II-Health-Resources.xlsx,2.16,20,1,حائل
2022-Chapter-II-Health-Resources.xlsx,2.16,22,1,جازان
2022-Chapter-II-Health-Resources.xlsx,2.16,22,9,Jazan
2022-Chapter-II-Health-Resources.xlsx,2.16,23,1,نجران
2022-Chapter-II-Health-Resources.xlsx,2.16,23,9,Najran
2022-Chapter-II-Health-Resources.xlsx,2.16,24,1,الباحة
2022-Chapter-II-Health-Resources.xlsx,2.16,24,9,Al-Bahah
2022-Chapter-II-Health-Resources.xlsx,2.16,25,1,الجوف
2022-Chapter-II-Health-Resources.xlsx,2.16,25,9,Al-Jouf
2022-Chapter-II-Health-Resources.xlsx,2.18,4,3,الرياض
2022-Chapter-II-Health-Resources.xlsx,2.18,4,5,Riyadh
2022-Chapter-II-Health-Resources.xlsx,2.18,4,8,Makkah
2022-Chapter-II-Health-Resources.xlsx,2.18,5,3,Riyadh
2022-Chapter-II-Health-Resources.xlsx,2.18,33,3,المدينة المنورة
2022-Chapter-II-Health-Resources.xlsx,2.18,33,6,القصيم
2022-Chapter-II-Health-Resources.xlsx,2.18,33,9,الشرقية
2022-Chapter-II-Health-Resources.xlsx,2.18,33,11,Eastern
2022-Chapter-II-Health-Resources.xlsx,2.18,34,9,Eastern
2022-Chapter-II-Health-Resources.xlsx,2.19,4,2,الرياض
2022-Chapter-II-Health-Resources.xlsx,2.19,4,8,Makkah
2022-Chapter-II-Health-Resources.xlsx,2.19,4,18,المدينة المنورة
2022-Chapter-II-Health-Resources.xlsx,2.19,4,22,القصيم
2022-Chapter-II-Health-Resources.xlsx,2.19,4,26,الشرقية
2022-Chapter-II-Health-Resources.xlsx,2.19,4,28,Eastern
2022-Chapter-II-Health-Resources.xlsx,2.19,5,2,Riyadh
2022-Chapter-II-Health-Resources.xlsx,2.19,5,26,Eastern
2022-Chapter-II-Health-Resources.xlsx,2.20,5,1,الرياض
2022-Chapter-II-Health-Resources.xlsx,2.20,5,7,Riyadh
2022-Chapter-II-Health-Resources.xlsx,2.20,9,1,المدينة المنورة
2022-Chapter-II-Health-Resources.xlsx,2.20,10,1,القصيم
2022-Chapter-II-Health-Resources.xlsx,2.20,11,1,الشرقية
2022-Chapter-II-Health-Resources.xlsx,2.20,11,7,Eastern
2022-Chapter-II-Health-Resources.xlsx,2.20,14,1,عسير
2022-Chapter-II-Health-Resources.xlsx,2.20,16,1,تبوك
2022-Chapter-II-Health-Resources.xlsx,2.20,17,1,حائل
2022-Chapter-II-Health-Resources.xlsx,2.20,18,1,الحدود الشمالية
2022-Chapter-II-Health-Resources.xlsx,2.20,19,1,جازان
2022-Chapter-II-Health-Resources.xlsx,2.20,19,7,Jazan
2022-Chapter-II-Health-Resources.xlsx,2.20,20,1,نجران
2022-Chapter-II-Health-Resources.xlsx,2.20,20,7,Najran
2022-Chapter-II-Health-Resources.xlsx,2.20,21,1,الباحة
2022-Chapter-II-Health-Resources.xlsx,2.20,21,7,Al-Bahah
2022-Chapter-II-Health-Resources.xlsx,2.20,22,1,الجوف
2022-Chapter-II-Health-Resources.xlsx,2.20,22,7,Al-Jouf
2022-Chapter-II-Health-Resources.xlsx,2.23,4,3,الرياض
2022-Chapter-II-Health-Resources.xlsx,2.23,4,5,Riyadh
2022-Chapter-II-Health-Resources.xlsx,2.23,4,8,Makkah
2022-Chapter-II-Health-Resources.xlsx,2.23,5,3,Riyadh
2022-Chapter-II-Health-Resources.xlsx,2.23,5,6,Makkah
2022-Chapter-II-Health-Resources.xlsx,2.23,33,3,المدينة المنورة
2022-Chapter-II-Health-Resources.xlsx,2.23,33,6,القصيم
2022-Chapter-II-Health-Resources.xlsx,2.23,33,9,الشرقية
2022-Chapter-II-Health-Resources.xlsx,2.23,33,11,Eastern
2022-Chapter-II-Health-Resources.xlsx,2.23,34,9,Eastern
2022-Chapter-II-Health-Resources.xlsx,2.24,4,3,الرياض
2022-Chapter-II-Health-Resources.xlsx,2.24,4,5,Riyadh
2022-Chapter-II-Health-Resources.xlsx,2.24,4,8,Makkah
2022-Chapter-II-Health-Resources.xlsx,2.24,5,3,Riyadh
2022-Chapter-II-Health-Resources.xlsx,2.24,30,3,المدينة المنورة
2022-Chapter-II-Health-Resources.xlsx,2.24,30,6,القصيم
2022-Chapter-II-Health-Resources.xlsx,2.24,30,9,الشرقية
2022-Chapter-II-Health-Resources.xlsx,2.24,30,11,Eastern
2022-Chapter-II-Health-Resources.xlsx,2.24,31,9,Eastern
2022-Chapter-II-Health-Resources.xlsx,2.26,34,9,وزارة الرياضة
2022-Chapter-II-Health-Resources.xlsx,2.29,7,1,الرياض
2022-Chapter-II-Health-Resources.xlsx,2.29,7,11,Riyadh
2022-Chapter-II-Health-Resources.xlsx,2.29,11,1,المدينة المنورة
2022-Chapter-II-Health-Resources.xlsx,2.29,12,1,القصيم
2022-Chapter-II-Health-Resources.xlsx,2.29,13,1,الشرقية
2022-Chapter-II-Health-Resources.xlsx,2.29,13,11,Eastern
2022-Chapter-II-Health-Resources.xlsx,2.29,16,1,عسير
2022-Chapter-II-Health-Resources.xlsx,2.29,18,1,تبوك
2022-Chapter-II-Health-Resources.xlsx,2.29,19,1,حائل
2022-Chapter-II-Health-Resources.xlsx,2.29,20,1,الحدود الشمالية
2022-Chapter-II-Health-Resources.xlsx,2.29,21,1,جازان
2022-Chapter-II-Health-Resources.xlsx,2.29,21,11,Jazan
2022-Chapter-II-Health-Resources.xlsx,2.29,22,1,نجران
2022-Chapter-II-Health-Resources.xlsx,2.29,22,11,Najran
2022-Chapter-II-Health-Resources.xlsx,2.29,23,1,الباحة
2022-Chapter-II-Health-Resources.xlsx,2.29,23,11,Al-Baha
2022-Chapter-II-Health-Resources.xlsx,2.29,24,1,الجوف
2022-Chapter-II-Health-Resources.xlsx,2.29,24,11,Al-jouf
2022-Chapter-II-Health-Resources.xlsx,2.30,7,1,الرياض
2022-Chapter-II-Health-Resources.xlsx,2.30,7,17,Riyadh
2022-Chapter-II-Health-Resources.xlsx,2.30,11,1,المدينة المنورة
2022-Chapter-II-Health-Resources.xlsx,2.30,12,1,القصيم
2022-Chapter-II-Health-Resources.xlsx,2.30,13,1,الشرقية
2022-Chapter-II-Health-Resources.xlsx,2.30,13,17,Eastern
2022-Chapter-II-Health-Resources.xlsx,2.30,16,1,عسير
2022-Chapter-II-Health-Resources.xlsx,2.30,18,1,تبوك
2022-Chapter-II-Health-Resources.xlsx,2.30,19,1,حائل
2022-Chapter-II-Health-Resources.xlsx,2.30,20,1,الحدود الشمالية
2022-Chapter-II-Health-Resources.xlsx,2.30,21,1,جازان
2022-Chapter-II-Health-Resources.xlsx,2.30,21,17,Jazan
2022-Chapter-II-Health-Resources.xlsx,2.30,22,1,نجران
2022-Chapter-II-Health-Resources.xlsx,2.30,22,17,Najran
2022-Chapter-II-Health-Resources.xlsx,2.30,23,1,الباحة
2022-Chapter-II-Health-Resources.xlsx,2.30,23,17,Al-Baha
2022-Chapter-II-Health-Resources.xlsx,2.30,24,1,الجوف
2022-Chapter-II-Health-Resources.xlsx,2.30,24,17,Al-jouf
2022-Chapter-II-Health-Resources.xlsx,2.31,5,1,الرياض
2022-Chapter-II-Health-Resources.xlsx,2.31,5,38,Riyadh
2022-Chapter-II-Health-Resources.xlsx,2.31,9,1,المدينة المنورة
2022-Chapter-II-Health-Resources.xlsx,2.31,10,1,القصيم
2022-Chapter-II-Health-Resources.xlsx,2.31,11,1,الشرقية
2022-Chapter-II-Health-Resources.xlsx,2.31,11,38,Eastern
2022-Chapter-II-Health-Resources.xlsx,2.31,14,1,عسير
2022-Chapter-II-Health-Resources.xlsx,2.31,15,1,تبوك
2022-Chapter-II-Health-Resources.xlsx,2.31,16,1,حائل
2022-Chapter-II-Health-Resources.xlsx,2.31,17,1,جازان
2022-Chapter-II-Health-Resources.xlsx,2.31,17,38,Jazan
2022-Chapter-II-Health-Resources.xlsx,2.31,18,1,نجران
2022-Chapter-II-Health-Resources.xlsx,2.31,18,38,Najran
2022-Chapter-II-Health-Resources.xlsx,2.31,19,1,الباحة
2022-Chapter-II-Health-Resources.xlsx,2.31,19,38,Al-Bahah
2022-Chapter-II-Health-Resources.xlsx,2.31,20,1,الجوف
2022-Chapter-II-Health-Resources.xlsx,2.31,20,38,Al-jouf
2022-Chapter-II-Health-Resources.xlsx,2.31,29,1,مركز مكة
2022-Chapter-II-Health-Resources.xlsx,2.32,5,1,الرياض
2022-Chapter-II-Health-Resources.xlsx,2.32,5,32,Riyadh
2022-Chapter-II-Health-Resources.xlsx,2.32,9,1,المدينة المنورة
2022-Chapter-II-Health-Resources.xlsx,2.32,10,1,القصيم
2022-Chapter-II-Health-Resources.xlsx,2.32,11,1,الشرقية
2022-Chapter-II-Health-Resources.xlsx,2.32,11,32,Eastern
2022-Chapter-II-Health-Resources.xlsx,2.32,14,1,عسير
2022-Chapter-II-Health-Resources.xlsx,2.32,16,1,تبوك
2022-Chapter-II-Health-Resources.xlsx,2.32,17,1,جازان
2022-Chapter-II-Health-Resources.xlsx,2.32,17,32,Jazan
2022-Chapter-II-Health-Resources.xlsx,2.34,4,3,الرياض
2022-Chapter-II-Health-Resources.xlsx,2.34,4,5,Riyadh
2022-Chapter-II-Health-Resources.xlsx,2.34,4,8,Makkah
2022-Chapter-II-Health-Resources.xlsx,2.34,5,3,Riyadh
2022-Chapter-II-Health-Resources.xlsx,2.34,33,3,المدينة المنورة
2022-Chapter-II-Health-Resources.xlsx,2.34,33,6,القصيم
2022-Chapter-II-Health-Resources.xlsx,2.34,33,9,الشرقية
2022-Chapter-II-Health-Resources.xlsx,2.34,33,11,Eastern
2022-Chapter-II-Health-Resources.xlsx,2.34,34,9,Eastern
2022-Chapter-II-Health-Resources.xlsx,2.35,4,3,الرياض
2022-Chapter-II-Health-Resources.xlsx,2.35,4,5,Riyadh
2022-Chapter-II-Health-Resources.xlsx,2.35,4,8,Makkah
2022-Chapter-II-Health-Resources.xlsx,2.35,5,3,Riyadh
2022-Chapter-II-Health-Resources.xlsx,2.35,33,3,المدينة المنورة
2022-Chapter-II-Health-Resources.xlsx,2.35,33,6,القصيم
2022-Chapter-II-Health-Resources.xlsx,2.35,33,9,الشرقية
2022-Chapter-II-Health-Resources.xlsx,2.35,33,11,Eastern
2022-Chapter-II-Health-Resources.xlsx,2.35,34,9,Eastern
2022-Chapter-II-Health-Resources.xlsx,2.36,4,3,الرياض
2022-Chapter-II-Health-Resources.xlsx,2.36,4,5,Riyadh
2022-Chapter-II-Health-Resources.xlsx,2.36,4,8,Makkah
2022-Chapter-II-Health-Resources.xlsx,2.36,5,3,Riyadh
2022-Chapter-II-Health-Resources.xlsx,2.36,33,3,المدينة المنورة
2022-Chapter-II-Health-Resources.xlsx,2.36,33,6,القصيم
2022-Chapter-II-Health-Resources.xlsx,2.36,33,9,الشرقية
2022-Chapter-II-Health-Resources.xlsx,2.36,33,11,Eastern
2022-Chapter-II-Health-Resources.xlsx,2.36,34,9,Eastern
2022-Chapter-II-Health-Resources.xlsx,2.37,4,2,الرياض
2022-Chapter-II-Health-Resources.xlsx,2.37,4,18,المدينة المنورة
2022-Chapter-II-Health-Resources.xlsx,2.37,4,22,القصيم
2022-Chapter-II-Health-Resources.xlsx,2.37,4,26,الشرقية
2022-Chapter-II-Health-Resources.xlsx,2.37,5,2,Riyadh
2022-Chapter-II-Health-Resources.xlsx,2.37,5,26,Eastern
2022-Chapter-II-Health-Resources.xlsx,2-41,21,1,جامعة القصيم
2022-Chapter-II-Health-Resources.xlsx,2-41,26,1,جامعة تبوك
2022-Chapter-II-Health-Resources.xlsx,2-41,27,1,جامعة حائل
2022-Chapter-II-Health-Resources.xlsx,2-41,27,7,Hail University
2022-Chapter-II-Health-Resources.xlsx,2-41,28,1,جامعة الحدود الشمالية
2022-Chapter-II-Health-Resources.xlsx,2-41,28,7,Northern Border University
2022-Chapter-II-Health-Resources.xlsx,2-41,29,1,جامعة جازان
2022-Chapter-II-Health-Resources.xlsx,2-41,29,7,Jazan University
2022-Chapter-II-Health-Resources.xlsx,2-41,30,1,جامعة نجران
2022-Chapter-II-Health-Resources.xlsx,2-41,30,7,Najran University
2022-Chapter-II-Health-Resources.xlsx,2-41,31,1,جامعة الجوف
2022-Chapter-II-Health-Resources.xlsx,2-41,31,7,Al-Jouf University
2022-Chapter-II-Health-Resources.xlsx,2.42,19,1,جامعة القصيم
2022-Chapter-II-Health-Resources.xlsx,2.42,23,1,جامعة تبوك
2022-Chapter-II-Health-Resources.xlsx,2.42,24,1,جامعة حائل
2022-Chapter-II-Health-Resources.xlsx,2.42,24,7,Hail University
2022-Chapter-II-Health-Resources.xlsx,2.42,25,1,جامعة الحدود الشمالية
2022-Chapter-II-Health-Resources.xlsx,2.42,25,7,Northern Border University
2022-Chapter-II-Health-Resources.xlsx,2.42,26,1,جامعة جازان
2022-Chapter-II-Health-Resources.xlsx,2.42,26,7,Jazan University
2022-Chapter-II-Health-Resources.xlsx,2.42,27,1,جامعة الجوف
2022-Chapter-II-Health-Resources.xlsx,2.42,27,7,Al-Jouf University
2022-Chapter-II-Health-Resources.xlsx,2.42,36,1,جامعة القصيم
2022-Chapter-II-Health-Resources.xlsx,2.42,40,1,جامعة حائل
2022-Chapter-II-Health-Resources.xlsx,2.42,40,7,Hail University
2022-Chapter-II-Health-Resources.xlsx,2.43,5,1,الرياض
2022-Chapter-II-Health-Resources.xlsx,2.43,5,6,Riyadh
2022-Chapter-II-Health-Resources.xlsx,2.43,36,1,المدينة المنورة
2022-Chapter-II-Health-Resources.xlsx,2.43,36,6,Madinah
2022-Chapter-II-Health-Resources.xlsx,2.43,40,1,القصيم
2022-Chapter-II-Health-Resources.xlsx,2.44,5,1,الرياض
2022-Chapter-II-Health-Resources.xlsx,2.44,5,6,Riyadh
2022-Chapter-II-Health-Resources.xlsx,2.44,9,3,مستشفى الملك خالد الجامعي بالرياض
2022-Chapter-II-Health-Resources.xlsx,2.44,9,4,King Khalid University Hospital - Riyadh
2022-Chapter-II-Health-Resources.xlsx,2.44,10,3,مستشفى الملك عبدالله بن عبدالعزيز بجامعة الأميرة نورة- الرياض
2022-Chapter-II-Health-Resources.xlsx,2.44,10,4,King Abdullah Bin Abdulaziz University Hospital - Riyadh
2022-Chapter-II-Health-Resources.xlsx,2.44,11,4,Security Forces Hospital- Riyadh
2022-Chapter-II-Health-Resources.xlsx,2.44,12,3,مستشفى الملك عبد العزيز الجامعي - الرياض
2022-Chapter-II-Health-Resources.xlsx,2.44,12,4,King Abdulaziz University Hospital - Riyadh
2022-Chapter-II-Health-Resources.xlsx,2.44,13,3,مستشفى الأمن المركزي -الرياض
2022-Chapter-II-Health-Resources.xlsx,2.44,13,4,Central Security Hospital  - Riyadh
2022-Chapter-II-Health-Resources.xlsx,2.44,14,3,مدينة الملك عبد العزيز الطبية -الرياض
2022-Chapter-II-Health-Resources.xlsx,2.44,14,4,King Abdulaziz Medical City- Riyadh
2022-Chapter-II-Health-Resources.xlsx,2.44,15,4,Security Forces Hospital-Makkah
2022-Chapter-II-Health-Resources.xlsx,2.44,25,1,المدينة المنورة
2022-Chapter-II-Health-Resources.xlsx,2.44,25,6,Madinah
2022-Chapter-II-Health-Resources.xlsx,2.44,26,4,Prince Sultan Military -Madinah
2022-Chapter-II-Health-Resources.xlsx,2.44,28,1,القصيم
2022-Chapter-II-Health-Resources.xlsx,2.44,29,1,الشرقية
2022-Chapter-II-Health-Resources.xlsx,2.44,29,6,Eastern Region
2022-Chapter-II-Health-Resources.xlsx,2.44,40,1,عسير
2022-Chapter-II-Health-Resources.xlsx,2-45,5,1,الرياض
2022-Chapter-II-Health-Resources.xlsx,2-45,5,3,مستشفى رعاية الرياض
2022-Chapter-II-Health-Resources.xlsx,2-45,5,4,Riyadh Care Hospital
2022-Chapter-II-Health-Resources.xlsx,2-45,5,6,Riyadh
2022-Chapter-II-Health-Resources.xlsx,2-45,13,4,Riyadh National Hospital
2022-Chapter-II-Health-Resources.xlsx,2-45,29,4,Rabiah Hospital - Riyadh
2022-Chapter-II-Health-Resources.xlsx,2-45,32,3,مستشفى عبيد التخصصي بالرياض
2022-Chapter-II-Health-Resources.xlsx,2-45,36,3,مستشفى المواساة بالرياض
2022-Chapter-II-Health-Resources.xlsx,2-45,40,3,مستشفى السعودي الألماني فرع شركة الشرق الأوسط للرعاية الصحية بالرياض
2022-Chapter-IV-Health-Activities.xlsx,1,6,1,الرياض
2022-Chapter-IV-Health-Activities.xlsx,1,6,8,Riyadh
2022-Chapter-IV-Health-Activities.xlsx,1,10,1,المدينة المنورة
2022-Chapter-IV-Health-Activities.xlsx,1,11,1,القصيم
2022-Chapter-IV-Health-Activities.xlsx,1,12,1,الشرقية
2022-Chapter-IV-Health-Activities.xlsx,1,12,8,Eastern
2022-Chapter-IV-Health-Activities.xlsx,1,15,1,عسير
2022-Chapter-IV-Health-Activities.xlsx,1,17,1,تبوك
2022-Chapter-IV-Health-Activities.xlsx,1,18,1,حائل
2022-Chapter-IV-Health-Activities.xlsx,1,19,1,الحدود الشمالية
2022-Chapter-IV-Health-Activities.xlsx,1,20,1,جازان
2022-Chapter-IV-Health-Activities.xlsx,1,20,8,Jazan
2022-Chapter-IV-Health-Activities.xlsx,1,21,1,نجران
2022-Chapter-IV-Health-Activities.xlsx,1,21,8,Najran
2022-Chapter-IV-Health-Activities.xlsx,1,22,1,الباحة
2022-Chapter-IV-Health-Activities.xlsx,1,22,8,Al-Bahah
2022-Chapter-IV-Health-Activities.xlsx,1,23,1,الجوف
2022-Chapter-IV-Health-Activities.xlsx,1,23,8,Al-Jouf
2022-Chapter-IV-Health-Activities.xlsx,2,6,1,الرياض
2022-Chapter-IV-Health-Activities.xlsx,2,6,7,Riyadh
2022-Chapter-IV-Health-Activities.xlsx,2,10,1,المدينة المنورة
2022-Chapter-IV-Health-Activities.xlsx,2,11,1,القصيم
2022-Chapter-IV-Health-Activities.xlsx,2,12,1,الشرقية
2022-Chapter-IV-Health-Activities.xlsx,2,12,7,Eastern
2022-Chapter-IV-Health-Activities.xlsx,2,15,1,عسير
2022-Chapter-IV-Health-Activities.xlsx,2,17,1,تبوك
2022-Chapter-IV-Health-Activities.xlsx,2,18,1,حائل
2022-Chapter-IV-Health-Activities.xlsx,2,19,1,الحدود الشمالية
2022-Chapter-IV-Health-Activities.xlsx,2,20,1,جازان
2022-Chapter-IV-Health-Activities.xlsx,2,20,7,Jazan
2022-Chapter-IV-Health-Activities.xlsx,2,21,1,نجران
2022-Chapter-IV-Health-Activities.xlsx,2,21,7,Najran
2022-Chapter-IV-Health-Activities.xlsx,2,22,1,الباحة
2022-Chapter-IV-Health-Activities.xlsx,2,22,7,Al-Bahah
2022-Chapter-IV-Health-Activities.xlsx,2,23,1,الجوف
2022-Chapter-IV-Health-Activities.xlsx,2,23,7,Al-Jouf
2022-Chapter-IV-Health-Activities.xlsx,3,6,1,الرياض
2022-Chapter-IV-Health-Activities.xlsx,3,6,7,Riyadh
2022-Chapter-IV-Health-Activities.xlsx,3,10,1,المدينة المنورة
2022-Chapter-IV-Health-Activities.xlsx,3,11,1,القصيم
2022-Chapter-IV-Health-Activities.xlsx,3,12,1,الشرقية
2022-Chapter-IV-Health-Activities.xlsx,3,12,7,Eastern
2022-Chapter-IV-Health-Activities.xlsx,3,15,1,عسير
2022-Chapter-IV-Health-Activities.xlsx,3,17,1,تبوك
2022-Chapter-IV-Health-Activities.xlsx,3,18,1,حائل
2022-Chapter-IV-Health-Activities.xlsx,3,19,1,الحدود الشمالية
2022-Chapter-IV-Health-Activities.xlsx,3,20,1,جازان
2022-Chapter-IV-Health-Activities.xlsx,3,20,7,Jazan
2022-Chapter-IV-Health-Activities.xlsx,3,21,1,نجران
2022-Chapter-IV-Health-Activities.xlsx,3,21,7,Najran
2022-Chapter-IV-Health-Activities.xlsx,3,22,1,الباحة
2022-Chapter-IV-Health-Activities.xlsx,3,22,7,Al-Bahah
2022-Chapter-IV-Health-Activities.xlsx,3,23,1,الجوف
2022-Chapter-IV-Health-Activities.xlsx,3,23,7,Al-Jouf
2022-Chapter-IV-Health-Activities.xlsx,4,6,1,الرياض
2022-Chapter-IV-Health-Activities.xlsx,4,6,7,Riyadh
2022-Chapter-IV-Health-Activities.xlsx,4,10,1,المدينة المنورة
2022-Chapter-IV-Health-Activities.xlsx,4,11,1,القصيم
2022-Chapter-IV-Health-Activities.xlsx,4,12,1,الشرقية
2022-Chapter-IV-Health-Activities.xlsx,4,12,7,Eastern
2022-Chapter-IV-Health-Activities.xlsx,4,15,1,عسير
2022-Chapter-IV-Health-Activities.xlsx,4,17,1,تبوك
2022-Chapter-IV-Health-Activities.xlsx,4,18,1,حائل
2022-Chapter-IV-Health-Activities.xlsx,4,19,1,الحدود الشمالية
2022-Chapter-IV-Health-Activities.xlsx,4,20,1,جازان
2022-Chapter-IV-Health-Activities.xlsx,4,20,7,Jazan
2022-Chapter-IV-Health-Activities.xlsx,4,21,1,نجران
2022-Chapter-IV-Health-Activities.xlsx,4,21,7,Najran
2022-Chapter-IV-Health-Activities.xlsx,4,22,1,الباحة
2022-Chapter-IV-Health-Activities.xlsx,4,22,7,Al-Bahah
2022-Chapter-IV-Health-Activities.xlsx,4,23,1,الجوف
2022-Chapter-IV-Health-Activities.xlsx,4,23,7,Al-Jouf
2022-Chapter-IV-Health-Activities.xlsx,5,6,1,الرياض
2022-Chapter-IV-Health-Activities.xlsx,5,6,6,Riyadh
2022-Chapter-IV-Health-Activities.xlsx,5,10,1,المدينة المنورة
2022-Chapter-IV-Health-Activities.xlsx,5,11,1,القصيم
2022-Chapter-IV-Health-Activities.xlsx,5,12,1,الشرقية
2022-Chapter-IV-Health-Activities.xlsx,5,12,6,Eastern
2022-Chapter-IV-Health-Activities.xlsx,5,15,1,عسير
2022-Chapter-IV-Health-Activities.xlsx,5,17,1,تبوك
2022-Chapter-IV-Health-Activities.xlsx,5,18,1,حائل
2022-Chapter-IV-Health-Activities.xlsx,5,19,1,الحدود الشمالية
2022-Chapter-IV-Health-Activities.xlsx,5,20,1,جازان
2022-Chapter-IV-Health-Activities.xlsx,5,20,6,Jazan
2022-Chapter-IV-Health-Activities.xlsx,5,21,1,نجران
2022-Chapter-IV-Health-Activities.xlsx,5,21,6,Najran
2022-Chapter-IV-Health-Activities.xlsx,5,22,1,الباحة
2022-Chapter-IV-Health-Activities.xlsx,5,22,6,Al-Bahah
2022-Chapter-IV-Health-Activities.xlsx,5,23,1,الجوف
2022-Chapter-IV-Health-Activities.xlsx,5,23,6,Al-Jouf
2022-Chapter-IV-Health-Activities.xlsx,6,7,1,الرياض
2022-Chapter-IV-Health-Activities.xlsx,6,7,12,Riyadh
2022-Chapter-IV-Health-Activities.xlsx,6,11,1,المدينة المنورة
2022-Chapter-IV-Health-Activities.xlsx,6,12,1,القصيم
2022-Chapter-IV-Health-Activities.xlsx,6,13,1,الشرقية
2022-Chapter-IV-Health-Activities.xlsx,6,13,12,Eastern
2022-Chapter-IV-Health-Activities.xlsx,6,16,1,عسير
2022-Chapter-IV-Health-Activities.xlsx,6,18,1,تبوك
2022-Chapter-IV-Health-Activities.xlsx,6,19,1,حائل
2022-Chapter-IV-Health-Activities.xlsx,6,20,1,الحدود الشمالية
2022-Chapter-IV-Health-Activities.xlsx,6,21,1,جازان
2022-Chapter-IV-Health-Activities.xlsx,6,21,12,Jazan
2022-Chapter-IV-Health-Activities.xlsx,6,22,1,نجران
2022-Chapter-IV-Health-Activities.xlsx,6,22,12,Najran
2022-Chapter-IV-Health-Activities.xlsx,6,23,1,الباحة
2022-Chapter-IV-Health-Activities.xlsx,6,23,12,Al-Bahah
2022-Chapter-IV-Health-Activities.xlsx,6,24,1,الجوف
2022-Chapter-IV-Health-Activities.xlsx,6,24,12,Al-Jouf
2022-Chapter-IV-Health-Activities.xlsx,7,8,1,الرياض
2022-Chapter-IV-Health-Activities.xlsx,7,8,7,Riyadh
2022-Chapter-IV-Health-Activities.xlsx,7,9,1,مكة المكرمة
2022-Chapter-IV-Health-Activities.xlsx,7,9,7,Makkah
2022-Chapter-IV-Health-Activities.xlsx,7,10,1,المدينة المنورة
2022-Chapter-IV-Health-Activities.xlsx,7,11,1,القصيم
2022-Chapter-IV-Health-Activities.xlsx,7,12,1,الشرقية
2022-Chapter-IV-Health-Activities.xlsx,7,12,7,Eastern
2022-Chapter-IV-Health-Activities.xlsx,7,13,1,عسير
2022-Chapter-IV-Health-Activities.xlsx,7,14,1,تبوك
2022-Chapter-IV-Health-Activities.xlsx,7,15,1,حائل
2022-Chapter-IV-Health-Activities.xlsx,7,16,1,الحدود الشمالية
2022-Chapter-IV-Health-Activities.xlsx,7,17,1,جازان
2022-Chapter-IV-Health-Activities.xlsx,7,17,7,Jazan
2022-Chapter-IV-Health-Activities.xlsx,7,18,1,نجران
2022-Chapter-IV-Health-Activities.xlsx,7,18,7,Najran
2022-Chapter-IV-Health-Activities.xlsx,7,19,1,الباحة
2022-Chapter-IV-Health-Activities.xlsx,7,19,7,Al-Bahah
2022-Chapter-IV-Health-Activities.xlsx,7,20,1,الجوف
2022-Chapter-IV-Health-Activities.xlsx,7,20,7,Al-Jouf
2022-Chapter-IV-Health-Activities.xlsx,8,7,1,الرياض
2022-Chapter-IV-Health-Activities.xlsx,8,7,10,Riyadh
2022-Chapter-IV-Health-Activities.xlsx,8,8,1,مكة المكرمة
2022-Chapter-IV-Health-Activities.xlsx,8,8,10,Makkah
2022-Chapter-IV-Health-Activities.xlsx,8,9,1,المدينة المنورة
2022-Chapter-IV-Health-Activities.xlsx,8,10,1,القصيم
2022-Chapter-IV-Health-Activities.xlsx,8,11,1,الشرقية
2022-Chapter-IV-Health-Activities.xlsx,8,11,10,Eastern
2022-Chapter-IV-Health-Activities.xlsx,8,12,1,عسير
2022-Chapter-IV-Health-Activities.xlsx,8,13,1,تبوك
2022-Chapter-IV-Health-Activities.xlsx,8,14,1,حائل
2022-Chapter-IV-Health-Activities.xlsx,8,15,1,الحدود الشمالية
2022-Chapter-IV-Health-Activities.xlsx,8,16,1,جازان
2022-Chapter-IV-Health-Activities.xlsx,8,16,10,Jazan
2022-Chapter-IV-Health-Activities.xlsx,8,17,1,نجران
2022-Chapter-IV-Health-Activities.xlsx,8,17,10,Najran
2022-Chapter-IV-Health-Activities.xlsx,8,18,1,الباحة
2022-Chapter-IV-Health-Activities.xlsx,8,18,10,Al -Bahah
2022-Chapter-IV-Health-Activities.xlsx,8,19,1,الجوف
2022-Chapter-IV-Health-Activities.xlsx,8,19,10,Al-Jouf
2022-Chapter-IV-Health-Activities.xlsx,9,6,1,الرياض
2022-Chapter-IV-Health-Activities.xlsx,9,6,7,Riyadh
2022-Chapter-IV-Health-Activities.xlsx,9,7,1,مكة المكرمة
2022-Chapter-IV-Health-Activities.xlsx,9,7,7,Makkah
2022-Chapter-IV-Health-Activities.xlsx,9,8,1,المدينة المنورة
2022-Chapter-IV-Health-Activities.xlsx,9,9,1,القصيم
2022-Chapter-IV-Health-Activities.xlsx,9,10,1,الشرقية
2022-Chapter-IV-Health-Activities.xlsx,9,10,7,Eastern
2022-Chapter-IV-Health-Activities.xlsx,9,11,1,عسير
2022-Chapter-IV-Health-Activities.xlsx,9,12,1,تبوك
2022-Chapter-IV-Health-Activities.xlsx,9,13,1,حائل
2022-Chapter-IV-Health-Activities.xlsx,9,14,1,الحدود الشمالية
2022-Chapter-IV-Health-Activities.xlsx,9,15,1,جازان
2022-Chapter-IV-Health-Activities.xlsx,9,15,7,jazan
2022-Chapter-IV-Health-Activities.xlsx,9,16,1,نجران
2022-Chapter-IV-Health-Activities.xlsx,9,16,7,Najran
2022-Chapter-IV-Health-Activities.xlsx,9,17,1,الباحة
2022-Chapter-IV-Health-Activities.xlsx,9,17,7,Al- Bahah
2022-Chapter-IV-Health-Activities.xlsx,9,18,1,الجوف
2022-Chapter-IV-Health-Activities.xlsx,9,18,7,Al-Jouf
2022-Chapter-IV-Health-Activities.xlsx,10,14,1,وزارة الرياضة
2022-Chapter-IV-Health-Activities.xlsx,4.11,5,1,الرياض
2022-Chapter-IV-Health-Activities.xlsx,4.11,5,5,Riyadh
2022-Chapter-IV-Health-Activities.xlsx,4.11,9,1,المدينة المنورة
2022-Chapter-IV-Health-Activities.xlsx,4.11,10,1,القصيم
2022-Chapter-IV-Health-Activities.xlsx,4.11,11,1,الشرقية
2022-Chapter-IV-Health-Activities.xlsx,4.11,11,5,Eastern
2022-Chapter-IV-Health-Activities.xlsx,4.11,14,1,عسير
2022-Chapter-IV-Health-Activities.xlsx,4.11,16,1,تبوك
2022-Chapter-IV-Health-Activities.xlsx,4.11,17,1,حائل
2022-Chapter-IV-Health-Activities.xlsx,4.11,18,1,الحدود الشمالية
2022-Chapter-IV-Health-Activities.xlsx,4.11,19,1,جازان
2022-Chapter-IV-Health-Activities.xlsx,4.11,19,5,Jazan
2022-Chapter-IV-Health-Activities.xlsx,4.11,20,1,نجران
2022-Chapter-IV-Health-Activities.xlsx,4.11,20,5,Najran
2022-Chapter-IV-Health-Activities.xlsx,4.11,21,1,الباحة
2022-Chapter-IV-Health-Activities.xlsx,4.11,21,5,Al-Bahah
2022-Chapter-IV-Health-Activities.xlsx,4.11,22,1,الجوف
2022-Chapter-IV-Health-Activities.xlsx,4.11,22,5,Al-Jouf
2022-Chapter-IV-Health-Activities.xlsx,112020,6,1,الرياض
2022-Chapter-IV-Health-Activities.xlsx,112020,6,7,Riyadh
2022-Chapter-IV-Health-Activities.xlsx,112020,6,9,الرياض
2022-Chapter-IV-Health-Activities.xlsx,112020,6,15,Riyadh
2022-Chapter-IV-Health-Activities.xlsx,112020,10,1,المدينة المنورة
2022-Chapter-IV-Health-Activities.xlsx,112020,10,9,المدينة المنورة
2022-Chapter-IV-Health-Activities.xlsx,112020,11,1,القصيم
2022-Chapter-IV-Health-Activities.xlsx,112020,11,9,القصيم
2022-Chapter-IV-Health-Activities.xlsx,112020,12,1,الشرقية
2022-Chapter-IV-Health-Activities.xlsx,112020,12,7,Eastern
2022-Chapter-IV-Health-Activities.xlsx,112020,12,9,الشرقية
2022-Chapter-IV-Health-Activities.xlsx,112020,12,15,Eastern
2022-Chapter-IV-Health-Activities.xlsx,112020,15,1,عسير
2022-Chapter-IV-Health-Activities.xlsx,112020,15,9,عسير
2022-Chapter-IV-Health-Activities.xlsx,112020,17,1,تبوك
2022-Chapter-IV-Health-Activities.xlsx,112020,17,9,تبوك
2022-Chapter-IV-Health-Activities.xlsx,112020,18,1,حائل
2022-Chapter-IV-Health-Activities.xlsx,112020,18,9,حائل
2022-Chapter-IV-Health-Activities.xlsx,112020,19,1,الحدود الشمالية
2022-Chapter-IV-Health-Activities.xlsx,112020,19,9,الحدود الشمالية
2022-Chapter-IV-Health-Activities.xlsx,112020,20,1,جازان
2022-Chapter-IV-Health-Activities.xlsx,112020,20,7,Jazan
2022-Chapter-IV-Health-Activities.xlsx,112020,20,9,جازان
2022-Chapter-IV-Health-Activities.xlsx,112020,20,15,Jazan
2022-Chapter-IV-Health-Activities.xlsx,112020,21,1,نجران
2022-Chapter-IV-Health-Activities.xlsx,112020,21,7,Najran
2022-Chapter-IV-Health-Activities.xlsx,112020,21,9,نجران
2022-Chapter-IV-Health-Activities.xlsx,112020,21,15,Najran
2022-Chapter-IV-Health-Activities.xlsx,112020,22,1,الباحة
2022-Chapter-IV-Health-Activities.xlsx,112020,22,7,Al-Bahah
2022-Chapter-IV-Health-Activities.xlsx,112020,22,9,الباحة
2022-Chapter-IV-Health-Activities.xlsx,112020,22,15,Al-Bahah
2022-Chapter-IV-Health-Activities.xlsx,112020,23,1,الجوف
2022-Chapter-IV-Health-Activities.xlsx,112020,23,7,Al-Jouf
2022-Chapter-IV-Health-Activities.xlsx,112020,23,9,الجوف
2022-Chapter-IV-Health-Activities.xlsx,112020,23,15,Al-Jouf
2022-Chapter-IV-Health-Activities.xlsx,11,6,1,الرياض
2022-Chapter-IV-Health-Activities.xlsx,11,6,11,Riyadh
2022-Chapter-IV-Health-Activities.xlsx,11,7,1,مكة المكرمة
2022-Chapter-IV-Health-Activities.xlsx,11,7,11,Makkah
2022-Chapter-IV-Health-Activities.xlsx,11,8,1,المدينة المنورة
2022-Chapter-IV-Health-Activities.xlsx,11,9,1,الشرقية
2022-Chapter-IV-Health-Activities.xlsx,11,9,11,Eastern
2022-Chapter-IV-Health-Activities.xlsx,11,10,1,القصيم
2022-Chapter-IV-Health-Activities.xlsx,11,11,1,تبوك
2022-Chapter-IV-Health-Activities.xlsx,11,12,1,حائل
2022-Chapter-IV-Health-Activities.xlsx,11,13,1,عسير
2022-Chapter-IV-Health-Activities.xlsx,11,14,1,جازان
2022-Chapter-IV-Health-Activities.xlsx,11,14,11,Jazan
2022-Chapter-IV-Health-Activities.xlsx,11,15,1,نجران
2022-Chapter-IV-Health-Activities.xlsx,11,15,11,Najran
2022-Chapter-IV-Health-Activities.xlsx,11,16,1,الباحة
2022-Chapter-IV-Health-Activities.xlsx,11,16,11,Al- Bahah
2022-Chapter-IV-Health-Activities.xlsx,11,17,1,الجوف
2022-Chapter-IV-Health-Activities.xlsx,11,17,11,Al-Jouf
2022-Chapter-IV-Health-Activities.xlsx,11,18,1,الحدود الشمالية
2022-Chapter-IV-Health-Activities.xlsx,13,6,1,الرياض
2022-Chapter-IV-Health-Activities.xlsx,13,6,7,Riyadh
2022-Chapter-IV-Health-Activities.xlsx,13,10,1,المدينة المنورة
2022-Chapter-IV-Health-Activities.xlsx,13,11,1,القصيم
2022-Chapter-IV-Health-Activities.xlsx,13,12,1,الشرقية
2022-Chapter-IV-Health-Activities.xlsx,13,12,7,Eastern
2022-Chapter-IV-Health-Activities.xlsx,13,15,1,عسير
2022-Chapter-IV-Health-Activities.xlsx,13,17,1,تبوك
2022-Chapter-IV-Health-Activities.xlsx,13,18,1,حائل
2022-Chapter-IV-Health-Activities.xlsx,13,19,1,الحدود الشمالية
2022-Chapter-IV-Health-Activities.xlsx,13,20,1,جازان
2022-Chapter-IV-Health-Activities.xlsx,13,20,7,Jazan
2022-Chapter-IV-Health-Activities.xlsx,13,21,1,نجران
2022-Chapter-IV-Health-Activities.xlsx,13,21,7,Najran
2022-Chapter-IV-Health-Activities.xlsx,13,22,1,الباحة
2022-Chapter-IV-Health-Activities.xlsx,13,22,7,Al-Bahah
2022-Chapter-IV-Health-Activities.xlsx,13,23,1,الجوف
2022-Chapter-IV-Health-Activities.xlsx,13,23,7,Al-Jouf
2022-Chapter-IV-Health-Activities.xlsx,13,29,1,الرياض
2022-Chapter-IV-Health-Activities.xlsx,16,6,1,الرياض
2022-Chapter-IV-Health-Activities.xlsx,16,6,8,Riyadh
2022-Chapter-IV-Health-Activities.xlsx,16,10,1,المدينة المنورة
2022-Chapter-IV-Health-Activities.xlsx,16,11,1,القصيم
2022-Chapter-IV-Health-Activities.xlsx,16,12,1,الشرقية
2022-Chapter-IV-Health-Activities.xlsx,16,12,8,Eastern
2022-Chapter-IV-Health-Activities.xlsx,16,15,1,عسير
2022-Chapter-IV-Health-Activities.xlsx,16,17,1,تبوك
2022-Chapter-IV-Health-Activities.xlsx,16,18,1,حائل
2022-Chapter-IV-Health-Activities.xlsx,16,19,1,الحدود الشمالية
2022-Chapter-IV-Health-Activities.xlsx,16,20,1,جازان
2022-Chapter-IV-Health-Activities.xlsx,16,20,8,Jazan
2022-Chapter-IV-Health-Activities.xlsx,16,21,1,نجران
2022-Chapter-IV-Health-Activities.xlsx,16,21,8,Najran
2022-Chapter-IV-Health-Activities.xlsx,16,22,1,الباحة
2022-Chapter-IV-Health-Activities.xlsx,16,22,8,Al-Bahah
2022-Chapter-IV-Health-Activities.xlsx,16,23,1,الجوف
2022-Chapter-IV-Health-Activities.xlsx,16,23,8,Al-Jouf
2022-Chapter-IV-Health-Activities.xlsx,17,8,1,الرياض
2022-Chapter-IV-Health-Activities.xlsx,17,8,14,Riyadh
2022-Chapter-IV-Health-Activities.xlsx,17,12,1,المدينة المنورة
2022-Chapter-IV-Health-Activities.xlsx,17,13,1,القصيم
2022-Chapter-IV-Health-Activities.xlsx,17,14,1,الشرقية
2022-Chapter-IV-Health-Activities.xlsx,17,14,14,Eastern
2022-Chapter-IV-Health-Activities.xlsx,17,17,1,عسير
2022-Chapter-IV-Health-Activities.xlsx,17,19,1,تبوك
2022-Chapter-IV-Health-Activities.xlsx,17,20,1,حائل
2022-Chapter-IV-Health-Activities.xlsx,17,21,1,الحدود الشمالية
2022-Chapter-IV-Health-Activities.xlsx,17,22,1,جازان
2022-Chapter-IV-Health-Activities.xlsx,17,22,14,Jazan
2022-Chapter-IV-Health-Activities.xlsx,17,23,1,نجران
2022-Chapter-IV-Health-Activities.xlsx,17,23,14,Najran
2022-Chapter-IV-Health-Activities.xlsx,17,24,1,الباحة
2022-Chapter-IV-Health-Activities.xlsx,17,24,14,Al-Bahah
2022-Chapter-IV-Health-Activities.xlsx,17,25,1,الجوف
2022-Chapter-IV-Health-Activities.xlsx,17,25,14,Al-Jouf
2022-Chapter-IV-Health-Activities.xlsx,18,6,1,الرياض
2022-Chapter-IV-Health-Activities.xlsx,18,6,6,Riyadh
2022-Chapter-IV-Health-Activities.xlsx,18,10,1,المدينة المنورة
2022-Chapter-IV-Health-Activities.xlsx,18,11,1,القصيم
2022-Chapter-IV-Health-Activities.xlsx,18,12,1,الشرقية
2022-Chapter-IV-Health-Activities.xlsx,18,12,6,Eastern
2022-Chapter-IV-Health-Activities.xlsx,18,15,1,عسير
2022-Chapter-IV-Health-Activities.xlsx,18,17,1,تبوك
2022-Chapter-IV-Health-Activities.xlsx,18,18,1,حائل
2022-Chapter-IV-Health-Activities.xlsx,18,19,1,الحدود الشمالية
2022-Chapter-IV-Health-Activities.xlsx,18,20,1,جازان
2022-Chapter-IV-Health-Activities.xlsx,18,20,6,Jazan
2022-Chapter-IV-Health-Activities.xlsx,18,21,1,نجران
2022-Chapter-IV-Health-Activities.xlsx,18,21,6,Najran
2022-Chapter-IV-Health-Activities.xlsx,18,22,1,الباحة
2022-Chapter-IV-Health-Activities.xlsx,18,22,6,Al-Bahah
2022-Chapter-IV-Health-Activities.xlsx,18,23,1,الجوف
2022-Chapter-IV-Health-Activities.xlsx,18,23,6,Al-Jouf
2022-Chapter-IV-Health-Activities.xlsx,19,6,1,الرياض
2022-Chapter-IV-Health-Activities.xlsx,19,6,8,Riyadh
2022-Chapter-IV-Health-Activities.xlsx,19,10,1,المدينة المنورة
2022-Chapter-IV-Health-Activities.xlsx,19,11,1,القصيم
2022-Chapter-IV-Health-Activities.xlsx,19,12,1,الشرقية
2022-Chapter-IV-Health-Activities.xlsx,19,12,8,Eastern
2022-Chapter-IV-Health-Activities.xlsx,19,15,1,عسير
2022-Chapter-IV-Health-Activities.xlsx,19,17,1,تبوك
2022-Chapter-IV-Health-Activities.xlsx,19,18,1,حائل
2022-Chapter-IV-Health-Activities.xlsx,19,19,1,الحدود الشمالية
2022-Chapter-IV-Health-Activities.xlsx,19,20,1,جازان
2022-Chapter-IV-Health-Activities.xlsx,19,20,8,Jazan
2022-Chapter-IV-Health-Activities.xlsx,19,21,1,نجران
2022-Chapter-IV-Health-Activities.xlsx,19,21,8,Najran
2022-Chapter-IV-Health-Activities.xlsx,19,22,1,الباحة
2022-Chapter-IV-Health-Activities.xlsx,19,22,8,Al-Bahah
2022-Chapter-IV-Health-Activities.xlsx,19,23,1,الجوف
2022-Chapter-IV-Health-Activities.xlsx,19,23,8,Al-Jouf
2022-Chapter-IV-Health-Activities.xlsx,20,7,1,الرياض
2022-Chapter-IV-Health-Activities.xlsx,20,7,10,Riyadh
2022-Chapter-IV-Health-Activities.xlsx,20,11,1,المدينة المنورة
2022-Chapter-IV-Health-Activities.xlsx,20,12,1,القصيم
2022-Chapter-IV-Health-Activities.xlsx,20,13,1,الشرقية
2022-Chapter-IV-Health-Activities.xlsx,20,13,10,Eastern
2022-Chapter-IV-Health-Activities.xlsx,20,16,1,عسير
2022-Chapter-IV-Health-Activities.xlsx,20,18,1,تبوك
2022-Chapter-IV-Health-Activities.xlsx,20,19,1,حائل
2022-Chapter-IV-Health-Activities.xlsx,20,20,1,الحدود الشمالية
2022-Chapter-IV-Health-Activities.xlsx,20,21,1,جازان
2022-Chapter-IV-Health-Activities.xlsx,20,21,10,Jazan
2022-Chapter-IV-Health-Activities.xlsx,20,22,1,نجران
2022-Chapter-IV-Health-Activities.xlsx,20,22,10,Najran
2022-Chapter-IV-Health-Activities.xlsx,20,23,1,الباحة
2022-Chapter-IV-Health-Activities.xlsx,20,23,10,Al-Bahah
2022-Chapter-IV-Health-Activities.xlsx,20,24,1,الجوف
2022-Chapter-IV-Health-Activities.xlsx,20,24,10,Al-Jouf
2022-Chapter-IV-Health-Activities.xlsx,21,6,1,الرياض
2022-Chapter-IV-Health-Activities.xlsx,21,6,8,Riyadh
2022-Chapter-IV-Health-Activities.xlsx,21,10,1,المدينة المنورة
2022-Chapter-IV-Health-Activities.xlsx,21,11,1,القصيم
2022-Chapter-IV-Health-Activities.xlsx,21,12,1,الشرقية
2022-Chapter-IV-Health-Activities.xlsx,21,12,8,Eastern
2022-Chapter-IV-Health-Activities.xlsx,21,15,1,عسير
2022-Chapter-IV-Health-Activities.xlsx,21,17,1,تبوك
2022-Chapter-IV-Health-Activities.xlsx,21,18,1,حائل
2022-Chapter-IV-Health-Activities.xlsx,21,19,1,الحدود الشمالية
2022-Chapter-IV-Health-Activities.xlsx,21,20,1,جازان
2022-Chapter-IV-Health-Activities.xlsx,21,20,8,Jazan
2022-Chapter-IV-Health-Activities.xlsx,21,21,1,نجران
2022-Chapter-IV-Health-Activities.xlsx,21,21,8,Najran
2022-Chapter-IV-Health-Activities.xlsx,21,22,1,الباحة
2022-Chapter-IV-Health-Activities.xlsx,21,22,8,Al-Bahah
2022-Chapter-IV-Health-Activities.xlsx,21,23,1,الجوف
2022-Chapter-IV-Health-Activities.xlsx,21,23,8,Al-Jouf
2022-Chapter-IV-Health-Activities.xlsx,22,6,1,الرياض
2022-Chapter-IV-Health-Activities.xlsx,22,6,8,Riyadh
2022-Chapter-IV-Health-Activities.xlsx,22,10,1,المدينة المنورة
2022-Chapter-IV-Health-Activities.xlsx,22,11,1,القصيم
2022-Chapter-IV-Health-Activities.xlsx,22,12,1,الشرقية
2022-Chapter-IV-Health-Activities.xlsx,22,12,8,Eastern
2022-Chapter-IV-Health-Activities.xlsx,22,15,1,عسير
2022-Chapter-IV-Health-Activities.xlsx,22,17,1,تبوك
2022-Chapter-IV-Health-Activities.xlsx,22,18,1,حائل
2022-Chapter-IV-Health-Activities.xlsx,22,19,1,الحدود الشمالية
2022-Chapter-IV-Health-Activities.xlsx,22,20,1,جازان
2022-Chapter-IV-Health-Activities.xlsx,22,20,8,Jazan
2022-Chapter-IV-Health-Activities.xlsx,22,21,1,نجران
2022-Chapter-IV-Health-Activities.xlsx,22,21,8,Najran
2022-Chapter-IV-Health-Activities.xlsx,22,22,1,الباحة
2022-Chapter-IV-Health-Activities.xlsx,22,22,8,Al-Bahah
2022-Chapter-IV-Health-Activities.xlsx,22,23,1,الجوف
2022-Chapter-IV-Health-Activities.xlsx,22,23,8,Al-Jouf
2022-Chapter-IV-Health-Activities.xlsx,23,6,1,الرياض
2022-Chapter-IV-Health-Activities.xlsx,23,6,5,Riyadh
2022-Chapter-IV-Health-Activities.xlsx,23,10,1,المدينة المنورة
2022-Chapter-IV-Health-Activities.xlsx,23,11,1,القصيم
2022-Chapter-IV-Health-Activities.xlsx,23,12,1,الشرقية
2022-Chapter-IV-Health-Activities.xlsx,23,12,5,Eastern
2022-Chapter-IV-Health-Activities.xlsx,23,15,1,عسير
2022-Chapter-IV-Health-Activities.xlsx,23,17,1,تبوك
2022-Chapter-IV-Health-Activities.xlsx,23,18,1,حائل
2022-Chapter-IV-Health-Activities.xlsx,23,19,1,الحدود الشمالية
2022-Chapter-IV-Health-Activities.xlsx,23,20,1,جازان
2022-Chapter-IV-Health-Activities.xlsx,23,20,5,Jazan
2022-Chapter-IV-Health-Activities.xlsx,23,21,1,نجران
2022-Chapter-IV-Health-Activities.xlsx,23,21,5,Najran
2022-Chapter-IV-Health-Activities.xlsx,23,22,1,الباحة
2022-Chapter-IV-Health-Activities.xlsx,23,22,5,Al-Bahah
2022-Chapter-IV-Health-Activities.xlsx,23,23,1,الجوف
2022-Chapter-IV-Health-Activities.xlsx,23,23,5,Al-Jouf
2022-Chapter-IV-Health-Activities.xlsx,4.22,5,1,الرياض
2022-Chapter-IV-Health-Activities.xlsx,4.22,5,5,Riyadh
2022-Chapter-IV-Health-Activities.xlsx,4.22,9,1,المدينة المنورة
2022-Chapter-IV-Health-Activities.xlsx,4.22,10,1,القصيم
2022-Chapter-IV-Health-Activities.xlsx,4.22,11,1,الشرقية
2022-Chapter-IV-Health-Activities.xlsx,4.22,11,5,Eastern
2022-Chapter-IV-Health-Activities.xlsx,4.22,14,1,عسير
2022-Chapter-IV-Health-Activities.xlsx,4.22,16,1,تبوك
2022-Chapter-IV-Health-Activities.xlsx,4.22,17,1,حائل
2022-Chapter-IV-Health-Activities.xlsx,4.22,18,1,الحدود الشمالية
2022-Chapter-IV-Health-Activities.xlsx,4.22,19,1,جازان
2022-Chapter-IV-Health-Activities.xlsx,4.22,19,5,Jazan
2022-Chapter-IV-Health-Activities.xlsx,4.22,20,1,نجران
2022-Chapter-IV-Health-Activities.xlsx,4.22,20,5,Najran
2022-Chapter-IV-Health-Activities.xlsx,4.22,21,1,الباحة
2022-Chapter-IV-Health-Activities.xlsx,4.22,21,5,Al-Bahah
2022-Chapter-IV-Health-Activities.xlsx,4.22,22,1,الجوف
2022-Chapter-IV-Health-Activities.xlsx,4.22,22,5,Al-Jouf
2022-Chapter-IV-Health-Activities.xlsx,26,8,1,الرياض
2022-Chapter-IV-Health-Activities.xlsx,26,8,13,Riyadh
2022-Chapter-IV-Health-Activities.xlsx,26,12,1,المدينة المنورة
2022-Chapter-IV-Health-Activities.xlsx,26,13,1,القصيم
2022-Chapter-IV-Health-Activities.xlsx,26,14,1,الشرقية
2022-Chapter-IV-Health-Activities.xlsx,26,14,13,Eastern
2022-Chapter-IV-Health-Activities.xlsx,26,17,1,عسير
2022-Chapter-IV-Health-Activities.xlsx,26,19,1,تبوك
2022-Chapter-IV-Health-Activities.xlsx,26,20,1,حائل
2022-Chapter-IV-Health-Activities.xlsx,26,21,1,الحدود الشمالية
2022-Chapter-IV-Health-Activities.xlsx,26,22,1,جازان
2022-Chapter-IV-Health-Activities.xlsx,26,22,13,Jazan
2022-Chapter-IV-Health-Activities.xlsx,26,23,1,نجران
2022-Chapter-IV-Health-Activities.xlsx,26,23,13,Najran
2022-Chapter-IV-Health-Activities.xlsx,26,24,1,الباحة
2022-Chapter-IV-Health-Activities.xlsx,26,24,13,Al-Bahah
2022-Chapter-IV-Health-Activities.xlsx,26,25,1,الجوف
2022-Chapter-IV-Health-Activities.xlsx,26,25,13,Al-Jouf
2022-Chapter-IV-Health-Activities.xlsx,28,8,1,الرياض
2022-Chapter-IV-Health-Activities.xlsx,28,8,5,Riyadh
2022-Chapter-IV-Health-Activities.xlsx,28,12,1,المدينة المنورة
2022-Chapter-IV-Health-Activities.xlsx,28,13,1,القصيم
2022-Chapter-IV-Health-Activities.xlsx,28,14,1,الشرقية
2022-Chapter-IV-Health-Activities.xlsx,28,14,5,Eastern
2022-Chapter-IV-Health-Activities.xlsx,28,17,1,عسير
2022-Chapter-IV-Health-Activities.xlsx,28,19,1,تبوك
2022-Chapter-IV-Health-Activities.xlsx,28,20,1,حائل
2022-Chapter-IV-Health-Activities.xlsx,28,21,1,الحدود الشمالية
2022-Chapter-IV-Health-Activities.xlsx,28,22,1,جازان
2022-Chapter-IV-Health-Activities.xlsx,28,22,5,Jazan
2022-Chapter-IV-Health-Activities.xlsx,28,23,1,نجران
2022-Chapter-IV-Health-Activities.xlsx,28,23,5,Najran
2022-Chapter-IV-Health-Activities.xlsx,28,24,1,الباحة
2022-Chapter-IV-Health-Activities.xlsx,28,24,5,Al-Bahah
2022-Chapter-IV-Health-Activities.xlsx,28,25,1,الجوف
2022-Chapter-IV-Health-Activities.xlsx,28,25,5,Al-Jouf
2022-Chapter-IV-Health-Activities.xlsx,29,8,1,الرياض
2022-Chapter-IV-Health-Activities.xlsx,29,8,15,Riyadh
2022-Chapter-IV-Health-Activities.xlsx,29,12,1,المدينة المنورة
2022-Chapter-IV-Health-Activities.xlsx,29,13,1,القصيم
2022-Chapter-IV-Health-Activities.xlsx,29,14,1,الشرقية
2022-Chapter-IV-Health-Activities.xlsx,29,14,15,Eastern
2022-Chapter-IV-Health-Activities.xlsx,29,17,1,عسير
2022-Chapter-IV-Health-Activities.xlsx,29,19,1,تبوك
2022-Chapter-IV-Health-Activities.xlsx,29,20,1,حائل
2022-Chapter-IV-Health-Activities.xlsx,29,21,1,الحدود الشمالية
2022-Chapter-IV-Health-Activities.xlsx,29,22,1,جازان
2022-Chapter-IV-Health-Activities.xlsx,29,22,15,Jazan
2022-Chapter-IV-Health-Activities.xlsx,29,23,1,نجران
2022-Chapter-IV-Health-Activities.xlsx,29,23,15,Najran
2022-Chapter-IV-Health-Activities.xlsx,29,24,1,الباحة
2022-Chapter-IV-Health-Activities.xlsx,29,24,15,Al-Bahah
2022-Chapter-IV-Health-Activities.xlsx,29,25,1,الجوف
2022-Chapter-IV-Health-Activities.xlsx,29,25,15,Al-Jouf
2022-Chapter-IV-Health-Activities.xlsx,30,20,1,الرياض
2022-Chapter-IV-Health-Activities.xlsx,30,23,1,المدينة
2022-Chapter-IV-Health-Activities.xlsx,30,33,1,الرياض
2022-Chapter-IV-Health-Activities.xlsx,30,34,1,المدينة
2022-Chapter-IV-Health-Activities.xlsx,30,37,1,جامعة القصيم
2022-Chapter-IV-Health-Activities.xlsx,30,40,1,جامعة نجران
2022-Chapter-IV-Health-Activities.xlsx,4-32,8,1,الرياض
2022-Chapter-IV-Health-Activities.xlsx,4-32,8,15,Riyadh
2022-Chapter-IV-Health-Activities.xlsx,4-32,12,1,المدينة المنورة
2022-Chapter-IV-Health-Activities.xlsx,4-32,13,1,القصيم
2022-Chapter-IV-Health-Activities.xlsx,4-32,14,1,الشرقية
2022-Chapter-IV-Health-Activities.xlsx,4-32,14,15,Eastern
2022-Chapter-IV-Health-Activities.xlsx,4-32,17,1,عسير
2022-Chapter-IV-Health-Activities.xlsx,4-32,19,1,تبوك
2022-Chapter-IV-Health-Activities.xlsx,4-32,20,1,حائل
2022-Chapter-IV-Health-Activities.xlsx,4-32,21,1,الحدود الشمالية
2022-Chapter-IV-Health-Activities.xlsx,4-32,22,1,جازان
2022-Chapter-IV-Health-Activities.xlsx,4-32,22,15,Jazan
2022-Chapter-IV-Health-Activities.xlsx,4-32,23,1,نجران
2022-Chapter-IV-Health-Activities.xlsx,4-32,23,15,Najran
2022-Chapter-IV-Health-Activities.xlsx,4-32,24,1,الباحة
2022-Chapter-IV-Health-Activities.xlsx,4-32,24,15,Al-Bahah
2022-Chapter-IV-Health-Activities.xlsx,4-32,25,1,الجوف
2022-Chapter-IV-Health-Activities.xlsx,4-32,25,15,Al-Jouf
2022-Chapter-IV-Health-Activities.xlsx,4-32,31,1,الرياض
2022-Chapter-IV-Health-Activities.xlsx,4-32,31,15,Riyadh
2022-Chapter-IV-Health-Activities.xlsx,32ملغى,6,1,الرياض
2022-Chapter-IV-Health-Activities.xlsx,32ملغى,6,3,Riyadh
2022-Chapter-IV-Health-Activities.xlsx,32ملغى,10,1,المدينة المنورة
2022-Chapter-IV-Health-Activities.xlsx,32ملغى,11,1,القصيم
2022-Chapter-IV-Health-Activities.xlsx,32ملغى,12,1,الشرقية
2022-Chapter-IV-Health-Activities.xlsx,32ملغى,12,3,Eastern
2022-Chapter-IV-Health-Activities.xlsx,32ملغى,15,1,عسير
2022-Chapter-IV-Health-Activities.xlsx,32ملغى,17,1,تبوك
2022-Chapter-IV-Health-Activities.xlsx,32ملغى,18,1,حائل
2022-Chapter-IV-Health-Activities.xlsx,32ملغى,19,1,الحدود الشمالية
2022-Chapter-IV-Health-Activities.xlsx,32ملغى,20,1,جازان
2022-Chapter-IV-Health-Activities.xlsx,32ملغى,20,3,Jazan
2022-Chapter-IV-Health-Activities.xlsx,32ملغى,21,1,نجران
2022-Chapter-IV-Health-Activities.xlsx,32ملغى,21,3,Najran
2022-Chapter-IV-Health-Activities.xlsx,32ملغى,22,1,الباحة
2022-Chapter-IV-Health-Activities.xlsx,32ملغى,22,3,Al-Bahah
2022-Chapter-IV-Health-Activities.xlsx,32ملغى,23,1,الجوف
2022-Chapter-IV-Health-Activities.xlsx,32ملغى,23,3,Al-Jouf
2022-Chapter-IV-Health-Activities.xlsx,31,1,1,الأنشطة والخدمات الرئيسية بمستشفى الملك خالد التخصصي للعيون بالرياض في الأعوام الخمسة الأخيرة
2022-Chapter-IV-Health-Activities.xlsx,32,4,2,الرياض
2022-Chapter-IV-Health-Activities.xlsx,32,4,10,المدينة المنورة
2022-Chapter-IV-Health-Activities.xlsx,32,5,2,Riyadh
2022-Chapter-IV-Health-Activities.xlsx,32,5,10,Madinah
2022-Chapter-IV-Health-Activities.xlsx,33,4,2,"الرياض
Riyadh"
2022-Chapter-IV-Health-Activities.xlsx,33,4,6,"المدينة المنورة
Madinah"
2022-Chapter-IV-Health-Activities.xlsx,36,8,1,الرياض
2022-Chapter-IV-Health-Activities.xlsx,36,8,8,Riyadh
2022-Chapter-IV-Health-Activities.xlsx,36,12,1,المدينة المنورة
2022-Chapter-IV-Health-Activities.xlsx,36,13,1,القصيم
2022-Chapter-IV-Health-Activities.xlsx,36,14,1,الشرقية
2022-Chapter-IV-Health-Activities.xlsx,36,14,8,Eastern
2022-Chapter-IV-Health-Activities.xlsx,36,17,1,عسير
2022-Chapter-IV-Health-Activities.xlsx,36,19,1,تبوك
2022-Chapter-IV-Health-Activities.xlsx,36,20,1,حائل
2022-Chapter-IV-Health-Activities.xlsx,36,21,1,الحدود الشمالية
2022-Chapter-IV-Health-Activities.xlsx,36,21,8,Northern Border
2022-Chapter-IV-Health-Activities.xlsx,36,22,1,جازان
2022-Chapter-IV-Health-Activities.xlsx,36,22,8,Jazan
2022-Chapter-IV-Health-Activities.xlsx,36,23,1,نجران
2022-Chapter-IV-Health-Activities.xlsx,36,23,8,Najran
2022-Chapter-IV-Health-Activities.xlsx,36,24,1,الباحة
2022-Chapter-IV-Health-Activities.xlsx,36,24,8,Al-Baha
2022-Chapter-IV-Health-Activities.xlsx,36,25,1,الجوف
2022-Chapter-IV-Health-Activities.xlsx,36,25,8,Jouf
2022-Chapter-IV-Health-Activities.xlsx,38,13,1,وزارة الرياضة
2022-Chapter-IV-Health-Activities.xlsx,40,6,1,الرياض
2022-Chapter-IV-Health-Activities.xlsx,40,6,4,Riyadh
2022-Chapter-IV-Health-Activities.xlsx,40,10,1,المدينة المنورة
2022-Chapter-IV-Health-Activities.xlsx,40,11,1,القصيم
2022-Chapter-IV-Health-Activities.xlsx,40,12,1,الشرقية
2022-Chapter-IV-Health-Activities.xlsx,40,12,4,Eastern
2022-Chapter-IV-Health-Activities.xlsx,40,15,1,عسير
2022-Chapter-IV-Health-Activities.xlsx,40,17,1,تبوك
2022-Chapter-IV-Health-Activities.xlsx,40,18,1,حائل
2022-Chapter-IV-Health-Activities.xlsx,40,19,1,الحدود الشمالية
2022-Chapter-IV-Health-Activities.xlsx,40,20,1,جازان
2022-Chapter-IV-Health-Activities.xlsx,40,20,4,Jazan
2022-Chapter-IV-Health-Activities.xlsx,40,21,1,نجران
2022-Chapter-IV-Health-Activities.xlsx,40,21,4,Najran
2022-Chapter-IV-Health-Activities.xlsx,40,22,1,الباحة
2022-Chapter-IV-Health-Activities.xlsx,40,22,4,Al-Bahah
2022-Chapter-IV-Health-Activities.xlsx,40,23,1,الجوف
2022-Chapter-IV-Health-Activities.xlsx,40,23,4,Al-Jouf
2022-Chapter-IV-Health-Activities.xlsx,41,8,1,الرياض
2022-Chapter-IV-Health-Activities.xlsx,41,8,20,Riyadh
2022-Chapter-IV-Health-Activities.xlsx,41,12,1,المدينة المنورة
2022-Chapter-IV-Health-Activities.xlsx,41,13,1,القصيم
2022-Chapter-IV-Health-Activities.xlsx,41,14,1,الشرقية
2022-Chapter-IV-Health-Activities.xlsx,41,14,20,Eastern
2022-Chapter-IV-Health-Activities.xlsx,41,17,1,عسير
2022-Chapter-IV-Health-Activities.xlsx,41,19,1,تبوك
2022-Chapter-IV-Health-Activities.xlsx,41,20,1,حائل
2022-Chapter-IV-Health-Activities.xlsx,41,21,1,الحدود الشمالية
2022-Chapter-IV-Health-Activities.xlsx,41,22,1,جازان
2022-Chapter-IV-Health-Activities.xlsx,41,22,20,Jazan
2022-Chapter-IV-Health-Activities.xlsx,41,23,1,نجران
2022-Chapter-IV-Health-Activities.xlsx,41,23,20,Najran
2022-Chapter-IV-Health-Activities.xlsx,41,24,1,الباحة
2022-Chapter-IV-Health-Activities.xlsx,41,24,20,Al-Bahah
2022-Chapter-IV-Health-Activities.xlsx,41,25,1,الجوف
2022-Chapter-IV-Health-Activities.xlsx,41,25,20,Al-Jouf
2022-Chapter-IV-Health-Activities.xlsx,4.50,6,1,الرياض
2022-Chapter-IV-Health-Activities.xlsx,4.50,6,4,Riyadh
2022-Chapter-IV-Health-Activities.xlsx,4.50,10,1,المدينة المنورة
2022-Chapter-IV-Health-Activities.xlsx,4.50,11,1,القصيم
2022-Chapter-IV-Health-Activities.xlsx,4.50,12,1,الشرقية
2022-Chapter-IV-Health-Activities.xlsx,4.50,12,4,Eastern
2022-Chapter-IV-Health-Activities.xlsx,4.50,15,1,عسير
2022-Chapter-IV-Health-Activities.xlsx,4.50,17,1,تبوك
2022-Chapter-IV-Health-Activities.xlsx,4.50,18,1,حائل
2022-Chapter-IV-Health-Activities.xlsx,4.50,19,1,الحدود الشمالية
2022-Chapter-IV-Health-Activities.xlsx,4.50,20,1,جازان
2022-Chapter-IV-Health-Activities.xlsx,4.50,20,4,Jazan
2022-Chapter-IV-Health-Activities.xlsx,4.50,21,1,نجران
2022-Chapter-IV-Health-Activities.xlsx,4.50,21,4,Najran
2022-Chapter-IV-Health-Activities.xlsx,4.50,22,1,الباحة
2022-Chapter-IV-Health-Activities.xlsx,4.50,22,4,Al-Bahah
2022-Chapter-IV-Health-Activities.xlsx,4.50,23,1,الجوف
2022-Chapter-IV-Health-Activities.xlsx,4.50,23,4,Al-Jouf
2022-Chapter-IV-Health-Activities.xlsx,44,6,1,الرياض
2022-Chapter-IV-Health-Activities.xlsx,44,6,7,Riyadh
2022-Chapter-IV-Health-Activities.xlsx,44,9,1,المدينة المنورة
2022-Chapter-IV-Health-Activities.xlsx,44,10,1,القصيم
2022-Chapter-IV-Health-Activities.xlsx,44,11,1,الشرقية
2022-Chapter-IV-Health-Activities.xlsx,44,11,7,Eastern
2022-Chapter-IV-Health-Activities.xlsx,44,12,1,عسير
2022-Chapter-IV-Health-Activities.xlsx,44,13,1,تبوك
2022-Chapter-IV-Health-Activities.xlsx,44,14,1,جازان
2022-Chapter-IV-Health-Activities.xlsx,44,14,7,Jazan
2022-Chapter-IV-Health-Activities.xlsx,44,15,1,الباحة
2022-Chapter-IV-Health-Activities.xlsx,44,15,7,Albaha
2022-Chapter-IV-Health-Activities.xlsx,45,6,1,الرياض
2022-Chapter-IV-Health-Activities.xlsx,45,6,5,Riyadh
2022-Chapter-IV-Health-Activities.xlsx,45,10,1,المدينة المنورة
2022-Chapter-IV-Health-Activities.xlsx,45,11,1,القصيم
2022-Chapter-IV-Health-Activities.xlsx,45,12,1,الشرقية
2022-Chapter-IV-Health-Activities.xlsx,45,12,5,Eastern
2022-Chapter-IV-Health-Activities.xlsx,45,15,1,عسير
2022-Chapter-IV-Health-Activities.xlsx,45,17,1,تبوك
2022-Chapter-IV-Health-Activities.xlsx,45,18,1,حائل
2022-Chapter-IV-Health-Activities.xlsx,45,19,1,الحدود الشمالية
2022-Chapter-IV-Health-Activities.xlsx,45,20,1,جازان
2022-Chapter-IV-Health-Activities.xlsx,45,20,5,Jazan
2022-Chapter-IV-Health-Activities.xlsx,45,21,1,نجران
2022-Chapter-IV-Health-Activities.xlsx,45,21,5,Najran
2022-Chapter-IV-Health-Activities.xlsx,45,22,1,الباحة
2022-Chapter-IV-Health-Activities.xlsx,45,22,5,Al-Bahah
2022-Chapter-IV-Health-Activities.xlsx,45,23,1,الجوف
2022-Chapter-IV-Health-Activities.xlsx,45,23,5,Al-Jouf
2022-Chapter-IV-Health-Activities.xlsx,48,7,1,الرياض
2022-Chapter-IV-Health-Activities.xlsx,48,7,8,Riyadh
2022-Chapter-IV-Health-Activities.xlsx,48,11,1,المدينة المنورة
2022-Chapter-IV-Health-Activities.xlsx,48,12,1,القصيم
2022-Chapter-IV-Health-Activities.xlsx,48,13,1,الشرقية
2022-Chapter-IV-Health-Activities.xlsx,48,13,8,Eastern
2022-Chapter-IV-Health-Activities.xlsx,48,16,1,عسير
2022-Chapter-IV-Health-Activities.xlsx,48,18,1,تبوك
2022-Chapter-IV-Health-Activities.xlsx,48,19,1,حائل
2022-Chapter-IV-Health-Activities.xlsx,48,20,1,الحدود الشمالية
2022-Chapter-IV-Health-Activities.xlsx,48,21,1,جازان
2022-Chapter-IV-Health-Activities.xlsx,48,21,8,Jazan
2022-Chapter-IV-Health-Activities.xlsx,48,22,1,نجران
2022-Chapter-IV-Health-Activities.xlsx,48,22,8,Najran
2022-Chapter-IV-Health-Activities.xlsx,48,23,1,الباحة
2022-Chapter-IV-Health-Activities.xlsx,48,23,8,Al-Bahah
2022-Chapter-IV-Health-Activities.xlsx,48,24,1,الجوف
2022-Chapter-IV-Health-Activities.xlsx,48,24,8,Al-Jouf
2022-Chapter-IV-Health-Activities.xlsx,49,8,1,الرياض
2022-Chapter-IV-Health-Activities.xlsx,49,8,8,Riyadh
2022-Chapter-IV-Health-Activities.xlsx,49,12,1,المدينة المنورة
2022-Chapter-IV-Health-Activities.xlsx,49,13,1,القصيم
2022-Chapter-IV-Health-Activities.xlsx,49,14,1,الشرقية
2022-Chapter-IV-Health-Activities.xlsx,49,14,8,Eastern
2022-Chapter-IV-Health-Activities.xlsx,49,16,1,عسير
2022-Chapter-IV-Health-Activities.xlsx,49,17,1,تبوك
2022-Chapter-IV-Health-Activities.xlsx,49,18,1,حائل
2022-Chapter-IV-Health-Activities.xlsx,49,19,1,جازان
2022-Chapter-IV-Health-Activities.xlsx,49,19,8,Jazan
2022-Chapter-IV-Health-Activities.xlsx,49,20,1,نجران
2022-Chapter-IV-Health-Activities.xlsx,49,20,8,Najran
2022-Chapter-IV-Health-Activities.xlsx,49,21,1,الباحة
2022-Chapter-IV-Health-Activities.xlsx,49,21,8,Al-Bahah
2022-Chapter-IV-Health-Activities.xlsx,49,22,1,الجوف
2022-Chapter-IV-Health-Activities.xlsx,49,22,8,Al-Jouf
2022-Chapter-IV-Health-Activities.xlsx,50,7,1,الرياض
2022-Chapter-IV-Health-Activities.xlsx,50,7,7,Riyadh
2022-Chapter-IV-Health-Activities.xlsx,50,11,1,المدينة المنورة
2022-Chapter-IV-Health-Activities.xlsx,50,12,1,القصيم
2022-Chapter-IV-Health-Activities.xlsx,50,13,1,الشرقية
2022-Chapter-IV-Health-Activities.xlsx,50,13,7,Eastern
2022-Chapter-IV-Health-Activities.xlsx,50,15,1,عسير
2022-Chapter-IV-Health-Activities.xlsx,50,16,1,تبوك
2022-Chapter-IV-Health-Activities.xlsx,50,17,1,حائل
2022-Chapter-IV-Health-Activities.xlsx,50,18,1,جازان
2022-Chapter-IV-Health-Activities.xlsx,50,18,7,Jazan
2022-Chapter-IV-Health-Activities.xlsx,50,19,1,نجران
2022-Chapter-IV-Health-Activities.xlsx,50,19,7,Najran
2022-Chapter-IV-Health-Activities.xlsx,50,20,1,الباحة
2022-Chapter-IV-Health-Activities.xlsx,50,20,7,Al-Bahah
2022-Chapter-IV-Health-Activities.xlsx,50,21,1,الجوف
2022-Chapter-IV-Health-Activities.xlsx,50,21,7,Al-Jouf
2022-Chapter-IV-Health-Activities.xlsx,51,4,2,التجمع الأول بالرياض
2022-Chapter-IV-Health-Activities.xlsx,51,4,3,التجمع الثاني بالرياض
2022-Chapter-IV-Health-Activities.xlsx,51,4,4,التجمع الثالث بالرياض
2022-Chapter-IV-Health-Activities.xlsx,51,4,8,المدينة المنورة
2022-Chapter-IV-Health-Activities.xlsx,51,4,9,القصيم
2022-Chapter-IV-Health-Activities.xlsx,51,4,10,الشرقية
2022-Chapter-IV-Health-Activities.xlsx,51,4,13,عسير
2022-Chapter-IV-Health-Activities.xlsx,51,4,15,تبوك
2022-Chapter-IV-Health-Activities.xlsx,51,4,16,حائل
2022-Chapter-IV-Health-Activities.xlsx,51,4,17,الحدود الشمالية
2022-Chapter-IV-Health-Activities.xlsx,51,4,18,جازان
2022-Chapter-IV-Health-Activities.xlsx,51,4,19,نجران
2022-Chapter-IV-Health-Activities.xlsx,51,4,20,الباحة
2022-Chapter-IV-Health-Activities.xlsx,51,4,21,الجوف
2022-Chapter-IV-Health-Activities.xlsx,51,5,2,Riyadh Cluster I
2022-Chapter-IV-Health-Activities.xlsx,51,5,3,Riyadh Cluster II
2022-Chapter-IV-Health-Activities.xlsx,51,5,4,Riyadh Cluster III
2022-Chapter-IV-Health-Activities.xlsx,51,5,10,Eastern
2022-Chapter-IV-Health-Activities.xlsx,51,5,18,Jazan
2022-Chapter-IV-Health-Activities.xlsx,51,5,19,Najran
2022-Chapter-IV-Health-Activities.xlsx,51,5,20,Al-Bahah
2022-Chapter-IV-Health-Activities.xlsx,51,5,21,Al-Jouf
2022-Chapter-IV-Health-Activities.xlsx,51,6,1,التجمع الأول بالرياض
2022-Chapter-IV-Health-Activities.xlsx,51,6,25,Riyadh Cluster I
2022-Chapter-IV-Health-Activities.xlsx,51,7,1,التجمع الثاني بالرياض
2022-Chapter-IV-Health-Activities.xlsx,51,7,25,Riyadh Cluster II
2022-Chapter-IV-Health-Activities.xlsx,51,8,1,التجمع الثالث بالرياض
2022-Chapter-IV-Health-Activities.xlsx,51,8,25,Riyadh Cluster III
2022-Chapter-IV-Health-Activities.xlsx,51,12,1,المدينة المنورة
2022-Chapter-IV-Health-Activities.xlsx,51,13,1,القصيم
2022-Chapter-IV-Health-Activities.xlsx,51,14,1,الشرقية
2022-Chapter-IV-Health-Activities.xlsx,51,14,25,Eastern
2022-Chapter-IV-Health-Activities.xlsx,51,17,1,عسير
2022-Chapter-IV-Health-Activities.xlsx,51,19,1,تبوك
2022-Chapter-IV-Health-Activities.xlsx,51,20,1,حائل
2022-Chapter-IV-Health-Activities.xlsx,51,21,1,الحدود الشمالية
2022-Chapter-IV-Health-Activities.xlsx,51,22,1,جازان
2022-Chapter-IV-Health-Activities.xlsx,51,22,25,Jazan
2022-Chapter-IV-Health-Activities.xlsx,51,23,1,نجران
2022-Chapter-IV-Health-Activities.xlsx,51,23,25,Najran
2022-Chapter-IV-Health-Activities.xlsx,51,24,1,الباحة
2022-Chapter-IV-Health-Activities.xlsx,51,24,25,Al-Bahah
2022-Chapter-IV-Health-Activities.xlsx,51,25,1,الجوف
2022-Chapter-IV-Health-Activities.xlsx,51,25,25,Al-Jouf
2022-Chapter-IV-Health-Activities.xlsx,54,6,1,الرياض
2022-Chapter-IV-Health-Activities.xlsx,54,6,10,Riyadh
2022-Chapter-IV-Health-Activities.xlsx,54,10,1,المدينة المنورة
2022-Chapter-IV-Health-Activities.xlsx,54,11,1,القصيم
2022-Chapter-IV-Health-Activities.xlsx,54,12,1,الشرقية
2022-Chapter-IV-Health-Activities.xlsx,54,12,10,Eastern
2022-Chapter-IV-Health-Activities.xlsx,54,15,1,عسير
2022-Chapter-IV-Health-Activities.xlsx,54,17,1,تبوك
2022-Chapter-IV-Health-Activities.xlsx,54,18,1,حائل
2022-Chapter-IV-Health-Activities.xlsx,54,19,1,الحدود الشمالية
2022-Chapter-IV-Health-Activities.xlsx,54,20,1,جازان
2022-Chapter-IV-Health-Activities.xlsx,54,20,10,Jazan
2022-Chapter-IV-Health-Activities.xlsx,54,21,1,نجران
2022-Chapter-IV-Health-Activities.xlsx,54,21,10,Najran
2022-Chapter-IV-Health-Activities.xlsx,54,22,1,الباحة
2022-Chapter-IV-Health-Activities.xlsx,54,22,10,Al-Bahah
2022-Chapter-IV-Health-Activities.xlsx,54,23,1,الجوف
2022-Chapter-IV-Health-Activities.xlsx,54,23,10,Al-Jouf
2022-Chapter-IV-Health-Activities.xlsx,55,6,1,الرياض
2022-Chapter-IV-Health-Activities.xlsx,55,6,7,Riyadh
2022-Chapter-IV-Health-Activities.xlsx,55,10,1,المدينة المنورة
2022-Chapter-IV-Health-Activities.xlsx,55,11,1,القصيم
2022-Chapter-IV-Health-Activities.xlsx,55,12,1,الشرقية
2022-Chapter-IV-Health-Activities.xlsx,55,12,7,Eastern
2022-Chapter-IV-Health-Activities.xlsx,55,15,1,عسير
2022-Chapter-IV-Health-Activities.xlsx,55,17,1,تبوك
2022-Chapter-IV-Health-Activities.xlsx,55,18,1,حائل
2022-Chapter-IV-Health-Activities.xlsx,55,19,1,الحدود الشمالية
2022-Chapter-IV-Health-Activities.xlsx,55,20,1,جازان
2022-Chapter-IV-Health-Activities.xlsx,55,20,7,Jazan
2022-Chapter-IV-Health-Activities.xlsx,55,21,1,نجران
2022-Chapter-IV-Health-Activities.xlsx,55,21,7,Najran
2022-Chapter-IV-Health-Activities.xlsx,55,22,1,الباحة
2022-Chapter-IV-Health-Activities.xlsx,55,22,7,Al-Bahah
2022-Chapter-IV-Health-Activities.xlsx,55,23,1,الجوف
2022-Chapter-IV-Health-Activities.xlsx,55,23,7,Al-Jouf
2022-Chapter-IV-Health-Activities.xlsx,58,7,1,الرياض
2022-Chapter-IV-Health-Activities.xlsx,58,7,9,Riyadh
2022-Chapter-IV-Health-Activities.xlsx,58,11,1,المدينة المنورة
2022-Chapter-IV-Health-Activities.xlsx,58,12,1,القصيم
2022-Chapter-IV-Health-Activities.xlsx,58,13,1,الشرقية
2022-Chapter-IV-Health-Activities.xlsx,58,13,9,Eastern
2022-Chapter-IV-Health-Activities.xlsx,58,16,1,عسير
2022-Chapter-IV-Health-Activities.xlsx,58,18,1,تبوك
2022-Chapter-IV-Health-Activities.xlsx,58,19,1,حائل
2022-Chapter-IV-Health-Activities.xlsx,58,20,1,الحدود الشمالية
2022-Chapter-IV-Health-Activities.xlsx,58,20,9,Northern Border
2022-Chapter-IV-Health-Activities.xlsx,58,21,1,جازان
2022-Chapter-IV-Health-Activities.xlsx,58,21,9,Jazan
2022-Chapter-IV-Health-Activities.xlsx,58,22,1,نجران
2022-Chapter-IV-Health-Activities.xlsx,58,22,9,Najran
2022-Chapter-IV-Health-Activities.xlsx,58,23,1,الباحة
2022-Chapter-IV-Health-Activities.xlsx,58,23,9,Al-Baha
2022-Chapter-IV-Health-Activities.xlsx,58,24,1,الجوف
2022-Chapter-IV-Health-Activities.xlsx,58,24,9,Jouf
2022-Chapter-IV-Health-Activities.xlsx,59,7,1,الرياض
2022-Chapter-IV-Health-Activities.xlsx,59,7,6,Riyadh
2022-Chapter-IV-Health-Activities.xlsx,59,11,1,المدينة المنورة
2022-Chapter-IV-Health-Activities.xlsx,59,12,1,القصيم
2022-Chapter-IV-Health-Activities.xlsx,59,13,1,الشرقية
2022-Chapter-IV-Health-Activities.xlsx,59,13,6,Eastern
2022-Chapter-IV-Health-Activities.xlsx,59,16,1,عسير
2022-Chapter-IV-Health-Activities.xlsx,59,18,1,تبوك
2022-Chapter-IV-Health-Activities.xlsx,59,19,1,حائل
2022-Chapter-IV-Health-Activities.xlsx,59,20,1,الحدود الشمالية
2022-Chapter-IV-Health-Activities.xlsx,59,20,6,Northern Border
2022-Chapter-IV-Health-Activities.xlsx,59,21,1,جازان
2022-Chapter-IV-Health-Activities.xlsx,59,21,6,Jazan
2022-Chapter-IV-Health-Activities.xlsx,59,22,1,نجران
2022-Chapter-IV-Health-Activities.xlsx,59,22,6,Najran
2022-Chapter-IV-Health-Activities.xlsx,59,23,1,الباحة
2022-Chapter-IV-Health-Activities.xlsx,59,23,6,Al-Baha
2022-Chapter-IV-Health-Activities.xlsx,59,24,1,الجوف
2022-Chapter-IV-Health-Activities.xlsx,59,24,6,Jouf
Statistical-Yearbook-2021-Chapter-I-Health-Indicators.xlsx,5,5,1,الرياض
Statistical-Yearbook-2021-Chapter-I-Health-Indicators.xlsx,5,5,7,Riyadh
Statistical-Yearbook-2021-Chapter-I-Health-Indicators.xlsx,5,9,1,المدينة المنوره
Statistical-Yearbook-2021-Chapter-I-Health-Indicators.xlsx,5,10,1,القصيم
Statistical-Yearbook-2021-Chapter-I-Health-Indicators.xlsx,5,11,7,Eastern
Statistical-Yearbook-2021-Chapter-I-Health-Indicators.xlsx,5,14,1,عسير
Statistical-Yearbook-2021-Chapter-I-Health-Indicators.xlsx,5,16,1,تبوك
Statistical-Yearbook-2021-Chapter-I-Health-Indicators.xlsx,5,17,1,حائل
Statistical-Yearbook-2021-Chapter-I-Health-Indicators.xlsx,5,19,1,جازان
Statistical-Yearbook-2021-Chapter-I-Health-Indicators.xlsx,5,19,7,Jazan
Statistical-Yearbook-2021-Chapter-I-Health-Indicators.xlsx,5,20,1,نجران
Statistical-Yearbook-2021-Chapter-I-Health-Indicators.xlsx,5,20,7,Najran
Statistical-Yearbook-2021-Chapter-I-Health-Indicators.xlsx,5,21,7,Al-Bahah
Statistical-Yearbook-2021-Chapter-I-Health-Indicators.xlsx,5,22,1,الجوف
Statistical-Yearbook-2021-Chapter-I-Health-Indicators.xlsx,5,22,7,Al-Jouf
Statistical-Yearbook-2021-Chapter-I-Health-Indicators.xlsx,6,5,1,الرياض
Statistical-Yearbook-2021-Chapter-I-Health-Indicators.xlsx,6,5,8,Riyadh
Statistical-Yearbook-2021-Chapter-I-Health-Indicators.xlsx,6,9,1,المدينة المنورة
Statistical-Yearbook-2021-Chapter-I-Health-Indicators.xlsx,6,10,1,القصيم
Statistical-Yearbook-2021-Chapter-I-Health-Indicators.xlsx,6,11,1,الشرقية
Statistical-Yearbook-2021-Chapter-I-Health-Indicators.xlsx,6,11,8,Eastern
Statistical-Yearbook-2021-Chapter-I-Health-Indicators.xlsx,6,14,1,عسير
Statistical-Yearbook-2021-Chapter-I-Health-Indicators.xlsx,6,16,1,تبوك
Statistical-Yearbook-2021-Chapter-I-Health-Indicators.xlsx,6,17,1,حائل
Statistical-Yearbook-2021-Chapter-I-Health-Indicators.xlsx,6,18,1,الحدود الشمالية
Statistical-Yearbook-2021-Chapter-I-Health-Indicators.xlsx,6,19,1,جازان
Statistical-Yearbook-2021-Chapter-I-Health-Indicators.xlsx,6,19,8,Jazan
Statistical-Yearbook-2021-Chapter-I-Health-Indicators.xlsx,6,20,1,نجران
Statistical-Yearbook-2021-Chapter-I-Health-Indicators.xlsx,6,20,8,Najran
Statistical-Yearbook-2021-Chapter-I-Health-Indicators.xlsx,6,21,1,الباحة
Statistical-Yearbook-2021-Chapter-I-Health-Indicators.xlsx,6,21,8,Al- Bahah
Statistical-Yearbook-2021-Chapter-I-Health-Indicators.xlsx,6,22,1,الجوف
Statistical-Yearbook-2021-Chapter-I-Health-Indicators.xlsx,6,22,8,Al- Jouf
statistical-yearbook-2021-chapter-II-health-resources.xlsx,2-3,8,1,الرياض
statistical-yearbook-2021-chapter-II-health-resources.xlsx,2-3,8,10,Riyadh
statistical-yearbook-2021-chapter-II-health-resources.xlsx,2-3,12,1,المدينة المنورة
statistical-yearbook-2021-chapter-II-health-resources.xlsx,2-3,13,1,القصيم
statistical-yearbook-2021-chapter-II-health-resources.xlsx,2-3,14,1,الشرقية
statistical-yearbook-2021-chapter-II-health-resources.xlsx,2-3,14,10,Eastern
statistical-yearbook-2021-chapter-II-health-resources.xlsx,2-3,17,1,عسير
statistical-yearbook-2021-chapter-II-health-resources.xlsx,2-3,19,1,تبوك
statistical-yearbook-2021-chapter-II-health-resources.xlsx,2-3,20,1,حائل
statistical-yearbook-2021-chapter-II-health-resources.xlsx,2-3,21,1,الحدود الشمالية
statistical-yearbook-2021-chapter-II-health-resources.xlsx,2-3,22,1,جازان
statistical-yearbook-2021-chapter-II-health-resources.xlsx,2-3,22,10,Jazan
statistical-yearbook-2021-chapter-II-health-resources.xlsx,2-3,23,1,نجران
statistical-yearbook-2021-chapter-II-health-resources.xlsx,2-3,23,10,Najran
statistical-yearbook-2021-chapter-II-health-resources.xlsx,2-3,24,1,الباحة
statistical-yearbook-2021-chapter-II-health-resources.xlsx,2-3,24,10,Al-Bahah
statistical-yearbook-2021-chapter-II-health-resources.xlsx,2-3,25,1,الجوف
statistical-yearbook-2021-chapter-II-health-resources.xlsx,2-3,25,10,Al-Jouf
statistical-yearbook-2021-chapter-II-health-resources.xlsx,2-6,6,1,الرياض
statistical-yearbook-2021-chapter-II-health-resources.xlsx,2-6,6,14,Riyadh
statistical-yearbook-2021-chapter-II-health-resources.xlsx,2-6,10,1,المدينة المنورة
statistical-yearbook-2021-chapter-II-health-resources.xlsx,2-6,11,1,القصيم
statistical-yearbook-2021-chapter-II-health-resources.xlsx,2-6,12,1,الشرقية
statistical-yearbook-2021-chapter-II-health-resources.xlsx,2-6,12,14,Eastern
statistical-yearbook-2021-chapter-II-health-resources.xlsx,2-6,15,1,عسير
statistical-yearbook-2021-chapter-II-health-resources.xlsx,2-6,17,1,تبوك
statistical-yearbook-2021-chapter-II-health-resources.xlsx,2-6,18,1,حائل
statistical-yearbook-2021-chapter-II-health-resources.xlsx,2-6,19,1,الحدود الشمالية
statistical-yearbook-2021-chapter-II-health-resources.xlsx,2-6,20,1,جازان
statistical-yearbook-2021-chapter-II-health-resources.xlsx,2-6,20,14,Jazan
statistical-yearbook-2021-chapter-II-health-resources.xlsx,2-6,21,1,نجران
statistical-yearbook-2021-chapter-II-health-resources.xlsx,2-6,21,14,Najran
statistical-yearbook-2021-chapter-II-health-resources.xlsx,2-6,22,1,الباحة
statistical-yearbook-2021-chapter-II-health-resources.xlsx,2-6,22,14,Al- Bahah
statistical-yearbook-2021-chapter-II-health-resources.xlsx,2-6,23,1,الجوف
statistical-yearbook-2021-chapter-II-health-resources.xlsx,2-6,23,14,Al- Jouf
statistical-yearbook-2021-chapter-II-health-resources.xlsx,2-7,4,3,الرياض
statistical-yearbook-2021-chapter-II-health-resources.xlsx,2-7,4,5,Riyadh
statistical-yearbook-2021-chapter-II-health-resources.xlsx,2-7,4,8,Makkah
statistical-yearbook-2021-chapter-II-health-resources.xlsx,2-7,5,3,Riyadh
statistical-yearbook-2021-chapter-II-health-resources.xlsx,2-7,33,3,المدينة المنورة
statistical-yearbook-2021-chapter-II-health-resources.xlsx,2-7,33,6,القصيم
statistical-yearbook-2021-chapter-II-health-resources.xlsx,2-7,33,9,الشرقية
statistical-yearbook-2021-chapter-II-health-resources.xlsx,2-7,33,11,Eastern
statistical-yearbook-2021-chapter-II-health-resources.xlsx,2-7,34,9,Eastern
statistical-yearbook-2021-chapter-II-health-resources.xlsx,2-10,9,1,الرياض
statistical-yearbook-2021-chapter-II-health-resources.xlsx,2-10,9,14,Riyadh
statistical-yearbook-2021-chapter-II-health-resources.xlsx,2-10,13,1,المدينة المنورة
statistical-yearbook-2021-chapter-II-health-resources.xlsx,2-10,14,1,القصيم
statistical-yearbook-2021-chapter-II-health-resources.xlsx,2-10,15,1,الشرقية
statistical-yearbook-2021-chapter-II-health-resources.xlsx,2-10,15,14,Eastern
statistical-yearbook-2021-chapter-II-health-resources.xlsx,2-10,18,1,عسير
statistical-yearbook-2021-chapter-II-health-resources.xlsx,2-10,20,1,تبوك
statistical-yearbook-2021-chapter-II-health-resources.xlsx,2-10,21,1,حائل
statistical-yearbook-2021-chapter-II-health-resources.xlsx,2-10,22,1,الحدود الشمالية
statistical-yearbook-2021-chapter-II-health-resources.xlsx,2-10,23,1,جازان
statistical-yearbook-2021-chapter-II-health-resources.xlsx,2-10,23,14,Jazan
statistical-yearbook-2021-chapter-II-health-resources.xlsx,2-10,24,1,نجران
statistical-yearbook-2021-chapter-II-health-resources.xlsx,2-10,24,14,Najran
statistical-yearbook-2021-chapter-II-health-resources.xlsx,2-10,25,1,الباحة
statistical-yearbook-2021-chapter-II-health-resources.xlsx,2-10,25,14,Al-Bahah
statistical-yearbook-2021-chapter-II-health-resources.xlsx,2-10,26,1,الجوف
statistical-yearbook-2021-chapter-II-health-resources.xlsx,2-10,26,14,Al-Jouf
statistical-yearbook-2021-chapter-II-health-resources.xlsx,2-11,7,1,الرياض
statistical-yearbook-2021-chapter-II-health-resources.xlsx,2-11,7,12,Riyadh
statistical-yearbook-2021-chapter-II-health-resources.xlsx,2-11,11,1,المدينة المنورة
statistical-yearbook-2021-chapter-II-health-resources.xlsx,2-11,12,1,القصيم
statistical-yearbook-2021-chapter-II-health-resources.xlsx,2-11,13,1,الشرقية
statistical-yearbook-2021-chapter-II-health-resources.xlsx,2-11,13,12,Eastern
statistical-yearbook-2021-chapter-II-health-resources.xlsx,2-11,16,1,عسير
statistical-yearbook-2021-chapter-II-health-resources.xlsx,2-11,18,1,تبوك
statistical-yearbook-2021-chapter-II-health-resources.xlsx,2-11,19,1,حائل
statistical-yearbook-2021-chapter-II-health-resources.xlsx,2-11,20,1,الحدود الشمالية
statistical-yearbook-2021-chapter-II-health-resources.xlsx,2-11,21,1,جازان
statistical-yearbook-2021-chapter-II-health-resources.xlsx,2-11,21,12,Jazan
statistical-yearbook-2021-chapter-II-health-resources.xlsx,2-11,22,1,نجران
statistical-yearbook-2021-chapter-II-health-resources.xlsx,2-11,22,12,Najran
statistical-yearbook-2021-chapter-II-health-resources.xlsx,2-11,23,1,الباحة
statistical-yearbook-2021-chapter-II-health-resources.xlsx,2-11,23,12,Al-Bahah
statistical-yearbook-2021-chapter-II-health-resources.xlsx,2-11,24,1,الجوف
statistical-yearbook-2021-chapter-II-health-resources.xlsx,2-11,24,12,Al-Jouf
statistical-yearbook-2021-chapter-II-health-resources.xlsx,2-12,8,1,الرياض
statistical-yearbook-2021-chapter-II-health-resources.xlsx,2-12,8,18,Riyadh
statistical-yearbook-2021-chapter-II-health-resources.xlsx,2-12,12,1,المدينة المنورة
statistical-yearbook-2021-chapter-II-health-resources.xlsx,2-12,13,1,القصيم
statistical-yearbook-2021-chapter-II-health-resources.xlsx,2-12,14,1,الشرقية
statistical-yearbook-2021-chapter-II-health-resources.xlsx,2-12,14,18,Eastern
statistical-yearbook-2021-chapter-II-health-resources.xlsx,2-12,17,1,عسير
statistical-yearbook-2021-chapter-II-health-resources.xlsx,2-12,19,1,تبوك
statistical-yearbook-2021-chapter-II-health-resources.xlsx,2-12,20,1,حائل
statistical-yearbook-2021-chapter-II-health-resources.xlsx,2-12,21,1,الحدود الشمالية
statistical-yearbook-2021-chapter-II-health-resources.xlsx,2-12,22,1,جازان
statistical-yearbook-2021-chapter-II-health-resources.xlsx,2-12,22,18,Jazan
statistical-yearbook-2021-chapter-II-health-resources.xlsx,2-12,23,1,نجران
statistical-yearbook-2021-chapter-II-health-resources.xlsx,2-12,23,18,Najran
statistical-yearbook-2021-chapter-II-health-resources.xlsx,2-12,24,1,الباحة
statistical-yearbook-2021-chapter-II-health-resources.xlsx,2-12,24,18,Al- Bahah
statistical-yearbook-2021-chapter-II-health-resources.xlsx,2-12,25,1,الجوف
statistical-yearbook-2021-chapter-II-health-resources.xlsx,2-12,25,18,Al -Jouf
statistical-yearbook-2021-chapter-II-health-resources.xlsx,2-13,6,1,الرياض
statistical-yearbook-2021-chapter-II-health-resources.xlsx,2-13,6,10,Riyadh
statistical-yearbook-2021-chapter-II-health-resources.xlsx,2-13,10,1,المدينة المنورة
statistical-yearbook-2021-chapter-II-health-resources.xlsx,2-13,11,1,القصيم
statistical-yearbook-2021-chapter-II-health-resources.xlsx,2-13,12,1,الشرقية
statistical-yearbook-2021-chapter-II-health-resources.xlsx,2-13,12,10,Eastern
statistical-yearbook-2021-chapter-II-health-resources.xlsx,2-13,15,1,عسير
statistical-yearbook-2021-chapter-II-health-resources.xlsx,2-13,17,1,تبوك
statistical-yearbook-2021-chapter-II-health-resources.xlsx,2-13,18,1,حائل
statistical-yearbook-2021-chapter-II-health-resources.xlsx,2-13,19,1,الحدود الشمالية
statistical-yearbook-2021-chapter-II-health-resources.xlsx,2-13,20,1,جازان
statistical-yearbook-2021-chapter-II-health-resources.xlsx,2-13,20,10,Jazan
statistical-yearbook-2021-chapter-II-health-resources.xlsx,2-13,21,1,نجران
statistical-yearbook-2021-chapter-II-health-resources.xlsx,2-13,21,10,Najran
statistical-yearbook-2021-chapter-II-health-resources.xlsx,2-13,22,1,الباحة
statistical-yearbook-2021-chapter-II-health-resources.xlsx,2-13,22,10,Al-Bahah
statistical-yearbook-2021-chapter-II-health-resources.xlsx,2-13,23,1,الجوف
statistical-yearbook-2021-chapter-II-health-resources.xlsx,2-13,23,10,Al-Jouf
statistical-yearbook-2021-chapter-II-health-resources.xlsx,2.14,5,1,الرياض
statistical-yearbook-2021-chapter-II-health-resources.xlsx,2.14,5,36,Riyadh
statistical-yearbook-2021-chapter-II-health-resources.xlsx,2.14,6,1,مكةالمكرمة
statistical-yearbook-2021-chapter-II-health-resources.xlsx,2.14,9,1,المدينة المنورة
statistical-yearbook-2021-chapter-II-health-resources.xlsx,2.14,10,1,القصيم
statistical-yearbook-2021-chapter-II-health-resources.xlsx,2.14,11,1,الشرقية
statistical-yearbook-2021-chapter-II-health-resources.xlsx,2.14,11,36,Eastern
statistical-yearbook-2021-chapter-II-health-resources.xlsx,2.14,14,1,عسير
statistical-yearbook-2021-chapter-II-health-resources.xlsx,2.14,16,1,تبوك
statistical-yearbook-2021-chapter-II-health-resources.xlsx,2.14,17,1,حائل
statistical-yearbook-2021-chapter-II-health-resources.xlsx,2.14,19,1,جازان
statistical-yearbook-2021-chapter-II-health-resources.xlsx,2.14,19,36,Jazan
statistical-yearbook-2021-chapter-II-health-resources.xlsx,2.14,20,1,نجران
statistical-yearbook-2021-chapter-II-health-resources.xlsx,2.14,20,36,Najran
statistical-yearbook-2021-chapter-II-health-resources.xlsx,2.14,21,1,الباحة
statistical-yearbook-2021-chapter-II-health-resources.xlsx,2.14,21,36,Al-Bahah
statistical-yearbook-2021-chapter-II-health-resources.xlsx,2.14,22,1,الجوف
statistical-yearbook-2021-chapter-II-health-resources.xlsx,2.14,22,36,Al-Jouf
statistical-yearbook-2021-chapter-II-health-resources.xlsx,2.15,8,1,الرياض
statistical-yearbook-2021-chapter-II-health-resources.xlsx,2.15,8,14,Riyadh
statistical-yearbook-2021-chapter-II-health-resources.xlsx,2.15,12,1,المدينة المنورة
statistical-yearbook-2021-chapter-II-health-resources.xlsx,2.15,13,1,القصيم
statistical-yearbook-2021-chapter-II-health-resources.xlsx,2.15,14,1,الشرقية
statistical-yearbook-2021-chapter-II-health-resources.xlsx,2.15,14,14,Eastern
statistical-yearbook-2021-chapter-II-health-resources.xlsx,2.15,17,1,عسير
statistical-yearbook-2021-chapter-II-health-resources.xlsx,2.15,19,1,تبوك
statistical-yearbook-2021-chapter-II-health-resources.xlsx,2.15,20,1,حائل
statistical-yearbook-2021-chapter-II-health-resources.xlsx,2.15,22,1,جازان
statistical-yearbook-2021-chapter-II-health-resources.xlsx,2.15,22,14,Jazan
statistical-yearbook-2021-chapter-II-health-resources.xlsx,2.15,23,1,نجران
statistical-yearbook-2021-chapter-II-health-resources.xlsx,2.15,23,14,Najran
statistical-yearbook-2021-chapter-II-health-resources.xlsx,2.15,24,1,الباحة
statistical-yearbook-2021-chapter-II-health-resources.xlsx,2.15,24,14,Al-Bahah
statistical-yearbook-2021-chapter-II-health-resources.xlsx,2.15,25,1,الجوف
statistical-yearbook-2021-chapter-II-health-resources.xlsx,2.15,25,14,Al-Jouf
statistical-yearbook-2021-chapter-II-health-resources.xlsx,2.16,8,1,الرياض
statistical-yearbook-2021-chapter-II-health-resources.xlsx,2.16,8,9,Riyadh
statistical-yearbook-2021-chapter-II-health-resources.xlsx,2.16,12,1,المدينة المنورة
statistical-yearbook-2021-chapter-II-health-resources.xlsx,2.16,13,1,القصيم
statistical-yearbook-2021-chapter-II-health-resources.xlsx,2.16,14,1,الشرقية
statistical-yearbook-2021-chapter-II-health-resources.xlsx,2.16,14,9,Eastern
statistical-yearbook-2021-chapter-II-health-resources.xlsx,2.16,17,1,عسير
statistical-yearbook-2021-chapter-II-health-resources.xlsx,2.16,19,1,تبوك
statistical-yearbook-2021-chapter-II-health-resources.xlsx,2.16,20,1,حائل
statistical-yearbook-2021-chapter-II-health-resources.xlsx,2.16,22,1,جازان
statistical-yearbook-2021-chapter-II-health-resources.xlsx,2.16,22,9,Jazan
statistical-yearbook-2021-chapter-II-health-resources.xlsx,2.16,23,1,نجران
statistical-yearbook-2021-chapter-II-health-resources.xlsx,2.16,23,9,Najran
statistical-yearbook-2021-chapter-II-health-resources.xlsx,2.16,24,1,الباحة
statistical-yearbook-2021-chapter-II-health-resources.xlsx,2.16,24,9,Al-Bahah
statistical-yearbook-2021-chapter-II-health-resources.xlsx,2.16,25,1,الجوف
statistical-yearbook-2021-chapter-II-health-resources.xlsx,2.16,25,9,Al-Jouf
statistical-yearbook-2021-chapter-II-health-resources.xlsx,2.18,4,3,الرياض
statistical-yearbook-2021-chapter-II-health-resources.xlsx,2.18,4,5,Riyadh
statistical-yearbook-2021-chapter-II-health-resources.xlsx,2.18,4,8,Makkah
statistical-yearbook-2021-chapter-II-health-resources.xlsx,2.18,5,3,Riyadh
statistical-yearbook-2021-chapter-II-health-resources.xlsx,2.18,33,3,المدينة المنورة
statistical-yearbook-2021-chapter-II-health-resources.xlsx,2.18,33,6,القصيم
statistical-yearbook-2021-chapter-II-health-resources.xlsx,2.18,33,9,الشرقية
statistical-yearbook-2021-chapter-II-health-resources.xlsx,2.18,33,11,Eastern
statistical-yearbook-2021-chapter-II-health-resources.xlsx,2.18,34,9,Eastern
statistical-yearbook-2021-chapter-II-health-resources.xlsx,2.19,4,2,الرياض
statistical-yearbook-2021-chapter-II-health-resources.xlsx,2.19,4,8,Makkah
statistical-yearbook-2021-chapter-II-health-resources.xlsx,2.19,4,18,المدينة المنورة
statistical-yearbook-2021-chapter-II-health-resources.xlsx,2.19,4,22,القصيم
statistical-yearbook-2021-chapter-II-health-resources.xlsx,2.19,4,26,الشرقية
statistical-yearbook-2021-chapter-II-health-resources.xlsx,2.19,4,28,Eastern
statistical-yearbook-2021-chapter-II-health-resources.xlsx,2.19,5,2,Riyadh
statistical-yearbook-2021-chapter-II-health-resources.xlsx,2.19,5,26,Eastern
statistical-yearbook-2021-chapter-II-health-resources.xlsx,2.20,5,1,الرياض
statistical-yearbook-2021-chapter-II-health-resources.xlsx,2.20,5,7,Riyadh
statistical-yearbook-2021-chapter-II-health-resources.xlsx,2.20,9,1,المدينة المنورة
statistical-yearbook-2021-chapter-II-health-resources.xlsx,2.20,10,1,القصيم
statistical-yearbook-2021-chapter-II-health-resources.xlsx,2.20,11,1,الشرقية
statistical-yearbook-2021-chapter-II-health-resources.xlsx,2.20,11,7,Eastern
statistical-yearbook-2021-chapter-II-health-resources.xlsx,2.20,14,1,عسير
statistical-yearbook-2021-chapter-II-health-resources.xlsx,2.20,16,1,تبوك
statistical-yearbook-2021-chapter-II-health-resources.xlsx,2.20,17,1,حائل
statistical-yearbook-2021-chapter-II-health-resources.xlsx,2.20,18,1,الحدود الشمالية
statistical-yearbook-2021-chapter-II-health-resources.xlsx,2.20,19,1,جازان
statistical-yearbook-2021-chapter-II-health-resources.xlsx,2.20,19,7,Jazan
statistical-yearbook-2021-chapter-II-health-resources.xlsx,2.20,20,1,نجران
statistical-yearbook-2021-chapter-II-health-resources.xlsx,2.20,20,7,Najran
statistical-yearbook-2021-chapter-II-health-resources.xlsx,2.20,21,1,الباحة
statistical-yearbook-2021-chapter-II-health-resources.xlsx,2.20,21,7,Al-Bahah
statistical-yearbook-2021-chapter-II-health-resources.xlsx,2.20,22,1,الجوف
statistical-yearbook-2021-chapter-II-health-resources.xlsx,2.20,22,7,Al-Jouf
statistical-yearbook-2021-chapter-II-health-resources.xlsx,2.23,4,3,الرياض
statistical-yearbook-2021-chapter-II-health-resources.xlsx,2.23,4,5,Riyadh
statistical-yearbook-2021-chapter-II-health-resources.xlsx,2.23,4,8,Makkah
statistical-yearbook-2021-chapter-II-health-resources.xlsx,2.23,5,3,Riyadh
statistical-yearbook-2021-chapter-II-health-resources.xlsx,2.23,33,3,المدينة المنورة
statistical-yearbook-2021-chapter-II-health-resources.xlsx,2.23,33,6,القصيم
statistical-yearbook-2021-chapter-II-health-resources.xlsx,2.23,33,9,الشرقية
statistical-yearbook-2021-chapter-II-health-resources.xlsx,2.23,33,11,Eastern
statistical-yearbook-2021-chapter-II-health-resources.xlsx,2.23,34,9,Eastern
statistical-yearbook-2021-chapter-II-health-resources.xlsx,2.24,4,3,الرياض
statistical-yearbook-2021-chapter-II-health-resources.xlsx,2.24,4,5,Riyadh
statistical-yearbook-2021-chapter-II-health-resources.xlsx,2.24,4,8,Makkah
statistical-yearbook-2021-chapter-II-health-resources.xlsx,2.24,5,3,Riyadh
statistical-yearbook-2021-chapter-II-health-resources.xlsx,2.24,30,3,المدينة المنورة
statistical-yearbook-2021-chapter-II-health-resources.xlsx,2.24,30,6,القصيم
statistical-yearbook-2021-chapter-II-health-resources.xlsx,2.24,30,9,الشرقية
statistical-yearbook-2021-chapter-II-health-resources.xlsx,2.24,30,11,Eastern
statistical-yearbook-2021-chapter-II-health-resources.xlsx,2.24,31,9,Eastern
statistical-yearbook-2021-chapter-II-health-resources.xlsx,2.25,5,39,الرياض
statistical-yearbook-2021-chapter-II-health-resources.xlsx,2.25,7,39,المدينة
statistical-yearbook-2021-chapter-II-health-resources.xlsx,2.26,34,9,وزارة الرياضة
statistical-yearbook-2021-chapter-II-health-resources.xlsx,2.29,7,1,الرياض
statistical-yearbook-2021-chapter-II-health-resources.xlsx,2.29,7,11,Riyadh
statistical-yearbook-2021-chapter-II-health-resources.xlsx,2.29,11,1,المدينة المنورة
statistical-yearbook-2021-chapter-II-health-resources.xlsx,2.29,12,1,القصيم
statistical-yearbook-2021-chapter-II-health-resources.xlsx,2.29,13,1,الشرقية
statistical-yearbook-2021-chapter-II-health-resources.xlsx,2.29,13,11,Eastern
statistical-yearbook-2021-chapter-II-health-resources.xlsx,2.29,16,1,عسير
statistical-yearbook-2021-chapter-II-health-resources.xlsx,2.29,18,1,تبوك
statistical-yearbook-2021-chapter-II-health-resources.xlsx,2.29,19,1,حائل
statistical-yearbook-2021-chapter-II-health-resources.xlsx,2.29,20,1,الحدود الشمالية
statistical-yearbook-2021-chapter-II-health-resources.xlsx,2.29,21,1,جازان
statistical-yearbook-2021-chapter-II-health-resources.xlsx,2.29,21,11,Jazan
statistical-yearbook-2021-chapter-II-health-resources.xlsx,2.29,22,1,نجران
statistical-yearbook-2021-chapter-II-health-resources.xlsx,2.29,22,11,Najran
statistical-yearbook-2021-chapter-II-health-resources.xlsx,2.29,23,1,الباحة
statistical-yearbook-2021-chapter-II-health-resources.xlsx,2.29,23,11,Al-Baha
statistical-yearbook-2021-chapter-II-health-resources.xlsx,2.29,24,1,الجوف
statistical-yearbook-2021-chapter-II-health-resources.xlsx,2.29,24,11,Al-jouf
statistical-yearbook-2021-chapter-II-health-resources.xlsx,2.30,7,1,الرياض
statistical-yearbook-2021-chapter-II-health-resources.xlsx,2.30,7,17,Riyadh
statistical-yearbook-2021-chapter-II-health-resources.xlsx,2.30,11,1,المدينة المنورة
statistical-yearbook-2021-chapter-II-health-resources.xlsx,2.30,12,1,القصيم
statistical-yearbook-2021-chapter-II-health-resources.xlsx,2.30,13,1,الشرقية
statistical-yearbook-2021-chapter-II-health-resources.xlsx,2.30,13,17,Eastern
statistical-yearbook-2021-chapter-II-health-resources.xlsx,2.30,16,1,عسير
statistical-yearbook-2021-chapter-II-health-resources.xlsx,2.30,18,1,تبوك
statistical-yearbook-2021-chapter-II-health-resources.xlsx,2.30,19,1,حائل
statistical-yearbook-2021-chapter-II-health-resources.xlsx,2.30,20,1,الحدود الشمالية
statistical-yearbook-2021-chapter-II-health-resources.xlsx,2.30,21,1,جازان
statistical-yearbook-2021-chapter-II-health-resources.xlsx,2.30,21,17,Jazan
statistical-yearbook-2021-chapter-II-health-resources.xlsx,2.30,22,1,نجران
statistical-yearbook-2021-chapter-II-health-resources.xlsx,2.30,22,17,Najran
statistical-yearbook-2021-chapter-II-health-resources.xlsx,2.30,23,1,الباحة
statistical-yearbook-2021-chapter-II-health-resources.xlsx,2.30,23,17,Al-Baha
statistical-yearbook-2021-chapter-II-health-resources.xlsx,2.30,24,1,الجوف
statistical-yearbook-2021-chapter-II-health-resources.xlsx,2.30,24,17,Al-jouf
statistical-yearbook-2021-chapter-II-health-resources.xlsx,2.31,5,1,الرياض
statistical-yearbook-2021-chapter-II-health-resources.xlsx,2.31,5,38,Riyadh
statistical-yearbook-2021-chapter-II-health-resources.xlsx,2.31,9,1,المدينة المنورة
statistical-yearbook-2021-chapter-II-health-resources.xlsx,2.31,10,1,القصيم
statistical-yearbook-2021-chapter-II-health-resources.xlsx,2.31,11,1,الشرقية
statistical-yearbook-2021-chapter-II-health-resources.xlsx,2.31,11,38,Eastern
statistical-yearbook-2021-chapter-II-health-resources.xlsx,2.31,14,1,عسير
statistical-yearbook-2021-chapter-II-health-resources.xlsx,2.31,15,1,تبوك
statistical-yearbook-2021-chapter-II-health-resources.xlsx,2.31,16,1,حائل
statistical-yearbook-2021-chapter-II-health-resources.xlsx,2.31,17,1,جازان
statistical-yearbook-2021-chapter-II-health-resources.xlsx,2.31,17,38,Jazan
statistical-yearbook-2021-chapter-II-health-resources.xlsx,2.31,18,1,نجران
statistical-yearbook-2021-chapter-II-health-resources.xlsx,2.31,18,38,Najran
statistical-yearbook-2021-chapter-II-health-resources.xlsx,2.31,19,1,الباحة
statistical-yearbook-2021-chapter-II-health-resources.xlsx,2.31,19,38,Al-Bahah
statistical-yearbook-2021-chapter-II-health-resources.xlsx,2.32,5,1,الرياض
statistical-yearbook-2021-chapter-II-health-resources.xlsx,2.32,5,32,Riyadh
statistical-yearbook-2021-chapter-II-health-resources.xlsx,2.32,8,1,المدينة المنورة
statistical-yearbook-2021-chapter-II-health-resources.xlsx,2.32,9,1,القصيم
statistical-yearbook-2021-chapter-II-health-resources.xlsx,2.32,10,1,الشرقية
statistical-yearbook-2021-chapter-II-health-resources.xlsx,2.32,10,32,Eastern
statistical-yearbook-2021-chapter-II-health-resources.xlsx,2.32,14,1,تبوك
statistical-yearbook-2021-chapter-II-health-resources.xlsx,2.32,15,1,جازان
statistical-yearbook-2021-chapter-II-health-resources.xlsx,2.32,15,32,Jazan
statistical-yearbook-2021-chapter-II-health-resources.xlsx,2.34,4,3,الرياض
statistical-yearbook-2021-chapter-II-health-resources.xlsx,2.34,4,5,Riyadh
statistical-yearbook-2021-chapter-II-health-resources.xlsx,2.34,4,8,Makkah
statistical-yearbook-2021-chapter-II-health-resources.xlsx,2.34,5,3,Riyadh
statistical-yearbook-2021-chapter-II-health-resources.xlsx,2.34,33,3,المدينة المنورة
statistical-yearbook-2021-chapter-II-health-resources.xlsx,2.34,33,6,القصيم
statistical-yearbook-2021-chapter-II-health-resources.xlsx,2.34,33,9,الشرقية
statistical-yearbook-2021-chapter-II-health-resources.xlsx,2.34,33,11,Eastern
statistical-yearbook-2021-chapter-II-health-resources.xlsx,2.34,34,9,Eastern
statistical-yearbook-2021-chapter-II-health-resources.xlsx,2.35,4,3,الرياض
statistical-yearbook-2021-chapter-II-health-resources.xlsx,2.35,4,5,Riyadh
statistical-yearbook-2021-chapter-II-health-resources.xlsx,2.35,4,8,Makkah
statistical-yearbook-2021-chapter-II-health-resources.xlsx,2.35,5,3,Riyadh
statistical-yearbook-2021-chapter-II-health-resources.xlsx,2.35,33,3,المدينة المنورة
statistical-yearbook-2021-chapter-II-health-resources.xlsx,2.35,33,6,القصيم
statistical-yearbook-2021-chapter-II-health-resources.xlsx,2.35,33,9,الشرقية
statistical-yearbook-2021-chapter-II-health-resources.xlsx,2.35,33,11,Eastern
statistical-yearbook-2021-chapter-II-health-resources.xlsx,2.35,34,9,Eastern
statistical-yearbook-2021-chapter-II-health-resources.xlsx,2.36,4,3,الرياض
statistical-yearbook-2021-chapter-II-health-resources.xlsx,2.36,4,5,Riyadh
statistical-yearbook-2021-chapter-II-health-resources.xlsx,2.36,4,8,Makkah
statistical-yearbook-2021-chapter-II-health-resources.xlsx,2.36,5,3,Riyadh
statistical-yearbook-2021-chapter-II-health-resources.xlsx,2.36,33,3,المدينة المنورة
statistical-yearbook-2021-chapter-II-health-resources.xlsx,2.36,33,6,القصيم
statistical-yearbook-2021-chapter-II-health-resources.xlsx,2.36,33,9,الشرقية
statistical-yearbook-2021-chapter-II-health-resources.xlsx,2.36,33,11,Eastern
statistical-yearbook-2021-chapter-II-health-resources.xlsx,2.36,34,9,Eastern
statistical-yearbook-2021-chapter-II-health-resources.xlsx,2.37,4,2,الرياض
statistical-yearbook-2021-chapter-II-health-resources.xlsx,2.37,4,18,المدينة المنورة
statistical-yearbook-2021-chapter-II-health-resources.xlsx,2.37,4,22,القصيم
statistical-yearbook-2021-chapter-II-health-resources.xlsx,2.37,4,26,الشرقية
statistical-yearbook-2021-chapter-II-health-resources.xlsx,2.37,5,2,Riyadh
statistical-yearbook-2021-chapter-II-health-resources.xlsx,2.37,5,26,Eastern
statistical-yearbook-2021-chapter-II-health-resources.xlsx,2-41,21,1,جامعة القصيم
statistical-yearbook-2021-chapter-II-health-resources.xlsx,2-41,26,1,جامعة تبوك
statistical-yearbook-2021-chapter-II-health-resources.xlsx,2-41,27,1,جامعة حائل
statistical-yearbook-2021-chapter-II-health-resources.xlsx,2-41,27,7,Hail University
statistical-yearbook-2021-chapter-II-health-resources.xlsx,2-41,28,1,جامعة الحدود الشمالية
statistical-yearbook-2021-chapter-II-health-resources.xlsx,2-41,28,7,Northern Border University
statistical-yearbook-2021-chapter-II-health-resources.xlsx,2-41,29,1,جامعة جازان
statistical-yearbook-2021-chapter-II-health-resources.xlsx,2-41,29,7,Jazan University
statistical-yearbook-2021-chapter-II-health-resources.xlsx,2-41,30,1,جامعة نجران
statistical-yearbook-2021-chapter-II-health-resources.xlsx,2-41,30,7,Najran University
statistical-yearbook-2021-chapter-II-health-resources.xlsx,2-41,31,1,جامعة الباحة
statistical-yearbook-2021-chapter-II-health-resources.xlsx,2-41,31,7,Al Baha University
statistical-yearbook-2021-chapter-II-health-resources.xlsx,2-41,32,1,جامعة الجوف
statistical-yearbook-2021-chapter-II-health-resources.xlsx,2-41,32,7,Al-Jouf University
statistical-yearbook-2021-chapter-II-health-resources.xlsx,2.42,20,1,جامعة القصيم
statistical-yearbook-2021-chapter-II-health-resources.xlsx,2.42,23,1,جامعة تبوك
statistical-yearbook-2021-chapter-II-health-resources.xlsx,2.42,24,1,جامعة حائل
statistical-yearbook-2021-chapter-II-health-resources.xlsx,2.42,24,7,Hail University
statistical-yearbook-2021-chapter-II-health-resources.xlsx,2.42,25,1,جامعة الحدود الشمالية
statistical-yearbook-2021-chapter-II-health-resources.xlsx,2.42,25,7,Northern Border University
statistical-yearbook-2021-chapter-II-health-resources.xlsx,2.42,26,1,جامعة جازان
statistical-yearbook-2021-chapter-II-health-resources.xlsx,2.42,26,7,Jazan University
statistical-yearbook-2021-chapter-II-health-resources.xlsx,2.42,27,1,جامعة الباحة
statistical-yearbook-2021-chapter-II-health-resources.xlsx,2.42,27,7,Al Baha university
statistical-yearbook-2021-chapter-II-health-resources.xlsx,2.42,28,1,جامعة الجوف
statistical-yearbook-2021-chapter-II-health-resources.xlsx,2.42,28,7,Al-Jouf University
statistical-yearbook-2021-chapter-II-health-resources.xlsx,2.42,29,1,جامعة نجران
statistical-yearbook-2021-chapter-II-health-resources.xlsx,2.42,29,7,Najran University
statistical-yearbook-2021-chapter-II-health-resources.xlsx,2.42,39,1,جامعة القصيم
statistical-yearbook-2021-chapter-II-health-resources.xlsx,2.43,5,1,الرياض
statistical-yearbook-2021-chapter-II-health-resources.xlsx,2.43,5,6,Riyadh
statistical-yearbook-2021-chapter-II-health-resources.xlsx,2.43,30,1,المدينة المنورة
statistical-yearbook-2021-chapter-II-health-resources.xlsx,2.43,30,6,Madinah
statistical-yearbook-2021-chapter-II-health-resources.xlsx,2.43,33,1,القصيم
statistical-yearbook-2021-chapter-II-health-resources.xlsx,2.43,39,1,الشرقية
statistical-yearbook-2021-chapter-II-health-resources.xlsx,2.43,39,6,Eastern Region
statistical-yearbook-2021-chapter-II-health-resources.xlsx,2.44,5,1,الرياض
statistical-yearbook-2021-chapter-II-health-resources.xlsx,2.44,5,6,Riyadh
statistical-yearbook-2021-chapter-II-health-resources.xlsx,2.44,8,3,مستشفى الملك خالد الجامعي بالرياض
statistical-yearbook-2021-chapter-II-health-resources.xlsx,2.44,8,4,King Khalid University Hospital - Riyadh
statistical-yearbook-2021-chapter-II-health-resources.xlsx,2.44,9,3,مستشفى الملك عبدالله بن عبدالعزيز بجامعة الأميرة نورة- الرياض
statistical-yearbook-2021-chapter-II-health-resources.xlsx,2.44,9,4,King Abdullah Bin Abdulaziz University Hospital - Riyadh
statistical-yearbook-2021-chapter-II-health-resources.xlsx,2.44,11,3,مستشفى الملك عبد العزيز الجامعي - الرياض
statistical-yearbook-2021-chapter-II-health-resources.xlsx,2.44,11,4,King Abdulaziz University Hospital - Riyadh
statistical-yearbook-2021-chapter-II-health-resources.xlsx,2.44,12,3,مستشفى الأمن المركزي -الرياض
statistical-yearbook-2021-chapter-II-health-resources.xlsx,2.44,12,4,Central Security Hospital  - Riyadh
statistical-yearbook-2021-chapter-II-health-resources.xlsx,2.44,13,3,مدينة الملك عبد العزيز الطبية -الرياض
statistical-yearbook-2021-chapter-II-health-resources.xlsx,2.44,13,4,King Abdulaziz Medical City- Riyadh
statistical-yearbook-2021-chapter-II-health-resources.xlsx,2.44,24,1,المدينة المنورة
statistical-yearbook-2021-chapter-II-health-resources.xlsx,2.44,24,6,Madinah
statistical-yearbook-2021-chapter-II-health-resources.xlsx,2.44,25,4,Prince Sultan Military -Madinah
statistical-yearbook-2021-chapter-II-health-resources.xlsx,2.44,27,1,القصيم
statistical-yearbook-2021-chapter-II-health-resources.xlsx,2.44,28,1,الشرقية
statistical-yearbook-2021-chapter-II-health-resources.xlsx,2.44,28,6,Eastern Region
statistical-yearbook-2021-chapter-II-health-resources.xlsx,2.44,38,1,عسير
statistical-yearbook-2021-chapter-II-health-resources.xlsx,2.44,40,1,نجران
statistical-yearbook-2021-chapter-II-health-resources.xlsx,2.44,40,3,مستشفى القوات المسلحة - نجران
statistical-yearbook-2021-chapter-II-health-resources.xlsx,2.44,40,4,"ARMED FORCES HOSPITAL,NAJRAN"
statistical-yearbook-2021-chapter-II-health-resources.xlsx,2.44,40,6,Najran
statistical-yearbook-2021-chapter-II-health-resources.xlsx,2-45,5,1,الرياض
statistical-yearbook-2021-chapter-II-health-resources.xlsx,2-45,5,6,Riyadh
statistical-yearbook-2021-chapter-II-health-resources.xlsx,2-45,16,3,مستشفى رعاية الرياض
statistical-yearbook-2021-chapter-II-health-resources.xlsx,2-45,16,4,Riyadh Care Hospital
statistical-yearbook-2021-chapter-II-health-resources.xlsx,2-45,40,3,مستشفى واحة الرياض
statistical-yearbook-2021-chapter-II-health-resources.xlsx,2-45,40,4,Wahet Al-Riyadh Hospital
statistical-yearbook-2021-chapter-IV-health-activities.xlsx,1,6,1,الرياض
statistical-yearbook-2021-chapter-IV-health-activities.xlsx,1,6,9,Riyadh
statistical-yearbook-2021-chapter-IV-health-activities.xlsx,1,10,1,المدينة المنورة
statistical-yearbook-2021-chapter-IV-health-activities.xlsx,1,11,1,القصيم
statistical-yearbook-2021-chapter-IV-health-activities.xlsx,1,12,1,الشرقية
statistical-yearbook-2021-chapter-IV-health-activities.xlsx,1,12,9,Eastern
statistical-yearbook-2021-chapter-IV-health-activities.xlsx,1,15,1,عسير
statistical-yearbook-2021-chapter-IV-health-activities.xlsx,1,17,1,تبوك
statistical-yearbook-2021-chapter-IV-health-activities.xlsx,1,18,1,حائل
statistical-yearbook-2021-chapter-IV-health-activities.xlsx,1,19,1,الحدود الشمالية
statistical-yearbook-2021-chapter-IV-health-activities.xlsx,1,20,1,جازان
statistical-yearbook-2021-chapter-IV-health-activities.xlsx,1,20,9,Jazan
statistical-yearbook-2021-chapter-IV-health-activities.xlsx,1,21,1,نجران
statistical-yearbook-2021-chapter-IV-health-activities.xlsx,1,21,9,Najran
statistical-yearbook-2021-chapter-IV-health-activities.xlsx,1,22,1,الباحة
statistical-yearbook-2021-chapter-IV-health-activities.xlsx,1,22,9,Al-Bahah
statistical-yearbook-2021-chapter-IV-health-activities.xlsx,1,23,1,الجوف
statistical-yearbook-2021-chapter-IV-health-activities.xlsx,1,23,9,Al-Jouf
statistical-yearbook-2021-chapter-IV-health-activities.xlsx,2,6,1,الرياض
statistical-yearbook-2021-chapter-IV-health-activities.xlsx,2,6,7,Riyadh
statistical-yearbook-2021-chapter-IV-health-activities.xlsx,2,10,1,المدينة المنورة
statistical-yearbook-2021-chapter-IV-health-activities.xlsx,2,11,1,القصيم
statistical-yearbook-2021-chapter-IV-health-activities.xlsx,2,12,1,الشرقية
statistical-yearbook-2021-chapter-IV-health-activities.xlsx,2,12,7,Eastern
statistical-yearbook-2021-chapter-IV-health-activities.xlsx,2,15,1,عسير
statistical-yearbook-2021-chapter-IV-health-activities.xlsx,2,17,1,تبوك
statistical-yearbook-2021-chapter-IV-health-activities.xlsx,2,18,1,حائل
statistical-yearbook-2021-chapter-IV-health-activities.xlsx,2,19,1,الحدود الشمالية
statistical-yearbook-2021-chapter-IV-health-activities.xlsx,2,20,1,جازان
statistical-yearbook-2021-chapter-IV-health-activities.xlsx,2,20,7,Jazan
statistical-yearbook-2021-chapter-IV-health-activities.xlsx,2,21,1,نجران
statistical-yearbook-2021-chapter-IV-health-activities.xlsx,2,21,7,Najran
statistical-yearbook-2021-chapter-IV-health-activities.xlsx,2,22,1,الباحة
statistical-yearbook-2021-chapter-IV-health-activities.xlsx,2,22,7,Al-Bahah
statistical-yearbook-2021-chapter-IV-health-activities.xlsx,2,23,1,الجوف
statistical-yearbook-2021-chapter-IV-health-activities.xlsx,2,23,7,Al-Jouf
statistical-yearbook-2021-chapter-IV-health-activities.xlsx,2,28,1,الرياض
statistical-yearbook-2021-chapter-IV-health-activities.xlsx,2,28,7,Riyadh
statistical-yearbook-2021-chapter-IV-health-activities.xlsx,2,38,1,الشرقية
statistical-yearbook-2021-chapter-IV-health-activities.xlsx,2,38,7,Eastern
statistical-yearbook-2021-chapter-IV-health-activities.xlsx,3,6,1,الرياض
statistical-yearbook-2021-chapter-IV-health-activities.xlsx,3,6,7,Riyadh
statistical-yearbook-2021-chapter-IV-health-activities.xlsx,3,10,1,المدينة المنورة
statistical-yearbook-2021-chapter-IV-health-activities.xlsx,3,11,1,القصيم
statistical-yearbook-2021-chapter-IV-health-activities.xlsx,3,12,1,الشرقية
statistical-yearbook-2021-chapter-IV-health-activities.xlsx,3,12,7,Eastern
statistical-yearbook-2021-chapter-IV-health-activities.xlsx,3,15,1,عسير
statistical-yearbook-2021-chapter-IV-health-activities.xlsx,3,17,1,تبوك
statistical-yearbook-2021-chapter-IV-health-activities.xlsx,3,18,1,حائل
statistical-yearbook-2021-chapter-IV-health-activities.xlsx,3,19,1,الحدود الشمالية
statistical-yearbook-2021-chapter-IV-health-activities.xlsx,3,20,1,جازان
statistical-yearbook-2021-chapter-IV-health-activities.xlsx,3,20,7,Jazan
statistical-yearbook-2021-chapter-IV-health-activities.xlsx,3,21,1,نجران
statistical-yearbook-2021-chapter-IV-health-activities.xlsx,3,21,7,Najran
statistical-yearbook-2021-chapter-IV-health-activities.xlsx,3,22,1,الباحة
statistical-yearbook-2021-chapter-IV-health-activities.xlsx,3,22,7,Al-Bahah
statistical-yearbook-2021-chapter-IV-health-activities.xlsx,3,23,1,الجوف
statistical-yearbook-2021-chapter-IV-health-activities.xlsx,3,23,7,Al-Jouf
statistical-yearbook-2021-chapter-IV-health-activities.xlsx,3,28,1,الرياض
statistical-yearbook-2021-chapter-IV-health-activities.xlsx,3,28,7,Riyadh
statistical-yearbook-2021-chapter-IV-health-activities.xlsx,3,38,1,الشرقية
statistical-yearbook-2021-chapter-IV-health-activities.xlsx,3,38,7,Eastern
statistical-yearbook-2021-chapter-IV-health-activities.xlsx,4,6,1,الرياض
statistical-yearbook-2021-chapter-IV-health-activities.xlsx,4,6,7,Riyadh
statistical-yearbook-2021-chapter-IV-health-activities.xlsx,4,6,9,الرياض
statistical-yearbook-2021-chapter-IV-health-activities.xlsx,4,6,15,Riyadh
statistical-yearbook-2021-chapter-IV-health-activities.xlsx,4,10,1,المدينة المنورة
statistical-yearbook-2021-chapter-IV-health-activities.xlsx,4,10,9,المدينة المنورة
statistical-yearbook-2021-chapter-IV-health-activities.xlsx,4,11,1,القصيم
statistical-yearbook-2021-chapter-IV-health-activities.xlsx,4,11,9,القصيم
statistical-yearbook-2021-chapter-IV-health-activities.xlsx,4,12,1,الشرقية
statistical-yearbook-2021-chapter-IV-health-activities.xlsx,4,12,7,Eastern
statistical-yearbook-2021-chapter-IV-health-activities.xlsx,4,12,9,الشرقية
statistical-yearbook-2021-chapter-IV-health-activities.xlsx,4,12,15,Eastern
statistical-yearbook-2021-chapter-IV-health-activities.xlsx,4,15,1,عسير
statistical-yearbook-2021-chapter-IV-health-activities.xlsx,4,15,9,عسير
statistical-yearbook-2021-chapter-IV-health-activities.xlsx,4,17,1,تبوك
statistical-yearbook-2021-chapter-IV-health-activities.xlsx,4,17,9,تبوك
statistical-yearbook-2021-chapter-IV-health-activities.xlsx,4,18,1,حائل
statistical-yearbook-2021-chapter-IV-health-activities.xlsx,4,18,9,حائل
statistical-yearbook-2021-chapter-IV-health-activities.xlsx,4,19,1,الحدود الشمالية
statistical-yearbook-2021-chapter-IV-health-activities.xlsx,4,19,9,الحدود الشمالية
statistical-yearbook-2021-chapter-IV-health-activities.xlsx,4,20,1,جازان
statistical-yearbook-2021-chapter-IV-health-activities.xlsx,4,20,7,Jazan
statistical-yearbook-2021-chapter-IV-health-activities.xlsx,4,20,9,جازان
statistical-yearbook-2021-chapter-IV-health-activities.xlsx,4,20,15,Jazan
statistical-yearbook-2021-chapter-IV-health-activities.xlsx,4,21,1,نجران
statistical-yearbook-2021-chapter-IV-health-activities.xlsx,4,21,7,Najran
statistical-yearbook-2021-chapter-IV-health-activities.xlsx,4,21,9,نجران
statistical-yearbook-2021-chapter-IV-health-activities.xlsx,4,21,15,Najran
statistical-yearbook-2021-chapter-IV-health-activities.xlsx,4,22,1,الباحة
statistical-yearbook-2021-chapter-IV-health-activities.xlsx,4,22,7,Al-Bahah
statistical-yearbook-2021-chapter-IV-health-activities.xlsx,4,22,9,الباحة
statistical-yearbook-2021-chapter-IV-health-activities.xlsx,4,22,15,Al-Bahah
statistical-yearbook-2021-chapter-IV-health-activities.xlsx,4,23,1,الجوف
statistical-yearbook-2021-chapter-IV-health-activities.xlsx,4,23,7,Al-Jouf
statistical-yearbook-2021-chapter-IV-health-activities.xlsx,4,23,9,الجوف
statistical-yearbook-2021-chapter-IV-health-activities.xlsx,4,23,15,Al-Jouf
statistical-yearbook-2021-chapter-IV-health-activities.xlsx,4,28,1,الرياض
statistical-yearbook-2021-chapter-IV-health-activities.xlsx,4,28,7,Riyadh
statistical-yearbook-2021-chapter-IV-health-activities.xlsx,4,37,1,الشرقية
statistical-yearbook-2021-chapter-IV-health-activities.xlsx,4,37,7,Eastern
statistical-yearbook-2021-chapter-IV-health-activities.xlsx,5,6,1,الرياض
statistical-yearbook-2021-chapter-IV-health-activities.xlsx,5,6,6,Riyadh
statistical-yearbook-2021-chapter-IV-health-activities.xlsx,5,10,1,المدينة المنورة
statistical-yearbook-2021-chapter-IV-health-activities.xlsx,5,11,1,القصيم
statistical-yearbook-2021-chapter-IV-health-activities.xlsx,5,12,1,الشرقية
statistical-yearbook-2021-chapter-IV-health-activities.xlsx,5,12,6,Eastern
statistical-yearbook-2021-chapter-IV-health-activities.xlsx,5,15,1,عسير
statistical-yearbook-2021-chapter-IV-health-activities.xlsx,5,17,1,تبوك
statistical-yearbook-2021-chapter-IV-health-activities.xlsx,5,18,1,حائل
statistical-yearbook-2021-chapter-IV-health-activities.xlsx,5,19,1,الحدود الشمالية
statistical-yearbook-2021-chapter-IV-health-activities.xlsx,5,20,1,جازان
statistical-yearbook-2021-chapter-IV-health-activities.xlsx,5,20,6,Jazan
statistical-yearbook-2021-chapter-IV-health-activities.xlsx,5,21,1,نجران
statistical-yearbook-2021-chapter-IV-health-activities.xlsx,5,21,6,Najran
statistical-yearbook-2021-chapter-IV-health-activities.xlsx,5,22,1,الباحة
statistical-yearbook-2021-chapter-IV-health-activities.xlsx,5,22,6,Al-Bahah
statistical-yearbook-2021-chapter-IV-health-activities.xlsx,5,23,1,الجوف
statistical-yearbook-2021-chapter-IV-health-activities.xlsx,5,23,6,Al-Jouf
statistical-yearbook-2021-chapter-IV-health-activities.xlsx,6,7,1,الرياض
statistical-yearbook-2021-chapter-IV-health-activities.xlsx,6,7,12,Riyadh
statistical-yearbook-2021-chapter-IV-health-activities.xlsx,6,11,1,المدينة المنورة
statistical-yearbook-2021-chapter-IV-health-activities.xlsx,6,12,1,القصيم
statistical-yearbook-2021-chapter-IV-health-activities.xlsx,6,13,1,الشرقية
statistical-yearbook-2021-chapter-IV-health-activities.xlsx,6,13,12,Eastern
statistical-yearbook-2021-chapter-IV-health-activities.xlsx,6,16,1,عسير
statistical-yearbook-2021-chapter-IV-health-activities.xlsx,6,18,1,تبوك
statistical-yearbook-2021-chapter-IV-health-activities.xlsx,6,19,1,حائل
statistical-yearbook-2021-chapter-IV-health-activities.xlsx,6,20,1,الحدود الشمالية
statistical-yearbook-2021-chapter-IV-health-activities.xlsx,6,21,1,جازان
statistical-yearbook-2021-chapter-IV-health-activities.xlsx,6,21,12,Jazan
statistical-yearbook-2021-chapter-IV-health-activities.xlsx,6,22,1,نجران
statistical-yearbook-2021-chapter-IV-health-activities.xlsx,6,22,12,Najran
statistical-yearbook-2021-chapter-IV-health-activities.xlsx,6,23,1,الباحة
statistical-yearbook-2021-chapter-IV-health-activities.xlsx,6,23,12,Al-Bahah
statistical-yearbook-2021-chapter-IV-health-activities.xlsx,6,24,1,الجوف
statistical-yearbook-2021-chapter-IV-health-activities.xlsx,6,24,12,Al-Jouf
statistical-yearbook-2021-chapter-IV-health-activities.xlsx,7,8,1,الرياض
statistical-yearbook-2021-chapter-IV-health-activities.xlsx,7,8,7,Riyadh
statistical-yearbook-2021-chapter-IV-health-activities.xlsx,7,9,1,مكة المكرمة
statistical-yearbook-2021-chapter-IV-health-activities.xlsx,7,9,7,Makkah
statistical-yearbook-2021-chapter-IV-health-activities.xlsx,7,10,1,المدينة المنورة
statistical-yearbook-2021-chapter-IV-health-activities.xlsx,7,11,1,القصيم
statistical-yearbook-2021-chapter-IV-health-activities.xlsx,7,12,1,الشرقية
statistical-yearbook-2021-chapter-IV-health-activities.xlsx,7,12,7,Eastern
statistical-yearbook-2021-chapter-IV-health-activities.xlsx,7,13,1,عسير
statistical-yearbook-2021-chapter-IV-health-activities.xlsx,7,14,1,تبوك
statistical-yearbook-2021-chapter-IV-health-activities.xlsx,7,15,1,حائل
statistical-yearbook-2021-chapter-IV-health-activities.xlsx,7,16,1,الحدود الشمالية
statistical-yearbook-2021-chapter-IV-health-activities.xlsx,7,17,1,جازان
statistical-yearbook-2021-chapter-IV-health-activities.xlsx,7,17,7,Jazan
statistical-yearbook-2021-chapter-IV-health-activities.xlsx,7,18,1,نجران
statistical-yearbook-2021-chapter-IV-health-activities.xlsx,7,18,7,Najran
statistical-yearbook-2021-chapter-IV-health-activities.xlsx,7,19,1,الباحة
statistical-yearbook-2021-chapter-IV-health-activities.xlsx,7,19,7,Al-Bahah
statistical-yearbook-2021-chapter-IV-health-activities.xlsx,7,20,1,الجوف
statistical-yearbook-2021-chapter-IV-health-activities.xlsx,7,20,7,Al-Jouf
statistical-yearbook-2021-chapter-IV-health-activities.xlsx,8,7,1,الرياض
statistical-yearbook-2021-chapter-IV-health-activities.xlsx,8,7,10,Riyadh
statistical-yearbook-2021-chapter-IV-health-activities.xlsx,8,8,1,مكة المكرمة
statistical-yearbook-2021-chapter-IV-health-activities.xlsx,8,8,10,Makkah
statistical-yearbook-2021-chapter-IV-health-activities.xlsx,8,9,1,المدينة المنورة
statistical-yearbook-2021-chapter-IV-health-activities.xlsx,8,10,1,القصيم
statistical-yearbook-2021-chapter-IV-health-activities.xlsx,8,11,1,الشرقية
statistical-yearbook-2021-chapter-IV-health-activities.xlsx,8,11,10,Eastern
statistical-yearbook-2021-chapter-IV-health-activities.xlsx,8,12,1,عسير
statistical-yearbook-2021-chapter-IV-health-activities.xlsx,8,13,1,تبوك
statistical-yearbook-2021-chapter-IV-health-activities.xlsx,8,14,1,حائل
statistical-yearbook-2021-chapter-IV-health-activities.xlsx,8,15,1,الحدود الشمالية
statistical-yearbook-2021-chapter-IV-health-activities.xlsx,8,16,1,جازان
statistical-yearbook-2021-chapter-IV-health-activities.xlsx,8,16,10,Jazan
statistical-yearbook-2021-chapter-IV-health-activities.xlsx,8,17,1,نجران
statistical-yearbook-2021-chapter-IV-health-activities.xlsx,8,17,10,Najran
statistical-yearbook-2021-chapter-IV-health-activities.xlsx,8,18,1,الباحة
statistical-yearbook-2021-chapter-IV-health-activities.xlsx,8,18,10,Al -Bahah
statistical-yearbook-2021-chapter-IV-health-activities.xlsx,8,19,1,الجوف
statistical-yearbook-2021-chapter-IV-health-activities.xlsx,8,19,10,Al-Jouf
statistical-yearbook-2021-chapter-IV-health-activities.xlsx,9,6,1,الرياض
statistical-yearbook-2021-chapter-IV-health-activities.xlsx,9,6,7,Riyadh
statistical-yearbook-2021-chapter-IV-health-activities.xlsx,9,7,1,مكة المكرمة
statistical-yearbook-2021-chapter-IV-health-activities.xlsx,9,7,7,Makkah
statistical-yearbook-2021-chapter-IV-health-activities.xlsx,9,8,1,المدينة المنورة
statistical-yearbook-2021-chapter-IV-health-activities.xlsx,9,9,1,القصيم
statistical-yearbook-2021-chapter-IV-health-activities.xlsx,9,10,1,الشرقية
statistical-yearbook-2021-chapter-IV-health-activities.xlsx,9,10,7,Eastern
statistical-yearbook-2021-chapter-IV-health-activities.xlsx,9,11,1,عسير
statistical-yearbook-2021-chapter-IV-health-activities.xlsx,9,12,1,تبوك
statistical-yearbook-2021-chapter-IV-health-activities.xlsx,9,13,1,حائل
statistical-yearbook-2021-chapter-IV-health-activities.xlsx,9,14,1,الحدود الشمالية
statistical-yearbook-2021-chapter-IV-health-activities.xlsx,9,15,1,جازان
statistical-yearbook-2021-chapter-IV-health-activities.xlsx,9,15,7,jazan
statistical-yearbook-2021-chapter-IV-health-activities.xlsx,9,16,1,نجران
statistical-yearbook-2021-chapter-IV-health-activities.xlsx,9,16,7,Najran
statistical-yearbook-2021-chapter-IV-health-activities.xlsx,9,17,1,الباحة
statistical-yearbook-2021-chapter-IV-health-activities.xlsx,9,17,7,Al- Bahah
statistical-yearbook-2021-chapter-IV-health-activities.xlsx,9,18,1,الجوف
statistical-yearbook-2021-chapter-IV-health-activities.xlsx,9,18,7,Al-Jouf
statistical-yearbook-2021-chapter-IV-health-activities.xlsx,10,14,1,وزارة الرياضة
statistical-yearbook-2021-chapter-IV-health-activities.xlsx,10,25,1,الرياض
statistical-yearbook-2021-chapter-IV-health-activities.xlsx,10,26,1,المدينة
statistical-yearbook-2021-chapter-IV-health-activities.xlsx,10,29,1,قوى الامن مكة
statistical-yearbook-2021-chapter-IV-health-activities.xlsx,10,30,1,الرياض
statistical-yearbook-2021-chapter-IV-health-activities.xlsx,10,35,1,الجامعة الاسلامية بالمدينة المنورة
statistical-yearbook-2021-chapter-IV-health-activities.xlsx,10,38,1,جامعة حائل
statistical-yearbook-2021-chapter-IV-health-activities.xlsx,10,39,1,جامعة جازان
statistical-yearbook-2021-chapter-IV-health-activities.xlsx,10,40,1,جامعة الباحة
statistical-yearbook-2021-chapter-IV-health-activities.xlsx,4.11,5,1,الرياض
statistical-yearbook-2021-chapter-IV-health-activities.xlsx,4.11,5,5,Riyadh
statistical-yearbook-2021-chapter-IV-health-activities.xlsx,4.11,9,1,المدينة المنورة
statistical-yearbook-2021-chapter-IV-health-activities.xlsx,4.11,10,1,القصيم
statistical-yearbook-2021-chapter-IV-health-activities.xlsx,4.11,11,1,الشرقية
statistical-yearbook-2021-chapter-IV-health-activities.xlsx,4.11,11,5,Eastern
statistical-yearbook-2021-chapter-IV-health-activities.xlsx,4.11,14,1,عسير
statistical-yearbook-2021-chapter-IV-health-activities.xlsx,4.11,16,1,تبوك
statistical-yearbook-2021-chapter-IV-health-activities.xlsx,4.11,17,1,حائل
statistical-yearbook-2021-chapter-IV-health-activities.xlsx,4.11,18,1,الحدود الشمالية
statistical-yearbook-2021-chapter-IV-health-activities.xlsx,4.11,19,1,جازان
statistical-yearbook-2021-chapter-IV-health-activities.xlsx,4.11,19,5,Jazan
statistical-yearbook-2021-chapter-IV-health-activities.xlsx,4.11,20,1,نجران
statistical-yearbook-2021-chapter-IV-health-activities.xlsx,4.11,20,5,Najran
statistical-yearbook-2021-chapter-IV-health-activities.xlsx,4.11,21,1,الباحة
statistical-yearbook-2021-chapter-IV-health-activities.xlsx,4.11,21,5,Al-Bahah
statistical-yearbook-2021-chapter-IV-health-activities.xlsx,4.11,22,1,الجوف
statistical-yearbook-2021-chapter-IV-health-activities.xlsx,4.11,22,5,Al-Jouf
statistical-yearbook-2021-chapter-IV-health-activities.xlsx,112020,6,1,الرياض
statistical-yearbook-2021-chapter-IV-health-activities.xlsx,112020,6,7,Riyadh
statistical-yearbook-2021-chapter-IV-health-activities.xlsx,112020,6,9,الرياض
statistical-yearbook-2021-chapter-IV-health-activities.xlsx,112020,6,15,Riyadh
statistical-yearbook-2021-chapter-IV-health-activities.xlsx,112020,10,1,المدينة المنورة
statistical-yearbook-2021-chapter-IV-health-activities.xlsx,112020,10,9,المدينة المنورة
statistical-yearbook-2021-chapter-IV-health-activities.xlsx,112020,11,1,القصيم
statistical-yearbook-2021-chapter-IV-health-activities.xlsx,112020,11,9,القصيم
statistical-yearbook-2021-chapter-IV-health-activities.xlsx,112020,12,1,الشرقية
statistical-yearbook-2021-chapter-IV-health-activities.xlsx,112020,12,7,Eastern
statistical-yearbook-2021-chapter-IV-health-activities.xlsx,112020,12,9,الشرقية
statistical-yearbook-2021-chapter-IV-health-activities.xlsx,112020,12,15,Eastern
statistical-yearbook-2021-chapter-IV-health-activities.xlsx,112020,15,1,عسير
statistical-yearbook-2021-chapter-IV-health-activities.xlsx,112020,15,9,عسير
statistical-yearbook-2021-chapter-IV-health-activities.xlsx,112020,17,1,تبوك
statistical-yearbook-2021-chapter-IV-health-activities.xlsx,112020,17,9,تبوك
statistical-yearbook-2021-chapter-IV-health-activities.xlsx,112020,18,1,حائل
statistical-yearbook-2021-chapter-IV-health-activities.xlsx,112020,18,9,حائل
statistical-yearbook-2021-chapter-IV-health-activities.xlsx,112020,19,1,الحدود الشمالية
statistical-yearbook-2021-chapter-IV-health-activities.xlsx,112020,19,9,الحدود الشمالية
statistical-yearbook-2021-chapter-IV-health-activities.xlsx,112020,20,1,جازان
statistical-yearbook-2021-chapter-IV-health-activities.xlsx,112020,20,7,Jazan
statistical-yearbook-2021-chapter-IV-health-activities.xlsx,112020,20,9,جازان
statistical-yearbook-2021-chapter-IV-health-activities.xlsx,112020,20,15,Jazan
statistical-yearbook-2021-chapter-IV-health-activities.xlsx,112020,21,1,نجران
statistical-yearbook-2021-chapter-IV-health-activities.xlsx,112020,21,7,Najran
statistical-yearbook-2021-chapter-IV-health-activities.xlsx,112020,21,9,نجران
statistical-yearbook-2021-chapter-IV-health-activities.xlsx,112020,21,15,Najran
statistical-yearbook-2021-chapter-IV-health-activities.xlsx,112020,22,1,الباحة
statistical-yearbook-2021-chapter-IV-health-activities.xlsx,112020,22,7,Al-Bahah
statistical-yearbook-2021-chapter-IV-health-activities.xlsx,112020,22,9,الباحة
statistical-yearbook-2021-chapter-IV-health-activities.xlsx,112020,22,15,Al-Bahah
statistical-yearbook-2021-chapter-IV-health-activities.xlsx,112020,23,1,الجوف
statistical-yearbook-2021-chapter-IV-health-activities.xlsx,112020,23,7,Al-Jouf
statistical-yearbook-2021-chapter-IV-health-activities.xlsx,112020,23,9,الجوف
statistical-yearbook-2021-chapter-IV-health-activities.xlsx,112020,23,15,Al-Jouf
statistical-yearbook-2021-chapter-IV-health-activities.xlsx,11,6,1,الرياض
statistical-yearbook-2021-chapter-IV-health-activities.xlsx,11,6,7,Riyadh
statistical-yearbook-2021-chapter-IV-health-activities.xlsx,11,10,1,المدينة المنورة
statistical-yearbook-2021-chapter-IV-health-activities.xlsx,11,11,1,القصيم
statistical-yearbook-2021-chapter-IV-health-activities.xlsx,11,12,1,الشرقية
statistical-yearbook-2021-chapter-IV-health-activities.xlsx,11,12,7,Eastern
statistical-yearbook-2021-chapter-IV-health-activities.xlsx,11,15,1,عسير
statistical-yearbook-2021-chapter-IV-health-activities.xlsx,11,17,1,تبوك
statistical-yearbook-2021-chapter-IV-health-activities.xlsx,11,18,1,حائل
statistical-yearbook-2021-chapter-IV-health-activities.xlsx,11,19,1,الحدود الشمالية
statistical-yearbook-2021-chapter-IV-health-activities.xlsx,11,20,1,جازان
statistical-yearbook-2021-chapter-IV-health-activities.xlsx,11,20,7,Jazan
statistical-yearbook-2021-chapter-IV-health-activities.xlsx,11,21,1,نجران
statistical-yearbook-2021-chapter-IV-health-activities.xlsx,11,21,7,Najran
statistical-yearbook-2021-chapter-IV-health-activities.xlsx,11,22,1,الباحة
statistical-yearbook-2021-chapter-IV-health-activities.xlsx,11,22,7,Al-Bahah
statistical-yearbook-2021-chapter-IV-health-activities.xlsx,11,23,1,الجوف
statistical-yearbook-2021-chapter-IV-health-activities.xlsx,11,23,7,Al-Jouf
statistical-yearbook-2021-chapter-IV-health-activities.xlsx,13,6,1,الرياض
statistical-yearbook-2021-chapter-IV-health-activities.xlsx,13,6,7,Riyadh
statistical-yearbook-2021-chapter-IV-health-activities.xlsx,13,10,1,المدينة المنورة
statistical-yearbook-2021-chapter-IV-health-activities.xlsx,13,11,1,القصيم
statistical-yearbook-2021-chapter-IV-health-activities.xlsx,13,12,1,الشرقية
statistical-yearbook-2021-chapter-IV-health-activities.xlsx,13,12,7,Eastern
statistical-yearbook-2021-chapter-IV-health-activities.xlsx,13,15,1,عسير
statistical-yearbook-2021-chapter-IV-health-activities.xlsx,13,17,1,تبوك
statistical-yearbook-2021-chapter-IV-health-activities.xlsx,13,18,1,حائل
statistical-yearbook-2021-chapter-IV-health-activities.xlsx,13,19,1,الحدود الشمالية
statistical-yearbook-2021-chapter-IV-health-activities.xlsx,13,20,1,جازان
statistical-yearbook-2021-chapter-IV-health-activities.xlsx,13,20,7,Jazan
statistical-yearbook-2021-chapter-IV-health-activities.xlsx,13,21,1,نجران
statistical-yearbook-2021-chapter-IV-health-activities.xlsx,13,21,7,Najran
statistical-yearbook-2021-chapter-IV-health-activities.xlsx,13,22,1,الباحة
statistical-yearbook-2021-chapter-IV-health-activities.xlsx,13,22,7,Al-Bahah
statistical-yearbook-2021-chapter-IV-health-activities.xlsx,13,23,1,الجوف
statistical-yearbook-2021-chapter-IV-health-activities.xlsx,13,23,7,Al-Jouf
statistical-yearbook-2021-chapter-IV-health-activities.xlsx,13,29,1,الرياض
statistical-yearbook-2021-chapter-IV-health-activities.xlsx,13,29,7,Riyadh
statistical-yearbook-2021-chapter-IV-health-activities.xlsx,13,39,1,الشرقية
statistical-yearbook-2021-chapter-IV-health-activities.xlsx,13,39,7,Eastern
statistical-yearbook-2021-chapter-IV-health-activities.xlsx,16,6,1,الرياض
statistical-yearbook-2021-chapter-IV-health-activities.xlsx,16,6,8,Riyadh
statistical-yearbook-2021-chapter-IV-health-activities.xlsx,16,10,1,المدينة المنورة
statistical-yearbook-2021-chapter-IV-health-activities.xlsx,16,11,1,القصيم
statistical-yearbook-2021-chapter-IV-health-activities.xlsx,16,12,1,الشرقية
statistical-yearbook-2021-chapter-IV-health-activities.xlsx,16,12,8,Eastern
statistical-yearbook-2021-chapter-IV-health-activities.xlsx,16,15,1,عسير
statistical-yearbook-2021-chapter-IV-health-activities.xlsx,16,17,1,تبوك
statistical-yearbook-2021-chapter-IV-health-activities.xlsx,16,18,1,حائل
statistical-yearbook-2021-chapter-IV-health-activities.xlsx,16,19,1,الحدود الشمالية
statistical-yearbook-2021-chapter-IV-health-activities.xlsx,16,20,1,جازان
statistical-yearbook-2021-chapter-IV-health-activities.xlsx,16,20,8,Jazan
statistical-yearbook-2021-chapter-IV-health-activities.xlsx,16,21,1,نجران
statistical-yearbook-2021-chapter-IV-health-activities.xlsx,16,21,8,Najran
statistical-yearbook-2021-chapter-IV-health-activities.xlsx,16,22,1,الباحة
statistical-yearbook-2021-chapter-IV-health-activities.xlsx,16,22,8,Al-Bahah
statistical-yearbook-2021-chapter-IV-health-activities.xlsx,16,23,1,الجوف
statistical-yearbook-2021-chapter-IV-health-activities.xlsx,16,23,8,Al-Jouf
statistical-yearbook-2021-chapter-IV-health-activities.xlsx,17,8,1,الرياض
statistical-yearbook-2021-chapter-IV-health-activities.xlsx,17,8,14,Riyadh
statistical-yearbook-2021-chapter-IV-health-activities.xlsx,17,12,1,المدينة المنورة
statistical-yearbook-2021-chapter-IV-health-activities.xlsx,17,13,1,القصيم
statistical-yearbook-2021-chapter-IV-health-activities.xlsx,17,14,1,الشرقية
statistical-yearbook-2021-chapter-IV-health-activities.xlsx,17,14,14,Eastern
statistical-yearbook-2021-chapter-IV-health-activities.xlsx,17,17,1,عسير
statistical-yearbook-2021-chapter-IV-health-activities.xlsx,17,19,1,تبوك
statistical-yearbook-2021-chapter-IV-health-activities.xlsx,17,20,1,حائل
statistical-yearbook-2021-chapter-IV-health-activities.xlsx,17,21,1,الحدود الشمالية
statistical-yearbook-2021-chapter-IV-health-activities.xlsx,17,22,1,جازان
statistical-yearbook-2021-chapter-IV-health-activities.xlsx,17,22,14,Jazan
statistical-yearbook-2021-chapter-IV-health-activities.xlsx,17,23,1,نجران
statistical-yearbook-2021-chapter-IV-health-activities.xlsx,17,23,14,Najran
statistical-yearbook-2021-chapter-IV-health-activities.xlsx,17,24,1,الباحة
statistical-yearbook-2021-chapter-IV-health-activities.xlsx,17,24,14,Al-Bahah
statistical-yearbook-2021-chapter-IV-health-activities.xlsx,17,25,1,الجوف
statistical-yearbook-2021-chapter-IV-health-activities.xlsx,17,25,14,Al-Jouf
statistical-yearbook-2021-chapter-IV-health-activities.xlsx,18,6,1,الرياض
statistical-yearbook-2021-chapter-IV-health-activities.xlsx,18,6,7,Riyadh
statistical-yearbook-2021-chapter-IV-health-activities.xlsx,18,10,1,المدينة المنورة
statistical-yearbook-2021-chapter-IV-health-activities.xlsx,18,11,1,القصيم
statistical-yearbook-2021-chapter-IV-health-activities.xlsx,18,12,1,الشرقية
statistical-yearbook-2021-chapter-IV-health-activities.xlsx,18,12,7,Eastern
statistical-yearbook-2021-chapter-IV-health-activities.xlsx,18,15,1,عسير
statistical-yearbook-2021-chapter-IV-health-activities.xlsx,18,17,1,تبوك
statistical-yearbook-2021-chapter-IV-health-activities.xlsx,18,18,1,حائل
statistical-yearbook-2021-chapter-IV-health-activities.xlsx,18,19,1,الحدود الشمالية
statistical-yearbook-2021-chapter-IV-health-activities.xlsx,18,20,1,جازان
statistical-yearbook-2021-chapter-IV-health-activities.xlsx,18,20,7,Jazan
statistical-yearbook-2021-chapter-IV-health-activities.xlsx,18,21,1,نجران
statistical-yearbook-2021-chapter-IV-health-activities.xlsx,18,21,7,Najran
statistical-yearbook-2021-chapter-IV-health-activities.xlsx,18,22,1,الباحة
statistical-yearbook-2021-chapter-IV-health-activities.xlsx,18,22,7,Al-Bahah
statistical-yearbook-2021-chapter-IV-health-activities.xlsx,18,23,1,الجوف
statistical-yearbook-2021-chapter-IV-health-activities.xlsx,18,23,7,Al-Jouf
statistical-yearbook-2021-chapter-IV-health-activities.xlsx,19,6,1,الرياض
statistical-yearbook-2021-chapter-IV-health-activities.xlsx,19,6,8,Riyadh
statistical-yearbook-2021-chapter-IV-health-activities.xlsx,19,6,10,الرياض
statistical-yearbook-2021-chapter-IV-health-activities.xlsx,19,6,31,الرياض
statistical-yearbook-2021-chapter-IV-health-activities.xlsx,19,7,10,مكة المكرمة
statistical-yearbook-2021-chapter-IV-health-activities.xlsx,19,7,31,مكة
statistical-yearbook-2021-chapter-IV-health-activities.xlsx,19,7,38,cluster 1 riyadh without rehab
statistical-yearbook-2021-chapter-IV-health-activities.xlsx,19,8,38,cluster 2 riyadh
statistical-yearbook-2021-chapter-IV-health-activities.xlsx,19,9,38,riyadh region
statistical-yearbook-2021-chapter-IV-health-activities.xlsx,19,10,1,المدينة المنورة
statistical-yearbook-2021-chapter-IV-health-activities.xlsx,19,10,10,المدينة المنورة
statistical-yearbook-2021-chapter-IV-health-activities.xlsx,19,10,31,المدينة
statistical-yearbook-2021-chapter-IV-health-activities.xlsx,19,11,1,القصيم
statistical-yearbook-2021-chapter-IV-health-activities.xlsx,19,11,10,القصيم
statistical-yearbook-2021-chapter-IV-health-activities.xlsx,19,11,31,القصيم
statistical-yearbook-2021-chapter-IV-health-activities.xlsx,19,12,1,الشرقية
statistical-yearbook-2021-chapter-IV-health-activities.xlsx,19,12,8,Eastern
statistical-yearbook-2021-chapter-IV-health-activities.xlsx,19,12,10,الشرقية
statistical-yearbook-2021-chapter-IV-health-activities.xlsx,19,12,31,الشرقية
statistical-yearbook-2021-chapter-IV-health-activities.xlsx,19,15,1,عسير
statistical-yearbook-2021-chapter-IV-health-activities.xlsx,19,15,10,عسير
statistical-yearbook-2021-chapter-IV-health-activities.xlsx,19,15,31,عسير
statistical-yearbook-2021-chapter-IV-health-activities.xlsx,19,15,38,Eastern Region
statistical-yearbook-2021-chapter-IV-health-activities.xlsx,19,17,1,تبوك
statistical-yearbook-2021-chapter-IV-health-activities.xlsx,19,17,10,تبوك
statistical-yearbook-2021-chapter-IV-health-activities.xlsx,19,17,31,تبوك
statistical-yearbook-2021-chapter-IV-health-activities.xlsx,19,17,38,Albaha region
statistical-yearbook-2021-chapter-IV-health-activities.xlsx,19,18,1,حائل
statistical-yearbook-2021-chapter-IV-health-activities.xlsx,19,18,10,حائل
statistical-yearbook-2021-chapter-IV-health-activities.xlsx,19,18,31,حائل
statistical-yearbook-2021-chapter-IV-health-activities.xlsx,19,18,38,Aljouf region
statistical-yearbook-2021-chapter-IV-health-activities.xlsx,19,19,1,الحدود الشمالية
statistical-yearbook-2021-chapter-IV-health-activities.xlsx,19,19,10,الحدود الشمالية
statistical-yearbook-2021-chapter-IV-health-activities.xlsx,19,20,1,جازان
statistical-yearbook-2021-chapter-IV-health-activities.xlsx,19,20,8,Jazan
statistical-yearbook-2021-chapter-IV-health-activities.xlsx,19,20,10,جازان
statistical-yearbook-2021-chapter-IV-health-activities.xlsx,19,20,31,جازان
statistical-yearbook-2021-chapter-IV-health-activities.xlsx,19,21,1,نجران
statistical-yearbook-2021-chapter-IV-health-activities.xlsx,19,21,8,Najran
statistical-yearbook-2021-chapter-IV-health-activities.xlsx,19,21,10,نجران
statistical-yearbook-2021-chapter-IV-health-activities.xlsx,19,21,31,نجران
statistical-yearbook-2021-chapter-IV-health-activities.xlsx,19,22,1,الباحة
statistical-yearbook-2021-chapter-IV-health-activities.xlsx,19,22,8,Al-Bahah
statistical-yearbook-2021-chapter-IV-health-activities.xlsx,19,22,10,الباحة
statistical-yearbook-2021-chapter-IV-health-activities.xlsx,19,22,31,الباحة
statistical-yearbook-2021-chapter-IV-health-activities.xlsx,19,23,1,الجوف
statistical-yearbook-2021-chapter-IV-health-activities.xlsx,19,23,8,Al-Jouf
statistical-yearbook-2021-chapter-IV-health-activities.xlsx,19,23,10,الجوف
statistical-yearbook-2021-chapter-IV-health-activities.xlsx,19,23,31,الجوف
statistical-yearbook-2021-chapter-IV-health-activities.xlsx,19,25,38,Hail region
statistical-yearbook-2021-chapter-IV-health-activities.xlsx,19,28,38,Najran region
statistical-yearbook-2021-chapter-IV-health-activities.xlsx,19,29,38,King Khalid Specialized.riyadh
statistical-yearbook-2021-chapter-IV-health-activities.xlsx,20,7,1,الرياض
statistical-yearbook-2021-chapter-IV-health-activities.xlsx,20,7,10,Riyadh
statistical-yearbook-2021-chapter-IV-health-activities.xlsx,20,11,1,المدينة المنورة
statistical-yearbook-2021-chapter-IV-health-activities.xlsx,20,12,1,القصيم
statistical-yearbook-2021-chapter-IV-health-activities.xlsx,20,13,1,الشرقية
statistical-yearbook-2021-chapter-IV-health-activities.xlsx,20,13,10,Eastern
statistical-yearbook-2021-chapter-IV-health-activities.xlsx,20,16,1,عسير
statistical-yearbook-2021-chapter-IV-health-activities.xlsx,20,18,1,تبوك
statistical-yearbook-2021-chapter-IV-health-activities.xlsx,20,19,1,حائل
statistical-yearbook-2021-chapter-IV-health-activities.xlsx,20,20,1,الحدود الشمالية
statistical-yearbook-2021-chapter-IV-health-activities.xlsx,20,21,1,جازان
statistical-yearbook-2021-chapter-IV-health-activities.xlsx,20,21,10,Jazan
statistical-yearbook-2021-chapter-IV-health-activities.xlsx,20,22,1,نجران
statistical-yearbook-2021-chapter-IV-health-activities.xlsx,20,22,10,Najran
statistical-yearbook-2021-chapter-IV-health-activities.xlsx,20,23,1,الباحة
statistical-yearbook-2021-chapter-IV-health-activities.xlsx,20,23,10,Al-Bahah
statistical-yearbook-2021-chapter-IV-health-activities.xlsx,20,24,1,الجوف
statistical-yearbook-2021-chapter-IV-health-activities.xlsx,20,24,10,Al-Jouf
statistical-yearbook-2021-chapter-IV-health-activities.xlsx,21,4,1,المدينة الطبية
statistical-yearbook-2021-chapter-IV-health-activities.xlsx,21,6,1,مدينة الملك فهد الطبية بالرياض
statistical-yearbook-2021-chapter-IV-health-activities.xlsx,21,6,8,KFMC RIYADH
statistical-yearbook-2021-chapter-IV-health-activities.xlsx,21,7,1,مستشفى الملك خالد التخصصي للعيون بالرياض
statistical-yearbook-2021-chapter-IV-health-activities.xlsx,21,7,8,KKESH RIYADH
statistical-yearbook-2021-chapter-IV-health-activities.xlsx,22,6,1,الرياض
statistical-yearbook-2021-chapter-IV-health-activities.xlsx,22,6,8,Riyadh
statistical-yearbook-2021-chapter-IV-health-activities.xlsx,22,10,1,المدينة المنورة
statistical-yearbook-2021-chapter-IV-health-activities.xlsx,22,11,1,القصيم
statistical-yearbook-2021-chapter-IV-health-activities.xlsx,22,12,1,الشرقية
statistical-yearbook-2021-chapter-IV-health-activities.xlsx,22,12,8,Eastern
statistical-yearbook-2021-chapter-IV-health-activities.xlsx,22,15,1,عسير
statistical-yearbook-2021-chapter-IV-health-activities.xlsx,22,17,1,تبوك
statistical-yearbook-2021-chapter-IV-health-activities.xlsx,22,18,1,حائل
statistical-yearbook-2021-chapter-IV-health-activities.xlsx,22,19,1,الحدود الشمالية
statistical-yearbook-2021-chapter-IV-health-activities.xlsx,22,20,1,جازان
statistical-yearbook-2021-chapter-IV-health-activities.xlsx,22,20,8,Jazan
statistical-yearbook-2021-chapter-IV-health-activities.xlsx,22,21,1,نجران
statistical-yearbook-2021-chapter-IV-health-activities.xlsx,22,21,8,Najran
statistical-yearbook-2021-chapter-IV-health-activities.xlsx,22,22,1,الباحة
statistical-yearbook-2021-chapter-IV-health-activities.xlsx,22,22,8,Al-Bahah
statistical-yearbook-2021-chapter-IV-health-activities.xlsx,22,23,1,الجوف
statistical-yearbook-2021-chapter-IV-health-activities.xlsx,22,23,8,Al-Jouf
statistical-yearbook-2021-chapter-IV-health-activities.xlsx,23,6,1,الرياض
statistical-yearbook-2021-chapter-IV-health-activities.xlsx,23,6,8,Riyadh
statistical-yearbook-2021-chapter-IV-health-activities.xlsx,23,10,1,المدينة المنورة
statistical-yearbook-2021-chapter-IV-health-activities.xlsx,23,11,1,القصيم
statistical-yearbook-2021-chapter-IV-health-activities.xlsx,23,12,1,الشرقية
statistical-yearbook-2021-chapter-IV-health-activities.xlsx,23,12,8,Eastern
statistical-yearbook-2021-chapter-IV-health-activities.xlsx,23,15,1,عسير
statistical-yearbook-2021-chapter-IV-health-activities.xlsx,23,17,1,تبوك
statistical-yearbook-2021-chapter-IV-health-activities.xlsx,23,18,1,حائل
statistical-yearbook-2021-chapter-IV-health-activities.xlsx,23,19,1,الحدود الشمالية
statistical-yearbook-2021-chapter-IV-health-activities.xlsx,23,20,1,جازان
statistical-yearbook-2021-chapter-IV-health-activities.xlsx,23,20,8,Jazan
statistical-yearbook-2021-chapter-IV-health-activities.xlsx,23,21,1,نجران
statistical-yearbook-2021-chapter-IV-health-activities.xlsx,23,21,8,Najran
statistical-yearbook-2021-chapter-IV-health-activities.xlsx,23,22,1,الباحة
statistical-yearbook-2021-chapter-IV-health-activities.xlsx,23,22,8,Al-Bahah
statistical-yearbook-2021-chapter-IV-health-activities.xlsx,23,23,1,الجوف
statistical-yearbook-2021-chapter-IV-health-activities.xlsx,23,23,8,Al-Jouf
statistical-yearbook-2021-chapter-IV-health-activities.xlsx,24,6,1,الرياض
statistical-yearbook-2021-chapter-IV-health-activities.xlsx,24,6,5,Riyadh
statistical-yearbook-2021-chapter-IV-health-activities.xlsx,24,10,1,المدينة المنورة
statistical-yearbook-2021-chapter-IV-health-activities.xlsx,24,11,1,القصيم
statistical-yearbook-2021-chapter-IV-health-activities.xlsx,24,12,1,الشرقية
statistical-yearbook-2021-chapter-IV-health-activities.xlsx,24,12,5,Eastern
statistical-yearbook-2021-chapter-IV-health-activities.xlsx,24,15,1,عسير
statistical-yearbook-2021-chapter-IV-health-activities.xlsx,24,17,1,تبوك
statistical-yearbook-2021-chapter-IV-health-activities.xlsx,24,18,1,حائل
statistical-yearbook-2021-chapter-IV-health-activities.xlsx,24,19,1,الحدود الشمالية
statistical-yearbook-2021-chapter-IV-health-activities.xlsx,24,20,1,جازان
statistical-yearbook-2021-chapter-IV-health-activities.xlsx,24,20,5,Jazan
statistical-yearbook-2021-chapter-IV-health-activities.xlsx,24,21,1,نجران
statistical-yearbook-2021-chapter-IV-health-activities.xlsx,24,21,5,Najran
statistical-yearbook-2021-chapter-IV-health-activities.xlsx,24,22,1,الباحة
statistical-yearbook-2021-chapter-IV-health-activities.xlsx,24,22,5,Al-Bahah
statistical-yearbook-2021-chapter-IV-health-activities.xlsx,24,23,1,الجوف
statistical-yearbook-2021-chapter-IV-health-activities.xlsx,24,23,5,Al-Jouf
statistical-yearbook-2021-chapter-IV-health-activities.xlsx,25,22,1,الرياض
statistical-yearbook-2021-chapter-IV-health-activities.xlsx,25,23,1,المدينة
statistical-yearbook-2021-chapter-IV-health-activities.xlsx,25,26,1,قوى الامن مكة
statistical-yearbook-2021-chapter-IV-health-activities.xlsx,25,27,1,قوى الامن الرياض
statistical-yearbook-2021-chapter-IV-health-activities.xlsx,25,32,1,جامعة القصيم
statistical-yearbook-2021-chapter-IV-health-activities.xlsx,25,35,1,جامعة نجران
statistical-yearbook-2021-chapter-IV-health-activities.xlsx,25,40,1,الرياض
statistical-yearbook-2021-chapter-IV-health-activities.xlsx,4.22,5,1,الرياض
statistical-yearbook-2021-chapter-IV-health-activities.xlsx,4.22,5,5,Riyadh
statistical-yearbook-2021-chapter-IV-health-activities.xlsx,4.22,9,1,المدينة المنورة
statistical-yearbook-2021-chapter-IV-health-activities.xlsx,4.22,10,1,القصيم
statistical-yearbook-2021-chapter-IV-health-activities.xlsx,4.22,11,1,الشرقية
statistical-yearbook-2021-chapter-IV-health-activities.xlsx,4.22,11,5,Eastern
statistical-yearbook-2021-chapter-IV-health-activities.xlsx,4.22,14,1,عسير
statistical-yearbook-2021-chapter-IV-health-activities.xlsx,4.22,16,1,تبوك
statistical-yearbook-2021-chapter-IV-health-activities.xlsx,4.22,17,1,حائل
statistical-yearbook-2021-chapter-IV-health-activities.xlsx,4.22,18,1,الحدود الشمالية
statistical-yearbook-2021-chapter-IV-health-activities.xlsx,4.22,19,1,جازان
statistical-yearbook-2021-chapter-IV-health-activities.xlsx,4.22,19,5,Jazan
statistical-yearbook-2021-chapter-IV-health-activities.xlsx,4.22,20,1,نجران
statistical-yearbook-2021-chapter-IV-health-activities.xlsx,4.22,20,5,Najran
statistical-yearbook-2021-chapter-IV-health-activities.xlsx,4.22,21,1,الباحة
statistical-yearbook-2021-chapter-IV-health-activities.xlsx,4.22,21,5,Al-Bahah
statistical-yearbook-2021-chapter-IV-health-activities.xlsx,4.22,22,1,الجوف
statistical-yearbook-2021-chapter-IV-health-activities.xlsx,4.22,22,5,Al-Jouf
statistical-yearbook-2021-chapter-IV-health-activities.xlsx,27,8,1,الرياض
statistical-yearbook-2021-chapter-IV-health-activities.xlsx,27,8,11,Riyadh
statistical-yearbook-2021-chapter-IV-health-activities.xlsx,27,12,1,المدينة المنورة
statistical-yearbook-2021-chapter-IV-health-activities.xlsx,27,13,1,القصيم
statistical-yearbook-2021-chapter-IV-health-activities.xlsx,27,14,1,الشرقية
statistical-yearbook-2021-chapter-IV-health-activities.xlsx,27,14,11,Eastern
statistical-yearbook-2021-chapter-IV-health-activities.xlsx,27,17,1,عسير
statistical-yearbook-2021-chapter-IV-health-activities.xlsx,27,19,1,تبوك
statistical-yearbook-2021-chapter-IV-health-activities.xlsx,27,20,1,حائل
statistical-yearbook-2021-chapter-IV-health-activities.xlsx,27,21,1,الحدود الشمالية
statistical-yearbook-2021-chapter-IV-health-activities.xlsx,27,22,1,جازان
statistical-yearbook-2021-chapter-IV-health-activities.xlsx,27,22,11,Jazan
statistical-yearbook-2021-chapter-IV-health-activities.xlsx,27,23,1,نجران
statistical-yearbook-2021-chapter-IV-health-activities.xlsx,27,23,11,Najran
statistical-yearbook-2021-chapter-IV-health-activities.xlsx,27,24,1,الباحة
statistical-yearbook-2021-chapter-IV-health-activities.xlsx,27,24,11,Al-Bahah
statistical-yearbook-2021-chapter-IV-health-activities.xlsx,27,25,1,الجوف
statistical-yearbook-2021-chapter-IV-health-activities.xlsx,27,25,11,Al-Jouf
statistical-yearbook-2021-chapter-IV-health-activities.xlsx,28,22,1,الرياض
statistical-yearbook-2021-chapter-IV-health-activities.xlsx,28,23,1,المدينة
statistical-yearbook-2021-chapter-IV-health-activities.xlsx,28,26,1,قوى الامن مكة
statistical-yearbook-2021-chapter-IV-health-activities.xlsx,28,27,1,قوى الامن الرياض
statistical-yearbook-2021-chapter-IV-health-activities.xlsx,28,37,1,الرياض
statistical-yearbook-2021-chapter-IV-health-activities.xlsx,28,40,1,المدينة
statistical-yearbook-2021-chapter-IV-health-activities.xlsx,29,5,1,الرياض
statistical-yearbook-2021-chapter-IV-health-activities.xlsx,29,5,5,Riyadh
statistical-yearbook-2021-chapter-IV-health-activities.xlsx,29,9,1,المدينة المنورة
statistical-yearbook-2021-chapter-IV-health-activities.xlsx,29,10,1,القصيم
statistical-yearbook-2021-chapter-IV-health-activities.xlsx,29,11,1,الشرقية
statistical-yearbook-2021-chapter-IV-health-activities.xlsx,29,11,5,Eastern
statistical-yearbook-2021-chapter-IV-health-activities.xlsx,29,14,1,عسير
statistical-yearbook-2021-chapter-IV-health-activities.xlsx,29,16,1,تبوك
statistical-yearbook-2021-chapter-IV-health-activities.xlsx,29,17,1,حائل
statistical-yearbook-2021-chapter-IV-health-activities.xlsx,29,18,1,الحدود الشمالية
statistical-yearbook-2021-chapter-IV-health-activities.xlsx,29,19,1,جازان
statistical-yearbook-2021-chapter-IV-health-activities.xlsx,29,19,5,Jazan
statistical-yearbook-2021-chapter-IV-health-activities.xlsx,29,20,1,نجران
statistical-yearbook-2021-chapter-IV-health-activities.xlsx,29,20,5,Najran
statistical-yearbook-2021-chapter-IV-health-activities.xlsx,29,21,1,الباحة
statistical-yearbook-2021-chapter-IV-health-activities.xlsx,29,21,5,Al-Bahah
statistical-yearbook-2021-chapter-IV-health-activities.xlsx,29,22,1,الجوف
statistical-yearbook-2021-chapter-IV-health-activities.xlsx,29,22,5,Al-Jouf
statistical-yearbook-2021-chapter-IV-health-activities.xlsx,30,8,1,الرياض
statistical-yearbook-2021-chapter-IV-health-activities.xlsx,30,8,15,Riyadh
statistical-yearbook-2021-chapter-IV-health-activities.xlsx,30,12,1,المدينة المنورة
statistical-yearbook-2021-chapter-IV-health-activities.xlsx,30,13,1,القصيم
statistical-yearbook-2021-chapter-IV-health-activities.xlsx,30,14,1,الشرقية
statistical-yearbook-2021-chapter-IV-health-activities.xlsx,30,14,15,Eastern
statistical-yearbook-2021-chapter-IV-health-activities.xlsx,30,17,1,عسير
statistical-yearbook-2021-chapter-IV-health-activities.xlsx,30,19,1,تبوك
statistical-yearbook-2021-chapter-IV-health-activities.xlsx,30,20,1,حائل
statistical-yearbook-2021-chapter-IV-health-activities.xlsx,30,21,1,الحدود الشمالية
statistical-yearbook-2021-chapter-IV-health-activities.xlsx,30,22,1,جازان
statistical-yearbook-2021-chapter-IV-health-activities.xlsx,30,22,15,Jazan
statistical-yearbook-2021-chapter-IV-health-activities.xlsx,30,23,1,نجران
statistical-yearbook-2021-chapter-IV-health-activities.xlsx,30,23,15,Najran
statistical-yearbook-2021-chapter-IV-health-activities.xlsx,30,24,1,الباحة
statistical-yearbook-2021-chapter-IV-health-activities.xlsx,30,24,15,Al-Bahah
statistical-yearbook-2021-chapter-IV-health-activities.xlsx,30,25,1,الجوف
statistical-yearbook-2021-chapter-IV-health-activities.xlsx,30,25,15,Al-Jouf
statistical-yearbook-2021-chapter-IV-health-activities.xlsx,30,30,1,الرياض
statistical-yearbook-2021-chapter-IV-health-activities.xlsx,30,30,15,Riyadh
statistical-yearbook-2021-chapter-IV-health-activities.xlsx,31,26,1,الرياض
statistical-yearbook-2021-chapter-IV-health-activities.xlsx,31,27,1,المدينة
statistical-yearbook-2021-chapter-IV-health-activities.xlsx,31,32,1,الرياض
statistical-yearbook-2021-chapter-IV-health-activities.xlsx,31,35,1,المدينة
statistical-yearbook-2021-chapter-IV-health-activities.xlsx,31,38,1,جامعة القصيم
statistical-yearbook-2021-chapter-IV-health-activities.xlsx,4-32,8,1,الرياض
statistical-yearbook-2021-chapter-IV-health-activities.xlsx,4-32,8,15,Riyadh
statistical-yearbook-2021-chapter-IV-health-activities.xlsx,4-32,12,1,المدينة المنورة
statistical-yearbook-2021-chapter-IV-health-activities.xlsx,4-32,13,1,القصيم
statistical-yearbook-2021-chapter-IV-health-activities.xlsx,4-32,14,1,الشرقية
statistical-yearbook-2021-chapter-IV-health-activities.xlsx,4-32,14,15,Eastern
statistical-yearbook-2021-chapter-IV-health-activities.xlsx,4-32,17,1,عسير
statistical-yearbook-2021-chapter-IV-health-activities.xlsx,4-32,19,1,تبوك
statistical-yearbook-2021-chapter-IV-health-activities.xlsx,4-32,20,1,حائل
statistical-yearbook-2021-chapter-IV-health-activities.xlsx,4-32,21,1,الحدود الشمالية
statistical-yearbook-2021-chapter-IV-health-activities.xlsx,4-32,22,1,جازان
statistical-yearbook-2021-chapter-IV-health-activities.xlsx,4-32,22,15,Jazan
statistical-yearbook-2021-chapter-IV-health-activities.xlsx,4-32,23,1,نجران
statistical-yearbook-2021-chapter-IV-health-activities.xlsx,4-32,23,15,Najran
statistical-yearbook-2021-chapter-IV-health-activities.xlsx,4-32,24,1,الباحة
statistical-yearbook-2021-chapter-IV-health-activities.xlsx,4-32,24,15,Al-Bahah
statistical-yearbook-2021-chapter-IV-health-activities.xlsx,4-32,25,1,الجوف
statistical-yearbook-2021-chapter-IV-health-activities.xlsx,4-32,25,15,Al-Jouf
statistical-yearbook-2021-chapter-IV-health-activities.xlsx,4-32,31,1,الرياض
statistical-yearbook-2021-chapter-IV-health-activities.xlsx,4-32,31,15,Riyadh
statistical-yearbook-2021-chapter-IV-health-activities.xlsx,32ملغى,6,1,الرياض
statistical-yearbook-2021-chapter-IV-health-activities.xlsx,32ملغى,6,3,Riyadh
statistical-yearbook-2021-chapter-IV-health-activities.xlsx,32ملغى,10,1,المدينة المنورة
statistical-yearbook-2021-chapter-IV-health-activities.xlsx,32ملغى,11,1,القصيم
statistical-yearbook-2021-chapter-IV-health-activities.xlsx,32ملغى,12,1,الشرقية
statistical-yearbook-2021-chapter-IV-health-activities.xlsx,32ملغى,12,3,Eastern
statistical-yearbook-2021-chapter-IV-health-activities.xlsx,32ملغى,15,1,عسير
statistical-yearbook-2021-chapter-IV-health-activities.xlsx,32ملغى,17,1,تبوك
statistical-yearbook-2021-chapter-IV-health-activities.xlsx,32ملغى,18,1,حائل
statistical-yearbook-2021-chapter-IV-health-activities.xlsx,32ملغى,19,1,الحدود الشمالية
statistical-yearbook-2021-chapter-IV-health-activities.xlsx,32ملغى,20,1,جازان
statistical-yearbook-2021-chapter-IV-health-activities.xlsx,32ملغى,20,3,Jazan
statistical-yearbook-2021-chapter-IV-health-activities.xlsx,32ملغى,21,1,نجران
statistical-yearbook-2021-chapter-IV-health-activities.xlsx,32ملغى,21,3,Najran
statistical-yearbook-2021-chapter-IV-health-activities.xlsx,32ملغى,22,1,الباحة
statistical-yearbook-2021-chapter-IV-health-activities.xlsx,32ملغى,22,3,Al-Bahah
statistical-yearbook-2021-chapter-IV-health-activities.xlsx,32ملغى,23,1,الجوف
statistical-yearbook-2021-chapter-IV-health-activities.xlsx,32ملغى,23,3,Al-Jouf
statistical-yearbook-2021-chapter-IV-health-activities.xlsx,32,1,1,الأنشطة والخدمات الرئيسية بمستشفى الملك خالد التخصصي للعيون بالرياض في الأعوام الخمسة الأخيرة
statistical-yearbook-2021-chapter-IV-health-activities.xlsx,33,4,2,الرياض
statistical-yearbook-2021-chapter-IV-health-activities.xlsx,33,4,10,المدينة المنورة
statistical-yearbook-2021-chapter-IV-health-activities.xlsx,33,5,2,Riyadh
statistical-yearbook-2021-chapter-IV-health-activities.xlsx,33,5,10,Madinah
statistical-yearbook-2021-chapter-IV-health-activities.xlsx,34,4,2,"الرياض
Riyadh"
statistical-yearbook-2021-chapter-IV-health-activities.xlsx,34,4,6,"المدينة المنورة
Madinah"
statistical-yearbook-2021-chapter-IV-health-activities.xlsx,37,8,1,الرياض
statistical-yearbook-2021-chapter-IV-health-activities.xlsx,37,8,8,Riyadh
statistical-yearbook-2021-chapter-IV-health-activities.xlsx,37,12,1,المدينة المنورة
statistical-yearbook-2021-chapter-IV-health-activities.xlsx,37,13,1,القصيم
statistical-yearbook-2021-chapter-IV-health-activities.xlsx,37,14,1,الشرقية
statistical-yearbook-2021-chapter-IV-health-activities.xlsx,37,14,8,Eastern
statistical-yearbook-2021-chapter-IV-health-activities.xlsx,37,17,1,عسير
statistical-yearbook-2021-chapter-IV-health-activities.xlsx,37,19,1,تبوك
statistical-yearbook-2021-chapter-IV-health-activities.xlsx,37,20,1,حائل
statistical-yearbook-2021-chapter-IV-health-activities.xlsx,37,21,1,الحدود الشمالية
statistical-yearbook-2021-chapter-IV-health-activities.xlsx,37,21,8,Northern Border
statistical-yearbook-2021-chapter-IV-health-activities.xlsx,37,22,1,جازان
statistical-yearbook-2021-chapter-IV-health-activities.xlsx,37,22,8,Jazan
statistical-yearbook-2021-chapter-IV-health-activities.xlsx,37,23,1,نجران
statistical-yearbook-2021-chapter-IV-health-activities.xlsx,37,23,8,Najran
statistical-yearbook-2021-chapter-IV-health-activities.xlsx,37,24,1,الباحة
statistical-yearbook-2021-chapter-IV-health-activities.xlsx,37,24,8,Al-Baha
statistical-yearbook-2021-chapter-IV-health-activities.xlsx,37,25,1,الجوف
statistical-yearbook-2021-chapter-IV-health-activities.xlsx,37,25,8,Jouf
statistical-yearbook-2021-chapter-IV-health-activities.xlsx,37,31,1,الرياض
statistical-yearbook-2021-chapter-IV-health-activities.xlsx,37,31,8,Riyadh
statistical-yearbook-2021-chapter-IV-health-activities.xlsx,39,13,1,وزارة الرياضة
statistical-yearbook-2021-chapter-IV-health-activities.xlsx,39,23,1,جامعة حائل
statistical-yearbook-2021-chapter-IV-health-activities.xlsx,39,24,1,جامعة جازان
statistical-yearbook-2021-chapter-IV-health-activities.xlsx,39,26,1,جامعة القصيم
statistical-yearbook-2021-chapter-IV-health-activities.xlsx,39,31,1,جامعة نجران
statistical-yearbook-2021-chapter-IV-health-activities.xlsx,39,37,1,الرياض
statistical-yearbook-2021-chapter-IV-health-activities.xlsx,39,38,1,المدينة
statistical-yearbook-2021-chapter-IV-health-activities.xlsx,41,6,1,الرياض*
statistical-yearbook-2021-chapter-IV-health-activities.xlsx,41,6,4,Riyadh*
statistical-yearbook-2021-chapter-IV-health-activities.xlsx,41,10,1,المدينة المنورة
statistical-yearbook-2021-chapter-IV-health-activities.xlsx,41,11,1,القصيم
statistical-yearbook-2021-chapter-IV-health-activities.xlsx,41,12,1,الشرقية*
statistical-yearbook-2021-chapter-IV-health-activities.xlsx,41,12,4,Eastern*
statistical-yearbook-2021-chapter-IV-health-activities.xlsx,41,15,1,عسير
statistical-yearbook-2021-chapter-IV-health-activities.xlsx,41,17,1,تبوك
statistical-yearbook-2021-chapter-IV-health-activities.xlsx,41,18,1,حائل
statistical-yearbook-2021-chapter-IV-health-activities.xlsx,41,19,1,الحدود الشمالية
statistical-yearbook-2021-chapter-IV-health-activities.xlsx,41,20,1,جازان
statistical-yearbook-2021-chapter-IV-health-activities.xlsx,41,20,4,Jazan
statistical-yearbook-2021-chapter-IV-health-activities.xlsx,41,21,1,نجران
statistical-yearbook-2021-chapter-IV-health-activities.xlsx,41,21,4,Najran
statistical-yearbook-2021-chapter-IV-health-activities.xlsx,41,22,1,الباحة
statistical-yearbook-2021-chapter-IV-health-activities.xlsx,41,22,4,Al-Bahah
statistical-yearbook-2021-chapter-IV-health-activities.xlsx,41,23,1,الجوف
statistical-yearbook-2021-chapter-IV-health-activities.xlsx,41,23,4,Al-Jouf
statistical-yearbook-2021-chapter-IV-health-activities.xlsx,42,6,1,الرياض
statistical-yearbook-2021-chapter-IV-health-activities.xlsx,42,6,4,Riyadh
statistical-yearbook-2021-chapter-IV-health-activities.xlsx,42,10,1,المدينة المنورة
statistical-yearbook-2021-chapter-IV-health-activities.xlsx,42,11,1,القصيم
statistical-yearbook-2021-chapter-IV-health-activities.xlsx,42,12,1,الشرقية
statistical-yearbook-2021-chapter-IV-health-activities.xlsx,42,12,4,Eastern
statistical-yearbook-2021-chapter-IV-health-activities.xlsx,42,15,1,عسير
statistical-yearbook-2021-chapter-IV-health-activities.xlsx,42,17,1,تبوك
statistical-yearbook-2021-chapter-IV-health-activities.xlsx,42,18,1,حائل
statistical-yearbook-2021-chapter-IV-health-activities.xlsx,42,19,1,الحدود الشمالية
statistical-yearbook-2021-chapter-IV-health-activities.xlsx,42,20,1,جازان
statistical-yearbook-2021-chapter-IV-health-activities.xlsx,42,20,4,Jazan
statistical-yearbook-2021-chapter-IV-health-activities.xlsx,42,21,1,نجران
statistical-yearbook-2021-chapter-IV-health-activities.xlsx,42,21,4,Najran
statistical-yearbook-2021-chapter-IV-health-activities.xlsx,42,22,1,الباحة
statistical-yearbook-2021-chapter-IV-health-activities.xlsx,42,22,4,Al-Bahah
statistical-yearbook-2021-chapter-IV-health-activities.xlsx,42,23,1,الجوف
statistical-yearbook-2021-chapter-IV-health-activities.xlsx,42,23,4,Al-Jouf
statistical-yearbook-2021-chapter-IV-health-activities.xlsx,43,8,1,الرياض
statistical-yearbook-2021-chapter-IV-health-activities.xlsx,43,8,20,Riyadh
statistical-yearbook-2021-chapter-IV-health-activities.xlsx,43,8,22,الرياض
statistical-yearbook-2021-chapter-IV-health-activities.xlsx,43,12,1,المدينة المنورة
statistical-yearbook-2021-chapter-IV-health-activities.xlsx,43,12,22,المدينة المنورة
statistical-yearbook-2021-chapter-IV-health-activities.xlsx,43,13,1,القصيم
statistical-yearbook-2021-chapter-IV-health-activities.xlsx,43,13,22,القصيم
statistical-yearbook-2021-chapter-IV-health-activities.xlsx,43,14,1,الشرقية
statistical-yearbook-2021-chapter-IV-health-activities.xlsx,43,14,20,Eastern
statistical-yearbook-2021-chapter-IV-health-activities.xlsx,43,14,22,الشرقية
statistical-yearbook-2021-chapter-IV-health-activities.xlsx,43,17,1,عسير
statistical-yearbook-2021-chapter-IV-health-activities.xlsx,43,17,22,عسير
statistical-yearbook-2021-chapter-IV-health-activities.xlsx,43,19,1,تبوك
statistical-yearbook-2021-chapter-IV-health-activities.xlsx,43,19,22,تبوك
statistical-yearbook-2021-chapter-IV-health-activities.xlsx,43,20,1,حائل
statistical-yearbook-2021-chapter-IV-health-activities.xlsx,43,20,22,حائل
statistical-yearbook-2021-chapter-IV-health-activities.xlsx,43,21,1,الحدود الشمالية
statistical-yearbook-2021-chapter-IV-health-activities.xlsx,43,21,22,الحدود الشمالية
statistical-yearbook-2021-chapter-IV-health-activities.xlsx,43,22,1,جازان
statistical-yearbook-2021-chapter-IV-health-activities.xlsx,43,22,20,Jazan
statistical-yearbook-2021-chapter-IV-health-activities.xlsx,43,22,22,جازان
statistical-yearbook-2021-chapter-IV-health-activities.xlsx,43,23,1,نجران
statistical-yearbook-2021-chapter-IV-health-activities.xlsx,43,23,20,Najran
statistical-yearbook-2021-chapter-IV-health-activities.xlsx,43,23,22,نجران
statistical-yearbook-2021-chapter-IV-health-activities.xlsx,43,24,1,الباحة
statistical-yearbook-2021-chapter-IV-health-activities.xlsx,43,24,20,Al-Bahah
statistical-yearbook-2021-chapter-IV-health-activities.xlsx,43,24,22,الباحة
statistical-yearbook-2021-chapter-IV-health-activities.xlsx,43,25,1,الجوف
statistical-yearbook-2021-chapter-IV-health-activities.xlsx,43,25,20,Al-Jouf
statistical-yearbook-2021-chapter-IV-health-activities.xlsx,43,25,22,الجوف
statistical-yearbook-2021-chapter-IV-health-activities.xlsx,43,31,1,الرياض
statistical-yearbook-2021-chapter-IV-health-activities.xlsx,43,36,1,اجمالي الرياض
statistical-yearbook-2021-chapter-IV-health-activities.xlsx,43,38,1,مكة
statistical-yearbook-2021-chapter-IV-health-activities.xlsx,43,40,1,اجمالي مكة
statistical-yearbook-2021-chapter-IV-health-activities.xlsx,45,21,1,الرياض
statistical-yearbook-2021-chapter-IV-health-activities.xlsx,45,22,1,المدينة
statistical-yearbook-2021-chapter-IV-health-activities.xlsx,45,25,1,قوى الامن مكة
statistical-yearbook-2021-chapter-IV-health-activities.xlsx,45,26,1,قوى الامن الرياض
statistical-yearbook-2021-chapter-IV-health-activities.xlsx,45,29,1,الجامعة الاسلامية بالمدينة المنورة
statistical-yearbook-2021-chapter-IV-health-activities.xlsx,45,32,1,جامعة حائل
statistical-yearbook-2021-chapter-IV-health-activities.xlsx,45,33,1,جامعة جازان
statistical-yearbook-2021-chapter-IV-health-activities.xlsx,45,34,1,جامعة الباحة
statistical-yearbook-2021-chapter-IV-health-activities.xlsx,45,37,1,جامعة الحدود الشمالية
statistical-yearbook-2021-chapter-IV-health-activities.xlsx,45,38,1,جامعة القصيم
statistical-yearbook-2021-chapter-IV-health-activities.xlsx,4.50,6,1,الرياض
statistical-yearbook-2021-chapter-IV-health-activities.xlsx,4.50,6,4,Riyadh
statistical-yearbook-2021-chapter-IV-health-activities.xlsx,4.50,10,1,المدينة المنورة
statistical-yearbook-2021-chapter-IV-health-activities.xlsx,4.50,11,1,القصيم
statistical-yearbook-2021-chapter-IV-health-activities.xlsx,4.50,12,1,الشرقية
statistical-yearbook-2021-chapter-IV-health-activities.xlsx,4.50,12,4,Eastern
statistical-yearbook-2021-chapter-IV-health-activities.xlsx,4.50,15,1,عسير
statistical-yearbook-2021-chapter-IV-health-activities.xlsx,4.50,17,1,تبوك
statistical-yearbook-2021-chapter-IV-health-activities.xlsx,4.50,18,1,حائل
statistical-yearbook-2021-chapter-IV-health-activities.xlsx,4.50,19,1,الحدود الشمالية
statistical-yearbook-2021-chapter-IV-health-activities.xlsx,4.50,20,1,جازان
statistical-yearbook-2021-chapter-IV-health-activities.xlsx,4.50,20,4,Jazan
statistical-yearbook-2021-chapter-IV-health-activities.xlsx,4.50,21,1,نجران
statistical-yearbook-2021-chapter-IV-health-activities.xlsx,4.50,21,4,Najran
statistical-yearbook-2021-chapter-IV-health-activities.xlsx,4.50,22,1,الباحة
statistical-yearbook-2021-chapter-IV-health-activities.xlsx,4.50,22,4,Al-Bahah
statistical-yearbook-2021-chapter-IV-health-activities.xlsx,4.50,23,1,الجوف
statistical-yearbook-2021-chapter-IV-health-activities.xlsx,4.50,23,4,Al-Jouf
statistical-yearbook-2021-chapter-IV-health-activities.xlsx,46,6,1,الرياض
statistical-yearbook-2021-chapter-IV-health-activities.xlsx,46,6,7,Riyadh
statistical-yearbook-2021-chapter-IV-health-activities.xlsx,46,9,1,المدينة المنورة
statistical-yearbook-2021-chapter-IV-health-activities.xlsx,46,10,1,القصيم
statistical-yearbook-2021-chapter-IV-health-activities.xlsx,46,11,1,الشرقية
statistical-yearbook-2021-chapter-IV-health-activities.xlsx,46,11,7,Eastern
statistical-yearbook-2021-chapter-IV-health-activities.xlsx,46,12,1,عسير
statistical-yearbook-2021-chapter-IV-health-activities.xlsx,46,13,1,تبوك
statistical-yearbook-2021-chapter-IV-health-activities.xlsx,46,14,1,جازان
statistical-yearbook-2021-chapter-IV-health-activities.xlsx,46,14,7,Jazan
statistical-yearbook-2021-chapter-IV-health-activities.xlsx,47,6,1,الرياض
statistical-yearbook-2021-chapter-IV-health-activities.xlsx,47,6,7,Riyadh
statistical-yearbook-2021-chapter-IV-health-activities.xlsx,47,10,1,المدينة المنورة
statistical-yearbook-2021-chapter-IV-health-activities.xlsx,47,11,1,القصيم
statistical-yearbook-2021-chapter-IV-health-activities.xlsx,47,12,1,الشرقية
statistical-yearbook-2021-chapter-IV-health-activities.xlsx,47,12,7,Eastern
statistical-yearbook-2021-chapter-IV-health-activities.xlsx,47,15,1,عسير
statistical-yearbook-2021-chapter-IV-health-activities.xlsx,47,17,1,تبوك
statistical-yearbook-2021-chapter-IV-health-activities.xlsx,47,18,1,حائل
statistical-yearbook-2021-chapter-IV-health-activities.xlsx,47,19,1,الحدود الشمالية
statistical-yearbook-2021-chapter-IV-health-activities.xlsx,47,20,1,جازان
statistical-yearbook-2021-chapter-IV-health-activities.xlsx,47,20,7,Jazan
statistical-yearbook-2021-chapter-IV-health-activities.xlsx,47,21,1,نجران
statistical-yearbook-2021-chapter-IV-health-activities.xlsx,47,21,7,Najran
statistical-yearbook-2021-chapter-IV-health-activities.xlsx,47,22,1,الباحة
statistical-yearbook-2021-chapter-IV-health-activities.xlsx,47,22,7,Al-Bahah
statistical-yearbook-2021-chapter-IV-health-activities.xlsx,47,23,1,الجوف
statistical-yearbook-2021-chapter-IV-health-activities.xlsx,47,23,7,Al-Jouf
statistical-yearbook-2021-chapter-IV-health-activities.xlsx,49,21,1,الرياض
statistical-yearbook-2021-chapter-IV-health-activities.xlsx,49,22,1,المدينة
statistical-yearbook-2021-chapter-IV-health-activities.xlsx,49,25,1,قوى الامن مكة
statistical-yearbook-2021-chapter-IV-health-activities.xlsx,49,26,1,قوى الامن الرياض
statistical-yearbook-2021-chapter-IV-health-activities.xlsx,49,30,1,جامعة القصيم
statistical-yearbook-2021-chapter-IV-health-activities.xlsx,49,33,1,جامعة نجران
statistical-yearbook-2021-chapter-IV-health-activities.xlsx,50,7,1,الرياض
statistical-yearbook-2021-chapter-IV-health-activities.xlsx,50,7,8,Riyadh
statistical-yearbook-2021-chapter-IV-health-activities.xlsx,50,11,1,المدينة المنورة
statistical-yearbook-2021-chapter-IV-health-activities.xlsx,50,12,1,القصيم
statistical-yearbook-2021-chapter-IV-health-activities.xlsx,50,13,1,الشرقية
statistical-yearbook-2021-chapter-IV-health-activities.xlsx,50,13,8,Eastern
statistical-yearbook-2021-chapter-IV-health-activities.xlsx,50,16,1,عسير
statistical-yearbook-2021-chapter-IV-health-activities.xlsx,50,18,1,تبوك
statistical-yearbook-2021-chapter-IV-health-activities.xlsx,50,19,1,حائل
statistical-yearbook-2021-chapter-IV-health-activities.xlsx,50,20,1,الحدود الشمالية
statistical-yearbook-2021-chapter-IV-health-activities.xlsx,50,21,1,جازان
statistical-yearbook-2021-chapter-IV-health-activities.xlsx,50,21,8,Jazan
statistical-yearbook-2021-chapter-IV-health-activities.xlsx,50,22,1,نجران
statistical-yearbook-2021-chapter-IV-health-activities.xlsx,50,22,8,Najran
statistical-yearbook-2021-chapter-IV-health-activities.xlsx,50,23,1,الباحة
statistical-yearbook-2021-chapter-IV-health-activities.xlsx,50,23,8,Al-Bahah
statistical-yearbook-2021-chapter-IV-health-activities.xlsx,50,24,1,الجوف
statistical-yearbook-2021-chapter-IV-health-activities.xlsx,50,24,8,Al-Jouf
statistical-yearbook-2021-chapter-IV-health-activities.xlsx,51,8,1,الرياض
statistical-yearbook-2021-chapter-IV-health-activities.xlsx,51,8,8,Riyadh
statistical-yearbook-2021-chapter-IV-health-activities.xlsx,51,12,1,المدينة المنورة
statistical-yearbook-2021-chapter-IV-health-activities.xlsx,51,13,1,القصيم
statistical-yearbook-2021-chapter-IV-health-activities.xlsx,51,14,1,الشرقية
statistical-yearbook-2021-chapter-IV-health-activities.xlsx,51,14,8,Eastern
statistical-yearbook-2021-chapter-IV-health-activities.xlsx,51,16,1,عسير
statistical-yearbook-2021-chapter-IV-health-activities.xlsx,51,17,1,تبوك
statistical-yearbook-2021-chapter-IV-health-activities.xlsx,51,18,1,حائل
statistical-yearbook-2021-chapter-IV-health-activities.xlsx,51,19,1,جازان
statistical-yearbook-2021-chapter-IV-health-activities.xlsx,51,19,8,Jazan
statistical-yearbook-2021-chapter-IV-health-activities.xlsx,51,20,1,نجران
statistical-yearbook-2021-chapter-IV-health-activities.xlsx,51,20,8,Najran
statistical-yearbook-2021-chapter-IV-health-activities.xlsx,51,21,1,الباحة
statistical-yearbook-2021-chapter-IV-health-activities.xlsx,51,21,8,Al-Bahah
statistical-yearbook-2021-chapter-IV-health-activities.xlsx,51,22,1,الجوف
statistical-yearbook-2021-chapter-IV-health-activities.xlsx,51,22,8,Al-Jouf
statistical-yearbook-2021-chapter-IV-health-activities.xlsx,52,7,1,الرياض
statistical-yearbook-2021-chapter-IV-health-activities.xlsx,52,7,7,Riyadh
statistical-yearbook-2021-chapter-IV-health-activities.xlsx,52,11,1,المدينة المنورة
statistical-yearbook-2021-chapter-IV-health-activities.xlsx,52,12,1,القصيم
statistical-yearbook-2021-chapter-IV-health-activities.xlsx,52,13,1,الشرقية
statistical-yearbook-2021-chapter-IV-health-activities.xlsx,52,13,7,Eastern
statistical-yearbook-2021-chapter-IV-health-activities.xlsx,52,15,1,عسير
statistical-yearbook-2021-chapter-IV-health-activities.xlsx,52,16,1,تبوك
statistical-yearbook-2021-chapter-IV-health-activities.xlsx,52,17,1,حائل
statistical-yearbook-2021-chapter-IV-health-activities.xlsx,52,18,1,جازان
statistical-yearbook-2021-chapter-IV-health-activities.xlsx,52,18,7,Jazan
statistical-yearbook-2021-chapter-IV-health-activities.xlsx,52,19,1,نجران
statistical-yearbook-2021-chapter-IV-health-activities.xlsx,52,19,7,Najran
statistical-yearbook-2021-chapter-IV-health-activities.xlsx,52,20,1,الباحة
statistical-yearbook-2021-chapter-IV-health-activities.xlsx,52,20,7,Al-Bahah
statistical-yearbook-2021-chapter-IV-health-activities.xlsx,52,21,1,الجوف
statistical-yearbook-2021-chapter-IV-health-activities.xlsx,52,21,7,Al-Jouf
statistical-yearbook-2021-chapter-IV-health-activities.xlsx,53,4,2,الرياض
statistical-yearbook-2021-chapter-IV-health-activities.xlsx,53,4,6,المدينة المنورة
statistical-yearbook-2021-chapter-IV-health-activities.xlsx,53,4,7,القصيم
statistical-yearbook-2021-chapter-IV-health-activities.xlsx,53,4,8,الشرقية
statistical-yearbook-2021-chapter-IV-health-activities.xlsx,53,4,11,عسير
statistical-yearbook-2021-chapter-IV-health-activities.xlsx,53,4,13,تبوك
statistical-yearbook-2021-chapter-IV-health-activities.xlsx,53,4,14,حائل
statistical-yearbook-2021-chapter-IV-health-activities.xlsx,53,4,15,الحدود الشمالية
statistical-yearbook-2021-chapter-IV-health-activities.xlsx,53,4,16,جازان
statistical-yearbook-2021-chapter-IV-health-activities.xlsx,53,4,17,نجران
statistical-yearbook-2021-chapter-IV-health-activities.xlsx,53,4,18,الباحة
statistical-yearbook-2021-chapter-IV-health-activities.xlsx,53,4,19,الجوف
statistical-yearbook-2021-chapter-IV-health-activities.xlsx,53,5,2,Riyadh
statistical-yearbook-2021-chapter-IV-health-activities.xlsx,53,5,8,Eastern
statistical-yearbook-2021-chapter-IV-health-activities.xlsx,53,5,16,Jazan
statistical-yearbook-2021-chapter-IV-health-activities.xlsx,53,5,17,Najran
statistical-yearbook-2021-chapter-IV-health-activities.xlsx,53,5,18,Al-Bahah
statistical-yearbook-2021-chapter-IV-health-activities.xlsx,53,5,19,Al-Jouf
statistical-yearbook-2021-chapter-IV-health-activities.xlsx,53,6,1,الرياض
statistical-yearbook-2021-chapter-IV-health-activities.xlsx,53,6,23,Riyadh
statistical-yearbook-2021-chapter-IV-health-activities.xlsx,53,10,1,المدينة المنورة
statistical-yearbook-2021-chapter-IV-health-activities.xlsx,53,11,1,القصيم
statistical-yearbook-2021-chapter-IV-health-activities.xlsx,53,12,1,الشرقية
statistical-yearbook-2021-chapter-IV-health-activities.xlsx,53,12,23,Eastern
statistical-yearbook-2021-chapter-IV-health-activities.xlsx,53,15,1,عسير
statistical-yearbook-2021-chapter-IV-health-activities.xlsx,53,17,1,تبوك
statistical-yearbook-2021-chapter-IV-health-activities.xlsx,53,18,1,حائل
statistical-yearbook-2021-chapter-IV-health-activities.xlsx,53,19,1,الحدود الشمالية
statistical-yearbook-2021-chapter-IV-health-activities.xlsx,53,20,1,جازان
statistical-yearbook-2021-chapter-IV-health-activities.xlsx,53,20,23,Jazan
statistical-yearbook-2021-chapter-IV-health-activities.xlsx,53,21,1,نجران
statistical-yearbook-2021-chapter-IV-health-activities.xlsx,53,21,23,Najran
statistical-yearbook-2021-chapter-IV-health-activities.xlsx,53,22,1,الباحة
statistical-yearbook-2021-chapter-IV-health-activities.xlsx,53,22,23,Al-Bahah
statistical-yearbook-2021-chapter-IV-health-activities.xlsx,53,23,1,الجوف
statistical-yearbook-2021-chapter-IV-health-activities.xlsx,53,23,23,Al-Jouf
statistical-yearbook-2021-chapter-IV-health-activities.xlsx,56,6,1,الرياض
statistical-yearbook-2021-chapter-IV-health-activities.xlsx,56,6,10,Riyadh
statistical-yearbook-2021-chapter-IV-health-activities.xlsx,56,10,1,المدينة المنورة
statistical-yearbook-2021-chapter-IV-health-activities.xlsx,56,11,1,القصيم
statistical-yearbook-2021-chapter-IV-health-activities.xlsx,56,12,1,الشرقية
statistical-yearbook-2021-chapter-IV-health-activities.xlsx,56,12,10,Eastern
statistical-yearbook-2021-chapter-IV-health-activities.xlsx,56,15,1,عسير
statistical-yearbook-2021-chapter-IV-health-activities.xlsx,56,17,1,تبوك
statistical-yearbook-2021-chapter-IV-health-activities.xlsx,56,18,1,حائل
statistical-yearbook-2021-chapter-IV-health-activities.xlsx,56,19,1,الحدود الشمالية
statistical-yearbook-2021-chapter-IV-health-activities.xlsx,56,20,1,جازان
statistical-yearbook-2021-chapter-IV-health-activities.xlsx,56,20,10,Jazan
statistical-yearbook-2021-chapter-IV-health-activities.xlsx,56,21,1,نجران
statistical-yearbook-2021-chapter-IV-health-activities.xlsx,56,21,10,Najran
statistical-yearbook-2021-chapter-IV-health-activities.xlsx,56,22,1,الباحة
statistical-yearbook-2021-chapter-IV-health-activities.xlsx,56,22,10,Al-Bahah
statistical-yearbook-2021-chapter-IV-health-activities.xlsx,56,23,1,الجوف
statistical-yearbook-2021-chapter-IV-health-activities.xlsx,56,23,10,Al-Jouf
statistical-yearbook-2021-chapter-IV-health-activities.xlsx,57,6,1,الرياض
statistical-yearbook-2021-chapter-IV-health-activities.xlsx,57,6,7,Riyadh
statistical-yearbook-2021-chapter-IV-health-activities.xlsx,57,10,1,المدينة المنورة
statistical-yearbook-2021-chapter-IV-health-activities.xlsx,57,11,1,القصيم
statistical-yearbook-2021-chapter-IV-health-activities.xlsx,57,12,1,الشرقية
statistical-yearbook-2021-chapter-IV-health-activities.xlsx,57,12,7,Eastern
statistical-yearbook-2021-chapter-IV-health-activities.xlsx,57,15,1,عسير
statistical-yearbook-2021-chapter-IV-health-activities.xlsx,57,17,1,تبوك
statistical-yearbook-2021-chapter-IV-health-activities.xlsx,57,18,1,حائل
statistical-yearbook-2021-chapter-IV-health-activities.xlsx,57,19,1,الحدود الشمالية
statistical-yearbook-2021-chapter-IV-health-activities.xlsx,57,20,1,جازان
statistical-yearbook-2021-chapter-IV-health-activities.xlsx,57,20,7,Jazan
statistical-yearbook-2021-chapter-IV-health-activities.xlsx,57,21,1,نجران
statistical-yearbook-2021-chapter-IV-health-activities.xlsx,57,21,7,Najran
statistical-yearbook-2021-chapter-IV-health-activities.xlsx,57,22,1,الباحة
statistical-yearbook-2021-chapter-IV-health-activities.xlsx,57,22,7,Al-Bahah
statistical-yearbook-2021-chapter-IV-health-activities.xlsx,57,23,1,الجوف
statistical-yearbook-2021-chapter-IV-health-activities.xlsx,57,23,7,Al-Jouf
statistical-yearbook-2021-chapter-IV-health-activities.xlsx,60,7,1,الرياض
statistical-yearbook-2021-chapter-IV-health-activities.xlsx,60,7,9,Riyadh
statistical-yearbook-2021-chapter-IV-health-activities.xlsx,60,11,1,المدينة المنورة
statistical-yearbook-2021-chapter-IV-health-activities.xlsx,60,12,1,القصيم
statistical-yearbook-2021-chapter-IV-health-activities.xlsx,60,13,1,الشرقية
statistical-yearbook-2021-chapter-IV-health-activities.xlsx,60,13,9,Eastern
statistical-yearbook-2021-chapter-IV-health-activities.xlsx,60,16,1,عسير
statistical-yearbook-2021-chapter-IV-health-activities.xlsx,60,18,1,تبوك
statistical-yearbook-2021-chapter-IV-health-activities.xlsx,60,19,1,حائل
statistical-yearbook-2021-chapter-IV-health-activities.xlsx,60,20,1,الحدود الشمالية
statistical-yearbook-2021-chapter-IV-health-activities.xlsx,60,20,9,Northern Border
statistical-yearbook-2021-chapter-IV-health-activities.xlsx,60,21,1,جازان
statistical-yearbook-2021-chapter-IV-health-activities.xlsx,60,21,9,Jazan
statistical-yearbook-2021-chapter-IV-health-activities.xlsx,60,22,1,نجران
statistical-yearbook-2021-chapter-IV-health-activities.xlsx,60,22,9,Najran
statistical-yearbook-2021-chapter-IV-health-activities.xlsx,60,23,1,الباحة
statistical-yearbook-2021-chapter-IV-health-activities.xlsx,60,23,9,Al-Baha
statistical-yearbook-2021-chapter-IV-health-activities.xlsx,60,24,1,الجوف
statistical-yearbook-2021-chapter-IV-health-activities.xlsx,60,24,9,Jouf
statistical-yearbook-2021-chapter-IV-health-activities.xlsx,61,7,1,الرياض
statistical-yearbook-2021-chapter-IV-health-activities.xlsx,61,7,6,Riyadh
statistical-yearbook-2021-chapter-IV-health-activities.xlsx,61,11,1,المدينة المنورة
statistical-yearbook-2021-chapter-IV-health-activities.xlsx,61,12,1,القصيم
statistical-yearbook-2021-chapter-IV-health-activities.xlsx,61,13,1,الشرقية
statistical-yearbook-2021-chapter-IV-health-activities.xlsx,61,13,6,Eastern
statistical-yearbook-2021-chapter-IV-health-activities.xlsx,61,16,1,عسير
statistical-yearbook-2021-chapter-IV-health-activities.xlsx,61,18,1,تبوك
statistical-yearbook-2021-chapter-IV-health-activities.xlsx,61,19,1,حائل
statistical-yearbook-2021-chapter-IV-health-activities.xlsx,61,20,1,الحدود الشمالية
statistical-yearbook-2021-chapter-IV-health-activities.xlsx,61,20,6,Northern Border
statistical-yearbook-2021-chapter-IV-health-activities.xlsx,61,21,1,جازان
statistical-yearbook-2021-chapter-IV-health-activities.xlsx,61,21,6,Jazan
statistical-yearbook-2021-chapter-IV-health-activities.xlsx,61,22,1,نجران
statistical-yearbook-2021-chapter-IV-health-activities.xlsx,61,22,6,Najran
statistical-yearbook-2021-chapter-IV-health-activities.xlsx,61,23,1,الباحة
statistical-yearbook-2021-chapter-IV-health-activities.xlsx,61,23,6,Al-Baha
statistical-yearbook-2021-chapter-IV-health-activities.xlsx,61,24,1,الجوف
statistical-yearbook-2021-chapter-IV-health-activities.xlsx,61,24,6,Jouf
Statistical-Yearbook-2023.xlsx,2,6,1,الرياض
Statistical-Yearbook-2023.xlsx,2,6,5,Riyadh
Statistical-Yearbook-2023.xlsx,2,10,1,المدينة المنورة
Statistical-Yearbook-2023.xlsx,2,11,1,القصيم
Statistical-Yearbook-2023.xlsx,2,12,5,Eastern
Statistical-Yearbook-2023.xlsx,2,15,1,عسير
Statistical-Yearbook-2023.xlsx,2,17,1,تبوك
Statistical-Yearbook-2023.xlsx,2,18,1,حائل
Statistical-Yearbook-2023.xlsx,2,20,1,جازان
Statistical-Yearbook-2023.xlsx,2,20,5,Jazan
Statistical-Yearbook-2023.xlsx,2,21,1,نجران
Statistical-Yearbook-2023.xlsx,2,21,5,Najran
Statistical-Yearbook-2023.xlsx,2,22,5,Al-Bahah
Statistical-Yearbook-2023.xlsx,2,23,1,الجوف
Statistical-Yearbook-2023.xlsx,2,23,5,Al-Jouf
Statistical-Yearbook-2023.xlsx,4,5,1,الرياض
Statistical-Yearbook-2023.xlsx,4,5,15,Riyadh
Statistical-Yearbook-2023.xlsx,4,6,1,مكة المكرمة
Statistical-Yearbook-2023.xlsx,4,6,15,Makkah
Statistical-Yearbook-2023.xlsx,4,7,1,المدينة المنورة
Statistical-Yearbook-2023.xlsx,4,8,1,القصيم
Statistical-Yearbook-2023.xlsx,4,9,1,المنطقة الشرقية
Statistical-Yearbook-2023.xlsx,4,9,15,Eastern
Statistical-Yearbook-2023.xlsx,4,10,1,عسير
Statistical-Yearbook-2023.xlsx,4,11,1,تبوك
Statistical-Yearbook-2023.xlsx,4,12,1,حائل
Statistical-Yearbook-2023.xlsx,4,13,1,الحدود الشمالية
Statistical-Yearbook-2023.xlsx,4,14,1,جازان
Statistical-Yearbook-2023.xlsx,4,14,15,Jazan
Statistical-Yearbook-2023.xlsx,4,15,1,نجران
Statistical-Yearbook-2023.xlsx,4,15,15,Najran
Statistical-Yearbook-2023.xlsx,4,16,1,الباحة
Statistical-Yearbook-2023.xlsx,4,16,15,Al-Bahah
Statistical-Yearbook-2023.xlsx,4,17,1,الجوف
Statistical-Yearbook-2023.xlsx,4,17,15,Al-Jouf
Statistical-Yearbook-2023.xlsx,10,5,1,الرياض
Statistical-Yearbook-2023.xlsx,10,5,8,Riyadh
Statistical-Yearbook-2023.xlsx,10,9,1,المدينة المنورة
Statistical-Yearbook-2023.xlsx,10,10,1,القصيم
Statistical-Yearbook-2023.xlsx,10,11,1,الشرقية
Statistical-Yearbook-2023.xlsx,10,11,8,Eastern
Statistical-Yearbook-2023.xlsx,10,14,1,عسير
Statistical-Yearbook-2023.xlsx,10,16,1,تبوك
Statistical-Yearbook-2023.xlsx,10,17,1,حائل
Statistical-Yearbook-2023.xlsx,10,18,1,الحدود الشمالية
Statistical-Yearbook-2023.xlsx,10,18,8,Northern Borders
Statistical-Yearbook-2023.xlsx,10,19,1,جازان
Statistical-Yearbook-2023.xlsx,10,19,8,Jazan
Statistical-Yearbook-2023.xlsx,10,20,1,نجران
Statistical-Yearbook-2023.xlsx,10,20,8,Najran
Statistical-Yearbook-2023.xlsx,10,21,1,الباحة
Statistical-Yearbook-2023.xlsx,10,21,8,Al- Bahah
Statistical-Yearbook-2023.xlsx,10,22,1,الجوف
Statistical-Yearbook-2023.xlsx,10,22,8,Al- Jouf
Statistical-Yearbook-2023.xlsx,3.,8,1,الرياض
Statistical-Yearbook-2023.xlsx,3.,8,10,Riyadh
Statistical-Yearbook-2023.xlsx,3.,12,1,المدينة المنورة
Statistical-Yearbook-2023.xlsx,3.,13,1,القصيم
Statistical-Yearbook-2023.xlsx,3.,14,1,الشرقية
Statistical-Yearbook-2023.xlsx,3.,14,10,Eastern
Statistical-Yearbook-2023.xlsx,3.,17,1,عسير
Statistical-Yearbook-2023.xlsx,3.,19,1,تبوك
Statistical-Yearbook-2023.xlsx,3.,20,1,حائل
Statistical-Yearbook-2023.xlsx,3.,21,1,الحدود الشمالية
Statistical-Yearbook-2023.xlsx,3.,21,10,Northern Borders
Statistical-Yearbook-2023.xlsx,3.,22,1,جازان
Statistical-Yearbook-2023.xlsx,3.,22,10,Jazan
Statistical-Yearbook-2023.xlsx,3.,23,1,نجران
Statistical-Yearbook-2023.xlsx,3.,23,10,Najran
Statistical-Yearbook-2023.xlsx,3.,24,1,الباحة
Statistical-Yearbook-2023.xlsx,3.,24,10,Al-Bahah
Statistical-Yearbook-2023.xlsx,3.,25,1,الجوف
Statistical-Yearbook-2023.xlsx,3.,25,10,Al-Jouf
Statistical-Yearbook-2023.xlsx,6.,4,5,Riyadh
Statistical-Yearbook-2023.xlsx,6.,4,8,Makkah
Statistical-Yearbook-2023.xlsx,11.,6,1,الرياض
Statistical-Yearbook-2023.xlsx,11.,6,14,Riyadh
Statistical-Yearbook-2023.xlsx,11.,10,1,المدينة المنورة
Statistical-Yearbook-2023.xlsx,11.,11,1,القصيم
Statistical-Yearbook-2023.xlsx,11.,12,1,الشرقية
Statistical-Yearbook-2023.xlsx,11.,12,14,Eastern
Statistical-Yearbook-2023.xlsx,11.,15,1,عسير
Statistical-Yearbook-2023.xlsx,11.,17,1,تبوك
Statistical-Yearbook-2023.xlsx,11.,18,1,حائل
Statistical-Yearbook-2023.xlsx,11.,19,1,الحدود الشمالية
Statistical-Yearbook-2023.xlsx,11.,19,14,Northern Borders
Statistical-Yearbook-2023.xlsx,11.,20,1,جازان
Statistical-Yearbook-2023.xlsx,11.,20,14,Jazan
Statistical-Yearbook-2023.xlsx,11.,21,1,نجران
Statistical-Yearbook-2023.xlsx,11.,21,14,Najran
Statistical-Yearbook-2023.xlsx,11.,22,1,الباحة
Statistical-Yearbook-2023.xlsx,11.,22,14,Al- Bahah
Statistical-Yearbook-2023.xlsx,11.,23,1,الجوف
Statistical-Yearbook-2023.xlsx,11.,23,14,Al- Jouf
Statistical-Yearbook-2023.xlsx,12.,4,3,الرياض
Statistical-Yearbook-2023.xlsx,12.,4,5,Riyadh
Statistical-Yearbook-2023.xlsx,12.,4,8,Makkah
Statistical-Yearbook-2023.xlsx,12.,5,3,Riyadh
Statistical-Yearbook-2023.xlsx,12.,33,3,المدينة المنورة
Statistical-Yearbook-2023.xlsx,12.,33,6,القصيم
Statistical-Yearbook-2023.xlsx,12.,33,9,الشرقية
Statistical-Yearbook-2023.xlsx,12.,33,11,Eastern
Statistical-Yearbook-2023.xlsx,12.,34,9,Eastern
Statistical-Yearbook-2023.xlsx,15,9,1,الرياض
Statistical-Yearbook-2023.xlsx,15,9,14,Riyadh
Statistical-Yearbook-2023.xlsx,15,13,1,المدينة المنورة
Statistical-Yearbook-2023.xlsx,15,14,1,القصيم
Statistical-Yearbook-2023.xlsx,15,15,1,الشرقية
Statistical-Yearbook-2023.xlsx,15,15,14,Eastern
Statistical-Yearbook-2023.xlsx,15,18,1,عسير
Statistical-Yearbook-2023.xlsx,15,20,1,تبوك
Statistical-Yearbook-2023.xlsx,15,21,1,حائل
Statistical-Yearbook-2023.xlsx,15,22,1,الحدود الشمالية
Statistical-Yearbook-2023.xlsx,15,22,14,Northern Borders
Statistical-Yearbook-2023.xlsx,15,23,1,جازان
Statistical-Yearbook-2023.xlsx,15,23,14,Jazan
Statistical-Yearbook-2023.xlsx,15,24,1,نجران
Statistical-Yearbook-2023.xlsx,15,24,14,Najran
Statistical-Yearbook-2023.xlsx,15,25,1,الباحة
Statistical-Yearbook-2023.xlsx,15,25,14,Al-Bahah
Statistical-Yearbook-2023.xlsx,15,26,1,الجوف
Statistical-Yearbook-2023.xlsx,15,26,14,Al-Jouf
Statistical-Yearbook-2023.xlsx,16,7,1,الرياض
Statistical-Yearbook-2023.xlsx,16,7,16,Riyadh
Statistical-Yearbook-2023.xlsx,16,11,1,المدينة المنورة
Statistical-Yearbook-2023.xlsx,16,12,1,القصيم
Statistical-Yearbook-2023.xlsx,16,13,1,الشرقية
Statistical-Yearbook-2023.xlsx,16,13,16,Eastern
Statistical-Yearbook-2023.xlsx,16,16,1,عسير
Statistical-Yearbook-2023.xlsx,16,18,1,تبوك
Statistical-Yearbook-2023.xlsx,16,19,1,حائل
Statistical-Yearbook-2023.xlsx,16,20,1,الحدود الشمالية
Statistical-Yearbook-2023.xlsx,16,20,16,Northern Borders
Statistical-Yearbook-2023.xlsx,16,21,1,جازان
Statistical-Yearbook-2023.xlsx,16,21,16,Jazan
Statistical-Yearbook-2023.xlsx,16,22,1,نجران
Statistical-Yearbook-2023.xlsx,16,22,16,Najran
Statistical-Yearbook-2023.xlsx,16,23,1,الباحة
Statistical-Yearbook-2023.xlsx,16,23,16,Al-Bahah
Statistical-Yearbook-2023.xlsx,16,24,1,الجوف
Statistical-Yearbook-2023.xlsx,16,24,16,Al-Jouf
Statistical-Yearbook-2023.xlsx,17,8,1,الرياض
Statistical-Yearbook-2023.xlsx,17,8,18,Riyadh
Statistical-Yearbook-2023.xlsx,17,12,1,المدينة المنورة
Statistical-Yearbook-2023.xlsx,17,13,1,القصيم
Statistical-Yearbook-2023.xlsx,17,14,1,الشرقية
Statistical-Yearbook-2023.xlsx,17,14,18,Eastern
Statistical-Yearbook-2023.xlsx,17,17,1,عسير
Statistical-Yearbook-2023.xlsx,17,19,1,تبوك
Statistical-Yearbook-2023.xlsx,17,20,1,حائل
Statistical-Yearbook-2023.xlsx,17,21,1,الحدود الشمالية
Statistical-Yearbook-2023.xlsx,17,21,18,Northern Borders
Statistical-Yearbook-2023.xlsx,17,22,1,جازان
Statistical-Yearbook-2023.xlsx,17,22,18,Jazan
Statistical-Yearbook-2023.xlsx,17,23,1,نجران
Statistical-Yearbook-2023.xlsx,17,23,18,Najran
Statistical-Yearbook-2023.xlsx,17,24,1,الباحة
Statistical-Yearbook-2023.xlsx,17,24,18,Al- Bahah
Statistical-Yearbook-2023.xlsx,17,25,1,الجوف
Statistical-Yearbook-2023.xlsx,17,25,18,Al -Jouf
Statistical-Yearbook-2023.xlsx,18,6,1,الرياض
Statistical-Yearbook-2023.xlsx,18,6,10,Riyadh
Statistical-Yearbook-2023.xlsx,18,10,1,المدينة المنورة
Statistical-Yearbook-2023.xlsx,18,11,1,القصيم
Statistical-Yearbook-2023.xlsx,18,12,1,الشرقية
Statistical-Yearbook-2023.xlsx,18,12,10,Eastern
Statistical-Yearbook-2023.xlsx,18,15,1,عسير
Statistical-Yearbook-2023.xlsx,18,17,1,تبوك
Statistical-Yearbook-2023.xlsx,18,18,1,حائل
Statistical-Yearbook-2023.xlsx,18,19,1,الحدود الشمالية
Statistical-Yearbook-2023.xlsx,18,19,10,Northern Borders
Statistical-Yearbook-2023.xlsx,18,20,1,جازان
Statistical-Yearbook-2023.xlsx,18,20,10,Jazan
Statistical-Yearbook-2023.xlsx,18,21,1,نجران
Statistical-Yearbook-2023.xlsx,18,21,10,Najran
Statistical-Yearbook-2023.xlsx,18,22,1,الباحة
Statistical-Yearbook-2023.xlsx,18,22,10,Al-Bahah
Statistical-Yearbook-2023.xlsx,18,23,1,الجوف
Statistical-Yearbook-2023.xlsx,18,23,10,Al-Jouf
Statistical-Yearbook-2023.xlsx,19,5,1,الرياض
Statistical-Yearbook-2023.xlsx,19,5,36,Riyadh
Statistical-Yearbook-2023.xlsx,19,6,1,مكةالمكرمة
Statistical-Yearbook-2023.xlsx,19,9,1,المدينة المنورة
Statistical-Yearbook-2023.xlsx,19,10,1,القصيم
Statistical-Yearbook-2023.xlsx,19,11,1,الشرقية
Statistical-Yearbook-2023.xlsx,19,11,36,Eastern
Statistical-Yearbook-2023.xlsx,19,14,1,عسير
Statistical-Yearbook-2023.xlsx,19,16,1,تبوك
Statistical-Yearbook-2023.xlsx,19,17,1,حائل
Statistical-Yearbook-2023.xlsx,19,18,36,Northern Borders
Statistical-Yearbook-2023.xlsx,19,19,1,جازان
Statistical-Yearbook-2023.xlsx,19,19,36,Jazan
Statistical-Yearbook-2023.xlsx,19,20,1,نجران
Statistical-Yearbook-2023.xlsx,19,20,36,Najran
Statistical-Yearbook-2023.xlsx,19,21,1,الباحة
Statistical-Yearbook-2023.xlsx,19,21,36,Al-Bahah
Statistical-Yearbook-2023.xlsx,19,22,1,الجوف
Statistical-Yearbook-2023.xlsx,19,22,36,Al-Jouf
Statistical-Yearbook-2023.xlsx,20,8,1,الرياض
Statistical-Yearbook-2023.xlsx,20,8,11,Riyadh
Statistical-Yearbook-2023.xlsx,20,12,1,المدينة المنورة
Statistical-Yearbook-2023.xlsx,20,13,1,القصيم
Statistical-Yearbook-2023.xlsx,20,14,1,الشرقية
Statistical-Yearbook-2023.xlsx,20,14,11,Eastern
Statistical-Yearbook-2023.xlsx,20,17,1,عسير
Statistical-Yearbook-2023.xlsx,20,19,1,تبوك
Statistical-Yearbook-2023.xlsx,20,20,1,حائل
Statistical-Yearbook-2023.xlsx,20,21,11,Northern Borders
Statistical-Yearbook-2023.xlsx,20,22,1,جازان
Statistical-Yearbook-2023.xlsx,20,22,11,Jazan
Statistical-Yearbook-2023.xlsx,20,23,1,نجران
Statistical-Yearbook-2023.xlsx,20,23,11,Najran
Statistical-Yearbook-2023.xlsx,20,24,1,الباحة
Statistical-Yearbook-2023.xlsx,20,24,11,Al-Bahah
Statistical-Yearbook-2023.xlsx,20,25,1,الجوف
Statistical-Yearbook-2023.xlsx,20,25,11,Al-Jouf
Statistical-Yearbook-2023.xlsx,21,6,1,الرياض
Statistical-Yearbook-2023.xlsx,21,6,5,Riyadh
Statistical-Yearbook-2023.xlsx,21,10,1,المدينة المنورة
Statistical-Yearbook-2023.xlsx,21,11,1,القصيم
Statistical-Yearbook-2023.xlsx,21,12,1,الشرقية
Statistical-Yearbook-2023.xlsx,21,12,5,Eastern
Statistical-Yearbook-2023.xlsx,21,15,1,عسير
Statistical-Yearbook-2023.xlsx,21,17,1,تبوك
Statistical-Yearbook-2023.xlsx,21,18,1,حائل
Statistical-Yearbook-2023.xlsx,21,19,5,Northern Borders
Statistical-Yearbook-2023.xlsx,21,20,1,جازان
Statistical-Yearbook-2023.xlsx,21,20,5,Jazan
Statistical-Yearbook-2023.xlsx,21,21,1,نجران
Statistical-Yearbook-2023.xlsx,21,21,5,Najran
Statistical-Yearbook-2023.xlsx,21,22,1,الباحة
Statistical-Yearbook-2023.xlsx,21,22,5,Al-Bahah
Statistical-Yearbook-2023.xlsx,21,23,1,الجوف
Statistical-Yearbook-2023.xlsx,21,23,5,Al-Jouf
Statistical-Yearbook-2023.xlsx,23,4,3,الرياض
Statistical-Yearbook-2023.xlsx,23,4,5,Riyadh
Statistical-Yearbook-2023.xlsx,23,4,8,Makkah
Statistical-Yearbook-2023.xlsx,23,5,3,Riyadh
Statistical-Yearbook-2023.xlsx,23,33,3,المدينة المنورة
Statistical-Yearbook-2023.xlsx,23,33,6,القصيم
Statistical-Yearbook-2023.xlsx,23,33,9,الشرقية
Statistical-Yearbook-2023.xlsx,23,33,11,Eastern
Statistical-Yearbook-2023.xlsx,23,34,9,Eastern
Statistical-Yearbook-2023.xlsx,24,4,2,الرياض
Statistical-Yearbook-2023.xlsx,24,4,8,Makkah
Statistical-Yearbook-2023.xlsx,24,4,18,المدينة المنورة
Statistical-Yearbook-2023.xlsx,24,4,22,القصيم
Statistical-Yearbook-2023.xlsx,24,4,26,الشرقية
Statistical-Yearbook-2023.xlsx,24,4,28,Eastern
Statistical-Yearbook-2023.xlsx,24,5,2,Riyadh
Statistical-Yearbook-2023.xlsx,24,5,26,Eastern
Statistical-Yearbook-2023.xlsx,25,5,1,الرياض
Statistical-Yearbook-2023.xlsx,25,5,7,Riyadh
Statistical-Yearbook-2023.xlsx,25,9,1,المدينة المنورة
Statistical-Yearbook-2023.xlsx,25,10,1,القصيم
Statistical-Yearbook-2023.xlsx,25,11,1,الشرقية
Statistical-Yearbook-2023.xlsx,25,11,7,Eastern
Statistical-Yearbook-2023.xlsx,25,14,1,عسير
Statistical-Yearbook-2023.xlsx,25,16,1,تبوك
Statistical-Yearbook-2023.xlsx,25,17,1,حائل
Statistical-Yearbook-2023.xlsx,25,18,1,الحدود الشمالية
Statistical-Yearbook-2023.xlsx,25,18,7,Northern Borders
Statistical-Yearbook-2023.xlsx,25,19,1,جازان
Statistical-Yearbook-2023.xlsx,25,19,7,Jazan
Statistical-Yearbook-2023.xlsx,25,20,1,نجران
Statistical-Yearbook-2023.xlsx,25,20,7,Najran
Statistical-Yearbook-2023.xlsx,25,21,1,الباحة
Statistical-Yearbook-2023.xlsx,25,21,7,Al-Bahah
Statistical-Yearbook-2023.xlsx,25,22,1,الجوف
Statistical-Yearbook-2023.xlsx,25,22,7,Al-Jouf
Statistical-Yearbook-2023.xlsx,28,4,3,الرياض
Statistical-Yearbook-2023.xlsx,28,4,5,Riyadh
Statistical-Yearbook-2023.xlsx,28,4,8,Makkah
Statistical-Yearbook-2023.xlsx,28,5,3,Riyadh
Statistical-Yearbook-2023.xlsx,28,5,6,Makkah
Statistical-Yearbook-2023.xlsx,28,33,3,المدينة المنورة
Statistical-Yearbook-2023.xlsx,28,33,6,القصيم
Statistical-Yearbook-2023.xlsx,28,33,9,الشرقية
Statistical-Yearbook-2023.xlsx,28,33,11,Eastern
Statistical-Yearbook-2023.xlsx,28,34,9,Eastern
Statistical-Yearbook-2023.xlsx,29,4,3,الرياض
Statistical-Yearbook-2023.xlsx,29,4,5,Riyadh
Statistical-Yearbook-2023.xlsx,29,4,8,Makkah
Statistical-Yearbook-2023.xlsx,29,5,3,Riyadh
Statistical-Yearbook-2023.xlsx,29,30,3,المدينة المنورة
Statistical-Yearbook-2023.xlsx,29,30,6,القصيم
Statistical-Yearbook-2023.xlsx,29,30,9,الشرقية
Statistical-Yearbook-2023.xlsx,29,30,11,Eastern
Statistical-Yearbook-2023.xlsx,29,31,9,Eastern
Statistical-Yearbook-2023.xlsx,31,34,9,وزارة الرياضة
Statistical-Yearbook-2023.xlsx,34,7,1,الرياض
Statistical-Yearbook-2023.xlsx,34,7,11,Riyadh
Statistical-Yearbook-2023.xlsx,34,11,1,المدينة المنورة
Statistical-Yearbook-2023.xlsx,34,12,1,القصيم
Statistical-Yearbook-2023.xlsx,34,13,1,الشرقية
Statistical-Yearbook-2023.xlsx,34,13,11,Eastern
Statistical-Yearbook-2023.xlsx,34,16,1,عسير
Statistical-Yearbook-2023.xlsx,34,18,1,تبوك
Statistical-Yearbook-2023.xlsx,34,19,1,حائل
Statistical-Yearbook-2023.xlsx,34,20,1,الحدود الشمالية
Statistical-Yearbook-2023.xlsx,34,20,11,Northern Borders
Statistical-Yearbook-2023.xlsx,34,21,1,جازان
Statistical-Yearbook-2023.xlsx,34,21,11,Jazan
Statistical-Yearbook-2023.xlsx,34,22,1,نجران
Statistical-Yearbook-2023.xlsx,34,22,11,Najran
Statistical-Yearbook-2023.xlsx,34,23,1,الباحة
Statistical-Yearbook-2023.xlsx,34,23,11,Al-Baha
Statistical-Yearbook-2023.xlsx,34,24,1,الجوف
Statistical-Yearbook-2023.xlsx,34,24,11,Al-jouf
Statistical-Yearbook-2023.xlsx,35,7,1,الرياض
Statistical-Yearbook-2023.xlsx,35,7,20,Riyadh
Statistical-Yearbook-2023.xlsx,35,11,1,المدينة المنورة
Statistical-Yearbook-2023.xlsx,35,12,1,القصيم
Statistical-Yearbook-2023.xlsx,35,13,1,الشرقية
Statistical-Yearbook-2023.xlsx,35,13,20,Eastern
Statistical-Yearbook-2023.xlsx,35,16,1,عسير
Statistical-Yearbook-2023.xlsx,35,18,1,تبوك
Statistical-Yearbook-2023.xlsx,35,19,1,حائل
Statistical-Yearbook-2023.xlsx,35,20,1,الحدود الشمالية
Statistical-Yearbook-2023.xlsx,35,20,20,Northern Borders
Statistical-Yearbook-2023.xlsx,35,21,1,جازان
Statistical-Yearbook-2023.xlsx,35,21,20,Jazan
Statistical-Yearbook-2023.xlsx,35,22,1,نجران
Statistical-Yearbook-2023.xlsx,35,22,20,Najran
Statistical-Yearbook-2023.xlsx,35,23,1,الباحة
Statistical-Yearbook-2023.xlsx,35,23,20,Al-Baha
Statistical-Yearbook-2023.xlsx,35,24,1,الجوف
Statistical-Yearbook-2023.xlsx,35,24,20,Al-jouf
Statistical-Yearbook-2023.xlsx,36,5,1,الرياض
Statistical-Yearbook-2023.xlsx,36,5,38,Riyadh
Statistical-Yearbook-2023.xlsx,36,9,1,المدينة المنورة
Statistical-Yearbook-2023.xlsx,36,10,1,القصيم
Statistical-Yearbook-2023.xlsx,36,11,1,الشرقية
Statistical-Yearbook-2023.xlsx,36,11,38,Eastern
Statistical-Yearbook-2023.xlsx,36,14,1,عسير
Statistical-Yearbook-2023.xlsx,36,15,1,تبوك
Statistical-Yearbook-2023.xlsx,36,16,1,حائل
Statistical-Yearbook-2023.xlsx,36,17,1,جازان
Statistical-Yearbook-2023.xlsx,36,17,38,Jazan
Statistical-Yearbook-2023.xlsx,36,18,1,نجران
Statistical-Yearbook-2023.xlsx,36,18,38,Najran
Statistical-Yearbook-2023.xlsx,36,19,1,الجوف
Statistical-Yearbook-2023.xlsx,36,19,38,Al-jouf
Statistical-Yearbook-2023.xlsx,37,5,1,الرياض
Statistical-Yearbook-2023.xlsx,37,5,32,Riyadh
Statistical-Yearbook-2023.xlsx,37,9,1,المدينة المنورة
Statistical-Yearbook-2023.xlsx,37,10,1,الشرقية
Statistical-Yearbook-2023.xlsx,37,10,32,Eastern
Statistical-Yearbook-2023.xlsx,37,13,1,عسير
Statistical-Yearbook-2023.xlsx,37,15,1,تبوك
Statistical-Yearbook-2023.xlsx,39,4,3,الرياض
Statistical-Yearbook-2023.xlsx,39,4,5,Riyadh
Statistical-Yearbook-2023.xlsx,39,4,8,Makkah
Statistical-Yearbook-2023.xlsx,39,5,3,Riyadh
Statistical-Yearbook-2023.xlsx,39,33,3,المدينة المنورة
Statistical-Yearbook-2023.xlsx,39,33,6,القصيم
Statistical-Yearbook-2023.xlsx,39,33,9,الشرقية
Statistical-Yearbook-2023.xlsx,39,33,11,Eastern
Statistical-Yearbook-2023.xlsx,39,34,9,Eastern
Statistical-Yearbook-2023.xlsx,40,4,3,الرياض
Statistical-Yearbook-2023.xlsx,40,4,5,Riyadh
Statistical-Yearbook-2023.xlsx,40,4,8,Makkah
Statistical-Yearbook-2023.xlsx,40,5,3,Riyadh
Statistical-Yearbook-2023.xlsx,40,33,3,المدينة المنورة
Statistical-Yearbook-2023.xlsx,40,33,6,القصيم
Statistical-Yearbook-2023.xlsx,40,33,9,الشرقية
Statistical-Yearbook-2023.xlsx,40,33,11,Eastern
Statistical-Yearbook-2023.xlsx,40,34,9,Eastern
Statistical-Yearbook-2023.xlsx,41,4,3,الرياض
Statistical-Yearbook-2023.xlsx,41,4,5,Riyadh
Statistical-Yearbook-2023.xlsx,41,4,8,Makkah
Statistical-Yearbook-2023.xlsx,41,5,3,Riyadh
Statistical-Yearbook-2023.xlsx,41,33,3,المدينة المنورة
Statistical-Yearbook-2023.xlsx,41,33,6,القصيم
Statistical-Yearbook-2023.xlsx,41,33,9,الشرقية
Statistical-Yearbook-2023.xlsx,41,33,11,Eastern
Statistical-Yearbook-2023.xlsx,41,34,9,Eastern
Statistical-Yearbook-2023.xlsx,42,4,2,الرياض
Statistical-Yearbook-2023.xlsx,42,4,18,المدينة المنورة
Statistical-Yearbook-2023.xlsx,42,4,22,القصيم
Statistical-Yearbook-2023.xlsx,42,4,26,الشرقية
Statistical-Yearbook-2023.xlsx,42,5,2,Riyadh
Statistical-Yearbook-2023.xlsx,42,5,26,Eastern
Statistical-Yearbook-2023.xlsx,46,6,1,الرياض
Statistical-Yearbook-2023.xlsx,46,6,3,Riyadh
Statistical-Yearbook-2023.xlsx,46,10,1,المدينة المنورة
Statistical-Yearbook-2023.xlsx,46,11,1,القصيم
Statistical-Yearbook-2023.xlsx,46,12,1,الشرقية
Statistical-Yearbook-2023.xlsx,46,12,3,Eastern
Statistical-Yearbook-2023.xlsx,46,15,1,عسير
Statistical-Yearbook-2023.xlsx,46,17,1,تبوك
Statistical-Yearbook-2023.xlsx,46,18,1,حائل
Statistical-Yearbook-2023.xlsx,46,19,1,الحدود الشمالية
Statistical-Yearbook-2023.xlsx,46,19,3,Northern Borders
Statistical-Yearbook-2023.xlsx,46,20,1,جازان
Statistical-Yearbook-2023.xlsx,46,20,3,Jazan
Statistical-Yearbook-2023.xlsx,46,21,1,نجران
Statistical-Yearbook-2023.xlsx,46,21,3,Najran
Statistical-Yearbook-2023.xlsx,46,22,1,الباحة
Statistical-Yearbook-2023.xlsx,46,22,3,Al-Baha
Statistical-Yearbook-2023.xlsx,46,23,1,الجوف
Statistical-Yearbook-2023.xlsx,46,23,3,Al-jouf
Statistical-Yearbook-2023.xlsx,47,16,1,الرياض
Statistical-Yearbook-2023.xlsx,47,16,3,Riyadh
Statistical-Yearbook-2023.xlsx,47,18,1,القصيم
Statistical-Yearbook-2023.xlsx,47,19,1,الشرقية
Statistical-Yearbook-2023.xlsx,47,19,3,Eastern
Statistical-Yearbook-2023.xlsx,47,22,1,تبوك
Statistical-Yearbook-2023.xlsx,47,23,1,حائل
Statistical-Yearbook-2023.xlsx,47,24,1,الحدود الشمالية
Statistical-Yearbook-2023.xlsx,47,24,3,Northern Borders
Statistical-Yearbook-2023.xlsx,47,25,1,جازان
Statistical-Yearbook-2023.xlsx,47,25,3,Jazan
Statistical-Yearbook-2023.xlsx,47,26,1,الباحة
Statistical-Yearbook-2023.xlsx,47,26,3,Al-Baha
Statistical-Yearbook-2023.xlsx,49,21,1,جامعة القصيم
Statistical-Yearbook-2023.xlsx,49,26,1,جامعة تبوك
Statistical-Yearbook-2023.xlsx,49,27,1,جامعة حائل
Statistical-Yearbook-2023.xlsx,49,27,7,Hail University
Statistical-Yearbook-2023.xlsx,49,28,1,جامعة الحدود الشمالية
Statistical-Yearbook-2023.xlsx,49,28,7,Northern Borders Border University
Statistical-Yearbook-2023.xlsx,49,29,1,جامعة جازان
Statistical-Yearbook-2023.xlsx,49,29,7,Jazan University
Statistical-Yearbook-2023.xlsx,49,30,1,جامعة نجران
Statistical-Yearbook-2023.xlsx,49,30,7,Najran University
Statistical-Yearbook-2023.xlsx,49,31,1,جامعة الجوف
Statistical-Yearbook-2023.xlsx,49,31,7,Al-Jouf University
Statistical-Yearbook-2023.xlsx,50,19,1,جامعة القصيم
Statistical-Yearbook-2023.xlsx,50,23,1,جامعة تبوك
Statistical-Yearbook-2023.xlsx,50,24,1,جامعة حائل
Statistical-Yearbook-2023.xlsx,50,24,7,Hail University
Statistical-Yearbook-2023.xlsx,50,25,1,جامعة الحدود الشمالية
Statistical-Yearbook-2023.xlsx,50,25,7,Northern Borders Border University
Statistical-Yearbook-2023.xlsx,50,26,1,جامعة جازان
Statistical-Yearbook-2023.xlsx,50,26,7,Jazan University
Statistical-Yearbook-2023.xlsx,50,27,1,جامعة الجوف
Statistical-Yearbook-2023.xlsx,50,27,7,Al-Jouf University
Statistical-Yearbook-2023.xlsx,50,36,1,جامعة القصيم
Statistical-Yearbook-2023.xlsx,50,40,1,جامعة حائل
Statistical-Yearbook-2023.xlsx,50,40,7,Hail University
Statistical-Yearbook-2023.xlsx,51,5,1,الرياض
Statistical-Yearbook-2023.xlsx,51,5,6,Riyadh
Statistical-Yearbook-2023.xlsx,52,5,1,الرياض
Statistical-Yearbook-2023.xlsx,52,5,6,Riyadh
Statistical-Yearbook-2023.xlsx,52,9,3,مستشفى الملك خالد الجامعي بالرياض
Statistical-Yearbook-2023.xlsx,52,9,4,King Khalid University Hospital - Riyadh
Statistical-Yearbook-2023.xlsx,52,10,3,مستشفى الملك عبدالله بن عبدالعزيز بجامعة الأميرة نورة- الرياض
Statistical-Yearbook-2023.xlsx,52,10,4,King Abdullah Bin Abdulaziz University Hospital - Riyadh
Statistical-Yearbook-2023.xlsx,52,11,4,Security Forces Hospital- Riyadh
Statistical-Yearbook-2023.xlsx,52,12,3,مستشفى الملك عبد العزيز الجامعي - الرياض
Statistical-Yearbook-2023.xlsx,52,12,4,King Abdulaziz University Hospital - Riyadh
Statistical-Yearbook-2023.xlsx,52,13,3,مستشفى الأمن المركزي -الرياض
Statistical-Yearbook-2023.xlsx,52,13,4,Central Security Hospital  - Riyadh
Statistical-Yearbook-2023.xlsx,52,14,3,مدينة الملك عبد العزيز الطبية -الرياض
Statistical-Yearbook-2023.xlsx,52,14,4,King Abdulaziz Medical City- Riyadh
Statistical-Yearbook-2023.xlsx,52,15,4,Security Forces Hospital-Makkah
Statistical-Yearbook-2023.xlsx,52,25,1,المدينة المنورة
Statistical-Yearbook-2023.xlsx,52,25,6,Madinah
Statistical-Yearbook-2023.xlsx,52,27,4,Prince Sultan Military -Madinah
Statistical-Yearbook-2023.xlsx,52,29,1,القصيم
Statistical-Yearbook-2023.xlsx,52,30,1,الشرقية
Statistical-Yearbook-2023.xlsx,52,30,6,Eastern Region
Statistical-Yearbook-2023.xlsx,52,39,4,Northern Borders Area Armed Forces Hospital - Hafr Al Batin
Statistical-Yearbook-2023.xlsx,52,40,1,عسير
Statistical-Yearbook-2023.xlsx,53,5,1,الرياض
Statistical-Yearbook-2023.xlsx,53,5,3,مستشفى رعاية الرياض
Statistical-Yearbook-2023.xlsx,53,5,4,Riyadh Care Hospital
Statistical-Yearbook-2023.xlsx,53,5,6,Riyadh
Statistical-Yearbook-2023.xlsx,53,15,4,Riyadh National Hospital
Statistical-Yearbook-2023.xlsx,53,31,4,Rabiah Hospital - Riyadh
Statistical-Yearbook-2023.xlsx,53,34,3,مستشفى عبيد التخصصي بالرياض
Statistical-Yearbook-2023.xlsx,53,38,3,مستشفى المواساة بالرياض
Statistical-Yearbook-2023.xlsx,3-2,6,1,الرياض
Statistical-Yearbook-2023.xlsx,3-2,6,30,Riyadh
Statistical-Yearbook-2023.xlsx,3-2,10,1,المدينة المنورة
Statistical-Yearbook-2023.xlsx,3-2,11,1,القصيم
Statistical-Yearbook-2023.xlsx,3-2,12,1,الشرقية
Statistical-Yearbook-2023.xlsx,3-2,12,30,Eastern
Statistical-Yearbook-2023.xlsx,3-2,15,1,عسير
Statistical-Yearbook-2023.xlsx,3-2,17,1,تبوك
Statistical-Yearbook-2023.xlsx,3-2,18,1,حائل
Statistical-Yearbook-2023.xlsx,3-2,19,1,الحدود الشمالية
Statistical-Yearbook-2023.xlsx,3-2,19,30,Northern Borders
Statistical-Yearbook-2023.xlsx,3-2,20,1,جازان
Statistical-Yearbook-2023.xlsx,3-2,20,30,Jazan
Statistical-Yearbook-2023.xlsx,3-2,21,1,نجران
Statistical-Yearbook-2023.xlsx,3-2,21,30,Najran
Statistical-Yearbook-2023.xlsx,3-2,22,1,الباحة
Statistical-Yearbook-2023.xlsx,3-2,22,30,Al-Bahah
Statistical-Yearbook-2023.xlsx,3-2,23,1,الجوف
Statistical-Yearbook-2023.xlsx,3-2,23,30,Al-Jouf
Statistical-Yearbook-2023.xlsx,3-2تكملة,6,1,الرياض
Statistical-Yearbook-2023.xlsx,3-2تكملة,6,36,Riyadh
Statistical-Yearbook-2023.xlsx,3-2تكملة,10,1,المدينة المنورة
Statistical-Yearbook-2023.xlsx,3-2تكملة,11,1,القصيم
Statistical-Yearbook-2023.xlsx,3-2تكملة,12,1,الشرقية
Statistical-Yearbook-2023.xlsx,3-2تكملة,12,36,Eastern
Statistical-Yearbook-2023.xlsx,3-2تكملة,15,1,عسير
Statistical-Yearbook-2023.xlsx,3-2تكملة,17,1,تبوك
Statistical-Yearbook-2023.xlsx,3-2تكملة,18,1,حائل
Statistical-Yearbook-2023.xlsx,3-2تكملة,19,1,الحدود الشمالية
Statistical-Yearbook-2023.xlsx,3-2تكملة,19,36,Northern Borders
Statistical-Yearbook-2023.xlsx,3-2تكملة,20,1,جازان
Statistical-Yearbook-2023.xlsx,3-2تكملة,20,36,Jazan
Statistical-Yearbook-2023.xlsx,3-2تكملة,21,1,نجران
Statistical-Yearbook-2023.xlsx,3-2تكملة,21,36,Najran
Statistical-Yearbook-2023.xlsx,3-2تكملة,22,1,الباحة
Statistical-Yearbook-2023.xlsx,3-2تكملة,22,36,Al-Bahah
Statistical-Yearbook-2023.xlsx,3-2تكملة,23,1,الجوف
Statistical-Yearbook-2023.xlsx,3-2تكملة,23,36,Al-Jouf
Statistical-Yearbook-2023.xlsx,3-7,8,1,الرياض
Statistical-Yearbook-2023.xlsx,3-7,8,17,Riyadh
Statistical-Yearbook-2023.xlsx,3-7,12,1,المدينة المنورة
Statistical-Yearbook-2023.xlsx,3-7,13,1,القصيم
Statistical-Yearbook-2023.xlsx,3-7,14,1,الشرقية
Statistical-Yearbook-2023.xlsx,3-7,14,17,Eastern
Statistical-Yearbook-2023.xlsx,3-7,17,1,عسير
Statistical-Yearbook-2023.xlsx,3-7,19,1,تبوك
Statistical-Yearbook-2023.xlsx,3-7,20,1,حائل
Statistical-Yearbook-2023.xlsx,3-7,21,1,الحدود الشمالية
Statistical-Yearbook-2023.xlsx,3-7,21,17,Northern Borders
Statistical-Yearbook-2023.xlsx,3-7,22,1,جازان
Statistical-Yearbook-2023.xlsx,3-7,22,17,Jazan
Statistical-Yearbook-2023.xlsx,3-7,23,1,نجران
Statistical-Yearbook-2023.xlsx,3-7,23,17,Najran
Statistical-Yearbook-2023.xlsx,3-7,24,1,الباحة
Statistical-Yearbook-2023.xlsx,3-7,24,17,Al-Bahah
Statistical-Yearbook-2023.xlsx,3-7,25,1,الجوف
Statistical-Yearbook-2023.xlsx,3-7,25,17,Al-Jouf
Statistical-Yearbook-2023.xlsx,3-8,8,1,الرياض
Statistical-Yearbook-2023.xlsx,3-8,8,17,Riyadh
Statistical-Yearbook-2023.xlsx,3-8,12,1,المدينة المنورة
Statistical-Yearbook-2023.xlsx,3-8,13,1,القصيم
Statistical-Yearbook-2023.xlsx,3-8,14,1,الشرقية
Statistical-Yearbook-2023.xlsx,3-8,14,17,Eastern
Statistical-Yearbook-2023.xlsx,3-8,17,1,عسير
Statistical-Yearbook-2023.xlsx,3-8,19,1,تبوك
Statistical-Yearbook-2023.xlsx,3-8,20,1,حائل
Statistical-Yearbook-2023.xlsx,3-8,21,1,الحدود الشمالية
Statistical-Yearbook-2023.xlsx,3-8,21,17,Northern Borders
Statistical-Yearbook-2023.xlsx,3-8,22,1,جازان
Statistical-Yearbook-2023.xlsx,3-8,22,17,Jazan
Statistical-Yearbook-2023.xlsx,3-8,23,1,نجران
Statistical-Yearbook-2023.xlsx,3-8,23,17,Najran
Statistical-Yearbook-2023.xlsx,3-8,24,1,الباحة
Statistical-Yearbook-2023.xlsx,3-8,24,17,Al-Bahah
Statistical-Yearbook-2023.xlsx,3-8,25,1,الجوف
Statistical-Yearbook-2023.xlsx,3-8,25,17,Al-Jouf
Statistical-Yearbook-2023.xlsx,3.9,5,1,الرياض
Statistical-Yearbook-2023.xlsx,3.9,5,8,Riyadh
Statistical-Yearbook-2023.xlsx,3.9,9,1,المدينة المنورة
Statistical-Yearbook-2023.xlsx,3.9,10,1,القصيم
Statistical-Yearbook-2023.xlsx,3.9,11,1,الشرقية
Statistical-Yearbook-2023.xlsx,3.9,11,8,Eastern
Statistical-Yearbook-2023.xlsx,3.9,14,1,عسير
Statistical-Yearbook-2023.xlsx,3.9,16,1,تبوك
Statistical-Yearbook-2023.xlsx,3.9,17,1,حائل
Statistical-Yearbook-2023.xlsx,3.9,18,1,الحدود الشمالية
Statistical-Yearbook-2023.xlsx,3.9,18,8,Northern Borders
Statistical-Yearbook-2023.xlsx,3.9,19,1,جازان
Statistical-Yearbook-2023.xlsx,3.9,19,8,Jazan
Statistical-Yearbook-2023.xlsx,3.9,20,1,نجران
Statistical-Yearbook-2023.xlsx,3.9,20,8,Najran
Statistical-Yearbook-2023.xlsx,3.9,21,1,الباحة
Statistical-Yearbook-2023.xlsx,3.9,21,8,Al-Bahah
Statistical-Yearbook-2023.xlsx,3.9,22,1,الجوف
Statistical-Yearbook-2023.xlsx,3.9,22,8,Al-Jouf
Statistical-Yearbook-2023.xlsx,3-10,7,1,الرياض
Statistical-Yearbook-2023.xlsx,3-10,7,12,Riyadh
Statistical-Yearbook-2023.xlsx,3-10,11,1,المدينة المنورة
Statistical-Yearbook-2023.xlsx,3-10,12,1,الشرقية
Statistical-Yearbook-2023.xlsx,3-10,12,12,Eastern
Statistical-Yearbook-2023.xlsx,3-10,15,1,القصيم
Statistical-Yearbook-2023.xlsx,3-10,16,1,عسير
Statistical-Yearbook-2023.xlsx,3-10,18,1,تبوك
Statistical-Yearbook-2023.xlsx,3-10,19,1,حائل
Statistical-Yearbook-2023.xlsx,3-10,20,1,الحدود الشمالية
Statistical-Yearbook-2023.xlsx,3-10,20,12,Northern Borders
Statistical-Yearbook-2023.xlsx,3-10,21,1,جازان
Statistical-Yearbook-2023.xlsx,3-10,21,12,Jazan
Statistical-Yearbook-2023.xlsx,3-10,22,1,نجران
Statistical-Yearbook-2023.xlsx,3-10,22,12,Najran
Statistical-Yearbook-2023.xlsx,3-10,23,1,الباحة
Statistical-Yearbook-2023.xlsx,3-10,23,12,Al-Bahah
Statistical-Yearbook-2023.xlsx,3-10,24,1,الجوف
Statistical-Yearbook-2023.xlsx,3-10,24,12,Al-Jouf
Statistical-Yearbook-2023.xlsx,3-11,7,1,الرياض
Statistical-Yearbook-2023.xlsx,3-11,7,13,Riyadh
Statistical-Yearbook-2023.xlsx,3-11,11,1,المدينة المنورة
Statistical-Yearbook-2023.xlsx,3-11,12,1,الشرقية
Statistical-Yearbook-2023.xlsx,3-11,12,13,Eastern
Statistical-Yearbook-2023.xlsx,3-11,15,1,القصيم
Statistical-Yearbook-2023.xlsx,3-11,16,1,عسير
Statistical-Yearbook-2023.xlsx,3-11,18,1,تبوك
Statistical-Yearbook-2023.xlsx,3-11,19,1,حائل
Statistical-Yearbook-2023.xlsx,3-11,20,1,الحدود الشمالية
Statistical-Yearbook-2023.xlsx,3-11,20,13,Northern Borders
Statistical-Yearbook-2023.xlsx,3-11,21,1,جازان
Statistical-Yearbook-2023.xlsx,3-11,21,13,Jazan
Statistical-Yearbook-2023.xlsx,3-11,22,1,نجران
Statistical-Yearbook-2023.xlsx,3-11,22,13,Najran
Statistical-Yearbook-2023.xlsx,3-11,23,1,الباحة
Statistical-Yearbook-2023.xlsx,3-11,23,13,Al-Bahah
Statistical-Yearbook-2023.xlsx,3-11,24,1,الجوف
Statistical-Yearbook-2023.xlsx,3-11,24,13,Al-Jouf
Statistical-Yearbook-2023.xlsx,3-12,4,2,جازان Jazan
Statistical-Yearbook-2023.xlsx,3-12,4,5,عسير Aseer
Statistical-Yearbook-2023.xlsx,3-13,8,1,الرياض
Statistical-Yearbook-2023.xlsx,3-13,8,18,Riyadh
Statistical-Yearbook-2023.xlsx,3-13,12,1,المدينة المنورة
Statistical-Yearbook-2023.xlsx,3-13,13,1,الشرقية
Statistical-Yearbook-2023.xlsx,3-13,13,18,Eastern
Statistical-Yearbook-2023.xlsx,3-13,14,1,عسير
Statistical-Yearbook-2023.xlsx,3-13,16,1,حائل
Statistical-Yearbook-2023.xlsx,3-13,17,1,جازان
Statistical-Yearbook-2023.xlsx,3-13,17,18,Jazan
Statistical-Yearbook-2023.xlsx,3-13,18,1,نجران
Statistical-Yearbook-2023.xlsx,3-13,18,18,Najran
Statistical-Yearbook-2023.xlsx,3-13,19,18,Al-Bahah
Statistical-Yearbook-2023.xlsx,3-13,20,1,تبوك
Statistical-Yearbook-2023.xlsx,3-13,21,1,الجوف
Statistical-Yearbook-2023.xlsx,3-13,21,18,Al-Jouf
Statistical-Yearbook-2023.xlsx,3-15,8,1,الرياض
Statistical-Yearbook-2023.xlsx,3-15,8,15,Riyadh
Statistical-Yearbook-2023.xlsx,3-15,12,1,المدينة المنورة
Statistical-Yearbook-2023.xlsx,3-15,13,1,القصيم
Statistical-Yearbook-2023.xlsx,3-15,14,1,الشرقية
Statistical-Yearbook-2023.xlsx,3-15,14,15,Eastern
Statistical-Yearbook-2023.xlsx,3-15,17,1,عسير
Statistical-Yearbook-2023.xlsx,3-15,19,1,تبوك
Statistical-Yearbook-2023.xlsx,3-15,20,1,حائل
Statistical-Yearbook-2023.xlsx,3-15,21,1,الحدود الشمالية
Statistical-Yearbook-2023.xlsx,3-15,21,15,Northern Borders
Statistical-Yearbook-2023.xlsx,3-15,22,1,جازان
Statistical-Yearbook-2023.xlsx,3-15,22,15,Jazan
Statistical-Yearbook-2023.xlsx,3-15,23,1,نجران
Statistical-Yearbook-2023.xlsx,3-15,23,15,Najran
Statistical-Yearbook-2023.xlsx,3-15,24,1,الباحة
Statistical-Yearbook-2023.xlsx,3-15,24,15,Al-Bahah
Statistical-Yearbook-2023.xlsx,3-15,25,1,الجوف
Statistical-Yearbook-2023.xlsx,3-15,25,15,AL jouf
Statistical-Yearbook-2023.xlsx,3-17,6,1,الحدود الشمالية
Statistical-Yearbook-2023.xlsx,3-17,6,9,Northern Borders
Statistical-Yearbook-2023.xlsx,3-17,7,1,جازان
Statistical-Yearbook-2023.xlsx,3-17,7,9,Jazan
Statistical-Yearbook-2023.xlsx,3-18,8,1,الرياض
Statistical-Yearbook-2023.xlsx,3-18,8,20,Riyadh
Statistical-Yearbook-2023.xlsx,3-18,12,1,المدينة المنورة
Statistical-Yearbook-2023.xlsx,3-18,13,1,القصيم
Statistical-Yearbook-2023.xlsx,3-18,14,1,الشرقية
Statistical-Yearbook-2023.xlsx,3-18,14,20,Eastern
Statistical-Yearbook-2023.xlsx,3-18,17,1,عسير
Statistical-Yearbook-2023.xlsx,3-18,19,1,تبوك
Statistical-Yearbook-2023.xlsx,3-18,20,1,حائل
Statistical-Yearbook-2023.xlsx,3-18,21,20,Northern Borders
Statistical-Yearbook-2023.xlsx,3-18,22,1,جازان
Statistical-Yearbook-2023.xlsx,3-18,22,20,Jazan
Statistical-Yearbook-2023.xlsx,3-18,23,1,نجران
Statistical-Yearbook-2023.xlsx,3-18,23,20,Najran
Statistical-Yearbook-2023.xlsx,3-18,24,1,الباحة
Statistical-Yearbook-2023.xlsx,3-18,24,20,Al-Bahah
Statistical-Yearbook-2023.xlsx,3-18,25,1,الجوف
Statistical-Yearbook-2023.xlsx,3-18,25,20,Al-Jouf
Statistical-Yearbook-2023.xlsx,3-19,7,1,الرياض
Statistical-Yearbook-2023.xlsx,3-19,7,8,Riyadh
Statistical-Yearbook-2023.xlsx,3-19,11,1,المدينة المنورة
Statistical-Yearbook-2023.xlsx,3-19,12,1,القصيم
Statistical-Yearbook-2023.xlsx,3-19,13,1,الشرقية
Statistical-Yearbook-2023.xlsx,3-19,13,8,Eastern
Statistical-Yearbook-2023.xlsx,3-19,16,1,عسير
Statistical-Yearbook-2023.xlsx,3-19,18,1,تبوك
Statistical-Yearbook-2023.xlsx,3-19,19,1,حائل
Statistical-Yearbook-2023.xlsx,3-19,20,1,الحدود الشمالية
Statistical-Yearbook-2023.xlsx,3-19,20,8,Northern Borders
Statistical-Yearbook-2023.xlsx,3-19,21,1,جازان
Statistical-Yearbook-2023.xlsx,3-19,21,8,Jazan
Statistical-Yearbook-2023.xlsx,3-19,22,1,نجران
Statistical-Yearbook-2023.xlsx,3-19,22,8,Najran
Statistical-Yearbook-2023.xlsx,3-19,23,1,الباحة
Statistical-Yearbook-2023.xlsx,3-19,23,8,Al-Bahah
Statistical-Yearbook-2023.xlsx,3-19,24,1,الجوف
Statistical-Yearbook-2023.xlsx,3-19,24,8,Al-Jouf
Statistical-Yearbook-2023.xlsx,3.22,8,1,الرياض
Statistical-Yearbook-2023.xlsx,3.22,8,17,Riyadh
Statistical-Yearbook-2023.xlsx,3.22,12,1,المدينة المنورة
Statistical-Yearbook-2023.xlsx,3.22,13,1,القصيم
Statistical-Yearbook-2023.xlsx,3.22,14,1,الشرقية
Statistical-Yearbook-2023.xlsx,3.22,14,17,Eastern
Statistical-Yearbook-2023.xlsx,3.22,17,1,عسير
Statistical-Yearbook-2023.xlsx,3.22,19,1,تبوك
Statistical-Yearbook-2023.xlsx,3.22,20,1,حائل
Statistical-Yearbook-2023.xlsx,3.22,21,1,الحدود الشمالية
Statistical-Yearbook-2023.xlsx,3.22,21,17,Northern Borders
Statistical-Yearbook-2023.xlsx,3.22,22,1,جازان
Statistical-Yearbook-2023.xlsx,3.22,22,17,Jazan
Statistical-Yearbook-2023.xlsx,3.22,23,1,نجران
Statistical-Yearbook-2023.xlsx,3.22,23,17,Najran
Statistical-Yearbook-2023.xlsx,3.22,24,1,الباحة
Statistical-Yearbook-2023.xlsx,3.22,24,17,Al-Bahah
Statistical-Yearbook-2023.xlsx,3.22,25,1,الجوف
Statistical-Yearbook-2023.xlsx,3.22,25,17,Al-Jouf
Statistical-Yearbook-2023.xlsx,3-23,8,1,الرياض
Statistical-Yearbook-2023.xlsx,3-23,8,9,Riyadh
Statistical-Yearbook-2023.xlsx,3-23,12,1,المدينة المنورة
Statistical-Yearbook-2023.xlsx,3-23,13,1,القصيم
Statistical-Yearbook-2023.xlsx,3-23,14,1,الشرقية
Statistical-Yearbook-2023.xlsx,3-23,14,9,Eastern
Statistical-Yearbook-2023.xlsx,3-23,17,1,عسير
Statistical-Yearbook-2023.xlsx,3-23,19,1,تبوك
Statistical-Yearbook-2023.xlsx,3-23,20,1,حائل
Statistical-Yearbook-2023.xlsx,3-23,21,1,الحدود الشمالية
Statistical-Yearbook-2023.xlsx,3-23,21,9,Northern Borders
Statistical-Yearbook-2023.xlsx,3-23,22,1,جازان
Statistical-Yearbook-2023.xlsx,3-23,22,9,Jazan
Statistical-Yearbook-2023.xlsx,3-23,23,1,نجران
Statistical-Yearbook-2023.xlsx,3-23,23,9,Najran
Statistical-Yearbook-2023.xlsx,3-23,24,1,الباحة
Statistical-Yearbook-2023.xlsx,3-23,24,9,Al-Bahah
Statistical-Yearbook-2023.xlsx,3-23,25,1,الجوف
Statistical-Yearbook-2023.xlsx,3-23,25,9,Al-Jouf
Statistical-Yearbook-2023.xlsx,1..,6,1,الرياض
Statistical-Yearbook-2023.xlsx,1..,6,7,Riyadh
Statistical-Yearbook-2023.xlsx,1..,10,1,المدينة المنورة
Statistical-Yearbook-2023.xlsx,1..,11,1,القصيم
Statistical-Yearbook-2023.xlsx,1..,12,1,الشرقية
Statistical-Yearbook-2023.xlsx,1..,12,7,Eastern
Statistical-Yearbook-2023.xlsx,1..,15,1,عسير
Statistical-Yearbook-2023.xlsx,1..,17,1,تبوك
Statistical-Yearbook-2023.xlsx,1..,18,1,حائل
Statistical-Yearbook-2023.xlsx,1..,19,1,الحدود الشمالية
Statistical-Yearbook-2023.xlsx,1..,19,7,Northern Borders
Statistical-Yearbook-2023.xlsx,1..,20,1,جازان
Statistical-Yearbook-2023.xlsx,1..,20,7,Jazan
Statistical-Yearbook-2023.xlsx,1..,21,1,نجران
Statistical-Yearbook-2023.xlsx,1..,21,7,Najran
Statistical-Yearbook-2023.xlsx,1..,22,1,الباحة
Statistical-Yearbook-2023.xlsx,1..,22,7,Al-Bahah
Statistical-Yearbook-2023.xlsx,1..,23,1,الجوف
Statistical-Yearbook-2023.xlsx,1..,23,7,Al-Jouf
Statistical-Yearbook-2023.xlsx,2..,6,1,الرياض
Statistical-Yearbook-2023.xlsx,2..,6,7,Riyadh
Statistical-Yearbook-2023.xlsx,2..,10,1,المدينة المنورة
Statistical-Yearbook-2023.xlsx,2..,11,1,القصيم
Statistical-Yearbook-2023.xlsx,2..,12,1,الشرقية
Statistical-Yearbook-2023.xlsx,2..,12,7,Eastern
Statistical-Yearbook-2023.xlsx,2..,15,1,عسير
Statistical-Yearbook-2023.xlsx,2..,17,1,تبوك
Statistical-Yearbook-2023.xlsx,2..,18,1,حائل
Statistical-Yearbook-2023.xlsx,2..,19,1,الحدود الشمالية
Statistical-Yearbook-2023.xlsx,2..,19,7,Northern Borders
Statistical-Yearbook-2023.xlsx,2..,20,1,جازان
Statistical-Yearbook-2023.xlsx,2..,20,7,Jazan
Statistical-Yearbook-2023.xlsx,2..,21,1,نجران
Statistical-Yearbook-2023.xlsx,2..,21,7,Najran
Statistical-Yearbook-2023.xlsx,2..,22,1,الباحة
Statistical-Yearbook-2023.xlsx,2..,22,7,Al-Bahah
Statistical-Yearbook-2023.xlsx,2..,23,1,الجوف
Statistical-Yearbook-2023.xlsx,2..,23,7,Al-Jouf
Statistical-Yearbook-2023.xlsx,3..,6,1,الرياض
Statistical-Yearbook-2023.xlsx,3..,6,7,Riyadh
Statistical-Yearbook-2023.xlsx,3..,10,1,المدينة المنورة
Statistical-Yearbook-2023.xlsx,3..,11,1,القصيم
Statistical-Yearbook-2023.xlsx,3..,12,1,الشرقية
Statistical-Yearbook-2023.xlsx,3..,12,7,Eastern
Statistical-Yearbook-2023.xlsx,3..,15,1,عسير
Statistical-Yearbook-2023.xlsx,3..,17,1,تبوك
Statistical-Yearbook-2023.xlsx,3..,18,1,حائل
Statistical-Yearbook-2023.xlsx,3..,19,1,الحدود الشمالية
Statistical-Yearbook-2023.xlsx,3..,19,7,Northern Borders
Statistical-Yearbook-2023.xlsx,3..,20,1,جازان
Statistical-Yearbook-2023.xlsx,3..,20,7,Jazan
Statistical-Yearbook-2023.xlsx,3..,21,1,نجران
Statistical-Yearbook-2023.xlsx,3..,21,7,Najran
Statistical-Yearbook-2023.xlsx,3..,22,1,الباحة
Statistical-Yearbook-2023.xlsx,3..,22,7,Al-Bahah
Statistical-Yearbook-2023.xlsx,3..,23,1,الجوف
Statistical-Yearbook-2023.xlsx,3..,23,7,Al-Jouf
Statistical-Yearbook-2023.xlsx,4..,6,1,الرياض
Statistical-Yearbook-2023.xlsx,4..,6,7,Riyadh
Statistical-Yearbook-2023.xlsx,4..,10,1,المدينة المنورة
Statistical-Yearbook-2023.xlsx,4..,11,1,القصيم
Statistical-Yearbook-2023.xlsx,4..,12,1,الشرقية
Statistical-Yearbook-2023.xlsx,4..,12,7,Eastern
Statistical-Yearbook-2023.xlsx,4..,15,1,عسير
Statistical-Yearbook-2023.xlsx,4..,17,1,تبوك
Statistical-Yearbook-2023.xlsx,4..,18,1,حائل
Statistical-Yearbook-2023.xlsx,4..,19,1,الحدود الشمالية
Statistical-Yearbook-2023.xlsx,4..,19,7,Northern Borders
Statistical-Yearbook-2023.xlsx,4..,20,1,جازان
Statistical-Yearbook-2023.xlsx,4..,20,7,Jazan
Statistical-Yearbook-2023.xlsx,4..,21,1,نجران
Statistical-Yearbook-2023.xlsx,4..,21,7,Najran
Statistical-Yearbook-2023.xlsx,4..,22,1,الباحة
Statistical-Yearbook-2023.xlsx,4..,22,7,Al-Bahah
Statistical-Yearbook-2023.xlsx,4..,23,1,الجوف
Statistical-Yearbook-2023.xlsx,4..,23,7,Al-Jouf
Statistical-Yearbook-2023.xlsx,5..,6,1,الرياض
Statistical-Yearbook-2023.xlsx,5..,6,6,Riyadh
Statistical-Yearbook-2023.xlsx,5..,10,1,المدينة المنورة
Statistical-Yearbook-2023.xlsx,5..,11,1,القصيم
Statistical-Yearbook-2023.xlsx,5..,12,1,الشرقية
Statistical-Yearbook-2023.xlsx,5..,12,6,Eastern
Statistical-Yearbook-2023.xlsx,5..,15,1,عسير
Statistical-Yearbook-2023.xlsx,5..,17,1,تبوك
Statistical-Yearbook-2023.xlsx,5..,18,1,حائل
Statistical-Yearbook-2023.xlsx,5..,19,1,الحدود الشمالية
Statistical-Yearbook-2023.xlsx,5..,19,6,Northern Borders
Statistical-Yearbook-2023.xlsx,5..,20,1,جازان
Statistical-Yearbook-2023.xlsx,5..,20,6,Jazan
Statistical-Yearbook-2023.xlsx,5..,21,1,نجران
Statistical-Yearbook-2023.xlsx,5..,21,6,Najran
Statistical-Yearbook-2023.xlsx,5..,22,1,الباحة
Statistical-Yearbook-2023.xlsx,5..,22,6,Al-Bahah
Statistical-Yearbook-2023.xlsx,5..,23,1,الجوف
Statistical-Yearbook-2023.xlsx,5..,23,6,Al-Jouf
Statistical-Yearbook-2023.xlsx,6..,7,1,الرياض
Statistical-Yearbook-2023.xlsx,6..,7,16,Riyadh
Statistical-Yearbook-2023.xlsx,6..,11,1,المدينة المنورة
Statistical-Yearbook-2023.xlsx,6..,12,1,القصيم
Statistical-Yearbook-2023.xlsx,6..,13,1,الشرقية
Statistical-Yearbook-2023.xlsx,6..,13,16,Eastern
Statistical-Yearbook-2023.xlsx,6..,16,1,عسير
Statistical-Yearbook-2023.xlsx,6..,18,1,تبوك
Statistical-Yearbook-2023.xlsx,6..,19,1,حائل
Statistical-Yearbook-2023.xlsx,6..,20,1,الحدود الشمالية
Statistical-Yearbook-2023.xlsx,6..,20,16,Northern Borders
Statistical-Yearbook-2023.xlsx,6..,21,1,جازان
Statistical-Yearbook-2023.xlsx,6..,21,16,Jazan
Statistical-Yearbook-2023.xlsx,6..,22,1,نجران
Statistical-Yearbook-2023.xlsx,6..,22,16,Najran
Statistical-Yearbook-2023.xlsx,6..,23,1,الباحة
Statistical-Yearbook-2023.xlsx,6..,23,16,Al-Bahah
Statistical-Yearbook-2023.xlsx,6..,24,1,الجوف
Statistical-Yearbook-2023.xlsx,6..,24,16,Al-Jouf
Statistical-Yearbook-2023.xlsx,7..,8,1,الرياض
Statistical-Yearbook-2023.xlsx,7..,8,7,Riyadh
Statistical-Yearbook-2023.xlsx,7..,9,1,مكة المكرمة
Statistical-Yearbook-2023.xlsx,7..,9,7,Makkah
Statistical-Yearbook-2023.xlsx,7..,10,1,المدينة المنورة
Statistical-Yearbook-2023.xlsx,7..,11,1,القصيم
Statistical-Yearbook-2023.xlsx,7..,12,1,الشرقية
Statistical-Yearbook-2023.xlsx,7..,12,7,Eastern
Statistical-Yearbook-2023.xlsx,7..,13,1,عسير
Statistical-Yearbook-2023.xlsx,7..,14,1,تبوك
Statistical-Yearbook-2023.xlsx,7..,15,1,حائل
Statistical-Yearbook-2023.xlsx,7..,16,1,الحدود الشمالية
Statistical-Yearbook-2023.xlsx,7..,16,7,Northern Borders
Statistical-Yearbook-2023.xlsx,7..,17,1,جازان
Statistical-Yearbook-2023.xlsx,7..,17,7,Jazan
Statistical-Yearbook-2023.xlsx,7..,18,1,نجران
Statistical-Yearbook-2023.xlsx,7..,18,7,Najran
Statistical-Yearbook-2023.xlsx,7..,19,1,الباحة
Statistical-Yearbook-2023.xlsx,7..,19,7,Al-Bahah
Statistical-Yearbook-2023.xlsx,7..,20,1,الجوف
Statistical-Yearbook-2023.xlsx,7..,20,7,Al-Jouf
Statistical-Yearbook-2023.xlsx,8..,7,1,الرياض
Statistical-Yearbook-2023.xlsx,8..,7,10,Riyadh
Statistical-Yearbook-2023.xlsx,8..,8,1,مكة المكرمة
Statistical-Yearbook-2023.xlsx,8..,8,10,Makkah
Statistical-Yearbook-2023.xlsx,8..,9,1,المدينة المنورة
Statistical-Yearbook-2023.xlsx,8..,10,1,القصيم
Statistical-Yearbook-2023.xlsx,8..,11,1,الشرقية
Statistical-Yearbook-2023.xlsx,8..,11,10,Eastern
Statistical-Yearbook-2023.xlsx,8..,12,1,عسير
Statistical-Yearbook-2023.xlsx,8..,13,1,تبوك
Statistical-Yearbook-2023.xlsx,8..,14,1,حائل
Statistical-Yearbook-2023.xlsx,8..,15,1,الحدود الشمالية
Statistical-Yearbook-2023.xlsx,8..,15,10,Northern Borders
Statistical-Yearbook-2023.xlsx,8..,16,1,جازان
Statistical-Yearbook-2023.xlsx,8..,16,10,Jazan
Statistical-Yearbook-2023.xlsx,8..,17,1,نجران
Statistical-Yearbook-2023.xlsx,8..,17,10,Najran
Statistical-Yearbook-2023.xlsx,8..,18,1,الباحة
Statistical-Yearbook-2023.xlsx,8..,18,10,Al -Bahah
Statistical-Yearbook-2023.xlsx,8..,19,1,الجوف
Statistical-Yearbook-2023.xlsx,8..,19,10,Al-Jouf
Statistical-Yearbook-2023.xlsx,9..,6,1,الرياض
Statistical-Yearbook-2023.xlsx,9..,6,9,Riyadh
Statistical-Yearbook-2023.xlsx,9..,7,1,مكة المكرمة
Statistical-Yearbook-2023.xlsx,9..,7,9,Makkah
Statistical-Yearbook-2023.xlsx,9..,8,1,المدينة المنورة
Statistical-Yearbook-2023.xlsx,9..,9,1,القصيم
Statistical-Yearbook-2023.xlsx,9..,10,1,الشرقية
Statistical-Yearbook-2023.xlsx,9..,10,9,Eastern
Statistical-Yearbook-2023.xlsx,9..,11,1,عسير
Statistical-Yearbook-2023.xlsx,9..,12,1,تبوك
Statistical-Yearbook-2023.xlsx,9..,13,1,حائل
Statistical-Yearbook-2023.xlsx,9..,14,1,الحدود الشمالية
Statistical-Yearbook-2023.xlsx,9..,14,9,Northern Borders
Statistical-Yearbook-2023.xlsx,9..,15,1,جازان
Statistical-Yearbook-2023.xlsx,9..,15,9,jazan
Statistical-Yearbook-2023.xlsx,9..,16,1,نجران
Statistical-Yearbook-2023.xlsx,9..,16,9,Najran
Statistical-Yearbook-2023.xlsx,9..,17,1,الباحة
Statistical-Yearbook-2023.xlsx,9..,17,9,Al- Bahah
Statistical-Yearbook-2023.xlsx,9..,18,1,الجوف
Statistical-Yearbook-2023.xlsx,9..,18,9,Al-Jouf
Statistical-Yearbook-2023.xlsx,10..,14,1,وزارة الرياضة
Statistical-Yearbook-2023.xlsx,11..,6,1,الرياض
Statistical-Yearbook-2023.xlsx,11..,6,10,Riyadh
Statistical-Yearbook-2023.xlsx,11..,7,1,مكة المكرمة
Statistical-Yearbook-2023.xlsx,11..,7,10,Makkah
Statistical-Yearbook-2023.xlsx,11..,8,1,المدينة المنورة
Statistical-Yearbook-2023.xlsx,11..,9,1,الشرقية
Statistical-Yearbook-2023.xlsx,11..,9,10,Eastern
Statistical-Yearbook-2023.xlsx,11..,10,1,القصيم
Statistical-Yearbook-2023.xlsx,11..,11,1,تبوك
Statistical-Yearbook-2023.xlsx,11..,12,1,حائل
Statistical-Yearbook-2023.xlsx,11..,13,1,عسير
Statistical-Yearbook-2023.xlsx,11..,14,1,جازان
Statistical-Yearbook-2023.xlsx,11..,14,10,Jazan
Statistical-Yearbook-2023.xlsx,11..,15,1,نجران
Statistical-Yearbook-2023.xlsx,11..,15,10,Najran
Statistical-Yearbook-2023.xlsx,11..,16,1,الباحة
Statistical-Yearbook-2023.xlsx,11..,16,10,Al- Bahah
Statistical-Yearbook-2023.xlsx,11..,17,1,الجوف
Statistical-Yearbook-2023.xlsx,11..,17,10,Al-Jouf
Statistical-Yearbook-2023.xlsx,11..,18,1,الحدود الشمالية
Statistical-Yearbook-2023.xlsx,11..,18,10,Northern Borders
Statistical-Yearbook-2023.xlsx,13..,6,1,الرياض
Statistical-Yearbook-2023.xlsx,13..,6,7,Riyadh
Statistical-Yearbook-2023.xlsx,13..,10,1,المدينة المنورة
Statistical-Yearbook-2023.xlsx,13..,11,1,القصيم
Statistical-Yearbook-2023.xlsx,13..,12,1,الشرقية
Statistical-Yearbook-2023.xlsx,13..,12,7,Eastern
Statistical-Yearbook-2023.xlsx,13..,15,1,عسير
Statistical-Yearbook-2023.xlsx,13..,17,1,تبوك
Statistical-Yearbook-2023.xlsx,13..,18,1,حائل
Statistical-Yearbook-2023.xlsx,13..,19,1,الحدود الشمالية
Statistical-Yearbook-2023.xlsx,13..,19,7,Northern Borders
Statistical-Yearbook-2023.xlsx,13..,20,1,جازان
Statistical-Yearbook-2023.xlsx,13..,20,7,Jazan
Statistical-Yearbook-2023.xlsx,13..,21,1,نجران
Statistical-Yearbook-2023.xlsx,13..,21,7,Najran
Statistical-Yearbook-2023.xlsx,13..,22,1,الباحة
Statistical-Yearbook-2023.xlsx,13..,22,7,Al-Bahah
Statistical-Yearbook-2023.xlsx,13..,23,1,الجوف
Statistical-Yearbook-2023.xlsx,13..,23,7,Al-Jouf
Statistical-Yearbook-2023.xlsx,16..,6,1,الرياض
Statistical-Yearbook-2023.xlsx,16..,6,8,Riyadh
Statistical-Yearbook-2023.xlsx,16..,10,1,المدينة المنورة
Statistical-Yearbook-2023.xlsx,16..,11,1,القصيم
Statistical-Yearbook-2023.xlsx,16..,12,1,الشرقية
Statistical-Yearbook-2023.xlsx,16..,12,8,Eastern
Statistical-Yearbook-2023.xlsx,16..,15,1,عسير
Statistical-Yearbook-2023.xlsx,16..,17,1,تبوك
Statistical-Yearbook-2023.xlsx,16..,18,1,حائل
Statistical-Yearbook-2023.xlsx,16..,19,1,الحدود الشمالية
Statistical-Yearbook-2023.xlsx,16..,19,8,Northern Borders
Statistical-Yearbook-2023.xlsx,16..,20,1,جازان
Statistical-Yearbook-2023.xlsx,16..,20,8,Jazan
Statistical-Yearbook-2023.xlsx,16..,21,1,نجران
Statistical-Yearbook-2023.xlsx,16..,21,8,Najran
Statistical-Yearbook-2023.xlsx,16..,22,1,الباحة
Statistical-Yearbook-2023.xlsx,16..,22,8,Al-Bahah
Statistical-Yearbook-2023.xlsx,16..,23,1,الجوف
Statistical-Yearbook-2023.xlsx,16..,23,8,Al-Jouf
Statistical-Yearbook-2023.xlsx,17..,8,1,الرياض
Statistical-Yearbook-2023.xlsx,17..,8,14,Riyadh
Statistical-Yearbook-2023.xlsx,17..,12,1,المدينة المنورة
Statistical-Yearbook-2023.xlsx,17..,13,1,القصيم
Statistical-Yearbook-2023.xlsx,17..,14,1,الشرقية
Statistical-Yearbook-2023.xlsx,17..,14,14,Eastern
Statistical-Yearbook-2023.xlsx,17..,17,1,عسير
Statistical-Yearbook-2023.xlsx,17..,19,1,تبوك
Statistical-Yearbook-2023.xlsx,17..,20,1,حائل
Statistical-Yearbook-2023.xlsx,17..,21,1,الحدود الشمالية
Statistical-Yearbook-2023.xlsx,17..,21,14,Northern Borders
Statistical-Yearbook-2023.xlsx,17..,22,1,جازان
Statistical-Yearbook-2023.xlsx,17..,22,14,Jazan
Statistical-Yearbook-2023.xlsx,17..,23,1,نجران
Statistical-Yearbook-2023.xlsx,17..,23,14,Najran
Statistical-Yearbook-2023.xlsx,17..,24,1,الباحة
Statistical-Yearbook-2023.xlsx,17..,24,14,Al-Bahah
Statistical-Yearbook-2023.xlsx,17..,25,1,الجوف
Statistical-Yearbook-2023.xlsx,17..,25,14,Al-Jouf
Statistical-Yearbook-2023.xlsx,18.,6,1,الرياض
Statistical-Yearbook-2023.xlsx,18.,6,6,Riyadh
Statistical-Yearbook-2023.xlsx,18.,10,1,المدينة المنورة
Statistical-Yearbook-2023.xlsx,18.,11,1,القصيم
Statistical-Yearbook-2023.xlsx,18.,12,1,الشرقية
Statistical-Yearbook-2023.xlsx,18.,12,6,Eastern
Statistical-Yearbook-2023.xlsx,18.,15,1,عسير
Statistical-Yearbook-2023.xlsx,18.,17,1,تبوك
Statistical-Yearbook-2023.xlsx,18.,18,1,حائل
Statistical-Yearbook-2023.xlsx,18.,19,1,الحدود الشمالية
Statistical-Yearbook-2023.xlsx,18.,19,6,Northern Borders
Statistical-Yearbook-2023.xlsx,18.,20,1,جازان
Statistical-Yearbook-2023.xlsx,18.,20,6,Jazan
Statistical-Yearbook-2023.xlsx,18.,21,1,نجران
Statistical-Yearbook-2023.xlsx,18.,21,6,Najran
Statistical-Yearbook-2023.xlsx,18.,22,1,الباحة
Statistical-Yearbook-2023.xlsx,18.,22,6,Al-Bahah
Statistical-Yearbook-2023.xlsx,18.,23,1,الجوف
Statistical-Yearbook-2023.xlsx,18.,23,6,Al-Jouf
Statistical-Yearbook-2023.xlsx,19.,6,1,الرياض
Statistical-Yearbook-2023.xlsx,19.,6,8,Riyadh
Statistical-Yearbook-2023.xlsx,19.,10,1,المدينة المنورة
Statistical-Yearbook-2023.xlsx,19.,11,1,القصيم
Statistical-Yearbook-2023.xlsx,19.,12,1,الشرقية
Statistical-Yearbook-2023.xlsx,19.,12,8,Eastern
Statistical-Yearbook-2023.xlsx,19.,15,1,عسير
Statistical-Yearbook-2023.xlsx,19.,17,1,تبوك
Statistical-Yearbook-2023.xlsx,19.,18,1,حائل
Statistical-Yearbook-2023.xlsx,19.,19,1,الحدود الشمالية
Statistical-Yearbook-2023.xlsx,19.,19,8,Northern Borders
Statistical-Yearbook-2023.xlsx,19.,20,1,جازان
Statistical-Yearbook-2023.xlsx,19.,20,8,Jazan
Statistical-Yearbook-2023.xlsx,19.,21,1,نجران
Statistical-Yearbook-2023.xlsx,19.,21,8,Najran
Statistical-Yearbook-2023.xlsx,19.,22,1,الباحة
Statistical-Yearbook-2023.xlsx,19.,22,8,Al-Bahah
Statistical-Yearbook-2023.xlsx,19.,23,1,الجوف
Statistical-Yearbook-2023.xlsx,19.,23,8,Al-Jouf
Statistical-Yearbook-2023.xlsx,20.,7,1,الرياض
Statistical-Yearbook-2023.xlsx,20.,7,10,Riyadh
Statistical-Yearbook-2023.xlsx,20.,11,1,المدينة المنورة
Statistical-Yearbook-2023.xlsx,20.,12,1,القصيم
Statistical-Yearbook-2023.xlsx,20.,13,1,الشرقية
Statistical-Yearbook-2023.xlsx,20.,13,10,Eastern
Statistical-Yearbook-2023.xlsx,20.,16,1,عسير
Statistical-Yearbook-2023.xlsx,20.,18,1,تبوك
Statistical-Yearbook-2023.xlsx,20.,19,1,حائل
Statistical-Yearbook-2023.xlsx,20.,20,1,الحدود الشمالية
Statistical-Yearbook-2023.xlsx,20.,20,10,Northern Borders
Statistical-Yearbook-2023.xlsx,20.,21,1,جازان
Statistical-Yearbook-2023.xlsx,20.,21,10,Jazan
Statistical-Yearbook-2023.xlsx,20.,22,1,نجران
Statistical-Yearbook-2023.xlsx,20.,22,10,Najran
Statistical-Yearbook-2023.xlsx,20.,23,1,الباحة
Statistical-Yearbook-2023.xlsx,20.,23,10,Al-Bahah
Statistical-Yearbook-2023.xlsx,20.,24,1,الجوف
Statistical-Yearbook-2023.xlsx,20.,24,10,Al-Jouf
Statistical-Yearbook-2023.xlsx,21.,6,1,الرياض
Statistical-Yearbook-2023.xlsx,21.,6,8,Riyadh
Statistical-Yearbook-2023.xlsx,21.,10,1,المدينة المنورة
Statistical-Yearbook-2023.xlsx,21.,11,1,القصيم
Statistical-Yearbook-2023.xlsx,21.,12,1,الشرقية
Statistical-Yearbook-2023.xlsx,21.,12,8,Eastern
Statistical-Yearbook-2023.xlsx,21.,15,1,عسير
Statistical-Yearbook-2023.xlsx,21.,17,1,تبوك
Statistical-Yearbook-2023.xlsx,21.,18,1,حائل
Statistical-Yearbook-2023.xlsx,21.,19,1,الحدود الشمالية
Statistical-Yearbook-2023.xlsx,21.,19,8,Northern Borders
Statistical-Yearbook-2023.xlsx,21.,20,1,جازان
Statistical-Yearbook-2023.xlsx,21.,20,8,Jazan
Statistical-Yearbook-2023.xlsx,21.,21,1,نجران
Statistical-Yearbook-2023.xlsx,21.,21,8,Najran
Statistical-Yearbook-2023.xlsx,21.,22,1,الباحة
Statistical-Yearbook-2023.xlsx,21.,22,8,Al-Bahah
Statistical-Yearbook-2023.xlsx,21.,23,1,الجوف
Statistical-Yearbook-2023.xlsx,21.,23,8,Al-Jouf
Statistical-Yearbook-2023.xlsx,22.,6,1,الرياض
Statistical-Yearbook-2023.xlsx,22.,6,8,Riyadh
Statistical-Yearbook-2023.xlsx,22.,10,1,المدينة المنورة
Statistical-Yearbook-2023.xlsx,22.,11,1,القصيم
Statistical-Yearbook-2023.xlsx,22.,12,1,الشرقية
Statistical-Yearbook-2023.xlsx,22.,12,8,Eastern
Statistical-Yearbook-2023.xlsx,22.,15,1,عسير
Statistical-Yearbook-2023.xlsx,22.,17,1,تبوك
Statistical-Yearbook-2023.xlsx,22.,18,1,حائل
Statistical-Yearbook-2023.xlsx,22.,19,1,الحدود الشمالية
Statistical-Yearbook-2023.xlsx,22.,19,8,Northern Borders
Statistical-Yearbook-2023.xlsx,22.,20,1,جازان
Statistical-Yearbook-2023.xlsx,22.,20,8,Jazan
Statistical-Yearbook-2023.xlsx,22.,21,1,نجران
Statistical-Yearbook-2023.xlsx,22.,21,8,Najran
Statistical-Yearbook-2023.xlsx,22.,22,1,الباحة
Statistical-Yearbook-2023.xlsx,22.,22,8,Al-Bahah
Statistical-Yearbook-2023.xlsx,22.,23,1,الجوف
Statistical-Yearbook-2023.xlsx,22.,23,8,Al-Jouf
Statistical-Yearbook-2023.xlsx,23.,6,1,الرياض
Statistical-Yearbook-2023.xlsx,23.,6,5,Riyadh
Statistical-Yearbook-2023.xlsx,23.,10,1,المدينة المنورة
Statistical-Yearbook-2023.xlsx,23.,11,1,القصيم
Statistical-Yearbook-2023.xlsx,23.,12,1,الشرقية
Statistical-Yearbook-2023.xlsx,23.,12,5,Eastern
Statistical-Yearbook-2023.xlsx,23.,15,1,عسير
Statistical-Yearbook-2023.xlsx,23.,17,1,تبوك
Statistical-Yearbook-2023.xlsx,23.,18,1,حائل
Statistical-Yearbook-2023.xlsx,23.,19,1,الحدود الشمالية
Statistical-Yearbook-2023.xlsx,23.,19,5,Northern Borders
Statistical-Yearbook-2023.xlsx,23.,20,1,جازان
Statistical-Yearbook-2023.xlsx,23.,20,5,Jazan
Statistical-Yearbook-2023.xlsx,23.,21,1,نجران
Statistical-Yearbook-2023.xlsx,23.,21,5,Najran
Statistical-Yearbook-2023.xlsx,23.,22,1,الباحة
Statistical-Yearbook-2023.xlsx,23.,22,5,Al-Bahah
Statistical-Yearbook-2023.xlsx,23.,23,1,الجوف
Statistical-Yearbook-2023.xlsx,23.,23,5,Al-Jouf
Statistical-Yearbook-2023.xlsx,26.,8,1,الرياض
Statistical-Yearbook-2023.xlsx,26.,8,13,Riyadh
Statistical-Yearbook-2023.xlsx,26.,12,1,المدينة المنورة
Statistical-Yearbook-2023.xlsx,26.,13,1,القصيم
Statistical-Yearbook-2023.xlsx,26.,14,1,الشرقية
Statistical-Yearbook-2023.xlsx,26.,14,13,Eastern
Statistical-Yearbook-2023.xlsx,26.,17,1,عسير
Statistical-Yearbook-2023.xlsx,26.,19,1,تبوك
Statistical-Yearbook-2023.xlsx,26.,20,1,حائل
Statistical-Yearbook-2023.xlsx,26.,21,1,الحدود الشمالية
Statistical-Yearbook-2023.xlsx,26.,21,13,Northern Borders
Statistical-Yearbook-2023.xlsx,26.,22,1,جازان
Statistical-Yearbook-2023.xlsx,26.,22,13,Jazan
Statistical-Yearbook-2023.xlsx,26.,23,1,نجران
Statistical-Yearbook-2023.xlsx,26.,23,13,Najran
Statistical-Yearbook-2023.xlsx,26.,24,1,الباحة
Statistical-Yearbook-2023.xlsx,26.,24,13,Al-Bahah
Statistical-Yearbook-2023.xlsx,26.,25,1,الجوف
Statistical-Yearbook-2023.xlsx,26.,25,13,Al-Jouf
Statistical-Yearbook-2023.xlsx,28.,8,1,الرياض
Statistical-Yearbook-2023.xlsx,28.,8,5,Riyadh
Statistical-Yearbook-2023.xlsx,28.,12,1,المدينة المنورة
Statistical-Yearbook-2023.xlsx,28.,13,1,القصيم
Statistical-Yearbook-2023.xlsx,28.,14,1,الشرقية
Statistical-Yearbook-2023.xlsx,28.,14,5,Eastern
Statistical-Yearbook-2023.xlsx,28.,17,1,عسير
Statistical-Yearbook-2023.xlsx,28.,19,1,تبوك
Statistical-Yearbook-2023.xlsx,28.,20,1,حائل
Statistical-Yearbook-2023.xlsx,28.,21,1,الحدود الشمالية
Statistical-Yearbook-2023.xlsx,28.,21,5,Northern Borders
Statistical-Yearbook-2023.xlsx,28.,22,1,جازان
Statistical-Yearbook-2023.xlsx,28.,22,5,Jazan
Statistical-Yearbook-2023.xlsx,28.,23,1,نجران
Statistical-Yearbook-2023.xlsx,28.,23,5,Najran
Statistical-Yearbook-2023.xlsx,28.,24,1,الباحة
Statistical-Yearbook-2023.xlsx,28.,24,5,Al-Bahah
Statistical-Yearbook-2023.xlsx,28.,25,1,الجوف
Statistical-Yearbook-2023.xlsx,28.,25,5,Al-Jouf
Statistical-Yearbook-2023.xlsx,29.,8,1,الرياض
Statistical-Yearbook-2023.xlsx,29.,8,15,Riyadh
Statistical-Yearbook-2023.xlsx,29.,12,1,المدينة المنورة
Statistical-Yearbook-2023.xlsx,29.,13,1,القصيم
Statistical-Yearbook-2023.xlsx,29.,14,1,الشرقية
Statistical-Yearbook-2023.xlsx,29.,14,15,Eastern
Statistical-Yearbook-2023.xlsx,29.,17,1,عسير
Statistical-Yearbook-2023.xlsx,29.,19,1,تبوك
Statistical-Yearbook-2023.xlsx,29.,20,1,حائل
Statistical-Yearbook-2023.xlsx,29.,21,1,الحدود الشمالية
Statistical-Yearbook-2023.xlsx,29.,21,15,Northern Borders
Statistical-Yearbook-2023.xlsx,29.,22,1,جازان
Statistical-Yearbook-2023.xlsx,29.,22,15,Jazan
Statistical-Yearbook-2023.xlsx,29.,23,1,نجران
Statistical-Yearbook-2023.xlsx,29.,23,15,Najran
Statistical-Yearbook-2023.xlsx,29.,24,1,الباحة
Statistical-Yearbook-2023.xlsx,29.,24,15,Al-Bahah
Statistical-Yearbook-2023.xlsx,29.,25,1,الجوف
Statistical-Yearbook-2023.xlsx,29.,25,15,Al-Jouf
Statistical-Yearbook-2023.xlsx,31.,1,1,الأنشطة والخدمات الرئيسية بمستشفى الملك خالد التخصصي للعيون بالرياض في الأعوام الخمسة الأخيرة
Statistical-Yearbook-2023.xlsx,32.,4,2,الرياض
Statistical-Yearbook-2023.xlsx,32.,4,10,المدينة المنورة
Statistical-Yearbook-2023.xlsx,32.,5,2,Riyadh
Statistical-Yearbook-2023.xlsx,32.,5,10,Madinah
Statistical-Yearbook-2023.xlsx,33.,4,2,"الرياض
Riyadh"
Statistical-Yearbook-2023.xlsx,33.,4,6,"المدينة المنورة
Madinah"
Statistical-Yearbook-2023.xlsx,36.,8,1,الرياض
Statistical-Yearbook-2023.xlsx,36.,8,8,Riyadh
Statistical-Yearbook-2023.xlsx,36.,12,1,المدينة المنورة
Statistical-Yearbook-2023.xlsx,36.,13,1,القصيم
Statistical-Yearbook-2023.xlsx,36.,14,1,الشرقية
Statistical-Yearbook-2023.xlsx,36.,14,8,Eastern
Statistical-Yearbook-2023.xlsx,36.,17,1,عسير
Statistical-Yearbook-2023.xlsx,36.,19,1,تبوك
Statistical-Yearbook-2023.xlsx,36.,20,1,حائل
Statistical-Yearbook-2023.xlsx,36.,21,1,الحدود الشمالية
Statistical-Yearbook-2023.xlsx,36.,21,8,Northern Borders Border
Statistical-Yearbook-2023.xlsx,36.,22,1,جازان
Statistical-Yearbook-2023.xlsx,36.,22,8,Jazan
Statistical-Yearbook-2023.xlsx,36.,23,1,نجران
Statistical-Yearbook-2023.xlsx,36.,23,8,Najran
Statistical-Yearbook-2023.xlsx,36.,24,1,الباحة
Statistical-Yearbook-2023.xlsx,36.,24,8,Al-Baha
Statistical-Yearbook-2023.xlsx,36.,25,1,الجوف
Statistical-Yearbook-2023.xlsx,36.,25,8,Jouf
Statistical-Yearbook-2023.xlsx,38.,13,1,وزارة الرياضة
Statistical-Yearbook-2023.xlsx,40.,6,1,الرياض
Statistical-Yearbook-2023.xlsx,40.,6,4,Riyadh
Statistical-Yearbook-2023.xlsx,40.,10,1,المدينة المنورة
Statistical-Yearbook-2023.xlsx,40.,11,1,القصيم
Statistical-Yearbook-2023.xlsx,40.,12,1,الشرقية
Statistical-Yearbook-2023.xlsx,40.,12,4,Eastern
Statistical-Yearbook-2023.xlsx,40.,15,1,عسير
Statistical-Yearbook-2023.xlsx,40.,17,1,تبوك
Statistical-Yearbook-2023.xlsx,40.,18,1,حائل
Statistical-Yearbook-2023.xlsx,40.,19,1,الحدود الشمالية
Statistical-Yearbook-2023.xlsx,40.,19,4,Northern Borders
Statistical-Yearbook-2023.xlsx,40.,20,1,جازان
Statistical-Yearbook-2023.xlsx,40.,20,4,Jazan
Statistical-Yearbook-2023.xlsx,40.,21,1,نجران
Statistical-Yearbook-2023.xlsx,40.,21,4,Najran
Statistical-Yearbook-2023.xlsx,40.,22,1,الباحة
Statistical-Yearbook-2023.xlsx,40.,22,4,Al-Bahah
Statistical-Yearbook-2023.xlsx,40.,23,1,الجوف
Statistical-Yearbook-2023.xlsx,40.,23,4,Al-Jouf
Statistical-Yearbook-2023.xlsx,40.,28,1,الرياض
Statistical-Yearbook-2023.xlsx,41.,8,1,الرياض
Statistical-Yearbook-2023.xlsx,41.,8,20,Riyadh
Statistical-Yearbook-2023.xlsx,41.,12,1,المدينة المنورة
Statistical-Yearbook-2023.xlsx,41.,13,1,القصيم
Statistical-Yearbook-2023.xlsx,41.,14,1,الشرقية
Statistical-Yearbook-2023.xlsx,41.,14,20,Eastern
Statistical-Yearbook-2023.xlsx,41.,17,1,عسير
Statistical-Yearbook-2023.xlsx,41.,19,1,تبوك
Statistical-Yearbook-2023.xlsx,41.,20,1,حائل
Statistical-Yearbook-2023.xlsx,41.,21,1,الحدود الشمالية
Statistical-Yearbook-2023.xlsx,41.,21,20,Northern Borders
Statistical-Yearbook-2023.xlsx,41.,22,1,جازان
Statistical-Yearbook-2023.xlsx,41.,22,20,Jazan
Statistical-Yearbook-2023.xlsx,41.,23,1,نجران
Statistical-Yearbook-2023.xlsx,41.,23,20,Najran
Statistical-Yearbook-2023.xlsx,41.,24,1,الباحة
Statistical-Yearbook-2023.xlsx,41.,24,20,Al-Bahah
Statistical-Yearbook-2023.xlsx,41.,25,1,الجوف
Statistical-Yearbook-2023.xlsx,41.,25,20,Al-Jouf
Statistical-Yearbook-2023.xlsx,45.,6,1,الرياض
Statistical-Yearbook-2023.xlsx,45.,6,7,Riyadh
Statistical-Yearbook-2023.xlsx,45.,9,1,المدينة المنورة
Statistical-Yearbook-2023.xlsx,45.,10,1,القصيم
Statistical-Yearbook-2023.xlsx,45.,11,1,الشرقية
Statistical-Yearbook-2023.xlsx,45.,11,7,Eastern
Statistical-Yearbook-2023.xlsx,45.,12,1,عسير
Statistical-Yearbook-2023.xlsx,45.,13,1,تبوك
Statistical-Yearbook-2023.xlsx,45.,14,1,جازان
Statistical-Yearbook-2023.xlsx,45.,14,7,Jazan
Statistical-Yearbook-2023.xlsx,45.,15,1,الباحة
Statistical-Yearbook-2023.xlsx,45.,15,7,Albaha
Statistical-Yearbook-2023.xlsx,46.,6,1,الرياض
Statistical-Yearbook-2023.xlsx,46.,6,5,Riyadh
Statistical-Yearbook-2023.xlsx,46.,10,1,المدينة المنورة
Statistical-Yearbook-2023.xlsx,46.,11,1,القصيم
Statistical-Yearbook-2023.xlsx,46.,12,1,الشرقية
Statistical-Yearbook-2023.xlsx,46.,12,5,Eastern
Statistical-Yearbook-2023.xlsx,46.,15,1,عسير
Statistical-Yearbook-2023.xlsx,46.,17,1,تبوك
Statistical-Yearbook-2023.xlsx,46.,18,1,حائل
Statistical-Yearbook-2023.xlsx,46.,19,1,الحدود الشمالية
Statistical-Yearbook-2023.xlsx,46.,19,5,Northern Borders
Statistical-Yearbook-2023.xlsx,46.,20,1,جازان
Statistical-Yearbook-2023.xlsx,46.,20,5,Jazan
Statistical-Yearbook-2023.xlsx,46.,21,1,نجران
Statistical-Yearbook-2023.xlsx,46.,21,5,Najran
Statistical-Yearbook-2023.xlsx,46.,22,1,الباحة
Statistical-Yearbook-2023.xlsx,46.,22,5,Al-Bahah
Statistical-Yearbook-2023.xlsx,46.,23,1,الجوف
Statistical-Yearbook-2023.xlsx,46.,23,5,Al-Jouf
Statistical-Yearbook-2023.xlsx,49.,7,1,الرياض
Statistical-Yearbook-2023.xlsx,49.,7,8,Riyadh
Statistical-Yearbook-2023.xlsx,49.,11,1,المدينة المنورة
Statistical-Yearbook-2023.xlsx,49.,12,1,القصيم
Statistical-Yearbook-2023.xlsx,49.,13,1,الشرقية
Statistical-Yearbook-2023.xlsx,49.,13,8,Eastern
Statistical-Yearbook-2023.xlsx,49.,16,1,عسير
Statistical-Yearbook-2023.xlsx,49.,18,1,تبوك
Statistical-Yearbook-2023.xlsx,49.,19,1,حائل
Statistical-Yearbook-2023.xlsx,49.,20,1,الحدود الشمالية
Statistical-Yearbook-2023.xlsx,49.,20,8,Northern Borders
Statistical-Yearbook-2023.xlsx,49.,21,1,جازان
Statistical-Yearbook-2023.xlsx,49.,21,8,Jazan
Statistical-Yearbook-2023.xlsx,49.,22,1,نجران
Statistical-Yearbook-2023.xlsx,49.,22,8,Najran
Statistical-Yearbook-2023.xlsx,49.,23,1,الباحة
Statistical-Yearbook-2023.xlsx,49.,23,8,Al-Bahah
Statistical-Yearbook-2023.xlsx,49.,24,1,الجوف
Statistical-Yearbook-2023.xlsx,49.,24,8,Al-Jouf
Statistical-Yearbook-2023.xlsx,50.,8,1,الرياض
Statistical-Yearbook-2023.xlsx,50.,8,8,Riyadh
Statistical-Yearbook-2023.xlsx,50.,12,1,المدينة المنورة
Statistical-Yearbook-2023.xlsx,50.,13,1,القصيم
Statistical-Yearbook-2023.xlsx,50.,14,1,الشرقية
Statistical-Yearbook-2023.xlsx,50.,14,8,Eastern
Statistical-Yearbook-2023.xlsx,50.,16,1,عسير
Statistical-Yearbook-2023.xlsx,50.,17,1,تبوك
Statistical-Yearbook-2023.xlsx,50.,18,1,حائل
Statistical-Yearbook-2023.xlsx,50.,19,1,جازان
Statistical-Yearbook-2023.xlsx,50.,19,8,Jazan
Statistical-Yearbook-2023.xlsx,50.,20,1,نجران
Statistical-Yearbook-2023.xlsx,50.,20,8,Najran
Statistical-Yearbook-2023.xlsx,50.,21,1,الباحة
Statistical-Yearbook-2023.xlsx,50.,21,8,Al-Bahah
Statistical-Yearbook-2023.xlsx,50.,22,1,الجوف
Statistical-Yearbook-2023.xlsx,50.,22,8,Al-Jouf
Statistical-Yearbook-2023.xlsx,51.,7,1,الرياض
Statistical-Yearbook-2023.xlsx,51.,7,7,Riyadh
Statistical-Yearbook-2023.xlsx,51.,11,1,المدينة المنورة
Statistical-Yearbook-2023.xlsx,51.,12,1,القصيم
Statistical-Yearbook-2023.xlsx,51.,13,1,الشرقية
Statistical-Yearbook-2023.xlsx,51.,13,7,Eastern
Statistical-Yearbook-2023.xlsx,51.,15,1,عسير
Statistical-Yearbook-2023.xlsx,51.,16,1,تبوك
Statistical-Yearbook-2023.xlsx,51.,17,1,حائل
Statistical-Yearbook-2023.xlsx,51.,18,1,جازان
Statistical-Yearbook-2023.xlsx,51.,18,7,Jazan
Statistical-Yearbook-2023.xlsx,51.,19,1,نجران
Statistical-Yearbook-2023.xlsx,51.,19,7,Najran
Statistical-Yearbook-2023.xlsx,51.,20,1,الباحة
Statistical-Yearbook-2023.xlsx,51.,20,7,Al-Bahah
Statistical-Yearbook-2023.xlsx,51.,21,1,الجوف
Statistical-Yearbook-2023.xlsx,51.,21,7,Al-Jouf
Statistical-Yearbook-2023.xlsx,52.,4,2,التجمع الأول بالرياض
Statistical-Yearbook-2023.xlsx,52.,4,3,التجمع الثاني بالرياض
Statistical-Yearbook-2023.xlsx,52.,4,4,التجمع الثالث بالرياض
Statistical-Yearbook-2023.xlsx,52.,4,9,المدينة المنورة
Statistical-Yearbook-2023.xlsx,52.,4,10,القصيم
Statistical-Yearbook-2023.xlsx,52.,4,11,الشرقية
Statistical-Yearbook-2023.xlsx,52.,4,14,عسير
Statistical-Yearbook-2023.xlsx,52.,4,16,تبوك
Statistical-Yearbook-2023.xlsx,52.,4,17,حائل
Statistical-Yearbook-2023.xlsx,52.,4,18,الحدود الشمالية
Statistical-Yearbook-2023.xlsx,52.,4,19,جازان
Statistical-Yearbook-2023.xlsx,52.,4,20,نجران
Statistical-Yearbook-2023.xlsx,52.,4,21,الباحة
Statistical-Yearbook-2023.xlsx,52.,4,22,الجوف*
Statistical-Yearbook-2023.xlsx,52.,5,2,Riyadh Cluster I
Statistical-Yearbook-2023.xlsx,52.,5,3,Riyadh Cluster II
Statistical-Yearbook-2023.xlsx,52.,5,4,Riyadh Cluster III
Statistical-Yearbook-2023.xlsx,52.,5,11,Eastern
Statistical-Yearbook-2023.xlsx,52.,5,18,Northern Borders
Statistical-Yearbook-2023.xlsx,52.,5,19,Jazan
Statistical-Yearbook-2023.xlsx,52.,5,20,Najran
Statistical-Yearbook-2023.xlsx,52.,5,21,Al-Bahah
Statistical-Yearbook-2023.xlsx,52.,5,22,Al-Jouf*
Statistical-Yearbook-2023.xlsx,52.,6,1,التجمع الأول بالرياض
Statistical-Yearbook-2023.xlsx,52.,6,25,Riyadh Cluster I
Statistical-Yearbook-2023.xlsx,52.,7,1,التجمع الثاني بالرياض
Statistical-Yearbook-2023.xlsx,52.,7,25,Riyadh Cluster II
Statistical-Yearbook-2023.xlsx,52.,8,1,التجمع الثالث بالرياض
Statistical-Yearbook-2023.xlsx,52.,8,25,Riyadh Cluster III
Statistical-Yearbook-2023.xlsx,52.,13,1,المدينة المنورة
Statistical-Yearbook-2023.xlsx,52.,14,1,القصيم
Statistical-Yearbook-2023.xlsx,52.,15,1,الشرقية
Statistical-Yearbook-2023.xlsx,52.,15,25,Eastern
Statistical-Yearbook-2023.xlsx,52.,18,1,عسير
Statistical-Yearbook-2023.xlsx,52.,20,1,تبوك
Statistical-Yearbook-2023.xlsx,52.,21,1,حائل
Statistical-Yearbook-2023.xlsx,52.,22,1,الحدود الشمالية
Statistical-Yearbook-2023.xlsx,52.,22,25,Northern Borders
Statistical-Yearbook-2023.xlsx,52.,23,1,جازان
Statistical-Yearbook-2023.xlsx,52.,23,25,Jazan
Statistical-Yearbook-2023.xlsx,52.,24,1,نجران
Statistical-Yearbook-2023.xlsx,52.,24,25,Najran
Statistical-Yearbook-2023.xlsx,52.,25,1,الباحة
Statistical-Yearbook-2023.xlsx,52.,25,25,Al-Bahah
Statistical-Yearbook-2023.xlsx,52.,26,1,الجوف*
Statistical-Yearbook-2023.xlsx,52.,26,25,Al-Jouf
Statistical-Yearbook-2023.xlsx,55,6,1,الرياض
Statistical-Yearbook-2023.xlsx,55,6,10,Riyadh
Statistical-Yearbook-2023.xlsx,55,10,1,المدينة المنورة
Statistical-Yearbook-2023.xlsx,55,11,1,القصيم
Statistical-Yearbook-2023.xlsx,55,12,1,الشرقية
Statistical-Yearbook-2023.xlsx,55,12,10,Eastern
Statistical-Yearbook-2023.xlsx,55,15,1,عسير
Statistical-Yearbook-2023.xlsx,55,17,1,تبوك
Statistical-Yearbook-2023.xlsx,55,18,1,حائل
Statistical-Yearbook-2023.xlsx,55,19,1,الحدود الشمالية
Statistical-Yearbook-2023.xlsx,55,19,10,Northern Borders
Statistical-Yearbook-2023.xlsx,55,20,1,جازان
Statistical-Yearbook-2023.xlsx,55,20,10,Jazan
Statistical-Yearbook-2023.xlsx,55,21,1,نجران
Statistical-Yearbook-2023.xlsx,55,21,10,Najran
Statistical-Yearbook-2023.xlsx,55,22,1,الباحة
Statistical-Yearbook-2023.xlsx,55,22,10,Al-Bahah
Statistical-Yearbook-2023.xlsx,55,23,1,الجوف
Statistical-Yearbook-2023.xlsx,55,23,10,Al-Jouf
Statistical-Yearbook-2023.xlsx,56,6,1,الرياض
Statistical-Yearbook-2023.xlsx,56,6,7,Riyadh
Statistical-Yearbook-2023.xlsx,56,10,1,المدينة المنورة
Statistical-Yearbook-2023.xlsx,56,11,1,القصيم
Statistical-Yearbook-2023.xlsx,56,12,1,الشرقية
Statistical-Yearbook-2023.xlsx,56,12,7,Eastern
Statistical-Yearbook-2023.xlsx,56,15,1,عسير
Statistical-Yearbook-2023.xlsx,56,17,1,تبوك
Statistical-Yearbook-2023.xlsx,56,18,1,حائل
Statistical-Yearbook-2023.xlsx,56,19,1,الحدود الشمالية
Statistical-Yearbook-2023.xlsx,56,19,7,Northern Borders
Statistical-Yearbook-2023.xlsx,56,20,1,جازان
Statistical-Yearbook-2023.xlsx,56,20,7,Jazan
Statistical-Yearbook-2023.xlsx,56,21,1,نجران
Statistical-Yearbook-2023.xlsx,56,21,7,Najran
Statistical-Yearbook-2023.xlsx,56,22,1,الباحة
Statistical-Yearbook-2023.xlsx,56,22,7,Al-Bahah
Statistical-Yearbook-2023.xlsx,56,23,1,الجوف
Statistical-Yearbook-2023.xlsx,56,23,7,Al-Jouf
Statistical-Yearbook-2023.xlsx,59,7,1,الرياض
Statistical-Yearbook-2023.xlsx,59,7,9,Riyadh
Statistical-Yearbook-2023.xlsx,59,11,1,المدينة المنورة
Statistical-Yearbook-2023.xlsx,59,12,1,القصيم
Statistical-Yearbook-2023.xlsx,59,13,1,الشرقية
Statistical-Yearbook-2023.xlsx,59,13,9,Eastern
Statistical-Yearbook-2023.xlsx,59,16,1,عسير
Statistical-Yearbook-2023.xlsx,59,18,1,تبوك
Statistical-Yearbook-2023.xlsx,59,19,1,حائل
Statistical-Yearbook-2023.xlsx,59,20,1,الحدود الشمالية
Statistical-Yearbook-2023.xlsx,59,20,9,Northern Borders Border
Statistical-Yearbook-2023.xlsx,59,21,1,جازان
Statistical-Yearbook-2023.xlsx,59,21,9,Jazan
Statistical-Yearbook-2023.xlsx,59,22,1,نجران
Statistical-Yearbook-2023.xlsx,59,22,9,Najran
Statistical-Yearbook-2023.xlsx,59,23,1,الباحة
Statistical-Yearbook-2023.xlsx,59,23,9,Al-Baha
Statistical-Yearbook-2023.xlsx,59,24,1,الجوف*
Statistical-Yearbook-2023.xlsx,59,24,9,Jouf*
Statistical-Yearbook-2023.xlsx,60,7,1,الرياض
Statistical-Yearbook-2023.xlsx,60,7,6,Riyadh
Statistical-Yearbook-2023.xlsx,60,11,1,المدينة المنورة
Statistical-Yearbook-2023.xlsx,60,12,1,القصيم
Statistical-Yearbook-2023.xlsx,60,13,1,الشرقية
Statistical-Yearbook-2023.xlsx,60,13,6,Eastern
Statistical-Yearbook-2023.xlsx,60,16,1,عسير
Statistical-Yearbook-2023.xlsx,60,18,1,تبوك
Statistical-Yearbook-2023.xlsx,60,19,1,حائل
Statistical-Yearbook-2023.xlsx,60,20,1,الحدود الشمالية
Statistical-Yearbook-2023.xlsx,60,20,6,Northern Borders Border
Statistical-Yearbook-2023.xlsx,60,21,1,جازان
Statistical-Yearbook-2023.xlsx,60,21,6,Jazan
Statistical-Yearbook-2023.xlsx,60,22,1,نجران
Statistical-Yearbook-2023.xlsx,60,22,6,Najran
Statistical-Yearbook-2023.xlsx,60,23,1,الباحة
Statistical-Yearbook-2023.xlsx,60,23,6,Al-Baha
Statistical-Yearbook-2023.xlsx,60,24,1,الجوف
Statistical-Yearbook-2023.xlsx,60,24,6,Jouf
Statistical-Yearbook-2023.xlsx,5-2,4,2,مكة المكرمة
Statistical-Yearbook-2023.xlsx,5-2,4,4,المدينة المنورة
Statistical-Yearbook-2023.xlsx,5-2,5,2,Makkah
Statistical-Yearbook-2023.xlsx,5-5,5,1,مكة المكرمة
Statistical-Yearbook-2023.xlsx,5-5,5,7,Makkah
Statistical-Yearbook-2023.xlsx,5-5,6,1,المدينة المنورة
Statistical-Yearbook-2023.xlsx,5-5,6,7,Madinah
Statistical-Yearbook-2023.xlsx,5-6,5,1,مكة المكرمة
Statistical-Yearbook-2023.xlsx,5-6,5,7,Makkah
Statistical-Yearbook-2023.xlsx,5-6,6,1,المدينة المنورة
Statistical-Yearbook-2023.xlsx,5-6,6,7,Madinah
Statistical-Yearbook-2023.xlsx,5-7,5,1,مكة المكرمة
Statistical-Yearbook-2023.xlsx,5-7,5,7,Makkah
Statistical-Yearbook-2023.xlsx,5-7,6,1,المدينة المنورة
Statistical-Yearbook-2023.xlsx,5-7,6,7,Madinah
Statistical-Yearbook-2023.xlsx,5-8,5,1,مكة المكرمة
Statistical-Yearbook-2023.xlsx,5-8,5,7,Makkah
Statistical-Yearbook-2023.xlsx,5-8,6,1,المدينة المنورة
Statistical-Yearbook-2023.xlsx,5-8,6,7,Madinah
Statistical-Yearbook-2023.xlsx,5-9,5,1,مكة المكرمة
Statistical-Yearbook-2023.xlsx,5-9,5,7,Makkah
Statistical-Yearbook-2023.xlsx,5-9,6,1,المدينة المنورة
Statistical-Yearbook-2023.xlsx,5-9,6,7,Madinah
Statistical-Yearbook-2023.xlsx,5-10,5,1,مكة المكرمة
Statistical-Yearbook-2023.xlsx,5-10,5,7,Makkah
Statistical-Yearbook-2023.xlsx,5-10,6,1,المدينة المنورة
Statistical-Yearbook-2023.xlsx,5-10,6,7,Madinah
Statistical-Yearbook-2023.xlsx,5-11,5,1,مكة المكرمة
Statistical-Yearbook-2023.xlsx,5-11,5,7,Makkah
Statistical-Yearbook-2023.xlsx,5-11,6,1,المدينة المنورة
Statistical-Yearbook-2023.xlsx,5-11,6,7,Madinah
Statistical-Yearbook-2023.xlsx,5-12,5,1,مكة المكرمة
Statistical-Yearbook-2023.xlsx,5-12,5,7,Makkah
Statistical-Yearbook-2023.xlsx,5-12,6,1,المدينة المنورة
Statistical-Yearbook-2023.xlsx,5-12,6,7,Madinah
Statistical-Yearbook-2023.xlsx,5-13,5,1,مكة المكرمة
Statistical-Yearbook-2023.xlsx,5-13,5,7,Makkah
Statistical-Yearbook-2023.xlsx,5-13,6,1,المدينة المنورة
Statistical-Yearbook-2023.xlsx,5-13,6,7,Madinah
Statistical-Yearbook-2023.xlsx,5-14,5,1,مكة المكرمة
Statistical-Yearbook-2023.xlsx,5-14,5,7,Makkah
Statistical-Yearbook-2023.xlsx,5-14,6,1,المدينة المنورة
Statistical-Yearbook-2023.xlsx,5-14,6,7,Madinah
Statistical-Yearbook-2023.xlsx,5-15,5,1,مكة المكرمة
Statistical-Yearbook-2023.xlsx,5-15,5,7,Makkah
Statistical-Yearbook-2023.xlsx,5-15,6,1,المدينة المنورة
Statistical-Yearbook-2023.xlsx,5-15,6,7,Madinah
Statistical-Yearbook-2023.xlsx,5-16,5,1,مكة المكرمة
Statistical-Yearbook-2023.xlsx,5-16,5,7,Makkah
Statistical-Yearbook-2023.xlsx,5-16,6,1,المدينة المنورة
Statistical-Yearbook-2023.xlsx,5-16,6,7,Madinah
Statistical-Yearbook-2024.xlsx,المناطق عربي,3,2,الرياض
Statistical-Yearbook-2024.xlsx,المناطق عربي,3,3,الرياض
Statistical-Yearbook-2024.xlsx,المناطق عربي,3,4,فرع الوزارة بمنطقة الرياض
Statistical-Yearbook-2024.xlsx,المناطق عربي,3,5,جميع محافظات منطقة الرياض
Statistical-Yearbook-2024.xlsx,المناطق عربي,3,6,تجمع الرياض الصحي الأول
Statistical-Yearbook-2024.xlsx,المناطق عربي,4,6,تجمع الرياض الصحي الثاني
Statistical-Yearbook-2024.xlsx,المناطق عربي,5,6,تجمع الرياض الصحي الثالث
Statistical-Yearbook-2024.xlsx,المناطق عربي,6,3,مكة المكرمة
Statistical-Yearbook-2024.xlsx,المناطق عربي,6,4,فرع  الوزارة بمنطقة مكة المكرمة
Statistical-Yearbook-2024.xlsx,المناطق عربي,6,5,مكة المكرمة (مقر الإمارة) ومحافظات الجموم وخليص والكامل وبحرة
Statistical-Yearbook-2024.xlsx,المناطق عربي,6,6,تجمع مكة المكرمة الصحي
Statistical-Yearbook-2024.xlsx,المناطق عربي,11,2,المدينة المنورة
Statistical-Yearbook-2024.xlsx,المناطق عربي,11,3,المدينة المنورة
Statistical-Yearbook-2024.xlsx,المناطق عربي,11,4,فرع الوزارة بمنطقة المدينة المنورة
Statistical-Yearbook-2024.xlsx,المناطق عربي,11,5,جميع محافظات منطقة المدينة المنورة
Statistical-Yearbook-2024.xlsx,المناطق عربي,11,6,تجمع المدينة المنورة الصحي
Statistical-Yearbook-2024.xlsx,المناطق عربي,12,2,القصيم
Statistical-Yearbook-2024.xlsx,المناطق عربي,12,3,القصيم
Statistical-Yearbook-2024.xlsx,المناطق عربي,12,4,فرع  الوزارة بمنطقة القصيم
Statistical-Yearbook-2024.xlsx,المناطق عربي,12,5,جميع محافظات منطقة القصيم
Statistical-Yearbook-2024.xlsx,المناطق عربي,12,6,تجمع القصيم الصحي
Statistical-Yearbook-2024.xlsx,المناطق عربي,13,2,الشرقية
Statistical-Yearbook-2024.xlsx,المناطق عربي,13,3,الشرقية
Statistical-Yearbook-2024.xlsx,المناطق عربي,13,4,فرع  الوزارة بالمنطقة الشرقية
Statistical-Yearbook-2024.xlsx,المناطق عربي,13,5,جميع محافظات المنطقة الشرقية عدا محافظتي الأحساء وحفر الباطن
Statistical-Yearbook-2024.xlsx,المناطق عربي,13,6,تجمع الشرقية الصحي
Statistical-Yearbook-2024.xlsx,المناطق عربي,16,2,عسير
Statistical-Yearbook-2024.xlsx,المناطق عربي,16,3,عسير
Statistical-Yearbook-2024.xlsx,المناطق عربي,16,4,فرع  الوزارة بمنطقة عسير
Statistical-Yearbook-2024.xlsx,المناطق عربي,16,5,جميع محافظات منطقة عسير عدا محافظات بيشىة وتثليث وبالقرن والأمواه
Statistical-Yearbook-2024.xlsx,المناطق عربي,16,6,تجمع عسير الصحي
Statistical-Yearbook-2024.xlsx,المناطق عربي,18,2,تبوك
Statistical-Yearbook-2024.xlsx,المناطق عربي,18,3,تبوك
Statistical-Yearbook-2024.xlsx,المناطق عربي,18,4,فرع  الوزارة بمنطقة تبوك
Statistical-Yearbook-2024.xlsx,المناطق عربي,18,5,جميع محافظات منطقة تبوك
Statistical-Yearbook-2024.xlsx,المناطق عربي,18,6,تجمع تبوك الصحي
Statistical-Yearbook-2024.xlsx,المناطق عربي,19,2,حائل
Statistical-Yearbook-2024.xlsx,المناطق عربي,19,3,حائل
Statistical-Yearbook-2024.xlsx,المناطق عربي,19,4,فرع  الوزارة بمنطقة حائل
Statistical-Yearbook-2024.xlsx,المناطق عربي,19,5,جميع محافظات منطقة حائل
Statistical-Yearbook-2024.xlsx,المناطق عربي,19,6,تجمع حائل الصحي
Statistical-Yearbook-2024.xlsx,المناطق عربي,20,2,الحدود الشمالية
Statistical-Yearbook-2024.xlsx,المناطق عربي,20,3,الحدود الشمالية
Statistical-Yearbook-2024.xlsx,المناطق عربي,20,4,فرع الوزارة بمنطقة الحدود الشمالية
Statistical-Yearbook-2024.xlsx,المناطق عربي,20,5,جميع محافظات منطقة الحدود الشمالية
Statistical-Yearbook-2024.xlsx,المناطق عربي,20,6,تجمع الحدود الشمالية الصحي
Statistical-Yearbook-2024.xlsx,المناطق عربي,21,2,جازان
Statistical-Yearbook-2024.xlsx,المناطق عربي,21,3,جازان
Statistical-Yearbook-2024.xlsx,المناطق عربي,21,4,فرع  الوزارة بمنطقة جازان
Statistical-Yearbook-2024.xlsx,المناطق عربي,21,5,جميع محافظات منطقة جازان
Statistical-Yearbook-2024.xlsx,المناطق عربي,21,6,تجمع جازان الصحي
Statistical-Yearbook-2024.xlsx,المناطق عربي,22,2,نجران
Statistical-Yearbook-2024.xlsx,المناطق عربي,22,3,نجران
Statistical-Yearbook-2024.xlsx,المناطق عربي,22,4,فرع  الوزارة بمنطقة نجران
Statistical-Yearbook-2024.xlsx,المناطق عربي,22,5,جميع محافظات منطقة نجران
Statistical-Yearbook-2024.xlsx,المناطق عربي,22,6,تجمع نجران الصحي
Statistical-Yearbook-2024.xlsx,المناطق عربي,23,2,الباحة
Statistical-Yearbook-2024.xlsx,المناطق عربي,23,3,الباحة
Statistical-Yearbook-2024.xlsx,المناطق عربي,23,4,فرع  الوزارة بمنطقة الباحة
Statistical-Yearbook-2024.xlsx,المناطق عربي,23,5,جميع محافظات منطقة الباحة
Statistical-Yearbook-2024.xlsx,المناطق عربي,23,6,تجمع الباحة الصحي
Statistical-Yearbook-2024.xlsx,المناطق عربي,24,2,الجوف
Statistical-Yearbook-2024.xlsx,المناطق عربي,24,3,الجوف
Statistical-Yearbook-2024.xlsx,المناطق عربي,24,4,فرع  الوزارة بمنطقة الجوف
Statistical-Yearbook-2024.xlsx,المناطق عربي,24,5,جميع محافظات منطقة الجوف عدا محافظة القريات
Statistical-Yearbook-2024.xlsx,المناطق عربي,24,6,تجمع الجوف الصحي
Statistical-Yearbook-2024.xlsx,المناطق انجليزي,3,2,Riyadh
Statistical-Yearbook-2024.xlsx,المناطق انجليزي,3,3,Riyadh
Statistical-Yearbook-2024.xlsx,المناطق انجليزي,3,4,MoH Branch in Riyadh Region
Statistical-Yearbook-2024.xlsx,المناطق انجليزي,3,5,All Governorates in Riyadh Region
Statistical-Yearbook-2024.xlsx,المناطق انجليزي,3,6,Riyadh First Health Cluster
Statistical-Yearbook-2024.xlsx,المناطق انجليزي,4,6,Riyadh Second Health Cluster
Statistical-Yearbook-2024.xlsx,المناطق انجليزي,5,6,Riyadh Third Health Cluster
Statistical-Yearbook-2024.xlsx,المناطق انجليزي,6,3,Makkah
Statistical-Yearbook-2024.xlsx,المناطق انجليزي,6,4,MoH Branch in Makkah Region
Statistical-Yearbook-2024.xlsx,المناطق انجليزي,6,5,"Makkah (Emirate headquarters) and the governorates of Al-Jumum, Khulais, Al-Kamil and Bahra"
Statistical-Yearbook-2024.xlsx,المناطق انجليزي,6,6,Makkah Health Cluster
Statistical-Yearbook-2024.xlsx,المناطق انجليزي,11,2,Madinah
Statistical-Yearbook-2024.xlsx,المناطق انجليزي,11,3,Madinah
Statistical-Yearbook-2024.xlsx,المناطق انجليزي,11,4,MoH Branch in Madinah Region
Statistical-Yearbook-2024.xlsx,المناطق انجليزي,11,5,All governorates of Madinah region
Statistical-Yearbook-2024.xlsx,المناطق انجليزي,11,6,Madinah Health Cluster
Statistical-Yearbook-2024.xlsx,المناطق انجليزي,12,2,Qassim
Statistical-Yearbook-2024.xlsx,المناطق انجليزي,12,3,Qassim
Statistical-Yearbook-2024.xlsx,المناطق انجليزي,12,4,MoH Branch in Qassim Region
Statistical-Yearbook-2024.xlsx,المناطق انجليزي,12,5,All governorates of Qassim region
Statistical-Yearbook-2024.xlsx,المناطق انجليزي,12,6,Qassim Health Cluster
Statistical-Yearbook-2024.xlsx,المناطق انجليزي,13,2,Eastern
Statistical-Yearbook-2024.xlsx,المناطق انجليزي,13,3,Eastern
Statistical-Yearbook-2024.xlsx,المناطق انجليزي,13,4,MoH Branch in Eastern Region
Statistical-Yearbook-2024.xlsx,المناطق انجليزي,13,5,All governorates of the Eastern region except Al-Ahsa and Hafar Al-Batin
Statistical-Yearbook-2024.xlsx,المناطق انجليزي,13,6,Eastern Health Cluster
Statistical-Yearbook-2024.xlsx,المناطق انجليزي,16,2,Asir
Statistical-Yearbook-2024.xlsx,المناطق انجليزي,16,3,Asir
Statistical-Yearbook-2024.xlsx,المناطق انجليزي,16,4,MoH Branch in Asir Region
Statistical-Yearbook-2024.xlsx,المناطق انجليزي,16,5,"All governorates of Asir region except Bisha, Tathlith, Balqarn and Al Amwah"
Statistical-Yearbook-2024.xlsx,المناطق انجليزي,16,6,Asir Health Cluster
Statistical-Yearbook-2024.xlsx,المناطق انجليزي,18,2,Tabuk
Statistical-Yearbook-2024.xlsx,المناطق انجليزي,18,3,Tabuk
Statistical-Yearbook-2024.xlsx,المناطق انجليزي,18,4,MoH Branch in Tabuk Region
Statistical-Yearbook-2024.xlsx,المناطق انجليزي,18,5,All governorates of Tabuk region
Statistical-Yearbook-2024.xlsx,المناطق انجليزي,18,6,Tabuk Health Cluster
Statistical-Yearbook-2024.xlsx,المناطق انجليزي,19,2,Hail
Statistical-Yearbook-2024.xlsx,المناطق انجليزي,19,3,Hail
Statistical-Yearbook-2024.xlsx,المناطق انجليزي,19,4,MoH Branch in Hail Region
Statistical-Yearbook-2024.xlsx,المناطق انجليزي,19,5,All governorates of Hail region
Statistical-Yearbook-2024.xlsx,المناطق انجليزي,19,6,Hail Health Cluster
Statistical-Yearbook-2024.xlsx,المناطق انجليزي,20,2,Northern Borders
Statistical-Yearbook-2024.xlsx,المناطق انجليزي,20,3,Northern Borders
Statistical-Yearbook-2024.xlsx,المناطق انجليزي,20,4,MoH Branch in Northern Borders Region
Statistical-Yearbook-2024.xlsx,المناطق انجليزي,20,5,All governorates of Northern Borders region
Statistical-Yearbook-2024.xlsx,المناطق انجليزي,20,6,Northern Borders Health Cluster
Statistical-Yearbook-2024.xlsx,المناطق انجليزي,21,2,Jazan
Statistical-Yearbook-2024.xlsx,المناطق انجليزي,21,3,Jazan
Statistical-Yearbook-2024.xlsx,المناطق انجليزي,21,4,MoH Branch in Jazan Region
Statistical-Yearbook-2024.xlsx,المناطق انجليزي,21,5,All governorates of Jazan region
Statistical-Yearbook-2024.xlsx,المناطق انجليزي,21,6,Jazan Health Cluster
Statistical-Yearbook-2024.xlsx,المناطق انجليزي,22,2,Najran
Statistical-Yearbook-2024.xlsx,المناطق انجليزي,22,3,Najran
Statistical-Yearbook-2024.xlsx,المناطق انجليزي,22,4,MoH Branch in Najran Region
Statistical-Yearbook-2024.xlsx,المناطق انجليزي,22,5,All governorates of Najran region
Statistical-Yearbook-2024.xlsx,المناطق انجليزي,22,6,Najran Health Cluster
Statistical-Yearbook-2024.xlsx,المناطق انجليزي,23,2,Al Baha
Statistical-Yearbook-2024.xlsx,المناطق انجليزي,23,3,Al Baha
Statistical-Yearbook-2024.xlsx,المناطق انجليزي,23,4,MoH Branch in Al Baha Region
Statistical-Yearbook-2024.xlsx,المناطق انجليزي,23,5,All governorates of Al Baha region
Statistical-Yearbook-2024.xlsx,المناطق انجليزي,23,6,Al Baha Health Cluster
Statistical-Yearbook-2024.xlsx,المناطق انجليزي,24,2,Al Jouf
Statistical-Yearbook-2024.xlsx,المناطق انجليزي,24,3,Al Jouf
Statistical-Yearbook-2024.xlsx,المناطق انجليزي,24,4,MoH Branch in Al Jouf Region
Statistical-Yearbook-2024.xlsx,المناطق انجليزي,24,5,All governorates of Al Jouf region except Qurayyat Governorate
Statistical-Yearbook-2024.xlsx,المناطق انجليزي,24,6,Al Jouf Health Cluster
Statistical-Yearbook-2024.xlsx,1-2,5,1,الرياض
Statistical-Yearbook-2024.xlsx,1-2,5,5,Riyadh
Statistical-Yearbook-2024.xlsx,1-2,6,1,مكة المكرمة
Statistical-Yearbook-2024.xlsx,1-2,6,5,Makkah
Statistical-Yearbook-2024.xlsx,1-2,7,1,المدينة المنورة
Statistical-Yearbook-2024.xlsx,1-2,7,5,Madinah
Statistical-Yearbook-2024.xlsx,1-2,8,1,القصيم
Statistical-Yearbook-2024.xlsx,1-2,8,5,Qassim
Statistical-Yearbook-2024.xlsx,1-2,9,1,المنطقة الشرقية
Statistical-Yearbook-2024.xlsx,1-2,9,5,Eastern
Statistical-Yearbook-2024.xlsx,1-2,10,1,عسير
Statistical-Yearbook-2024.xlsx,1-2,10,5,Asir
Statistical-Yearbook-2024.xlsx,1-2,11,1,تبوك
Statistical-Yearbook-2024.xlsx,1-2,11,5,Tabuk
Statistical-Yearbook-2024.xlsx,1-2,12,1,حائل
Statistical-Yearbook-2024.xlsx,1-2,12,5,Hail
Statistical-Yearbook-2024.xlsx,1-2,13,1,الحدود الشمالية
Statistical-Yearbook-2024.xlsx,1-2,13,5,Northern Borders
Statistical-Yearbook-2024.xlsx,1-2,14,1,جازان
Statistical-Yearbook-2024.xlsx,1-2,14,5,Jazan
Statistical-Yearbook-2024.xlsx,1-2,15,1,نجران
Statistical-Yearbook-2024.xlsx,1-2,15,5,Najran
Statistical-Yearbook-2024.xlsx,1-2,16,1,الباحة
Statistical-Yearbook-2024.xlsx,1-2,16,5,Al Baha
Statistical-Yearbook-2024.xlsx,1-2,17,1,الجوف
Statistical-Yearbook-2024.xlsx,1-2,17,5,Al Jouf
Statistical-Yearbook-2024.xlsx,1-5,5,1,الرياض
Statistical-Yearbook-2024.xlsx,1-5,5,15,Riyadh
Statistical-Yearbook-2024.xlsx,1-5,6,1,مكة المكرمة
Statistical-Yearbook-2024.xlsx,1-5,6,15,Makkah
Statistical-Yearbook-2024.xlsx,1-5,7,1,المدينة المنورة
Statistical-Yearbook-2024.xlsx,1-5,7,15,Madinah
Statistical-Yearbook-2024.xlsx,1-5,8,1,القصيم
Statistical-Yearbook-2024.xlsx,1-5,8,15,Qassim
Statistical-Yearbook-2024.xlsx,1-5,9,1,المنطقة الشرقية
Statistical-Yearbook-2024.xlsx,1-5,9,15,Eastern
Statistical-Yearbook-2024.xlsx,1-5,10,1,عسير
Statistical-Yearbook-2024.xlsx,1-5,10,15,Asir
Statistical-Yearbook-2024.xlsx,1-5,11,1,تبوك
Statistical-Yearbook-2024.xlsx,1-5,11,15,Tabuk
Statistical-Yearbook-2024.xlsx,1-5,12,1,حائل
Statistical-Yearbook-2024.xlsx,1-5,12,15,Hail
Statistical-Yearbook-2024.xlsx,1-5,13,1,الحدود الشمالية
Statistical-Yearbook-2024.xlsx,1-5,13,15,Northern Borders
Statistical-Yearbook-2024.xlsx,1-5,14,1,جازان
Statistical-Yearbook-2024.xlsx,1-5,14,15,Jazan
Statistical-Yearbook-2024.xlsx,1-5,15,1,نجران
Statistical-Yearbook-2024.xlsx,1-5,15,15,Najran
Statistical-Yearbook-2024.xlsx,1-5,16,1,الباحة
Statistical-Yearbook-2024.xlsx,1-5,16,15,Al Baha
Statistical-Yearbook-2024.xlsx,1-5,17,1,الجوف
Statistical-Yearbook-2024.xlsx,1-5,17,15,Al Jouf
Statistical-Yearbook-2024.xlsx,1-9,5,1,الرياض
Statistical-Yearbook-2024.xlsx,1-9,5,8,Riyadh
Statistical-Yearbook-2024.xlsx,1-9,9,1,المدينة المنورة
Statistical-Yearbook-2024.xlsx,1-9,9,8,Madinah
Statistical-Yearbook-2024.xlsx,1-9,10,1,القصيم
Statistical-Yearbook-2024.xlsx,1-9,10,8,Qassim
Statistical-Yearbook-2024.xlsx,1-9,11,1,الشرقية
Statistical-Yearbook-2024.xlsx,1-9,11,8,Eastern
Statistical-Yearbook-2024.xlsx,1-9,14,1,عسير
Statistical-Yearbook-2024.xlsx,1-9,14,8,Asir
Statistical-Yearbook-2024.xlsx,1-9,16,1,تبوك
Statistical-Yearbook-2024.xlsx,1-9,16,8,Tabuk
Statistical-Yearbook-2024.xlsx,1-9,17,1,حائل
Statistical-Yearbook-2024.xlsx,1-9,17,8,Hail
Statistical-Yearbook-2024.xlsx,1-9,18,1,الحدود الشمالية
Statistical-Yearbook-2024.xlsx,1-9,18,8,Northern Borders
Statistical-Yearbook-2024.xlsx,1-9,19,1,جازان
Statistical-Yearbook-2024.xlsx,1-9,19,8,Jazan
Statistical-Yearbook-2024.xlsx,1-9,20,1,نجران
Statistical-Yearbook-2024.xlsx,1-9,20,8,Najran
Statistical-Yearbook-2024.xlsx,1-9,21,1,الباحة
Statistical-Yearbook-2024.xlsx,1-9,21,8,Al Baha
Statistical-Yearbook-2024.xlsx,1-9,22,1,الجوف
Statistical-Yearbook-2024.xlsx,1-9,22,8,Al Jouf
Statistical-Yearbook-2024.xlsx,2-3,8,1,الرياض
Statistical-Yearbook-2024.xlsx,2-3,8,10,Riyadh
Statistical-Yearbook-2024.xlsx,2-3,12,1,المدينة المنورة
Statistical-Yearbook-2024.xlsx,2-3,12,10,Madinah
Statistical-Yearbook-2024.xlsx,2-3,13,1,القصيم
Statistical-Yearbook-2024.xlsx,2-3,13,10,Qassim
Statistical-Yearbook-2024.xlsx,2-3,14,1,الشرقية
Statistical-Yearbook-2024.xlsx,2-3,14,10,Eastern
Statistical-Yearbook-2024.xlsx,2-3,17,1,عسير
Statistical-Yearbook-2024.xlsx,2-3,17,10,Asir
Statistical-Yearbook-2024.xlsx,2-3,19,1,تبوك
Statistical-Yearbook-2024.xlsx,2-3,19,10,Tabuk
Statistical-Yearbook-2024.xlsx,2-3,20,1,حائل
Statistical-Yearbook-2024.xlsx,2-3,20,10,Hail
Statistical-Yearbook-2024.xlsx,2-3,21,1,الحدود الشمالية
Statistical-Yearbook-2024.xlsx,2-3,21,10,Northern Borders
Statistical-Yearbook-2024.xlsx,2-3,22,1,جازان
Statistical-Yearbook-2024.xlsx,2-3,22,10,Jazan
Statistical-Yearbook-2024.xlsx,2-3,23,1,نجران
Statistical-Yearbook-2024.xlsx,2-3,23,10,Najran
Statistical-Yearbook-2024.xlsx,2-3,24,1,الباحة
Statistical-Yearbook-2024.xlsx,2-3,24,10,Al Baha
Statistical-Yearbook-2024.xlsx,2-3,25,1,الجوف
Statistical-Yearbook-2024.xlsx,2-3,25,10,Al Jouf
Statistical-Yearbook-2024.xlsx,2-4,6,1,تجمع الرياض الصحي الأول
Statistical-Yearbook-2024.xlsx,2-4,6,14,Riyadh First Health Cluster
Statistical-Yearbook-2024.xlsx,2-4,7,1,تجمع الرياض الصحي الثاني
Statistical-Yearbook-2024.xlsx,2-4,7,14,Riyadh Second Health Cluster
Statistical-Yearbook-2024.xlsx,2-4,8,1,تجمع الرياض الصحي الثالث
Statistical-Yearbook-2024.xlsx,2-4,8,14,Riyadh Third Health Cluster
Statistical-Yearbook-2024.xlsx,2-4,9,1,إجمالي التجمعات الصحية بالرياض
Statistical-Yearbook-2024.xlsx,2-4,9,14,Total Health Clusters - Riyadh
Statistical-Yearbook-2024.xlsx,2-4,10,1,تجمع مكة المكرمة الصحي - العاصمة المقدسة
Statistical-Yearbook-2024.xlsx,2-4,10,14,Makkah Health Cluster-The Holy Capital
Statistical-Yearbook-2024.xlsx,2-4,11,1,تجمع مكة المكرمة الصحي - القنفذة
Statistical-Yearbook-2024.xlsx,2-4,11,14,Makkah Health Cluster - Qunfudah
Statistical-Yearbook-2024.xlsx,2-4,12,1,إجمالي تجمع مكة المكرمة الصحي
Statistical-Yearbook-2024.xlsx,2-4,12,14,Total Makkah Health Cluster
Statistical-Yearbook-2024.xlsx,2-4,17,1,تجمع المدينة المنورة الصحي
Statistical-Yearbook-2024.xlsx,2-4,17,14,Madinah Health Cluster
Statistical-Yearbook-2024.xlsx,2-4,18,1,تجمع القصيم الصحي
Statistical-Yearbook-2024.xlsx,2-4,18,14,Qassim Health Cluster
Statistical-Yearbook-2024.xlsx,2-4,19,1,تجمع الشرقية الصحي
Statistical-Yearbook-2024.xlsx,2-4,19,14,Eastern Health Cluster
Statistical-Yearbook-2024.xlsx,2-4,22,1,تجمع عسير الصحي- عسير
Statistical-Yearbook-2024.xlsx,2-4,22,14,Asir Health Cluster - Asir
Statistical-Yearbook-2024.xlsx,2-4,23,1,تجمع عسير الصحي- ببيشة
Statistical-Yearbook-2024.xlsx,2-4,23,14,Asir Health Cluster - Bishah
Statistical-Yearbook-2024.xlsx,2-4,24,1,إجمالي تجمع عسير الصحي
Statistical-Yearbook-2024.xlsx,2-4,24,14,Total Asir Health Cluster
Statistical-Yearbook-2024.xlsx,2-4,25,1,تجمع تبوك الصحي
Statistical-Yearbook-2024.xlsx,2-4,25,14,Tabuk Health Cluster
Statistical-Yearbook-2024.xlsx,2-4,26,1,تجمع حائل الصحي
Statistical-Yearbook-2024.xlsx,2-4,26,14,Hail Health Cluster
Statistical-Yearbook-2024.xlsx,2-4,27,1,تجمع الحدود الشمالية الصحي
Statistical-Yearbook-2024.xlsx,2-4,27,14,Northern Borders Health Cluster
Statistical-Yearbook-2024.xlsx,2-4,28,1,تجمع جازان الصحي
Statistical-Yearbook-2024.xlsx,2-4,28,14,Jazan Health Cluster
Statistical-Yearbook-2024.xlsx,2-4,29,1,تجمع نجران الصحي
Statistical-Yearbook-2024.xlsx,2-4,29,14,Najran Health Cluster
Statistical-Yearbook-2024.xlsx,2-4,30,1,تجمع الباحة الصحي
Statistical-Yearbook-2024.xlsx,2-4,30,14,Al Baha Health Cluster
Statistical-Yearbook-2024.xlsx,2-4,31,1,تجمع الجوف الصحي - الجوف
Statistical-Yearbook-2024.xlsx,2-4,31,14,Al Jouf Health Cluster - Al Jouf
Statistical-Yearbook-2024.xlsx,2-4,32,1,تجمع الجوف الصحي- القريات
Statistical-Yearbook-2024.xlsx,2-4,32,14,Al Jouf Health Cluster - Qurrayyat
Statistical-Yearbook-2024.xlsx,2-4,33,1,إجمالي تجمع الجوف الصحي
Statistical-Yearbook-2024.xlsx,2-4,33,14,Total Al Jouf Health Cluster
Statistical-Yearbook-2024.xlsx,2-5,5,1,الرياض
Statistical-Yearbook-2024.xlsx,2-5,5,7,Riyadh
Statistical-Yearbook-2024.xlsx,2-5,9,1,المدينة المنورة
Statistical-Yearbook-2024.xlsx,2-5,9,7,Madinah
Statistical-Yearbook-2024.xlsx,2-5,10,1,القصيم
Statistical-Yearbook-2024.xlsx,2-5,10,7,Qassim
Statistical-Yearbook-2024.xlsx,2-5,11,1,الشرقية
Statistical-Yearbook-2024.xlsx,2-5,11,7,Eastern
Statistical-Yearbook-2024.xlsx,2-5,14,1,عسير
Statistical-Yearbook-2024.xlsx,2-5,14,7,Asir
Statistical-Yearbook-2024.xlsx,2-5,16,1,تبوك
Statistical-Yearbook-2024.xlsx,2-5,16,7,Tabuk
Statistical-Yearbook-2024.xlsx,2-5,17,1,حائل
Statistical-Yearbook-2024.xlsx,2-5,17,7,Hail
Statistical-Yearbook-2024.xlsx,2-5,18,1,الحدود الشمالية
Statistical-Yearbook-2024.xlsx,2-5,18,7,Northern Borders
Statistical-Yearbook-2024.xlsx,2-5,19,1,جازان
Statistical-Yearbook-2024.xlsx,2-5,19,7,Jazan
Statistical-Yearbook-2024.xlsx,2-5,20,1,نجران
Statistical-Yearbook-2024.xlsx,2-5,20,7,Najran
Statistical-Yearbook-2024.xlsx,2-5,21,1,الباحة
Statistical-Yearbook-2024.xlsx,2-5,21,7,Al Baha
Statistical-Yearbook-2024.xlsx,2-5,22,1,الجوف
Statistical-Yearbook-2024.xlsx,2-5,22,7,Al Jouf
Statistical-Yearbook-2024.xlsx,2-6,7,1,الرياض
Statistical-Yearbook-2024.xlsx,2-6,7,12,Riyadh
Statistical-Yearbook-2024.xlsx,2-6,11,1,المدينة المنورة
Statistical-Yearbook-2024.xlsx,2-6,11,12,Madinah
Statistical-Yearbook-2024.xlsx,2-6,12,1,القصيم
Statistical-Yearbook-2024.xlsx,2-6,12,12,Qassim
Statistical-Yearbook-2024.xlsx,2-6,13,1,الشرقية
Statistical-Yearbook-2024.xlsx,2-6,13,12,Eastern
Statistical-Yearbook-2024.xlsx,2-6,16,1,عسير
Statistical-Yearbook-2024.xlsx,2-6,16,12,Asir
Statistical-Yearbook-2024.xlsx,2-6,18,1,تبوك
Statistical-Yearbook-2024.xlsx,2-6,18,12,Tabuk
Statistical-Yearbook-2024.xlsx,2-6,19,1,حائل
Statistical-Yearbook-2024.xlsx,2-6,19,12,Hail
Statistical-Yearbook-2024.xlsx,2-6,20,1,الحدود الشمالية
Statistical-Yearbook-2024.xlsx,2-6,20,12,Northern Borders
Statistical-Yearbook-2024.xlsx,2-6,21,1,جازان
Statistical-Yearbook-2024.xlsx,2-6,21,12,Jazan
Statistical-Yearbook-2024.xlsx,2-6,22,1,نجران
Statistical-Yearbook-2024.xlsx,2-6,22,12,Najran
Statistical-Yearbook-2024.xlsx,2-6,23,1,الباحة
Statistical-Yearbook-2024.xlsx,2-6,23,12,Al Baha
Statistical-Yearbook-2024.xlsx,2-6,24,1,الجوف
Statistical-Yearbook-2024.xlsx,2-6,24,12,Al Jouf
Statistical-Yearbook-2024.xlsx,2-7,8,1,تجمع الرياض الصحي الأول
Statistical-Yearbook-2024.xlsx,2-7,8,18,Riyadh First Health Cluster
Statistical-Yearbook-2024.xlsx,2-7,9,1,تجمع الرياض الصحي الثاني
Statistical-Yearbook-2024.xlsx,2-7,9,18,Riyadh Second Health Cluster
Statistical-Yearbook-2024.xlsx,2-7,10,1,تجمع الرياض الصحي الثالث
Statistical-Yearbook-2024.xlsx,2-7,10,18,Riyadh Third Health Cluster
Statistical-Yearbook-2024.xlsx,2-7,11,1,إجمالي التجمعات الصحية بالرياض
Statistical-Yearbook-2024.xlsx,2-7,11,18,Total Health Clusters - Riyadh
Statistical-Yearbook-2024.xlsx,2-7,12,1,تجمع مكة المكرمة الصحي - العاصمة المقدسة
Statistical-Yearbook-2024.xlsx,2-7,12,18,Makkah Health Cluster-The Holy Capital
Statistical-Yearbook-2024.xlsx,2-7,13,1,تجمع مكة المكرمة الصحي - القنفذة
Statistical-Yearbook-2024.xlsx,2-7,13,18,Makkah Health Cluster - Qunfudah
Statistical-Yearbook-2024.xlsx,2-7,14,1,إجمالي تجمع مكة المكرمة الصحي
Statistical-Yearbook-2024.xlsx,2-7,14,18,Total Makkah Health Cluster
Statistical-Yearbook-2024.xlsx,2-7,19,1,تجمع المدينة المنورة الصحي
Statistical-Yearbook-2024.xlsx,2-7,19,18,Madinah Health Cluster
Statistical-Yearbook-2024.xlsx,2-7,20,1,تجمع القصيم الصحي
Statistical-Yearbook-2024.xlsx,2-7,20,18,Qassim Health Cluster
Statistical-Yearbook-2024.xlsx,2-7,21,1,تجمع الشرقية الصحي
Statistical-Yearbook-2024.xlsx,2-7,21,18,Eastern Health Cluster
Statistical-Yearbook-2024.xlsx,2-7,24,1,تجمع عسير الصحي- عسير
Statistical-Yearbook-2024.xlsx,2-7,24,18,Asir Health Cluster - Asir
Statistical-Yearbook-2024.xlsx,2-7,25,1,تجمع عسير الصحي- ببيشة
Statistical-Yearbook-2024.xlsx,2-7,25,18,Asir Health Cluster - Bishah
Statistical-Yearbook-2024.xlsx,2-7,26,1,إجمالي تجمع عسير الصحي
Statistical-Yearbook-2024.xlsx,2-7,26,18,Total Asir Health Cluster
Statistical-Yearbook-2024.xlsx,2-7,27,1,تجمع تبوك الصحي
Statistical-Yearbook-2024.xlsx,2-7,27,18,Tabuk Health Cluster
Statistical-Yearbook-2024.xlsx,2-7,28,1,تجمع حائل الصحي
Statistical-Yearbook-2024.xlsx,2-7,28,18,Hail Health Cluster
Statistical-Yearbook-2024.xlsx,2-7,29,1,تجمع الحدود الشمالية الصحي
Statistical-Yearbook-2024.xlsx,2-7,29,18,Northern Borders Health Cluster
Statistical-Yearbook-2024.xlsx,2-7,30,1,تجمع جازان الصحي
Statistical-Yearbook-2024.xlsx,2-7,30,18,Jazan Health Cluster
Statistical-Yearbook-2024.xlsx,2-7,31,1,تجمع نجران الصحي
Statistical-Yearbook-2024.xlsx,2-7,31,18,Najran Health Cluster
Statistical-Yearbook-2024.xlsx,2-7,32,1,تجمع الباحة الصحي
Statistical-Yearbook-2024.xlsx,2-7,32,18,Al Baha Health Cluster
Statistical-Yearbook-2024.xlsx,2-7,33,1,تجمع الجوف الصحي - الجوف
Statistical-Yearbook-2024.xlsx,2-7,33,18,Al Jouf Health Cluster - Al Jouf
Statistical-Yearbook-2024.xlsx,2-7,34,1,تجمع الجوف الصحي- القريات
Statistical-Yearbook-2024.xlsx,2-7,34,18,Al Jouf Health Cluster - Qurrayyat
Statistical-Yearbook-2024.xlsx,2-7,35,1,إجمالي تجمع الجوف الصحي
Statistical-Yearbook-2024.xlsx,2-7,35,18,Total Al Jouf Health Cluster
Statistical-Yearbook-2024.xlsx,2-8,6,1,تجمع الرياض الصحي الأول
Statistical-Yearbook-2024.xlsx,2-8,6,10,Riyadh First Health Cluster
Statistical-Yearbook-2024.xlsx,2-8,7,1,تجمع الرياض الصحي الثاني
Statistical-Yearbook-2024.xlsx,2-8,7,10,Riyadh Second Health Cluster
Statistical-Yearbook-2024.xlsx,2-8,8,1,تجمع الرياض الصحي الثالث
Statistical-Yearbook-2024.xlsx,2-8,8,10,Riyadh Third Health Cluster
Statistical-Yearbook-2024.xlsx,2-8,9,1,إجمالي التجمعات الصحية بالرياض
Statistical-Yearbook-2024.xlsx,2-8,9,10,Total Health Clusters - Riyadh
Statistical-Yearbook-2024.xlsx,2-8,10,1,تجمع مكة المكرمة الصحي - العاصمة المقدسة
Statistical-Yearbook-2024.xlsx,2-8,10,10,Makkah Health Cluster-The Holy Capital
Statistical-Yearbook-2024.xlsx,2-8,11,1,تجمع مكة المكرمة الصحي - القنفذة
Statistical-Yearbook-2024.xlsx,2-8,11,10,Makkah Health Cluster - Qunfudah
Statistical-Yearbook-2024.xlsx,2-8,12,1,إجمالي تجمع مكة المكرمة الصحي
Statistical-Yearbook-2024.xlsx,2-8,12,10,Total Makkah Health Cluster
Statistical-Yearbook-2024.xlsx,2-8,17,1,تجمع المدينة المنورة الصحي
Statistical-Yearbook-2024.xlsx,2-8,17,10,Madinah Health Cluster
Statistical-Yearbook-2024.xlsx,2-8,18,1,تجمع القصيم الصحي
Statistical-Yearbook-2024.xlsx,2-8,18,10,Qassim Health Cluster
Statistical-Yearbook-2024.xlsx,2-8,19,1,تجمع الشرقية الصحي
Statistical-Yearbook-2024.xlsx,2-8,19,10,Eastern Health Cluster
Statistical-Yearbook-2024.xlsx,2-8,22,1,تجمع عسير الصحي- عسير
Statistical-Yearbook-2024.xlsx,2-8,22,10,Asir Health Cluster - Asir
Statistical-Yearbook-2024.xlsx,2-8,23,1,تجمع عسير الصحي- ببيشة
Statistical-Yearbook-2024.xlsx,2-8,23,10,Asir Health Cluster - Bishah
Statistical-Yearbook-2024.xlsx,2-8,24,1,إجمالي تجمع عسير الصحي
Statistical-Yearbook-2024.xlsx,2-8,24,10,Total Asir Health Cluster
Statistical-Yearbook-2024.xlsx,2-8,25,1,تجمع تبوك الصحي
Statistical-Yearbook-2024.xlsx,2-8,25,10,Tabuk Health Cluster
Statistical-Yearbook-2024.xlsx,2-8,26,1,تجمع حائل الصحي
Statistical-Yearbook-2024.xlsx,2-8,26,10,Hail Health Cluster
Statistical-Yearbook-2024.xlsx,2-8,27,1,"تجمع الحدود الشمالية
 الصحي"
Statistical-Yearbook-2024.xlsx,2-8,27,10,Northern Borders Health Cluster
Statistical-Yearbook-2024.xlsx,2-8,28,1,تجمع جازان الصحي
Statistical-Yearbook-2024.xlsx,2-8,28,10,Jazan Health Cluster
Statistical-Yearbook-2024.xlsx,2-8,29,1,تجمع نجران الصحي
Statistical-Yearbook-2024.xlsx,2-8,29,10,Najran Health Cluster
Statistical-Yearbook-2024.xlsx,2-8,30,1,تجمع الباحة الصحي
Statistical-Yearbook-2024.xlsx,2-8,30,10,Al Baha Health Cluster
Statistical-Yearbook-2024.xlsx,2-8,31,1,تجمع الجوف الصحي - الجوف
Statistical-Yearbook-2024.xlsx,2-8,31,10,Al Jouf Health Cluster - Al Jouf
Statistical-Yearbook-2024.xlsx,2-8,32,1,تجمع الجوف الصحي- القريات
Statistical-Yearbook-2024.xlsx,2-8,32,10,Al Jouf Health Cluster - Qurrayyat
Statistical-Yearbook-2024.xlsx,2-8,33,1,إجمالي تجمع الجوف الصحي
Statistical-Yearbook-2024.xlsx,2-8,33,10,Total Al Jouf Health Cluster
Statistical-Yearbook-2024.xlsx,2-9,6,1,تجمع الرياض الصحي الأول
Statistical-Yearbook-2024.xlsx,2-9,6,11,Riyadh First Health Cluster
Statistical-Yearbook-2024.xlsx,2-9,7,1,تجمع الرياض الصحي الثاني
Statistical-Yearbook-2024.xlsx,2-9,7,11,Riyadh Second Health Cluster
Statistical-Yearbook-2024.xlsx,2-9,8,1,تجمع الرياض الصحي الثالث
Statistical-Yearbook-2024.xlsx,2-9,8,11,Riyadh Third Health Cluster
Statistical-Yearbook-2024.xlsx,2-9,9,1,إجمالي التجمعات الصحية بالرياض
Statistical-Yearbook-2024.xlsx,2-9,9,11,Total Health Clusters - Riyadh
Statistical-Yearbook-2024.xlsx,2-9,10,1,تجمع مكة المكرمة الصحي - العاصمة المقدسة
Statistical-Yearbook-2024.xlsx,2-9,10,11,Makkah Health Cluster-The Holy Capital
Statistical-Yearbook-2024.xlsx,2-9,11,1,تجمع مكة المكرمة الصحي - القنفذة
Statistical-Yearbook-2024.xlsx,2-9,11,11,Makkah Health Cluster - Qunfudah
Statistical-Yearbook-2024.xlsx,2-9,12,1,إجمالي تجمع مكة المكرمة الصحي
Statistical-Yearbook-2024.xlsx,2-9,12,11,Total Makkah Health Cluster
Statistical-Yearbook-2024.xlsx,2-9,17,1,تجمع المدينة المنورة الصحي
Statistical-Yearbook-2024.xlsx,2-9,17,11,Madinah Health Cluster
Statistical-Yearbook-2024.xlsx,2-9,18,1,تجمع القصيم الصحي
Statistical-Yearbook-2024.xlsx,2-9,18,11,Qassim Health Cluster
Statistical-Yearbook-2024.xlsx,2-9,19,1,تجمع الشرقية الصحي
Statistical-Yearbook-2024.xlsx,2-9,19,11,Eastern Health Cluster
Statistical-Yearbook-2024.xlsx,2-9,22,1,تجمع عسير الصحي- عسير
Statistical-Yearbook-2024.xlsx,2-9,22,11,Asir Health Cluster - Asir
Statistical-Yearbook-2024.xlsx,2-9,23,1,تجمع عسير الصحي- ببيشة
Statistical-Yearbook-2024.xlsx,2-9,23,11,Asir Health Cluster - Bishah
Statistical-Yearbook-2024.xlsx,2-9,24,1,إجمالي تجمع عسير الصحي
Statistical-Yearbook-2024.xlsx,2-9,24,11,Total Asir Health Cluster
Statistical-Yearbook-2024.xlsx,2-9,25,1,تجمع تبوك الصحي
Statistical-Yearbook-2024.xlsx,2-9,25,11,Tabuk Health Cluster
Statistical-Yearbook-2024.xlsx,2-9,26,1,تجمع حائل الصحي
Statistical-Yearbook-2024.xlsx,2-9,26,11,Hail Health Cluster
Statistical-Yearbook-2024.xlsx,2-9,27,1,"تجمع الحدود الشمالية
 الصحي"
Statistical-Yearbook-2024.xlsx,2-9,27,11,Northern Borders Health Cluster
Statistical-Yearbook-2024.xlsx,2-9,28,1,تجمع جازان الصحي
Statistical-Yearbook-2024.xlsx,2-9,28,11,Jazan Health Cluster
Statistical-Yearbook-2024.xlsx,2-9,29,1,تجمع نجران الصحي
Statistical-Yearbook-2024.xlsx,2-9,29,11,Najran Health Cluster
Statistical-Yearbook-2024.xlsx,2-9,30,1,تجمع الباحة الصحي
Statistical-Yearbook-2024.xlsx,2-9,30,11,Al Baha Health Cluster
Statistical-Yearbook-2024.xlsx,2-9,31,1,تجمع الجوف الصحي - الجوف
Statistical-Yearbook-2024.xlsx,2-9,31,11,Al Jouf Health Cluster - Al Jouf
Statistical-Yearbook-2024.xlsx,2-9,32,1,تجمع الجوف الصحي- القريات
Statistical-Yearbook-2024.xlsx,2-9,32,11,Al Jouf Health Cluster - Qurrayyat
Statistical-Yearbook-2024.xlsx,2-9,33,1,إجمالي تجمع الجوف الصحي
Statistical-Yearbook-2024.xlsx,2-9,33,11,Total Al Jouf Health Cluster
Statistical-Yearbook-2024.xlsx,2-11,6,1,الرياض
Statistical-Yearbook-2024.xlsx,2-11,6,12,Riyadh
Statistical-Yearbook-2024.xlsx,2-11,10,1,المدينة المنورة
Statistical-Yearbook-2024.xlsx,2-11,10,12,Madinah
Statistical-Yearbook-2024.xlsx,2-11,11,1,القصيم
Statistical-Yearbook-2024.xlsx,2-11,11,12,Qassim
Statistical-Yearbook-2024.xlsx,2-11,12,1,الشرقية
Statistical-Yearbook-2024.xlsx,2-11,12,12,Eastern
Statistical-Yearbook-2024.xlsx,2-11,15,1,عسير
Statistical-Yearbook-2024.xlsx,2-11,15,12,Asir
Statistical-Yearbook-2024.xlsx,2-11,16,1,تبوك
Statistical-Yearbook-2024.xlsx,2-11,16,12,Tabuk
Statistical-Yearbook-2024.xlsx,2-11,17,1,حائل
Statistical-Yearbook-2024.xlsx,2-11,17,12,Hail
Statistical-Yearbook-2024.xlsx,2-11,18,1,جازان
Statistical-Yearbook-2024.xlsx,2-11,18,12,Jazan
Statistical-Yearbook-2024.xlsx,2-11,19,1,نجران
Statistical-Yearbook-2024.xlsx,2-11,19,12,Najran
Statistical-Yearbook-2024.xlsx,2-11,20,1,الجوف
Statistical-Yearbook-2024.xlsx,2-11,20,12,Al Jouf
Statistical-Yearbook-2024.xlsx,2-12,6,1,تجمع الرياض الصحي الأول
Statistical-Yearbook-2024.xlsx,2-12,6,5,Riyadh First Health Cluster
Statistical-Yearbook-2024.xlsx,2-12,7,1,تجمع الرياض الصحي الثاني
Statistical-Yearbook-2024.xlsx,2-12,7,5,Riyadh Second Health Cluster
Statistical-Yearbook-2024.xlsx,2-12,8,1,تجمع الرياض الصحي الثالث
Statistical-Yearbook-2024.xlsx,2-12,8,5,Riyadh Third Health Cluster
Statistical-Yearbook-2024.xlsx,2-12,9,1,تجمع مكة المكرمة الصحي
Statistical-Yearbook-2024.xlsx,2-12,9,5,Makkah Health Cluster
Statistical-Yearbook-2024.xlsx,2-12,13,1,تجمع المدينة المنورة الصحي
Statistical-Yearbook-2024.xlsx,2-12,13,5,Madinah Health Cluster
Statistical-Yearbook-2024.xlsx,2-12,14,1,تجمع القصيم الصحي
Statistical-Yearbook-2024.xlsx,2-12,14,5,Qassim Health Cluster
Statistical-Yearbook-2024.xlsx,2-12,15,1,تجمع الشرقية الصحي
Statistical-Yearbook-2024.xlsx,2-12,15,5,Eastern Health Cluster
Statistical-Yearbook-2024.xlsx,2-12,18,1,تجمع عسير الصحي
Statistical-Yearbook-2024.xlsx,2-12,18,5,Asir Health Cluster
Statistical-Yearbook-2024.xlsx,2-12,19,1,تجمع تبوك الصحي
Statistical-Yearbook-2024.xlsx,2-12,19,5,Tabuk Health Cluster
Statistical-Yearbook-2024.xlsx,2-12,20,1,تجمع حائل الصحي
Statistical-Yearbook-2024.xlsx,2-12,20,5,Hail Health Cluster
Statistical-Yearbook-2024.xlsx,2-12,21,1,تجمع الحدود الشمالية الصحي
Statistical-Yearbook-2024.xlsx,2-12,21,5,Northern Borders Health Cluster
Statistical-Yearbook-2024.xlsx,2-12,22,1,تجمع جازان الصحي
Statistical-Yearbook-2024.xlsx,2-12,22,5,Jazan Health Cluster
Statistical-Yearbook-2024.xlsx,2-12,23,1,تجمع نجران الصحي
Statistical-Yearbook-2024.xlsx,2-12,23,5,Najran Health Cluster
Statistical-Yearbook-2024.xlsx,2-12,24,1,تجمع الباحة الصحي
Statistical-Yearbook-2024.xlsx,2-12,24,5,Al Baha Health Cluster
Statistical-Yearbook-2024.xlsx,2-12,25,1,تجمع الجوف الصحي
Statistical-Yearbook-2024.xlsx,2-12,25,5,Al Jouf Health Cluster
Statistical-Yearbook-2024.xlsx,2-13,6,1,تجمع الرياض الصحي الأول
Statistical-Yearbook-2024.xlsx,2-13,6,5,Riyadh First Health Cluster
Statistical-Yearbook-2024.xlsx,2-13,7,1,تجمع الرياض الصحي الثاني
Statistical-Yearbook-2024.xlsx,2-13,7,5,Riyadh Second Health Cluster
Statistical-Yearbook-2024.xlsx,2-13,8,1,تجمع الرياض الصحي الثالث
Statistical-Yearbook-2024.xlsx,2-13,8,5,Riyadh Third Health Cluster
Statistical-Yearbook-2024.xlsx,2-13,9,1,تجمع مكة المكرمة الصحي
Statistical-Yearbook-2024.xlsx,2-13,9,5,Makkah Health Cluster
Statistical-Yearbook-2024.xlsx,2-13,13,1,تجمع المدينة المنورة الصحي
Statistical-Yearbook-2024.xlsx,2-13,13,5,Madinah Health Cluster
Statistical-Yearbook-2024.xlsx,2-13,14,1,تجمع القصيم الصحي
Statistical-Yearbook-2024.xlsx,2-13,14,5,Qassim Health Cluster
Statistical-Yearbook-2024.xlsx,2-13,15,1,تجمع الشرقية الصحي
Statistical-Yearbook-2024.xlsx,2-13,15,5,Eastern Health Cluster
Statistical-Yearbook-2024.xlsx,2-13,18,1,تجمع عسير الصحي
Statistical-Yearbook-2024.xlsx,2-13,18,5,Asir Health Cluster
Statistical-Yearbook-2024.xlsx,2-13,19,1,تجمع تبوك الصحي
Statistical-Yearbook-2024.xlsx,2-13,19,5,Tabuk Health Cluster
Statistical-Yearbook-2024.xlsx,2-13,20,1,تجمع حائل الصحي
Statistical-Yearbook-2024.xlsx,2-13,20,5,Hail Health Cluster
Statistical-Yearbook-2024.xlsx,2-13,21,1,تجمع الحدود الشمالية الصحي
Statistical-Yearbook-2024.xlsx,2-13,21,5,Northern Borders Health Cluster
Statistical-Yearbook-2024.xlsx,2-13,22,1,تجمع جازان الصحي
Statistical-Yearbook-2024.xlsx,2-13,22,5,Jazan Health Cluster
Statistical-Yearbook-2024.xlsx,2-13,23,1,تجمع نجران الصحي
Statistical-Yearbook-2024.xlsx,2-13,23,5,Najran Health Cluster
Statistical-Yearbook-2024.xlsx,2-13,24,1,تجمع الباحة الصحي
Statistical-Yearbook-2024.xlsx,2-13,24,5,Al Baha Health Cluster
Statistical-Yearbook-2024.xlsx,2-13,25,1,تجمع الجوف الصحي
Statistical-Yearbook-2024.xlsx,2-13,25,5,Al Jouf Health Cluster
Statistical-Yearbook-2024.xlsx,2-14,5,1,الرياض
Statistical-Yearbook-2024.xlsx,2-14,5,11,Riyadh
Statistical-Yearbook-2024.xlsx,2-14,9,1,المدينة المنورة
Statistical-Yearbook-2024.xlsx,2-14,9,11,Madinah
Statistical-Yearbook-2024.xlsx,2-14,10,1,القصيم
Statistical-Yearbook-2024.xlsx,2-14,10,11,Qassim
Statistical-Yearbook-2024.xlsx,2-14,11,1,الشرقية
Statistical-Yearbook-2024.xlsx,2-14,11,11,Eastern
Statistical-Yearbook-2024.xlsx,2-14,14,1,عسير
Statistical-Yearbook-2024.xlsx,2-14,14,11,Asir
Statistical-Yearbook-2024.xlsx,2-14,16,1,تبوك
Statistical-Yearbook-2024.xlsx,2-14,16,11,Tabuk
Statistical-Yearbook-2024.xlsx,2-14,17,1,حائل
Statistical-Yearbook-2024.xlsx,2-14,17,11,Hail
Statistical-Yearbook-2024.xlsx,2-14,18,1,الحدود الشمالية
Statistical-Yearbook-2024.xlsx,2-14,18,11,Northern Borders
Statistical-Yearbook-2024.xlsx,2-14,19,1,جازان
Statistical-Yearbook-2024.xlsx,2-14,19,11,Jazan
Statistical-Yearbook-2024.xlsx,2-14,20,1,نجران
Statistical-Yearbook-2024.xlsx,2-14,20,11,Najran
Statistical-Yearbook-2024.xlsx,2-14,21,1,الباحة
Statistical-Yearbook-2024.xlsx,2-14,21,11,Al-Baha
Statistical-Yearbook-2024.xlsx,2-14,22,1,الجوف
Statistical-Yearbook-2024.xlsx,2-14,22,11,Al Jouf
Statistical-Yearbook-2024.xlsx,2-15,6,1,الرياض
Statistical-Yearbook-2024.xlsx,2-15,6,23,Riyadh
Statistical-Yearbook-2024.xlsx,2-15,10,1,المدينة المنورة
Statistical-Yearbook-2024.xlsx,2-15,10,23,Madinah
Statistical-Yearbook-2024.xlsx,2-15,11,1,القصيم
Statistical-Yearbook-2024.xlsx,2-15,11,23,Qassim
Statistical-Yearbook-2024.xlsx,2-15,12,1,الشرقية
Statistical-Yearbook-2024.xlsx,2-15,12,23,Eastern
Statistical-Yearbook-2024.xlsx,2-15,15,1,عسير
Statistical-Yearbook-2024.xlsx,2-15,15,23,Asir
Statistical-Yearbook-2024.xlsx,2-15,17,1,تبوك
Statistical-Yearbook-2024.xlsx,2-15,17,23,Tabuk
Statistical-Yearbook-2024.xlsx,2-15,18,1,حائل
Statistical-Yearbook-2024.xlsx,2-15,18,23,Hail
Statistical-Yearbook-2024.xlsx,2-15,19,1,الحدود الشمالية
Statistical-Yearbook-2024.xlsx,2-15,19,23,Northern Borders
Statistical-Yearbook-2024.xlsx,2-15,20,1,جازان
Statistical-Yearbook-2024.xlsx,2-15,20,23,Jazan
Statistical-Yearbook-2024.xlsx,2-15,21,1,نجران
Statistical-Yearbook-2024.xlsx,2-15,21,23,Najran
Statistical-Yearbook-2024.xlsx,2-15,22,1,الباحة
Statistical-Yearbook-2024.xlsx,2-15,22,23,Al Baha
Statistical-Yearbook-2024.xlsx,2-15,23,1,الجوف
Statistical-Yearbook-2024.xlsx,2-15,23,23,Al Jouf
Statistical-Yearbook-2024.xlsx,2-16,5,1,الرياض
Statistical-Yearbook-2024.xlsx,2-16,5,26,Riyadh
Statistical-Yearbook-2024.xlsx,2-16,9,1,المدينة المنورة
Statistical-Yearbook-2024.xlsx,2-16,9,26,Madinah
Statistical-Yearbook-2024.xlsx,2-16,10,1,الشرقية
Statistical-Yearbook-2024.xlsx,2-16,10,26,Eastern
Statistical-Yearbook-2024.xlsx,2-16,13,1,عسير
Statistical-Yearbook-2024.xlsx,2-16,13,26,Asir
Statistical-Yearbook-2024.xlsx,2-16,15,1,حائل
Statistical-Yearbook-2024.xlsx,2-16,15,26,Hail
Statistical-Yearbook-2024.xlsx,2-18,4,5,Riyadh
Statistical-Yearbook-2024.xlsx,2-18,4,8,Makkah
Statistical-Yearbook-2024.xlsx,2-24,4,3,الرياض
Statistical-Yearbook-2024.xlsx,2-24,4,5,Riyadh
Statistical-Yearbook-2024.xlsx,2-24,4,8,Makkah
Statistical-Yearbook-2024.xlsx,2-24,5,3,Riyadh
Statistical-Yearbook-2024.xlsx,2-24,33,3,المدينة المنورة
Statistical-Yearbook-2024.xlsx,2-24,33,6,القصيم
Statistical-Yearbook-2024.xlsx,2-24,33,9,الشرقية
Statistical-Yearbook-2024.xlsx,2-24,33,11,Eastern
Statistical-Yearbook-2024.xlsx,2-24,34,3,Madinah
Statistical-Yearbook-2024.xlsx,2-24,34,6,Qassim
Statistical-Yearbook-2024.xlsx,2-24,34,9,Eastern
Statistical-Yearbook-2024.xlsx,2-25,4,3,الرياض
Statistical-Yearbook-2024.xlsx,2-25,4,5,Riyadh
Statistical-Yearbook-2024.xlsx,2-25,4,8,Makkah
Statistical-Yearbook-2024.xlsx,2-25,5,3,Riyadh
Statistical-Yearbook-2024.xlsx,2-25,33,3,المدينة المنورة
Statistical-Yearbook-2024.xlsx,2-25,33,6,القصيم
Statistical-Yearbook-2024.xlsx,2-25,33,9,الشرقية
Statistical-Yearbook-2024.xlsx,2-25,33,11,Eastern
Statistical-Yearbook-2024.xlsx,2-25,34,3,Madinah
Statistical-Yearbook-2024.xlsx,2-25,34,6,Qassim
Statistical-Yearbook-2024.xlsx,2-25,34,9,Eastern
Statistical-Yearbook-2024.xlsx,2-26,4,3,الرياض
Statistical-Yearbook-2024.xlsx,2-26,4,5,Riyadh
Statistical-Yearbook-2024.xlsx,2-26,4,8,Makkah
Statistical-Yearbook-2024.xlsx,2-26,5,3,Riyadh
Statistical-Yearbook-2024.xlsx,2-26,33,3,المدينة المنورة
Statistical-Yearbook-2024.xlsx,2-26,33,6,القصيم
Statistical-Yearbook-2024.xlsx,2-26,33,9,الشرقية
Statistical-Yearbook-2024.xlsx,2-26,33,11,Eastern
Statistical-Yearbook-2024.xlsx,2-26,34,3,Madinah
Statistical-Yearbook-2024.xlsx,2-26,34,6,Qassim
Statistical-Yearbook-2024.xlsx,2-26,34,9,Eastern
Statistical-Yearbook-2024.xlsx,2-27,4,3,الرياض
Statistical-Yearbook-2024.xlsx,2-27,4,5,Riyadh
Statistical-Yearbook-2024.xlsx,2-27,4,8,Makkah
Statistical-Yearbook-2024.xlsx,2-27,5,3,Riyadh
Statistical-Yearbook-2024.xlsx,2-27,33,3,المدينة المنورة
Statistical-Yearbook-2024.xlsx,2-27,33,6,القصيم
Statistical-Yearbook-2024.xlsx,2-27,33,9,الشرقية
Statistical-Yearbook-2024.xlsx,2-27,33,11,Eastern
Statistical-Yearbook-2024.xlsx,2-27,34,3,Madinah
Statistical-Yearbook-2024.xlsx,2-27,34,6,Qassim
Statistical-Yearbook-2024.xlsx,2-27,34,9,Eastern
Statistical-Yearbook-2024.xlsx,2-28,4,5,Riyadh
Statistical-Yearbook-2024.xlsx,2-28,4,8,Makkah
Statistical-Yearbook-2024.xlsx,2-29,4,2,الرياض
Statistical-Yearbook-2024.xlsx,2-29,4,8,Makkah
Statistical-Yearbook-2024.xlsx,2-29,4,18,المدينة المنورة
Statistical-Yearbook-2024.xlsx,2-29,4,22,القصيم
Statistical-Yearbook-2024.xlsx,2-29,4,26,الشرقية
Statistical-Yearbook-2024.xlsx,2-29,4,28,Eastern
Statistical-Yearbook-2024.xlsx,2-29,5,2,Riyadh
Statistical-Yearbook-2024.xlsx,2-29,5,18,Madinah
Statistical-Yearbook-2024.xlsx,2-29,5,22,Qassim
Statistical-Yearbook-2024.xlsx,2-29,5,26,Eastern
Statistical-Yearbook-2024.xlsx,2-30,4,2,الرياض
Statistical-Yearbook-2024.xlsx,2-30,4,8,Makkah
Statistical-Yearbook-2024.xlsx,2-30,4,18,المدينة المنورة
Statistical-Yearbook-2024.xlsx,2-30,4,22,القصيم
Statistical-Yearbook-2024.xlsx,2-30,4,26,الشرقية
Statistical-Yearbook-2024.xlsx,2-30,4,28,Eastern
Statistical-Yearbook-2024.xlsx,2-30,5,2,Riyadh
Statistical-Yearbook-2024.xlsx,2-30,5,18,Madinah
Statistical-Yearbook-2024.xlsx,2-30,5,22,Qassim
Statistical-Yearbook-2024.xlsx,2-30,5,26,Eastern
Statistical-Yearbook-2024.xlsx,2-31,4,2,الرياض
Statistical-Yearbook-2024.xlsx,2-31,4,18,المدينة المنورة
Statistical-Yearbook-2024.xlsx,2-31,4,22,القصيم
Statistical-Yearbook-2024.xlsx,2-31,4,26,الشرقية
Statistical-Yearbook-2024.xlsx,2-31,5,2,Riyadh
Statistical-Yearbook-2024.xlsx,2-31,5,18,Madinah
Statistical-Yearbook-2024.xlsx,2-31,5,22,Qassim
Statistical-Yearbook-2024.xlsx,2-31,5,26,Eastern
Statistical-Yearbook-2024.xlsx,2-32,4,8,Makkah
Statistical-Yearbook-2024.xlsx,2-32,4,28,Eastern
Statistical-Yearbook-2024.xlsx,2-41,4,3,الرياض
Statistical-Yearbook-2024.xlsx,2-41,4,5,Riyadh
Statistical-Yearbook-2024.xlsx,2-41,4,8,Makkah
Statistical-Yearbook-2024.xlsx,2-41,5,3,Riyadh
Statistical-Yearbook-2024.xlsx,2-41,33,3,المدينة المنورة
Statistical-Yearbook-2024.xlsx,2-41,33,6,القصيم
Statistical-Yearbook-2024.xlsx,2-41,33,9,الشرقية
Statistical-Yearbook-2024.xlsx,2-41,33,11,Eastern
Statistical-Yearbook-2024.xlsx,2-41,34,3,Madinah
Statistical-Yearbook-2024.xlsx,2-41,34,6,Qassim
Statistical-Yearbook-2024.xlsx,2-41,34,9,Eastern
Statistical-Yearbook-2024.xlsx,2-44,4,3,الرياض
Statistical-Yearbook-2024.xlsx,2-44,4,5,Riyadh
Statistical-Yearbook-2024.xlsx,2-44,4,8,Makkah
Statistical-Yearbook-2024.xlsx,2-44,5,3,Riyadh
Statistical-Yearbook-2024.xlsx,2-44,5,6,Makkah
Statistical-Yearbook-2024.xlsx,2-44,33,3,المدينة المنورة
Statistical-Yearbook-2024.xlsx,2-44,33,6,القصيم
Statistical-Yearbook-2024.xlsx,2-44,33,9,الشرقية
Statistical-Yearbook-2024.xlsx,2-44,33,11,Eastern
Statistical-Yearbook-2024.xlsx,2-44,34,3,Madinah
Statistical-Yearbook-2024.xlsx,2-44,34,6,Qassim
Statistical-Yearbook-2024.xlsx,2-44,34,9,Eastern
Statistical-Yearbook-2024.xlsx,2-45,4,3,الرياض
Statistical-Yearbook-2024.xlsx,2-45,4,5,Riyadh
Statistical-Yearbook-2024.xlsx,2-45,4,8,Makkah
Statistical-Yearbook-2024.xlsx,2-45,5,3,Riyadh
Statistical-Yearbook-2024.xlsx,2-45,30,3,المدينة المنورة
Statistical-Yearbook-2024.xlsx,2-45,30,6,القصيم
Statistical-Yearbook-2024.xlsx,2-45,30,9,الشرقية
Statistical-Yearbook-2024.xlsx,2-45,30,11,Eastern
Statistical-Yearbook-2024.xlsx,2-45,31,3,Madinah
Statistical-Yearbook-2024.xlsx,2-45,31,6,Qassim
Statistical-Yearbook-2024.xlsx,2-45,31,9,Eastern
Statistical-Yearbook-2024.xlsx,2-46,4,3,الرياض
Statistical-Yearbook-2024.xlsx,2-46,4,5,Riyadh
Statistical-Yearbook-2024.xlsx,2-46,4,8,Makkah
Statistical-Yearbook-2024.xlsx,2-46,5,3,Riyadh
Statistical-Yearbook-2024.xlsx,2-46,33,3,المدينة المنورة
Statistical-Yearbook-2024.xlsx,2-46,33,6,القصيم
Statistical-Yearbook-2024.xlsx,2-46,33,9,الشرقية
Statistical-Yearbook-2024.xlsx,2-46,33,11,Eastern
Statistical-Yearbook-2024.xlsx,2-46,34,3,Madinah
Statistical-Yearbook-2024.xlsx,2-46,34,6,Qassim
Statistical-Yearbook-2024.xlsx,2-46,34,9,Eastern
Statistical-Yearbook-2024.xlsx,2-47,4,3,الرياض
Statistical-Yearbook-2024.xlsx,2-47,4,5,Riyadh
Statistical-Yearbook-2024.xlsx,2-47,4,8,Makkah
Statistical-Yearbook-2024.xlsx,2-47,5,3,Riyadh
Statistical-Yearbook-2024.xlsx,2-47,33,3,المدينة المنورة
Statistical-Yearbook-2024.xlsx,2-47,33,6,القصيم
Statistical-Yearbook-2024.xlsx,2-47,33,9,الشرقية
Statistical-Yearbook-2024.xlsx,2-47,33,11,Eastern
Statistical-Yearbook-2024.xlsx,2-47,34,3,Madinah
Statistical-Yearbook-2024.xlsx,2-47,34,6,Qassim
Statistical-Yearbook-2024.xlsx,2-47,34,9,Eastern
Statistical-Yearbook-2024.xlsx,2-50,9,5,الطب الرياضي
Statistical-Yearbook-2024.xlsx,2-51,6,1,تجمع الرياض الصحي الأول
Statistical-Yearbook-2024.xlsx,2-51,6,3,Riyadh First Health Cluster
Statistical-Yearbook-2024.xlsx,2-51,7,1,تجمع الرياض الصحي الثاني
Statistical-Yearbook-2024.xlsx,2-51,7,3,Riyadh Second Health Cluster
Statistical-Yearbook-2024.xlsx,2-51,8,1,تجمع الرياض الصحي الثالث
Statistical-Yearbook-2024.xlsx,2-51,8,3,Riyadh Third Health Cluster
Statistical-Yearbook-2024.xlsx,2-51,9,1,إجمالي التجمعات الصحية بالرياض
Statistical-Yearbook-2024.xlsx,2-51,9,3,Total Health Clusters - Riyadh
Statistical-Yearbook-2024.xlsx,2-51,10,1,تجمع مكة المكرمة الصحي
Statistical-Yearbook-2024.xlsx,2-51,10,3,Makkah Health Cluster
Statistical-Yearbook-2024.xlsx,2-51,15,1,تجمع المدينة المنورة الصحي
Statistical-Yearbook-2024.xlsx,2-51,15,3,Madinah Health Cluster
Statistical-Yearbook-2024.xlsx,2-51,16,1,تجمع القصيم الصحي
Statistical-Yearbook-2024.xlsx,2-51,16,3,Qassim Health Cluster
Statistical-Yearbook-2024.xlsx,2-51,17,1,تجمع الشرقية الصحي
Statistical-Yearbook-2024.xlsx,2-51,17,3,Eastern Health Cluster
Statistical-Yearbook-2024.xlsx,2-51,20,1,تجمع عسير الصحي
Statistical-Yearbook-2024.xlsx,2-51,20,3,Asir Health Cluster
Statistical-Yearbook-2024.xlsx,2-51,21,1,تجمع تبوك الصحي
Statistical-Yearbook-2024.xlsx,2-51,21,3,Tabuk Health Cluster
Statistical-Yearbook-2024.xlsx,2-51,22,1,تجمع حائل الصحي
Statistical-Yearbook-2024.xlsx,2-51,22,3,Hail Health Cluster
Statistical-Yearbook-2024.xlsx,2-51,23,1,تجمع الحدود الشمالية الصحي
Statistical-Yearbook-2024.xlsx,2-51,23,3,Northern Borders Health Cluster
Statistical-Yearbook-2024.xlsx,2-51,24,1,تجمع جازان الصحي
Statistical-Yearbook-2024.xlsx,2-51,24,3,Jazan Health Cluster
Statistical-Yearbook-2024.xlsx,2-51,25,1,تجمع نجران الصحي
Statistical-Yearbook-2024.xlsx,2-51,25,3,Najran Health Cluster
Statistical-Yearbook-2024.xlsx,2-51,26,1,تجمع الباحة الصحي
Statistical-Yearbook-2024.xlsx,2-51,26,3,Al Baha Health Cluster
Statistical-Yearbook-2024.xlsx,2-51,27,1,تجمع الجوف الصحي
Statistical-Yearbook-2024.xlsx,2-51,27,3,Al Jouf Health Cluster
Statistical-Yearbook-2024.xlsx,2-52,21,1,تجمع الرياض الصحي الأول
Statistical-Yearbook-2024.xlsx,2-52,21,3,Riyadh First Health Cluster
Statistical-Yearbook-2024.xlsx,2-52,22,1,تجمع الرياض الصحي الثاني
Statistical-Yearbook-2024.xlsx,2-52,22,3,Riyadh Second Health Cluster
Statistical-Yearbook-2024.xlsx,2-52,23,1,تجمع الرياض الصحي الثالث
Statistical-Yearbook-2024.xlsx,2-52,23,3,Riyadh Third Health Cluster
Statistical-Yearbook-2024.xlsx,2-52,24,1,إجمالي التجمعات الصحية بالرياض
Statistical-Yearbook-2024.xlsx,2-52,24,3,Total Health Clusters - Riyadh
Statistical-Yearbook-2024.xlsx,2-52,25,1,تجمع مكة المكرمة الصحي
Statistical-Yearbook-2024.xlsx,2-52,25,3,Makkah Health Cluster
Statistical-Yearbook-2024.xlsx,2-52,30,1,تجمع المدينة المنورة الصحي
Statistical-Yearbook-2024.xlsx,2-52,30,3,Madinah Health Cluster
Statistical-Yearbook-2024.xlsx,2-52,31,1,تجمع القصيم الصحي
Statistical-Yearbook-2024.xlsx,2-52,31,3,Qassim Health Cluster
Statistical-Yearbook-2024.xlsx,2-52,32,1,تجمع الشرقية الصحي
Statistical-Yearbook-2024.xlsx,2-52,32,3,Eastern Health Cluster
Statistical-Yearbook-2024.xlsx,2-52,35,1,تجمع عسير الصحي
Statistical-Yearbook-2024.xlsx,2-52,35,3,Asir Health Cluster
Statistical-Yearbook-2024.xlsx,2-52,36,1,تجمع تبوك الصحي
Statistical-Yearbook-2024.xlsx,2-52,36,3,Tabuk Health Cluster
Statistical-Yearbook-2024.xlsx,2-52,37,1,تجمع حائل الصحي
Statistical-Yearbook-2024.xlsx,2-52,37,3,Hail Health Cluster
Statistical-Yearbook-2024.xlsx,2-52,38,1,تجمع الحدود الشمالية الصحي
Statistical-Yearbook-2024.xlsx,2-52,38,3,Northern Borders Health Cluster
Statistical-Yearbook-2024.xlsx,2-52,39,1,تجمع جازان الصحي
Statistical-Yearbook-2024.xlsx,2-52,39,3,Jazan Health Cluster
Statistical-Yearbook-2024.xlsx,2-52,40,1,تجمع نجران الصحي
Statistical-Yearbook-2024.xlsx,2-52,40,3,Najran Health Cluster
Statistical-Yearbook-2024.xlsx,2-54,22,1,جامعة القصيم
Statistical-Yearbook-2024.xlsx,2-54,27,1,جامعة تبوك
Statistical-Yearbook-2024.xlsx,2-54,27,7,Tabuk University
Statistical-Yearbook-2024.xlsx,2-54,28,1,جامعة حائل
Statistical-Yearbook-2024.xlsx,2-54,28,7,Hail University
Statistical-Yearbook-2024.xlsx,2-54,29,1,جامعة الحدود الشمالية
Statistical-Yearbook-2024.xlsx,2-54,29,7,Northern Borders University
Statistical-Yearbook-2024.xlsx,2-54,30,1,جامعة جازان
Statistical-Yearbook-2024.xlsx,2-54,30,7,Jazan University
Statistical-Yearbook-2024.xlsx,2-54,31,1,جامعة نجران
Statistical-Yearbook-2024.xlsx,2-54,31,7,Najran University
Statistical-Yearbook-2024.xlsx,2-54,32,1,جامعة الباحة
Statistical-Yearbook-2024.xlsx,2-54,32,7,Al Baha University
Statistical-Yearbook-2024.xlsx,2-54,33,1,جامعة الجوف
Statistical-Yearbook-2024.xlsx,2-54,33,7,Al Jouf University
Statistical-Yearbook-2024.xlsx,2-55,22,1,جامعة القصيم
Statistical-Yearbook-2024.xlsx,2-55,27,1,جامعة تبوك
Statistical-Yearbook-2024.xlsx,2-55,27,7,Tabuk university
Statistical-Yearbook-2024.xlsx,2-55,28,1,جامعة حائل
Statistical-Yearbook-2024.xlsx,2-55,28,7,Hail University
Statistical-Yearbook-2024.xlsx,2-55,29,1,جامعة الحدود الشمالية
Statistical-Yearbook-2024.xlsx,2-55,29,7,Northern Borders University
Statistical-Yearbook-2024.xlsx,2-55,30,1,جامعة الباحة
Statistical-Yearbook-2024.xlsx,2-55,30,7,Al Baha University
Statistical-Yearbook-2024.xlsx,2-55,31,1,جامعة جازان
Statistical-Yearbook-2024.xlsx,2-55,31,7,Jazan University
Statistical-Yearbook-2024.xlsx,2-55,32,1,جامعة نجران
Statistical-Yearbook-2024.xlsx,2-55,32,7,Najran University
Statistical-Yearbook-2024.xlsx,2-55,33,1,جامعة الجوف
Statistical-Yearbook-2024.xlsx,2-55,33,7,Al Jouf University
Statistical-Yearbook-2024.xlsx,2-56,17,7,RIYADH ELM UNIVERSITY
Statistical-Yearbook-2024.xlsx,2-57,17,7,RIYADH ELM UNIVERSITY
Statistical-Yearbook-2024.xlsx,2-58,5,1,الرياض
Statistical-Yearbook-2024.xlsx,2-58,5,6,Riyadh
Statistical-Yearbook-2024.xlsx,2-58,24,4,Wadi Dawasir General Hospital
Statistical-Yearbook-2024.xlsx,2-59,5,1,الرياض
Statistical-Yearbook-2024.xlsx,2-59,5,6,Riyadh
Statistical-Yearbook-2024.xlsx,2-59,9,3,مستشفى الملك خالد الجامعي بالرياض
Statistical-Yearbook-2024.xlsx,2-59,9,4,King Khalid University Hospital - Riyadh
Statistical-Yearbook-2024.xlsx,2-59,10,3,مستشفى الملك عبدالله بن عبدالعزيز بجامعة الأميرة نورة- الرياض
Statistical-Yearbook-2024.xlsx,2-59,10,4,King Abdullah Bin Abdulaziz University Hospital - Riyadh
Statistical-Yearbook-2024.xlsx,2-59,12,4,Security Forces Hospital- Riyadh
Statistical-Yearbook-2024.xlsx,2-59,13,3,مستشفى الملك عبد العزيز الجامعي - الرياض
Statistical-Yearbook-2024.xlsx,2-59,13,4,King Abdulaziz University Hospital - Riyadh
Statistical-Yearbook-2024.xlsx,2-59,14,3,مدينة الملك عبد العزيز الطبية -الرياض
Statistical-Yearbook-2024.xlsx,2-59,14,4,King Abdulaziz Medical City- Riyadh
Statistical-Yearbook-2024.xlsx,2-59,15,3,المدينة الطبية الجامعية بمدينة الملك سعود
Statistical-Yearbook-2024.xlsx,2-59,17,4,Security Forces Hospital-Makkah
Statistical-Yearbook-2024.xlsx,2-59,26,1,المدينة المنورة
Statistical-Yearbook-2024.xlsx,2-59,26,6,Madinah
Statistical-Yearbook-2024.xlsx,2-59,28,4,Prince Sultan Military -Madinah
Statistical-Yearbook-2024.xlsx,2-59,30,1,الشرقية
Statistical-Yearbook-2024.xlsx,2-59,30,6,Eastern Region
Statistical-Yearbook-2024.xlsx,2-59,37,4,Northern Borders Area Armed Forces Hospital - Hafr Al Batin
Statistical-Yearbook-2024.xlsx,2-59,38,1,عسير
Statistical-Yearbook-2024.xlsx,2-59,38,6,Asir
Statistical-Yearbook-2024.xlsx,2-59,39,1,جازان
Statistical-Yearbook-2024.xlsx,2-59,39,6,Jazan
Statistical-Yearbook-2024.xlsx,2-59,40,1,نجران
Statistical-Yearbook-2024.xlsx,2-59,40,3,مستشفى القوات المسلحة - نجران
Statistical-Yearbook-2024.xlsx,2-59,40,4,"ARMED FORCES HOSPITAL,NAJRAN"
Statistical-Yearbook-2024.xlsx,2-59,40,6,Najran
Statistical-Yearbook-2024.xlsx,2-60,5,1,الرياض
Statistical-Yearbook-2024.xlsx,2-60,5,3,مستشفى رعاية الرياض
Statistical-Yearbook-2024.xlsx,2-60,5,4,Riyadh Care Hospital
Statistical-Yearbook-2024.xlsx,2-60,5,6,Riyadh
Statistical-Yearbook-2024.xlsx,2-60,13,4,Riyadh National Hospital
Statistical-Yearbook-2024.xlsx,2-60,29,4,Rabiah Hospital - Riyadh
Statistical-Yearbook-2024.xlsx,2-60,32,3,مستشفى عبيد التخصصي بالرياض
Statistical-Yearbook-2024.xlsx,2-60,36,3,مستشفى المواساة بالرياض
Statistical-Yearbook-2024.xlsx,2-60,40,3,مستشفى السعودي الألماني فرع شركة الشرق الأوسط للرعاية الصحية بالرياض
Statistical-Yearbook-2024.xlsx,3-2,6,1,الرياض
Statistical-Yearbook-2024.xlsx,3-2,6,30,Riyadh
Statistical-Yearbook-2024.xlsx,3-2,10,1,المدينة المنورة
Statistical-Yearbook-2024.xlsx,3-2,11,1,القصيم
Statistical-Yearbook-2024.xlsx,3-2,12,1,الشرقية
Statistical-Yearbook-2024.xlsx,3-2,12,30,Eastern
Statistical-Yearbook-2024.xlsx,3-2,15,1,عسير
Statistical-Yearbook-2024.xlsx,3-2,17,1,تبوك
Statistical-Yearbook-2024.xlsx,3-2,18,1,حائل
Statistical-Yearbook-2024.xlsx,3-2,19,1,الحدود الشمالية
Statistical-Yearbook-2024.xlsx,3-2,19,30,Northern Borders
Statistical-Yearbook-2024.xlsx,3-2,20,1,جازان
Statistical-Yearbook-2024.xlsx,3-2,20,30,Jazan
Statistical-Yearbook-2024.xlsx,3-2,21,1,نجران
Statistical-Yearbook-2024.xlsx,3-2,21,30,Najran
Statistical-Yearbook-2024.xlsx,3-2,22,1,الباحة
Statistical-Yearbook-2024.xlsx,3-2,22,30,Al-Bahah
Statistical-Yearbook-2024.xlsx,3-2,23,1,الجوف
Statistical-Yearbook-2024.xlsx,3-2,23,30,Al-Jouf
Statistical-Yearbook-2024.xlsx,3-2تكملة,6,1,الرياض
Statistical-Yearbook-2024.xlsx,3-2تكملة,6,36,Riyadh
Statistical-Yearbook-2024.xlsx,3-2تكملة,10,1,المدينة المنورة
Statistical-Yearbook-2024.xlsx,3-2تكملة,11,1,القصيم
Statistical-Yearbook-2024.xlsx,3-2تكملة,12,1,الشرقية
Statistical-Yearbook-2024.xlsx,3-2تكملة,12,36,Eastern
Statistical-Yearbook-2024.xlsx,3-2تكملة,15,1,عسير
Statistical-Yearbook-2024.xlsx,3-2تكملة,17,1,تبوك
Statistical-Yearbook-2024.xlsx,3-2تكملة,18,1,حائل
Statistical-Yearbook-2024.xlsx,3-2تكملة,19,1,الحدود الشمالية
Statistical-Yearbook-2024.xlsx,3-2تكملة,19,36,Northern Borders
Statistical-Yearbook-2024.xlsx,3-2تكملة,20,1,جازان
Statistical-Yearbook-2024.xlsx,3-2تكملة,20,36,Jazan
Statistical-Yearbook-2024.xlsx,3-2تكملة,21,1,نجران
Statistical-Yearbook-2024.xlsx,3-2تكملة,21,36,Najran
Statistical-Yearbook-2024.xlsx,3-2تكملة,22,1,الباحة
Statistical-Yearbook-2024.xlsx,3-2تكملة,22,36,Al-Bahah
Statistical-Yearbook-2024.xlsx,3-2تكملة,23,1,الجوف
Statistical-Yearbook-2024.xlsx,3-2تكملة,23,36,Al-Jouf
Statistical-Yearbook-2024.xlsx,3-7,8,1,الرياض
Statistical-Yearbook-2024.xlsx,3-7,8,17,Riyadh
Statistical-Yearbook-2024.xlsx,3-7,12,1,المدينة المنورة
Statistical-Yearbook-2024.xlsx,3-7,13,1,القصيم
Statistical-Yearbook-2024.xlsx,3-7,14,1,الشرقية
Statistical-Yearbook-2024.xlsx,3-7,14,17,Eastern
Statistical-Yearbook-2024.xlsx,3-7,17,1,عسير
Statistical-Yearbook-2024.xlsx,3-7,19,1,تبوك
Statistical-Yearbook-2024.xlsx,3-7,20,1,حائل
Statistical-Yearbook-2024.xlsx,3-7,21,1,الحدود الشمالية
Statistical-Yearbook-2024.xlsx,3-7,21,17,Northern Borders
Statistical-Yearbook-2024.xlsx,3-7,22,1,جازان
Statistical-Yearbook-2024.xlsx,3-7,22,17,Jazan
Statistical-Yearbook-2024.xlsx,3-7,23,1,نجران
Statistical-Yearbook-2024.xlsx,3-7,23,17,Najran
Statistical-Yearbook-2024.xlsx,3-7,24,1,الباحة
Statistical-Yearbook-2024.xlsx,3-7,24,17,Al-Bahah
Statistical-Yearbook-2024.xlsx,3-7,25,1,الجوف
Statistical-Yearbook-2024.xlsx,3-7,25,17,Al-Jouf
Statistical-Yearbook-2024.xlsx,3-8,8,1,الرياض
Statistical-Yearbook-2024.xlsx,3-8,8,17,Riyadh
Statistical-Yearbook-2024.xlsx,3-8,12,1,المدينة المنورة
Statistical-Yearbook-2024.xlsx,3-8,13,1,القصيم
Statistical-Yearbook-2024.xlsx,3-8,14,1,الشرقية
Statistical-Yearbook-2024.xlsx,3-8,14,17,Eastern
Statistical-Yearbook-2024.xlsx,3-8,17,1,عسير
Statistical-Yearbook-2024.xlsx,3-8,19,1,تبوك
Statistical-Yearbook-2024.xlsx,3-8,20,1,حائل
Statistical-Yearbook-2024.xlsx,3-8,21,1,الحدود الشمالية
Statistical-Yearbook-2024.xlsx,3-8,21,17,Northern Borders
Statistical-Yearbook-2024.xlsx,3-8,22,1,جازان
Statistical-Yearbook-2024.xlsx,3-8,22,17,Jazan
Statistical-Yearbook-2024.xlsx,3-8,23,1,نجران
Statistical-Yearbook-2024.xlsx,3-8,23,17,Najran
Statistical-Yearbook-2024.xlsx,3-8,24,1,الباحة
Statistical-Yearbook-2024.xlsx,3-8,24,17,Al-Bahah
Statistical-Yearbook-2024.xlsx,3-8,25,1,الجوف
Statistical-Yearbook-2024.xlsx,3-8,25,17,Al-Jouf
Statistical-Yearbook-2024.xlsx,3.9,5,1,الرياض
Statistical-Yearbook-2024.xlsx,3.9,5,7,Riyadh
Statistical-Yearbook-2024.xlsx,3.9,9,1,المدينة المنورة
Statistical-Yearbook-2024.xlsx,3.9,10,1,القصيم
Statistical-Yearbook-2024.xlsx,3.9,11,1,الشرقية
Statistical-Yearbook-2024.xlsx,3.9,11,7,Eastern
Statistical-Yearbook-2024.xlsx,3.9,14,1,عسير
Statistical-Yearbook-2024.xlsx,3.9,16,1,تبوك
Statistical-Yearbook-2024.xlsx,3.9,17,1,حائل
Statistical-Yearbook-2024.xlsx,3.9,18,1,الحدود الشمالية
Statistical-Yearbook-2024.xlsx,3.9,18,7,Northern Borders
Statistical-Yearbook-2024.xlsx,3.9,19,1,جازان
Statistical-Yearbook-2024.xlsx,3.9,19,7,Jazan
Statistical-Yearbook-2024.xlsx,3.9,20,1,نجران
Statistical-Yearbook-2024.xlsx,3.9,20,7,Najran
Statistical-Yearbook-2024.xlsx,3.9,21,1,الباحة
Statistical-Yearbook-2024.xlsx,3.9,21,7,Al-Bahah
Statistical-Yearbook-2024.xlsx,3.9,22,1,الجوف
Statistical-Yearbook-2024.xlsx,3.9,22,7,Al-Jouf
Statistical-Yearbook-2024.xlsx,3-10,7,1,الرياض
Statistical-Yearbook-2024.xlsx,3-10,7,12,Riyadh
Statistical-Yearbook-2024.xlsx,3-10,11,1,المدينة المنورة
Statistical-Yearbook-2024.xlsx,3-10,12,1,الشرقية
Statistical-Yearbook-2024.xlsx,3-10,12,12,Eastern
Statistical-Yearbook-2024.xlsx,3-10,15,1,القصيم
Statistical-Yearbook-2024.xlsx,3-10,16,1,عسير
Statistical-Yearbook-2024.xlsx,3-10,18,1,تبوك
Statistical-Yearbook-2024.xlsx,3-10,19,1,حائل
Statistical-Yearbook-2024.xlsx,3-10,20,1,الحدود الشمالية
Statistical-Yearbook-2024.xlsx,3-10,20,12,Northern Borders
Statistical-Yearbook-2024.xlsx,3-10,21,1,جازان
Statistical-Yearbook-2024.xlsx,3-10,21,12,Jazan
Statistical-Yearbook-2024.xlsx,3-10,22,1,نجران
Statistical-Yearbook-2024.xlsx,3-10,22,12,Najran
Statistical-Yearbook-2024.xlsx,3-10,23,1,الباحة
Statistical-Yearbook-2024.xlsx,3-10,23,12,Al-Bahah
Statistical-Yearbook-2024.xlsx,3-10,24,1,الجوف
Statistical-Yearbook-2024.xlsx,3-10,24,12,Al-Jouf
Statistical-Yearbook-2024.xlsx,3-11,7,1,الرياض
Statistical-Yearbook-2024.xlsx,3-11,7,13,Riyadh
Statistical-Yearbook-2024.xlsx,3-11,11,1,المدينة المنورة
Statistical-Yearbook-2024.xlsx,3-11,12,1,الشرقية
Statistical-Yearbook-2024.xlsx,3-11,12,13,Eastern
Statistical-Yearbook-2024.xlsx,3-11,15,1,القصيم
Statistical-Yearbook-2024.xlsx,3-11,16,1,عسير
Statistical-Yearbook-2024.xlsx,3-11,18,1,تبوك
Statistical-Yearbook-2024.xlsx,3-11,19,1,حائل
Statistical-Yearbook-2024.xlsx,3-11,20,1,الحدود الشمالية
Statistical-Yearbook-2024.xlsx,3-11,20,13,Northern Borders
Statistical-Yearbook-2024.xlsx,3-11,21,1,جازان
Statistical-Yearbook-2024.xlsx,3-11,21,13,Jazan
Statistical-Yearbook-2024.xlsx,3-11,22,1,نجران
Statistical-Yearbook-2024.xlsx,3-11,22,13,Najran
Statistical-Yearbook-2024.xlsx,3-11,23,1,الباحة
Statistical-Yearbook-2024.xlsx,3-11,23,13,Al-Bahah
Statistical-Yearbook-2024.xlsx,3-11,24,1,الجوف
Statistical-Yearbook-2024.xlsx,3-11,24,13,Al-Jouf
Statistical-Yearbook-2024.xlsx,3-12,4,2,جازان Jazan
Statistical-Yearbook-2024.xlsx,3-12,4,5,عسير Aseer
Statistical-Yearbook-2024.xlsx,3-13,8,1,الرياض
Statistical-Yearbook-2024.xlsx,3-13,8,18,Riyadh
Statistical-Yearbook-2024.xlsx,3-13,12,1,المدينة المنورة
Statistical-Yearbook-2024.xlsx,3-13,13,1,القصيم
Statistical-Yearbook-2024.xlsx,3-13,13,18,Eastern
Statistical-Yearbook-2024.xlsx,3-13,14,1,الشرقية
Statistical-Yearbook-2024.xlsx,3-13,17,1,عسير
Statistical-Yearbook-2024.xlsx,3-13,19,1,تبوك
Statistical-Yearbook-2024.xlsx,3-13,20,1,حائل
Statistical-Yearbook-2024.xlsx,3-13,21,1,الحدود الشمالية
Statistical-Yearbook-2024.xlsx,3-13,21,18,Northern Borders
Statistical-Yearbook-2024.xlsx,3-13,22,1,جازان
Statistical-Yearbook-2024.xlsx,3-13,22,18,Jazan
Statistical-Yearbook-2024.xlsx,3-13,23,1,نجران
Statistical-Yearbook-2024.xlsx,3-13,23,18,Najran
Statistical-Yearbook-2024.xlsx,3-13,24,1,الباحة
Statistical-Yearbook-2024.xlsx,3-13,24,18,Al-Bahah
Statistical-Yearbook-2024.xlsx,3-13,25,1,الجوف
Statistical-Yearbook-2024.xlsx,3-13,25,18,Al-Jouf
Statistical-Yearbook-2024.xlsx,3-15,8,1,الرياض
Statistical-Yearbook-2024.xlsx,3-15,8,15,Riyadh
Statistical-Yearbook-2024.xlsx,3-15,12,1,المدينة المنورة
Statistical-Yearbook-2024.xlsx,3-15,13,1,القصيم
Statistical-Yearbook-2024.xlsx,3-15,14,1,الشرقية
Statistical-Yearbook-2024.xlsx,3-15,14,15,Eastern
Statistical-Yearbook-2024.xlsx,3-15,17,1,عسير
Statistical-Yearbook-2024.xlsx,3-15,19,1,تبوك
Statistical-Yearbook-2024.xlsx,3-15,20,1,حائل
Statistical-Yearbook-2024.xlsx,3-15,21,1,الحدود الشمالية
Statistical-Yearbook-2024.xlsx,3-15,21,15,Northern Borders
Statistical-Yearbook-2024.xlsx,3-15,22,1,جازان
Statistical-Yearbook-2024.xlsx,3-15,22,15,Jazan
Statistical-Yearbook-2024.xlsx,3-15,23,1,نجران
Statistical-Yearbook-2024.xlsx,3-15,23,15,Najran
Statistical-Yearbook-2024.xlsx,3-15,24,1,الباحة
Statistical-Yearbook-2024.xlsx,3-15,24,15,Al-Bahah
Statistical-Yearbook-2024.xlsx,3-15,25,1,الجوف
Statistical-Yearbook-2024.xlsx,3-15,25,15,AL jouf
Statistical-Yearbook-2024.xlsx,3-17,5,1,الرياض
Statistical-Yearbook-2024.xlsx,3-17,5,10,Riyadh
Statistical-Yearbook-2024.xlsx,3-17,9,1,الحدود الشمالية
Statistical-Yearbook-2024.xlsx,3-17,9,10,Northern Borders
Statistical-Yearbook-2024.xlsx,3-17,10,1,جازان
Statistical-Yearbook-2024.xlsx,3-17,10,10,Jazan
Statistical-Yearbook-2024.xlsx,3-17,11,1,نجران
Statistical-Yearbook-2024.xlsx,3-17,11,10,Najran
Statistical-Yearbook-2024.xlsx,3-18,8,1,الرياض
Statistical-Yearbook-2024.xlsx,3-18,8,14,Riyadh
Statistical-Yearbook-2024.xlsx,3-18,12,1,المدينة المنورة
Statistical-Yearbook-2024.xlsx,3-18,13,1,القصيم
Statistical-Yearbook-2024.xlsx,3-18,14,1,الشرقية
Statistical-Yearbook-2024.xlsx,3-18,14,14,Eastern
Statistical-Yearbook-2024.xlsx,3-18,17,1,عسير
Statistical-Yearbook-2024.xlsx,3-18,19,1,تبوك
Statistical-Yearbook-2024.xlsx,3-18,20,1,حائل
Statistical-Yearbook-2024.xlsx,3-18,21,14,Northern Borders
Statistical-Yearbook-2024.xlsx,3-18,22,1,جازان
Statistical-Yearbook-2024.xlsx,3-18,22,14,Jazan
Statistical-Yearbook-2024.xlsx,3-18,23,1,نجران
Statistical-Yearbook-2024.xlsx,3-18,23,14,Najran
Statistical-Yearbook-2024.xlsx,3-18,24,1,الباحة
Statistical-Yearbook-2024.xlsx,3-18,24,14,Al-Bahah
Statistical-Yearbook-2024.xlsx,3-18,25,1,الجوف
Statistical-Yearbook-2024.xlsx,3-18,25,14,Al-Jouf
Statistical-Yearbook-2024.xlsx,3-19,7,1,تجمع الرياض الصحي الأول
Statistical-Yearbook-2024.xlsx,3-19,7,8,Riyadh First Health Cluster
Statistical-Yearbook-2024.xlsx,3-19,8,1,تجمع الرياض الصحي الثاني
Statistical-Yearbook-2024.xlsx,3-19,8,8,Riyadh Second Health Cluster
Statistical-Yearbook-2024.xlsx,3-19,9,1,تجمع الرياض الصحي الثالث
Statistical-Yearbook-2024.xlsx,3-19,9,8,Riyadh Third Health Cluster
Statistical-Yearbook-2024.xlsx,3-19,10,1,إجمالي التجمعات الصحية بالرياض
Statistical-Yearbook-2024.xlsx,3-19,10,8,Total Health Clusters - Riyadh
Statistical-Yearbook-2024.xlsx,3-19,11,1,تجمع مكة المكرمة الصحي - العاصمة المقدسة
Statistical-Yearbook-2024.xlsx,3-19,11,8,Makkah Health Cluster - The Holy Capital
Statistical-Yearbook-2024.xlsx,3-19,12,1,تجمع مكة المكرمة الصحي - القنفذة
Statistical-Yearbook-2024.xlsx,3-19,12,8,Makkah Health Cluster - Qunfudah
Statistical-Yearbook-2024.xlsx,3-19,13,1,إجمالي تجمع مكة المكرمة الصحي
Statistical-Yearbook-2024.xlsx,3-19,13,8,Total Makkah Health Cluster
Statistical-Yearbook-2024.xlsx,3-19,18,1,تجمع المدينة المنورة الصحي
Statistical-Yearbook-2024.xlsx,3-19,18,8,Madinah Health Cluster
Statistical-Yearbook-2024.xlsx,3-19,19,1,تجمع القصيم الصحي
Statistical-Yearbook-2024.xlsx,3-19,19,8,Qassim Health Cluster
Statistical-Yearbook-2024.xlsx,3-19,20,1,تجمع الشرقية الصحي
Statistical-Yearbook-2024.xlsx,3-19,20,8,Eastern Health Cluster
Statistical-Yearbook-2024.xlsx,3-19,23,1,تجمع عسير الصحي- عسير
Statistical-Yearbook-2024.xlsx,3-19,23,8,Asir Health Cluster - Asir
Statistical-Yearbook-2024.xlsx,3-19,24,1,تجمع عسير الصحي- ببيشة
Statistical-Yearbook-2024.xlsx,3-19,24,8,Asir Health Cluster - Bishah
Statistical-Yearbook-2024.xlsx,3-19,25,1,إجمالي تجمع عسير الصحي
Statistical-Yearbook-2024.xlsx,3-19,25,8,Total Asir Health Cluster
Statistical-Yearbook-2024.xlsx,3-19,26,1,تجمع تبوك الصحي
Statistical-Yearbook-2024.xlsx,3-19,26,8,Tabuk Health Cluster
Statistical-Yearbook-2024.xlsx,3-19,27,1,تجمع حائل الصحي
Statistical-Yearbook-2024.xlsx,3-19,27,8,Hail Health Cluster
Statistical-Yearbook-2024.xlsx,3-19,28,1,تجمع الحدود الشمالية الصحي
Statistical-Yearbook-2024.xlsx,3-19,28,8,Northern Borders Health Cluster
Statistical-Yearbook-2024.xlsx,3-19,29,1,تجمع جازان الصحي
Statistical-Yearbook-2024.xlsx,3-19,29,8,Jazan Health Cluster
Statistical-Yearbook-2024.xlsx,3-19,30,1,تجمع نجران الصحي
Statistical-Yearbook-2024.xlsx,3-19,30,8,Najran Health Cluster
Statistical-Yearbook-2024.xlsx,3-19,31,1,تجمع الباحة الصحي
Statistical-Yearbook-2024.xlsx,3-19,31,8,Al Baha Health Cluster
Statistical-Yearbook-2024.xlsx,3-19,32,1,تجمع الجوف الصحي - الجوف
Statistical-Yearbook-2024.xlsx,3-19,32,8,Al Jouf Health Cluster - Al Jouf
Statistical-Yearbook-2024.xlsx,3-19,33,1,تجمع الجوف الصحي - القريات
Statistical-Yearbook-2024.xlsx,3-19,33,8,Al Jouf Health Cluster - Qurrayyat
Statistical-Yearbook-2024.xlsx,3-19,34,1,إجمالي تجمع الجوف الصحي
Statistical-Yearbook-2024.xlsx,3-19,34,8,Total AlJouf Health Cluster
Statistical-Yearbook-2024.xlsx,3.22,8,1,الرياض
Statistical-Yearbook-2024.xlsx,3.22,8,17,Riyadh
Statistical-Yearbook-2024.xlsx,3.22,12,1,المدينة المنورة
Statistical-Yearbook-2024.xlsx,3.22,13,1,القصيم
Statistical-Yearbook-2024.xlsx,3.22,14,1,الشرقية
Statistical-Yearbook-2024.xlsx,3.22,14,17,Eastern
Statistical-Yearbook-2024.xlsx,3.22,17,1,عسير
Statistical-Yearbook-2024.xlsx,3.22,19,1,تبوك
Statistical-Yearbook-2024.xlsx,3.22,20,1,حائل
Statistical-Yearbook-2024.xlsx,3.22,21,1,الحدود الشمالية
Statistical-Yearbook-2024.xlsx,3.22,21,17,Northern Borders
Statistical-Yearbook-2024.xlsx,3.22,22,1,جازان
Statistical-Yearbook-2024.xlsx,3.22,22,17,Jazan
Statistical-Yearbook-2024.xlsx,3.22,23,1,نجران
Statistical-Yearbook-2024.xlsx,3.22,23,17,Najran
Statistical-Yearbook-2024.xlsx,3.22,24,1,الباحة
Statistical-Yearbook-2024.xlsx,3.22,24,17,Al-Bahah
Statistical-Yearbook-2024.xlsx,3.22,25,1,الجوف
Statistical-Yearbook-2024.xlsx,3.22,25,17,Al-Jouf
Statistical-Yearbook-2024.xlsx,3-23,8,1,الرياض
Statistical-Yearbook-2024.xlsx,3-23,8,10,Riyadh
Statistical-Yearbook-2024.xlsx,3-23,10,1,مكة المكرمة
Statistical-Yearbook-2024.xlsx,3-23,13,1,المدينة المنورة
Statistical-Yearbook-2024.xlsx,3-23,14,1,القصيم
Statistical-Yearbook-2024.xlsx,3-23,14,10,Eastern
Statistical-Yearbook-2024.xlsx,3-23,15,1,الشرقية
Statistical-Yearbook-2024.xlsx,3-23,18,1,عسير
Statistical-Yearbook-2024.xlsx,3-23,20,1,تبوك
Statistical-Yearbook-2024.xlsx,3-23,21,1,حائل
Statistical-Yearbook-2024.xlsx,3-23,21,10,Northern Borders
Statistical-Yearbook-2024.xlsx,3-23,22,1,الحدود الشمالية
Statistical-Yearbook-2024.xlsx,3-23,22,10,Jazan
Statistical-Yearbook-2024.xlsx,3-23,23,1,جازان
Statistical-Yearbook-2024.xlsx,3-23,23,10,Najran
Statistical-Yearbook-2024.xlsx,3-23,24,1,نجران
Statistical-Yearbook-2024.xlsx,3-23,24,10,Al-Bahah
Statistical-Yearbook-2024.xlsx,3-23,25,1,الباحة
Statistical-Yearbook-2024.xlsx,3-23,25,10,Al-Jouf
Statistical-Yearbook-2024.xlsx,3-23,27,1,الجوف
Statistical-Yearbook-2024.xlsx,4-1,7,1,تجمع الرياض الصحي الأول
Statistical-Yearbook-2024.xlsx,4-1,7,8,Riyadh First Health Cluster
Statistical-Yearbook-2024.xlsx,4-1,8,1,تجمع الرياض الصحي الثاني
Statistical-Yearbook-2024.xlsx,4-1,8,8,Riyadh Second Health Cluster
Statistical-Yearbook-2024.xlsx,4-1,9,1,تجمع الرياض الصحي الثالث
Statistical-Yearbook-2024.xlsx,4-1,9,8,Riyadh Third Health Cluster
Statistical-Yearbook-2024.xlsx,4-1,10,1,تجمع مكة المكرمة الصحي
Statistical-Yearbook-2024.xlsx,4-1,10,8,Makkah Health Cluster
Statistical-Yearbook-2024.xlsx,4-1,14,1,تجمع المدينة المنورة الصحي
Statistical-Yearbook-2024.xlsx,4-1,14,8,Madinah Health Cluster
Statistical-Yearbook-2024.xlsx,4-1,15,1,تجمع القصيم الصحي
Statistical-Yearbook-2024.xlsx,4-1,15,8,Qassim Health Cluster
Statistical-Yearbook-2024.xlsx,4-1,16,1,تجمع الشرقية الصحي
Statistical-Yearbook-2024.xlsx,4-1,16,8,Eastern Health Cluster
Statistical-Yearbook-2024.xlsx,4-1,19,1,تجمع عسير الصحي
Statistical-Yearbook-2024.xlsx,4-1,19,8,Asir Health Cluster
Statistical-Yearbook-2024.xlsx,4-1,20,1,تجمع تبوك الصحي
Statistical-Yearbook-2024.xlsx,4-1,20,8,Tabuk Health Cluster
Statistical-Yearbook-2024.xlsx,4-1,21,1,تجمع حائل الصحي
Statistical-Yearbook-2024.xlsx,4-1,21,8,Hail Health Cluster
Statistical-Yearbook-2024.xlsx,4-1,22,1,تجمع الحدود الشمالية الصحي
Statistical-Yearbook-2024.xlsx,4-1,22,8,Northern Borders Health Cluster
Statistical-Yearbook-2024.xlsx,4-1,23,1,تجمع جازان الصحي
Statistical-Yearbook-2024.xlsx,4-1,23,8,Jazan Health Cluster
Statistical-Yearbook-2024.xlsx,4-1,24,1,تجمع نجران الصحي
Statistical-Yearbook-2024.xlsx,4-1,24,8,Najran Health Cluster
Statistical-Yearbook-2024.xlsx,4-1,25,1,تجمع الباحة الصحي
Statistical-Yearbook-2024.xlsx,4-1,25,8,Al Baha Health Cluster
Statistical-Yearbook-2024.xlsx,4-1,26,1,تجمع الجوف الصحي
Statistical-Yearbook-2024.xlsx,4-1,26,8,Al Jouf Health Cluster
Statistical-Yearbook-2024.xlsx,4-2,6,1,تجمع الرياض الصحي الأول
Statistical-Yearbook-2024.xlsx,4-2,6,15,Riyadh First Health Cluster
Statistical-Yearbook-2024.xlsx,4-2,7,1,تجمع الرياض الصحي الثاني
Statistical-Yearbook-2024.xlsx,4-2,7,15,Riyadh Second Health Cluster
Statistical-Yearbook-2024.xlsx,4-2,8,1,تجمع الرياض الصحي الثالث
Statistical-Yearbook-2024.xlsx,4-2,8,15,Riyadh Third Health Cluster
Statistical-Yearbook-2024.xlsx,4-2,9,1,تجمع مكة المكرمة الصحي
Statistical-Yearbook-2024.xlsx,4-2,9,15,Makkah Health Cluster
Statistical-Yearbook-2024.xlsx,4-2,13,1,تجمع المدينة المنورة الصحي
Statistical-Yearbook-2024.xlsx,4-2,13,15,Madinah Health Cluster
Statistical-Yearbook-2024.xlsx,4-2,14,1,تجمع القصيم الصحي
Statistical-Yearbook-2024.xlsx,4-2,14,15,Qassim Health Cluster
Statistical-Yearbook-2024.xlsx,4-2,15,1,تجمع الشرقية الصحي
Statistical-Yearbook-2024.xlsx,4-2,15,15,Eastern Health Cluster
Statistical-Yearbook-2024.xlsx,4-2,18,1,تجمع عسير الصحي
Statistical-Yearbook-2024.xlsx,4-2,18,15,Asir Health Cluster
Statistical-Yearbook-2024.xlsx,4-2,19,1,تجمع تبوك الصحي
Statistical-Yearbook-2024.xlsx,4-2,19,15,Tabuk Health Cluster
Statistical-Yearbook-2024.xlsx,4-2,20,1,تجمع حائل الصحي
Statistical-Yearbook-2024.xlsx,4-2,20,15,Hail Health Cluster
Statistical-Yearbook-2024.xlsx,4-2,21,1,تجمع الحدود الشمالية الصحي
Statistical-Yearbook-2024.xlsx,4-2,21,15,Northern Borders Health Cluster
Statistical-Yearbook-2024.xlsx,4-2,22,1,تجمع جازان الصحي
Statistical-Yearbook-2024.xlsx,4-2,22,15,Jazan Health Cluster
Statistical-Yearbook-2024.xlsx,4-2,23,1,تجمع نجران الصحي
Statistical-Yearbook-2024.xlsx,4-2,23,15,Najran Health Cluster
Statistical-Yearbook-2024.xlsx,4-2,24,1,تجمع الباحة الصحي
Statistical-Yearbook-2024.xlsx,4-2,24,15,Al Baha Health Cluster
Statistical-Yearbook-2024.xlsx,4-2,25,1,تجمع الجوف الصحي
Statistical-Yearbook-2024.xlsx,4-2,25,15,Al Jouf Health Cluster
Statistical-Yearbook-2024.xlsx,4-3,6,1,تجمع الرياض الصحي الأول
Statistical-Yearbook-2024.xlsx,4-3,6,7,Riyadh First Health Cluster
Statistical-Yearbook-2024.xlsx,4-3,7,1,تجمع الرياض الصحي الثاني
Statistical-Yearbook-2024.xlsx,4-3,7,7,Riyadh Second Health Cluster
Statistical-Yearbook-2024.xlsx,4-3,8,1,تجمع الرياض الصحي الثالث
Statistical-Yearbook-2024.xlsx,4-3,8,7,Riyadh Third Health Cluster
Statistical-Yearbook-2024.xlsx,4-3,9,1,إجمالي التجمعات الصحية بالرياض
Statistical-Yearbook-2024.xlsx,4-3,9,7,Total Health Clusters - Riyadh
Statistical-Yearbook-2024.xlsx,4-3,10,1,تجمع مكة المكرمة الصحي - العاصمة المقدسة
Statistical-Yearbook-2024.xlsx,4-3,10,7,Makkah Health Cluster-The Holy Capital
Statistical-Yearbook-2024.xlsx,4-3,11,1,تجمع مكة المكرمة الصحي - القنفذة
Statistical-Yearbook-2024.xlsx,4-3,11,7,Makkah Health Cluster - Qunfudah
Statistical-Yearbook-2024.xlsx,4-3,12,1,إجمالي تجمع مكة المكرمة الصحي
Statistical-Yearbook-2024.xlsx,4-3,12,7,Total Makkah Health Cluster
Statistical-Yearbook-2024.xlsx,4-3,17,1,تجمع المدينة المنورة الصحي
Statistical-Yearbook-2024.xlsx,4-3,17,7,Madinah Health Cluster
Statistical-Yearbook-2024.xlsx,4-3,18,1,تجمع القصيم الصحي
Statistical-Yearbook-2024.xlsx,4-3,18,7,Qassim Health Cluster
Statistical-Yearbook-2024.xlsx,4-3,19,1,تجمع الشرقية الصحي
Statistical-Yearbook-2024.xlsx,4-3,19,7,Eastern Health Cluster
Statistical-Yearbook-2024.xlsx,4-3,22,1,تجمع عسير الصحي- عسير
Statistical-Yearbook-2024.xlsx,4-3,22,7,Asir Health Cluster - Asir
Statistical-Yearbook-2024.xlsx,4-3,23,1,تجمع عسير الصحي - ببيشة
Statistical-Yearbook-2024.xlsx,4-3,23,7,Asir Health Cluster - Bishah
Statistical-Yearbook-2024.xlsx,4-3,24,1,إجمالي تجمع عسير الصحي
Statistical-Yearbook-2024.xlsx,4-3,24,7,Total Asir Health Cluster
Statistical-Yearbook-2024.xlsx,4-3,25,1,تجمع تبوك الصحي
Statistical-Yearbook-2024.xlsx,4-3,25,7,Tabuk Health Cluster
Statistical-Yearbook-2024.xlsx,4-3,26,1,تجمع حائل الصحي
Statistical-Yearbook-2024.xlsx,4-3,26,7,Hail Health Cluster
Statistical-Yearbook-2024.xlsx,4-3,27,1,تجمع الحدود الشمالية الصحي
Statistical-Yearbook-2024.xlsx,4-3,27,7,Northern Borders Health Cluster
Statistical-Yearbook-2024.xlsx,4-3,28,1,تجمع جازان الصحي
Statistical-Yearbook-2024.xlsx,4-3,28,7,Jazan Health Cluster
Statistical-Yearbook-2024.xlsx,4-3,29,1,تجمع نجران الصحي
Statistical-Yearbook-2024.xlsx,4-3,29,7,Najran Health Cluster
Statistical-Yearbook-2024.xlsx,4-3,30,1,تجمع الباحة الصحي
Statistical-Yearbook-2024.xlsx,4-3,30,7,Al Baha Health Cluster
Statistical-Yearbook-2024.xlsx,4-3,31,1,تجمع الجوف الصحي - الجوف
Statistical-Yearbook-2024.xlsx,4-3,31,7,Al Jouf Health Cluster - Al Jouf
Statistical-Yearbook-2024.xlsx,4-3,32,1,تجمع الجوف الصحي - القريات
Statistical-Yearbook-2024.xlsx,4-3,32,7,Al Jouf Health Cluster - Qurrayyat
Statistical-Yearbook-2024.xlsx,4-3,33,1,إجمالي تجمع الجوف الصحي
Statistical-Yearbook-2024.xlsx,4-3,33,7,Total Al Jouf Health Cluster
Statistical-Yearbook-2024.xlsx,4-4,6,1,تجمع الرياض الصحي الأول
Statistical-Yearbook-2024.xlsx,4-4,6,7,Riyadh First Health Cluster
Statistical-Yearbook-2024.xlsx,4-4,7,1,تجمع الرياض الصحي الثاني
Statistical-Yearbook-2024.xlsx,4-4,7,7,Riyadh Second Health Cluster
Statistical-Yearbook-2024.xlsx,4-4,8,1,تجمع الرياض الصحي الثالث
Statistical-Yearbook-2024.xlsx,4-4,8,7,Riyadh Third Health Cluster
Statistical-Yearbook-2024.xlsx,4-4,9,1,إجمالي التجمعات الصحية بالرياض
Statistical-Yearbook-2024.xlsx,4-4,9,7,Total Health Clusters - Riyadh
Statistical-Yearbook-2024.xlsx,4-4,10,1,تجمع مكة المكرمة الصحي - العاصمة المقدسة
Statistical-Yearbook-2024.xlsx,4-4,10,7,Makkah Health Cluster-The Holy Capital
Statistical-Yearbook-2024.xlsx,4-4,11,1,تجمع مكة المكرمة الصحي - القنفذة
Statistical-Yearbook-2024.xlsx,4-4,11,7,Makkah Health Cluster - Qunfudah
Statistical-Yearbook-2024.xlsx,4-4,12,1,إجمالي تجمع مكة المكرمة الصحي
Statistical-Yearbook-2024.xlsx,4-4,12,7,Total Makkah Health Cluster
Statistical-Yearbook-2024.xlsx,4-4,17,1,تجمع المدينة المنورة الصحي
Statistical-Yearbook-2024.xlsx,4-4,17,7,Madinah Health Cluster
Statistical-Yearbook-2024.xlsx,4-4,18,1,تجمع القصيم الصحي
Statistical-Yearbook-2024.xlsx,4-4,18,7,Qassim Health Cluster
Statistical-Yearbook-2024.xlsx,4-4,19,1,تجمع الشرقية الصحي
Statistical-Yearbook-2024.xlsx,4-4,19,7,Eastern Health Cluster
Statistical-Yearbook-2024.xlsx,4-4,22,1,تجمع عسير الصحي- عسير
Statistical-Yearbook-2024.xlsx,4-4,22,7,Asir Health Cluster - Asir
Statistical-Yearbook-2024.xlsx,4-4,23,1,تجمع عسير الصحي - ببيشة
Statistical-Yearbook-2024.xlsx,4-4,23,7,Asir Health Cluster - Bishah
Statistical-Yearbook-2024.xlsx,4-4,24,1,إجمالي تجمع عسير الصحي
Statistical-Yearbook-2024.xlsx,4-4,24,7,Total Asir Health Cluster
Statistical-Yearbook-2024.xlsx,4-4,25,1,تجمع تبوك الصحي
Statistical-Yearbook-2024.xlsx,4-4,25,7,Tabuk Health Cluster
Statistical-Yearbook-2024.xlsx,4-4,26,1,تجمع حائل الصحي
Statistical-Yearbook-2024.xlsx,4-4,26,7,Hail Health Cluster
Statistical-Yearbook-2024.xlsx,4-4,27,1,تجمع الحدود الشمالية الصحي
Statistical-Yearbook-2024.xlsx,4-4,27,7,Northern Borders Health Cluster
Statistical-Yearbook-2024.xlsx,4-4,28,1,تجمع جازان الصحي
Statistical-Yearbook-2024.xlsx,4-4,28,7,Jazan Health Cluster
Statistical-Yearbook-2024.xlsx,4-4,29,1,تجمع نجران الصحي
Statistical-Yearbook-2024.xlsx,4-4,29,7,Najran Health Cluster
Statistical-Yearbook-2024.xlsx,4-4,30,1,تجمع الباحة الصحي
Statistical-Yearbook-2024.xlsx,4-4,30,7,Al Baha Health Cluster
Statistical-Yearbook-2024.xlsx,4-4,31,1,تجمع الجوف الصحي - الجوف
Statistical-Yearbook-2024.xlsx,4-4,31,7,Al Jouf Health Cluster - Al Jouf
Statistical-Yearbook-2024.xlsx,4-4,32,1,تجمع الجوف الصحي - القريات
Statistical-Yearbook-2024.xlsx,4-4,32,7,Al Jouf Health Cluster - Qurrayyat
Statistical-Yearbook-2024.xlsx,4-4,33,1,إجمالي تجمع الجوف الصحي
Statistical-Yearbook-2024.xlsx,4-4,33,7,Total Al Jouf Health Cluster
Statistical-Yearbook-2024.xlsx,4-5,6,1,تجمع الرياض الصحي الأول
Statistical-Yearbook-2024.xlsx,4-5,6,7,Riyadh First Health Cluster
Statistical-Yearbook-2024.xlsx,4-5,7,1,تجمع الرياض الصحي الثاني
Statistical-Yearbook-2024.xlsx,4-5,7,7,Riyadh Second Health Cluster
Statistical-Yearbook-2024.xlsx,4-5,8,1,تجمع الرياض الصحي الثالث
Statistical-Yearbook-2024.xlsx,4-5,8,7,Riyadh Third Health Cluster
Statistical-Yearbook-2024.xlsx,4-5,9,1,إجمالي التجمعات الصحية بالرياض
Statistical-Yearbook-2024.xlsx,4-5,9,7,Total Health Clusters - Riyadh
Statistical-Yearbook-2024.xlsx,4-5,10,1,تجمع مكة المكرمة الصحي - العاصمة المقدسة
Statistical-Yearbook-2024.xlsx,4-5,10,7,Makkah Health Cluster-The Holy Capital
Statistical-Yearbook-2024.xlsx,4-5,11,1,تجمع مكة المكرمة الصحي - القنفذة
Statistical-Yearbook-2024.xlsx,4-5,11,7,Makkah Health Cluster - Qunfudah
Statistical-Yearbook-2024.xlsx,4-5,12,1,إجمالي تجمع مكة المكرمة الصحي
Statistical-Yearbook-2024.xlsx,4-5,12,7,Total Makkah Health Cluster
Statistical-Yearbook-2024.xlsx,4-5,17,1,تجمع المدينة المنورة الصحي
Statistical-Yearbook-2024.xlsx,4-5,17,7,Madinah Health Cluster
Statistical-Yearbook-2024.xlsx,4-5,18,1,تجمع القصيم الصحي
Statistical-Yearbook-2024.xlsx,4-5,18,7,Qassim Health Cluster
Statistical-Yearbook-2024.xlsx,4-5,19,1,تجمع الشرقية الصحي
Statistical-Yearbook-2024.xlsx,4-5,19,7,Eastern Health Cluster
Statistical-Yearbook-2024.xlsx,4-5,22,1,تجمع عسير الصحي- عسير
Statistical-Yearbook-2024.xlsx,4-5,22,7,Asir Health Cluster - Asir
Statistical-Yearbook-2024.xlsx,4-5,23,1,تجمع عسير الصحي - ببيشة
Statistical-Yearbook-2024.xlsx,4-5,23,7,Asir Health Cluster - Bishah
Statistical-Yearbook-2024.xlsx,4-5,24,1,إجمالي تجمع عسير الصحي
Statistical-Yearbook-2024.xlsx,4-5,24,7,Total Asir Health Cluster
Statistical-Yearbook-2024.xlsx,4-5,25,1,تجمع تبوك الصحي
Statistical-Yearbook-2024.xlsx,4-5,25,7,Tabuk Health Cluster
Statistical-Yearbook-2024.xlsx,4-5,26,1,تجمع حائل الصحي
Statistical-Yearbook-2024.xlsx,4-5,26,7,Hail Health Cluster
Statistical-Yearbook-2024.xlsx,4-5,27,1,تجمع الحدود الشمالية الصحي
Statistical-Yearbook-2024.xlsx,4-5,27,7,Northern Borders Health Cluster
Statistical-Yearbook-2024.xlsx,4-5,28,1,تجمع جازان الصحي
Statistical-Yearbook-2024.xlsx,4-5,28,7,Jazan Health Cluster
Statistical-Yearbook-2024.xlsx,4-5,29,1,تجمع نجران الصحي
Statistical-Yearbook-2024.xlsx,4-5,29,7,Najran Health Cluster
Statistical-Yearbook-2024.xlsx,4-5,30,1,تجمع الباحة الصحي
Statistical-Yearbook-2024.xlsx,4-5,30,7,Al Baha Health Cluster
Statistical-Yearbook-2024.xlsx,4-5,31,1,تجمع الجوف الصحي - الجوف
Statistical-Yearbook-2024.xlsx,4-5,31,7,Al Jouf Health Cluster - Al Jouf
Statistical-Yearbook-2024.xlsx,4-5,32,1,تجمع الجوف الصحي - القريات
Statistical-Yearbook-2024.xlsx,4-5,32,7,Al Jouf Health Cluster - Qurrayyat
Statistical-Yearbook-2024.xlsx,4-5,33,1,إجمالي تجمع الجوف الصحي
Statistical-Yearbook-2024.xlsx,4-5,33,7,Total Al Jouf Health Cluster
Statistical-Yearbook-2024.xlsx,4-6,6,1,تجمع الرياض الصحي الأول
Statistical-Yearbook-2024.xlsx,4-6,6,6,Riyadh First Health Cluster
Statistical-Yearbook-2024.xlsx,4-6,7,1,تجمع الرياض الصحي الثاني
Statistical-Yearbook-2024.xlsx,4-6,7,6,Riyadh Second Health Cluster
Statistical-Yearbook-2024.xlsx,4-6,8,1,تجمع الرياض الصحي الثالث
Statistical-Yearbook-2024.xlsx,4-6,8,6,Riyadh Third Health Cluster
Statistical-Yearbook-2024.xlsx,4-6,9,1,تجمع مكة المكرمة الصحي
Statistical-Yearbook-2024.xlsx,4-6,9,6,Makkah Health Cluster
Statistical-Yearbook-2024.xlsx,4-6,13,1,تجمع المدينة المنورة الصحي
Statistical-Yearbook-2024.xlsx,4-6,13,6,Madinah Health Cluster
Statistical-Yearbook-2024.xlsx,4-6,14,1,تجمع القصيم الصحي
Statistical-Yearbook-2024.xlsx,4-6,14,6,Qassim Health Cluster
Statistical-Yearbook-2024.xlsx,4-6,15,1,تجمع الشرقية الصحي
Statistical-Yearbook-2024.xlsx,4-6,15,6,Eastern Health Cluster
Statistical-Yearbook-2024.xlsx,4-6,18,1,تجمع عسير الصحي
Statistical-Yearbook-2024.xlsx,4-6,18,6,Asir Health Cluster
Statistical-Yearbook-2024.xlsx,4-6,19,1,تجمع تبوك الصحي
Statistical-Yearbook-2024.xlsx,4-6,19,6,Tabuk Health Cluster
Statistical-Yearbook-2024.xlsx,4-6,20,1,تجمع حائل الصحي
Statistical-Yearbook-2024.xlsx,4-6,20,6,Hail Health Cluster
Statistical-Yearbook-2024.xlsx,4-6,21,1,تجمع الحدود الشمالية الصحي
Statistical-Yearbook-2024.xlsx,4-6,21,6,Northern Borders Health Cluster
Statistical-Yearbook-2024.xlsx,4-6,22,1,تجمع جازان الصحي
Statistical-Yearbook-2024.xlsx,4-6,22,6,Jazan Health Cluster
Statistical-Yearbook-2024.xlsx,4-6,23,1,تجمع نجران الصحي
Statistical-Yearbook-2024.xlsx,4-6,23,6,Najran Health Cluster
Statistical-Yearbook-2024.xlsx,4-6,24,1,تجمع الباحة الصحي
Statistical-Yearbook-2024.xlsx,4-6,24,6,Al Baha Health Cluster
Statistical-Yearbook-2024.xlsx,4-6,25,1,تجمع الجوف الصحي
Statistical-Yearbook-2024.xlsx,4-6,25,6,Al Jouf Health Cluster
Statistical-Yearbook-2024.xlsx,4-7,7,1,الرياض
Statistical-Yearbook-2024.xlsx,4-7,7,12,Riyadh
Statistical-Yearbook-2024.xlsx,4-7,8,1,مكة المكرمة
Statistical-Yearbook-2024.xlsx,4-7,8,12,Makkah
Statistical-Yearbook-2024.xlsx,4-7,9,1,المدينة المنورة
Statistical-Yearbook-2024.xlsx,4-7,9,12,Madinah
Statistical-Yearbook-2024.xlsx,4-7,10,1,القصيم
Statistical-Yearbook-2024.xlsx,4-7,10,12,Qassim
Statistical-Yearbook-2024.xlsx,4-7,11,1,الشرقية
Statistical-Yearbook-2024.xlsx,4-7,11,12,Eastern
Statistical-Yearbook-2024.xlsx,4-7,12,1,عسير
Statistical-Yearbook-2024.xlsx,4-7,12,12,Asir
Statistical-Yearbook-2024.xlsx,4-7,13,1,تبوك
Statistical-Yearbook-2024.xlsx,4-7,13,12,Tabuk
Statistical-Yearbook-2024.xlsx,4-7,14,1,حائل
Statistical-Yearbook-2024.xlsx,4-7,14,12,Hail
Statistical-Yearbook-2024.xlsx,4-7,15,1,الحدود الشمالية
Statistical-Yearbook-2024.xlsx,4-7,15,12,Northern Borders
Statistical-Yearbook-2024.xlsx,4-7,16,1,جازان
Statistical-Yearbook-2024.xlsx,4-7,16,12,Jazan
Statistical-Yearbook-2024.xlsx,4-7,17,1,نجران
Statistical-Yearbook-2024.xlsx,4-7,17,12,Najran
Statistical-Yearbook-2024.xlsx,4-7,18,1,الباحة
Statistical-Yearbook-2024.xlsx,4-7,18,12,Al Baha
Statistical-Yearbook-2024.xlsx,4-7,19,1,الجوف
Statistical-Yearbook-2024.xlsx,4-7,19,12,Al Jouf
Statistical-Yearbook-2024.xlsx,4-8,8,1,الرياض
Statistical-Yearbook-2024.xlsx,4-8,8,7,Riyadh
Statistical-Yearbook-2024.xlsx,4-8,9,1,مكة المكرمة
Statistical-Yearbook-2024.xlsx,4-8,9,7,Makkah
Statistical-Yearbook-2024.xlsx,4-8,10,1,المدينة المنورة
Statistical-Yearbook-2024.xlsx,4-8,10,7,Madinah
Statistical-Yearbook-2024.xlsx,4-8,11,1,القصيم
Statistical-Yearbook-2024.xlsx,4-8,11,7,Qassim
Statistical-Yearbook-2024.xlsx,4-8,12,1,الشرقية
Statistical-Yearbook-2024.xlsx,4-8,12,7,Eastern
Statistical-Yearbook-2024.xlsx,4-8,13,1,عسير
Statistical-Yearbook-2024.xlsx,4-8,13,7,Asir
Statistical-Yearbook-2024.xlsx,4-8,14,1,تبوك
Statistical-Yearbook-2024.xlsx,4-8,14,7,Tabuk
Statistical-Yearbook-2024.xlsx,4-8,15,1,حائل
Statistical-Yearbook-2024.xlsx,4-8,15,7,Hail
Statistical-Yearbook-2024.xlsx,4-8,16,1,الحدود الشمالية
Statistical-Yearbook-2024.xlsx,4-8,16,7,Northern Borders
Statistical-Yearbook-2024.xlsx,4-8,17,1,جازان
Statistical-Yearbook-2024.xlsx,4-8,17,7,Jazan
Statistical-Yearbook-2024.xlsx,4-8,18,1,نجران
Statistical-Yearbook-2024.xlsx,4-8,18,7,Najran
Statistical-Yearbook-2024.xlsx,4-8,19,1,الباحة
Statistical-Yearbook-2024.xlsx,4-8,19,7,Al Baha
Statistical-Yearbook-2024.xlsx,4-8,20,1,الجوف
Statistical-Yearbook-2024.xlsx,4-8,20,7,Al Jouf
Statistical-Yearbook-2024.xlsx,4-9,7,1,الرياض
Statistical-Yearbook-2024.xlsx,4-9,7,10,Riyadh
Statistical-Yearbook-2024.xlsx,4-9,8,1,مكة المكرمة
Statistical-Yearbook-2024.xlsx,4-9,8,10,Makkah
Statistical-Yearbook-2024.xlsx,4-9,9,1,المدينة المنورة
Statistical-Yearbook-2024.xlsx,4-9,9,10,Madinah
Statistical-Yearbook-2024.xlsx,4-9,10,1,القصيم
Statistical-Yearbook-2024.xlsx,4-9,10,10,Qassim
Statistical-Yearbook-2024.xlsx,4-9,11,1,الشرقية
Statistical-Yearbook-2024.xlsx,4-9,11,10,Eastern
Statistical-Yearbook-2024.xlsx,4-9,12,1,عسير
Statistical-Yearbook-2024.xlsx,4-9,12,10,Asir
Statistical-Yearbook-2024.xlsx,4-9,13,1,تبوك
Statistical-Yearbook-2024.xlsx,4-9,14,1,حائل
Statistical-Yearbook-2024.xlsx,4-9,14,10,Hail
Statistical-Yearbook-2024.xlsx,4-9,15,1,الحدود الشمالية
Statistical-Yearbook-2024.xlsx,4-9,15,10,Northern Borders
Statistical-Yearbook-2024.xlsx,4-9,16,1,جازان
Statistical-Yearbook-2024.xlsx,4-9,16,10,Jazan
Statistical-Yearbook-2024.xlsx,4-9,17,1,نجران
Statistical-Yearbook-2024.xlsx,4-9,17,10,Najran
Statistical-Yearbook-2024.xlsx,4-9,18,1,الباحة
Statistical-Yearbook-2024.xlsx,4-9,18,10,Al Baha
Statistical-Yearbook-2024.xlsx,4-9,19,1,الجوف
Statistical-Yearbook-2024.xlsx,4-9,19,10,Al Jouf
Statistical-Yearbook-2024.xlsx,4-10,6,1,الرياض
Statistical-Yearbook-2024.xlsx,4-10,6,10,Riyadh
Statistical-Yearbook-2024.xlsx,4-10,7,1,مكة المكرمة
Statistical-Yearbook-2024.xlsx,4-10,7,10,Makkah
Statistical-Yearbook-2024.xlsx,4-10,8,1,المدينة المنورة
Statistical-Yearbook-2024.xlsx,4-10,8,10,Madinah
Statistical-Yearbook-2024.xlsx,4-10,9,1,القصيم
Statistical-Yearbook-2024.xlsx,4-10,9,10,Qassim
Statistical-Yearbook-2024.xlsx,4-10,10,1,الشرقية
Statistical-Yearbook-2024.xlsx,4-10,10,10,Eastern
Statistical-Yearbook-2024.xlsx,4-10,11,1,عسير
Statistical-Yearbook-2024.xlsx,4-10,11,10,Asir
Statistical-Yearbook-2024.xlsx,4-10,12,1,تبوك
Statistical-Yearbook-2024.xlsx,4-10,13,1,حائل
Statistical-Yearbook-2024.xlsx,4-10,13,10,Hail
Statistical-Yearbook-2024.xlsx,4-10,14,1,الحدود الشمالية
Statistical-Yearbook-2024.xlsx,4-10,14,10,Northern Borders
Statistical-Yearbook-2024.xlsx,4-10,15,1,جازان
Statistical-Yearbook-2024.xlsx,4-10,15,10,jazan
Statistical-Yearbook-2024.xlsx,4-10,16,1,نجران
Statistical-Yearbook-2024.xlsx,4-10,16,10,Najran
Statistical-Yearbook-2024.xlsx,4-10,17,1,الباحة
Statistical-Yearbook-2024.xlsx,4-10,17,10,Al Baha
Statistical-Yearbook-2024.xlsx,4-10,18,1,الجوف
Statistical-Yearbook-2024.xlsx,4-10,18,10,Al Jouf
Statistical-Yearbook-2024.xlsx,4-11,14,1,وزارة الرياضة
Statistical-Yearbook-2024.xlsx,4-11,22,1,جامعة الامام الرياض
Statistical-Yearbook-2024.xlsx,4-11,28,1,حائل
Statistical-Yearbook-2024.xlsx,4-11,31,1,القصيم
Statistical-Yearbook-2024.xlsx,4-11,32,1,الجوف
Statistical-Yearbook-2024.xlsx,4-11,36,1,تبوك
Statistical-Yearbook-2024.xlsx,4-11,37,1,جازان
Statistical-Yearbook-2024.xlsx,4-12,7,1,الرياض
Statistical-Yearbook-2024.xlsx,4-12,7,12,Riyadh
Statistical-Yearbook-2024.xlsx,4-12,8,1,مكة المكرمة
Statistical-Yearbook-2024.xlsx,4-12,8,12,Makkah
Statistical-Yearbook-2024.xlsx,4-12,9,1,المدينة المنورة
Statistical-Yearbook-2024.xlsx,4-12,10,1,القصيم
Statistical-Yearbook-2024.xlsx,4-12,11,1,الشرقية
Statistical-Yearbook-2024.xlsx,4-12,11,12,Eastern
Statistical-Yearbook-2024.xlsx,4-12,12,1,عسير
Statistical-Yearbook-2024.xlsx,4-12,13,1,تبوك
Statistical-Yearbook-2024.xlsx,4-12,14,1,حائل
Statistical-Yearbook-2024.xlsx,4-12,15,1,الحدود الشمالية
Statistical-Yearbook-2024.xlsx,4-12,16,1,جازان
Statistical-Yearbook-2024.xlsx,4-12,16,12,Jazan
Statistical-Yearbook-2024.xlsx,4-12,17,1,نجران
Statistical-Yearbook-2024.xlsx,4-12,17,12,Najran
Statistical-Yearbook-2024.xlsx,4-12,18,1,الباحة
Statistical-Yearbook-2024.xlsx,4-12,18,12,Al-Bahah
Statistical-Yearbook-2024.xlsx,4-12,19,1,الجوف
Statistical-Yearbook-2024.xlsx,4-12,19,12,Al-Jouf
Statistical-Yearbook-2024.xlsx,4-13,7,1,الرياض
Statistical-Yearbook-2024.xlsx,4-13,7,25,Riyadh
Statistical-Yearbook-2024.xlsx,4-13,8,1,مكة المكرمة
Statistical-Yearbook-2024.xlsx,4-13,8,25,Makkah
Statistical-Yearbook-2024.xlsx,4-13,9,1,المدينة المنورة
Statistical-Yearbook-2024.xlsx,4-13,10,1,القصيم
Statistical-Yearbook-2024.xlsx,4-13,11,1,الشرقية
Statistical-Yearbook-2024.xlsx,4-13,11,25,Eastern
Statistical-Yearbook-2024.xlsx,4-13,12,1,عسير
Statistical-Yearbook-2024.xlsx,4-13,13,1,تبوك
Statistical-Yearbook-2024.xlsx,4-13,14,1,حائل
Statistical-Yearbook-2024.xlsx,4-13,15,1,الحدود الشمالية
Statistical-Yearbook-2024.xlsx,4-13,16,1,جازان
Statistical-Yearbook-2024.xlsx,4-13,16,25,Jazan
Statistical-Yearbook-2024.xlsx,4-13,17,1,نجران
Statistical-Yearbook-2024.xlsx,4-13,17,25,Najran
Statistical-Yearbook-2024.xlsx,4-13,18,1,الباحة
Statistical-Yearbook-2024.xlsx,4-13,18,25,Al-Bahah
Statistical-Yearbook-2024.xlsx,4-13,19,1,الجوف
Statistical-Yearbook-2024.xlsx,4-13,19,25,Al-Jouf
Statistical-Yearbook-2024.xlsx,4-16,6,1,تجمع الرياض الصحي الأول
Statistical-Yearbook-2024.xlsx,4-16,6,7,Riyadh First Health Cluster
Statistical-Yearbook-2024.xlsx,4-16,7,1,تجمع الرياض الصحي الثاني
Statistical-Yearbook-2024.xlsx,4-16,7,7,Riyadh Second Health Cluster
Statistical-Yearbook-2024.xlsx,4-16,8,1,تجمع الرياض الصحي الثالث
Statistical-Yearbook-2024.xlsx,4-16,8,7,Riyadh Third Health Cluster
Statistical-Yearbook-2024.xlsx,4-16,9,1,إجمالي التجمعات الصحية بالرياض
Statistical-Yearbook-2024.xlsx,4-16,9,7,Total Health Clusters - Riyadh
Statistical-Yearbook-2024.xlsx,4-16,10,1,تجمع مكة المكرمة الصحي - العاصمة المقدسة
Statistical-Yearbook-2024.xlsx,4-16,10,7,Makkah Health Cluster-The Holy Capital
Statistical-Yearbook-2024.xlsx,4-16,11,1,تجمع مكة المكرمة الصحي - القنفذة
Statistical-Yearbook-2024.xlsx,4-16,11,7,Makkah Health Cluster - Qunfudah
Statistical-Yearbook-2024.xlsx,4-16,12,1,إجمالي تجمع مكة المكرمة الصحي
Statistical-Yearbook-2024.xlsx,4-16,12,7,Total Makkah Health Cluster
Statistical-Yearbook-2024.xlsx,4-16,17,1,تجمع المدينة المنورة الصحي
Statistical-Yearbook-2024.xlsx,4-16,17,7,Madinah Health Cluster
Statistical-Yearbook-2024.xlsx,4-16,18,1,تجمع القصيم الصحي
Statistical-Yearbook-2024.xlsx,4-16,18,7,Qassim Health Cluster
Statistical-Yearbook-2024.xlsx,4-16,19,1,تجمع الشرقية الصحي
Statistical-Yearbook-2024.xlsx,4-16,19,7,Eastern Health Cluster
Statistical-Yearbook-2024.xlsx,4-16,22,1,تجمع عسير الصحي- عسير
Statistical-Yearbook-2024.xlsx,4-16,22,7,Asir Health Cluster - Asir
Statistical-Yearbook-2024.xlsx,4-16,23,1,تجمع عسير الصحي - ببيشة
Statistical-Yearbook-2024.xlsx,4-16,23,7,Asir Health Cluster - Bishah
Statistical-Yearbook-2024.xlsx,4-16,24,1,إجمالي تجمع عسير الصحي
Statistical-Yearbook-2024.xlsx,4-16,24,7,Total Asir Health Cluster
Statistical-Yearbook-2024.xlsx,4-16,25,1,تجمع تبوك الصحي
Statistical-Yearbook-2024.xlsx,4-16,25,7,Tabuk Health Cluster
Statistical-Yearbook-2024.xlsx,4-16,26,1,تجمع حائل الصحي
Statistical-Yearbook-2024.xlsx,4-16,26,7,Hail Health Cluster
Statistical-Yearbook-2024.xlsx,4-16,27,1,تجمع الحدود الشمالية الصحي
Statistical-Yearbook-2024.xlsx,4-16,27,7,Northern Borders Health Cluster
Statistical-Yearbook-2024.xlsx,4-16,28,1,تجمع جازان الصحي
Statistical-Yearbook-2024.xlsx,4-16,28,7,Jazan Health Cluster
Statistical-Yearbook-2024.xlsx,4-16,29,1,تجمع نجران الصحي
Statistical-Yearbook-2024.xlsx,4-16,29,7,Najran Health Cluster
Statistical-Yearbook-2024.xlsx,4-16,30,1,تجمع الباحة الصحي
Statistical-Yearbook-2024.xlsx,4-16,30,7,Al Baha Health Cluster
Statistical-Yearbook-2024.xlsx,4-16,31,1,تجمع الجوف الصحي - الجوف
Statistical-Yearbook-2024.xlsx,4-16,31,7,Al Jouf Health Cluster - Al Jouf
Statistical-Yearbook-2024.xlsx,4-16,32,1,تجمع الجوف الصحي - القريات
Statistical-Yearbook-2024.xlsx,4-16,32,7,Al Jouf Health Cluster - Qurrayyat
Statistical-Yearbook-2024.xlsx,4-16,33,1,إجمالي تجمع الجوف الصحي
Statistical-Yearbook-2024.xlsx,4-16,33,7,Total Al Jouf Health Cluster
Statistical-Yearbook-2024.xlsx,4-19,6,1,تجمع الرياض الصحي الأول
Statistical-Yearbook-2024.xlsx,4-19,6,8,Riyadh First Health Cluster
Statistical-Yearbook-2024.xlsx,4-19,7,1,تجمع الرياض الصحي الثاني
Statistical-Yearbook-2024.xlsx,4-19,7,8,Riyadh Second Health Cluster
Statistical-Yearbook-2024.xlsx,4-19,8,1,تجمع الرياض الصحي الثالث
Statistical-Yearbook-2024.xlsx,4-19,8,8,Riyadh Third Health Cluster
Statistical-Yearbook-2024.xlsx,4-19,9,1,تجمع مكة المكرمة الصحي
Statistical-Yearbook-2024.xlsx,4-19,9,8,Makkah Health Cluster
Statistical-Yearbook-2024.xlsx,4-19,13,1,تجمع المدينة المنورة الصحي
Statistical-Yearbook-2024.xlsx,4-19,13,8,Madinah Health Cluster
Statistical-Yearbook-2024.xlsx,4-19,14,1,تجمع القصيم الصحي
Statistical-Yearbook-2024.xlsx,4-19,14,8,Qassim Health Cluster
Statistical-Yearbook-2024.xlsx,4-19,15,1,تجمع الشرقية الصحي
Statistical-Yearbook-2024.xlsx,4-19,15,8,Eastern Health Cluster
Statistical-Yearbook-2024.xlsx,4-19,18,1,تجمع عسير الصحي
Statistical-Yearbook-2024.xlsx,4-19,18,8,Asir Health Cluster
Statistical-Yearbook-2024.xlsx,4-19,19,1,تجمع تبوك الصحي
Statistical-Yearbook-2024.xlsx,4-19,19,8,Tabuk Health Cluster
Statistical-Yearbook-2024.xlsx,4-19,20,1,تجمع حائل الصحي
Statistical-Yearbook-2024.xlsx,4-19,20,8,Hail Health Cluster
Statistical-Yearbook-2024.xlsx,4-19,21,1,تجمع الحدود الشمالية الصحي
Statistical-Yearbook-2024.xlsx,4-19,21,8,Northern Borders Health Cluster
Statistical-Yearbook-2024.xlsx,4-19,22,1,تجمع جازان الصحي
Statistical-Yearbook-2024.xlsx,4-19,22,8,Jazan Health Cluster
Statistical-Yearbook-2024.xlsx,4-19,23,1,تجمع نجران الصحي
Statistical-Yearbook-2024.xlsx,4-19,23,8,Najran Health Cluster
Statistical-Yearbook-2024.xlsx,4-19,24,1,تجمع الباحة الصحي
Statistical-Yearbook-2024.xlsx,4-19,24,8,Al Baha Health Cluster
Statistical-Yearbook-2024.xlsx,4-19,25,1,تجمع الجوف الصحي
Statistical-Yearbook-2024.xlsx,4-19,25,8,Al Jouf Health Cluster
Statistical-Yearbook-2024.xlsx,4-20,8,1,تجمع الرياض الصحي الأول
Statistical-Yearbook-2024.xlsx,4-20,8,14,Riyadh First Health Cluster
Statistical-Yearbook-2024.xlsx,4-20,9,1,تجمع الرياض الصحي الثاني
Statistical-Yearbook-2024.xlsx,4-20,9,14,Riyadh Second Health Cluster
Statistical-Yearbook-2024.xlsx,4-20,10,1,تجمع الرياض الصحي الثالث
Statistical-Yearbook-2024.xlsx,4-20,10,14,Riyadh Third Health Cluster
Statistical-Yearbook-2024.xlsx,4-20,11,1,تجمع مكة المكرمة الصحي
Statistical-Yearbook-2024.xlsx,4-20,11,14,Makkah Health Cluster
Statistical-Yearbook-2024.xlsx,4-20,15,1,تجمع المدينة المنورة الصحي
Statistical-Yearbook-2024.xlsx,4-20,15,14,Madinah Health Cluster
Statistical-Yearbook-2024.xlsx,4-20,16,1,تجمع القصيم الصحي
Statistical-Yearbook-2024.xlsx,4-20,16,14,Qassim Health Cluster
Statistical-Yearbook-2024.xlsx,4-20,17,1,تجمع الشرقية الصحي
Statistical-Yearbook-2024.xlsx,4-20,17,14,Eastern Health Cluster
Statistical-Yearbook-2024.xlsx,4-20,20,1,تجمع عسير الصحي
Statistical-Yearbook-2024.xlsx,4-20,20,14,Asir Health Cluster
Statistical-Yearbook-2024.xlsx,4-20,21,1,تجمع تبوك الصحي
Statistical-Yearbook-2024.xlsx,4-20,21,14,Tabuk Health Cluster
Statistical-Yearbook-2024.xlsx,4-20,22,1,تجمع حائل الصحي
Statistical-Yearbook-2024.xlsx,4-20,22,14,Hail Health Cluster
Statistical-Yearbook-2024.xlsx,4-20,23,1,تجمع الحدود الشمالية الصحي
Statistical-Yearbook-2024.xlsx,4-20,23,14,Northern Borders Health Cluster
Statistical-Yearbook-2024.xlsx,4-20,24,1,تجمع جازان الصحي
Statistical-Yearbook-2024.xlsx,4-20,24,14,Jazan Health Cluster
Statistical-Yearbook-2024.xlsx,4-20,25,1,تجمع نجران الصحي
Statistical-Yearbook-2024.xlsx,4-20,25,14,Najran Health Cluster
Statistical-Yearbook-2024.xlsx,4-20,26,1,تجمع الباحة الصحي
Statistical-Yearbook-2024.xlsx,4-20,26,14,Al Baha Health Cluster
Statistical-Yearbook-2024.xlsx,4-20,27,1,تجمع الجوف الصحي
Statistical-Yearbook-2024.xlsx,4-20,27,14,Al Jouf Health Cluster
Statistical-Yearbook-2024.xlsx,4-21,6,1,تجمع الرياض الصحي الأول
Statistical-Yearbook-2024.xlsx,4-21,6,6,Riyadh First Health Cluster
Statistical-Yearbook-2024.xlsx,4-21,7,1,تجمع الرياض الصحي الثاني
Statistical-Yearbook-2024.xlsx,4-21,7,6,Riyadh Second Health Cluster
Statistical-Yearbook-2024.xlsx,4-21,8,1,تجمع الرياض الصحي الثالث
Statistical-Yearbook-2024.xlsx,4-21,8,6,Riyadh Third Health Cluster
Statistical-Yearbook-2024.xlsx,4-21,9,1,تجمع مكة المكرمة الصحي
Statistical-Yearbook-2024.xlsx,4-21,9,6,Makkah Health Cluster
Statistical-Yearbook-2024.xlsx,4-21,13,1,تجمع المدينة المنورة الصحي
Statistical-Yearbook-2024.xlsx,4-21,13,6,Madinah Health Cluster
Statistical-Yearbook-2024.xlsx,4-21,14,1,تجمع القصيم الصحي
Statistical-Yearbook-2024.xlsx,4-21,14,6,Qassim Health Cluster
Statistical-Yearbook-2024.xlsx,4-21,15,1,تجمع الشرقية الصحي
Statistical-Yearbook-2024.xlsx,4-21,15,6,Eastern Health Cluster
Statistical-Yearbook-2024.xlsx,4-21,18,1,تجمع عسير الصحي
Statistical-Yearbook-2024.xlsx,4-21,18,6,Asir Health Cluster
Statistical-Yearbook-2024.xlsx,4-21,19,1,تجمع تبوك الصحي
Statistical-Yearbook-2024.xlsx,4-21,19,6,Tabuk Health Cluster
Statistical-Yearbook-2024.xlsx,4-21,20,1,تجمع حائل الصحي
Statistical-Yearbook-2024.xlsx,4-21,20,6,Hail Health Cluster
Statistical-Yearbook-2024.xlsx,4-21,21,1,تجمع الحدود الشمالية الصحي
Statistical-Yearbook-2024.xlsx,4-21,21,6,Northern Borders Health Cluster
Statistical-Yearbook-2024.xlsx,4-21,22,1,تجمع جازان الصحي
Statistical-Yearbook-2024.xlsx,4-21,22,6,Jazan Health Cluster
Statistical-Yearbook-2024.xlsx,4-21,23,1,تجمع نجران الصحي
Statistical-Yearbook-2024.xlsx,4-21,23,6,Najran Health Cluster
Statistical-Yearbook-2024.xlsx,4-21,24,1,تجمع الباحة الصحي
Statistical-Yearbook-2024.xlsx,4-21,24,6,Al Baha Health Cluster
Statistical-Yearbook-2024.xlsx,4-21,25,1,تجمع الجوف الصحي
Statistical-Yearbook-2024.xlsx,4-21,25,6,Al Jouf Health Cluster
Statistical-Yearbook-2024.xlsx,4-22,6,1,تجمع الرياض الصحي الأول
Statistical-Yearbook-2024.xlsx,4-22,6,8,Riyadh First Health Cluster
Statistical-Yearbook-2024.xlsx,4-22,7,1,تجمع الرياض الصحي الثاني
Statistical-Yearbook-2024.xlsx,4-22,7,8,Riyadh Second Health Cluster
Statistical-Yearbook-2024.xlsx,4-22,8,1,تجمع الرياض الصحي الثالث
Statistical-Yearbook-2024.xlsx,4-22,8,8,Riyadh Third Health Cluster
Statistical-Yearbook-2024.xlsx,4-22,9,1,تجمع مكة المكرمة الصحي
Statistical-Yearbook-2024.xlsx,4-22,9,8,Makkah Health Cluster
Statistical-Yearbook-2024.xlsx,4-22,13,1,تجمع المدينة المنورة الصحي
Statistical-Yearbook-2024.xlsx,4-22,13,8,Madinah Health Cluster
Statistical-Yearbook-2024.xlsx,4-22,14,1,تجمع القصيم الصحي
Statistical-Yearbook-2024.xlsx,4-22,14,8,Qassim Health Cluster
Statistical-Yearbook-2024.xlsx,4-22,15,1,تجمع الشرقية الصحي
Statistical-Yearbook-2024.xlsx,4-22,15,8,Eastern Health Cluster
Statistical-Yearbook-2024.xlsx,4-22,18,1,تجمع عسير الصحي
Statistical-Yearbook-2024.xlsx,4-22,18,8,Asir Health Cluster
Statistical-Yearbook-2024.xlsx,4-22,19,1,تجمع تبوك الصحي
Statistical-Yearbook-2024.xlsx,4-22,19,8,Tabuk Health Cluster
Statistical-Yearbook-2024.xlsx,4-22,20,1,تجمع حائل الصحي
Statistical-Yearbook-2024.xlsx,4-22,20,8,Hail Health Cluster
Statistical-Yearbook-2024.xlsx,4-22,21,1,تجمع الحدود الشمالية الصحي
Statistical-Yearbook-2024.xlsx,4-22,21,8,Northern Borders Health Cluster
Statistical-Yearbook-2024.xlsx,4-22,22,1,تجمع جازان الصحي
Statistical-Yearbook-2024.xlsx,4-22,22,8,Jazan Health Cluster
Statistical-Yearbook-2024.xlsx,4-22,23,1,تجمع نجران الصحي
Statistical-Yearbook-2024.xlsx,4-22,23,8,Najran Health Cluster
Statistical-Yearbook-2024.xlsx,4-22,24,1,تجمع الباحة الصحي
Statistical-Yearbook-2024.xlsx,4-22,24,8,Al Baha Health Cluster
Statistical-Yearbook-2024.xlsx,4-22,25,1,تجمع الجوف الصحي
Statistical-Yearbook-2024.xlsx,4-22,25,8,Al Jouf Health Cluster
Statistical-Yearbook-2024.xlsx,4-23,6,1,تجمع الرياض الصحي الأول
Statistical-Yearbook-2024.xlsx,4-23,6,8,Riyadh First Health Cluster
Statistical-Yearbook-2024.xlsx,4-23,7,1,تجمع الرياض الصحي الثاني
Statistical-Yearbook-2024.xlsx,4-23,7,8,Riyadh Second Health Cluster
Statistical-Yearbook-2024.xlsx,4-23,8,1,تجمع الرياض الصحي الثالث
Statistical-Yearbook-2024.xlsx,4-23,8,8,Riyadh Third Health Cluster
Statistical-Yearbook-2024.xlsx,4-23,9,1,تجمع مكة المكرمة الصحي
Statistical-Yearbook-2024.xlsx,4-23,9,8,Makkah Health Cluster
Statistical-Yearbook-2024.xlsx,4-23,13,1,تجمع المدينة المنورة الصحي
Statistical-Yearbook-2024.xlsx,4-23,13,8,Madinah Health Cluster
Statistical-Yearbook-2024.xlsx,4-23,14,1,تجمع القصيم الصحي
Statistical-Yearbook-2024.xlsx,4-23,14,8,Qassim Health Cluster
Statistical-Yearbook-2024.xlsx,4-23,15,1,تجمع الشرقية الصحي
Statistical-Yearbook-2024.xlsx,4-23,15,8,Eastern Health Cluster
Statistical-Yearbook-2024.xlsx,4-23,18,1,تجمع عسير الصحي
Statistical-Yearbook-2024.xlsx,4-23,18,8,Asir Health Cluster
Statistical-Yearbook-2024.xlsx,4-23,19,1,تجمع تبوك الصحي
Statistical-Yearbook-2024.xlsx,4-23,19,8,Tabuk Health Cluster
Statistical-Yearbook-2024.xlsx,4-23,20,1,تجمع حائل الصحي
Statistical-Yearbook-2024.xlsx,4-23,20,8,Hail Health Cluster
Statistical-Yearbook-2024.xlsx,4-23,21,1,تجمع الحدود الشمالية الصحي
Statistical-Yearbook-2024.xlsx,4-23,21,8,Northern Borders Health Cluster
Statistical-Yearbook-2024.xlsx,4-23,22,1,تجمع جازان الصحي
Statistical-Yearbook-2024.xlsx,4-23,22,8,Jazan Health Cluster
Statistical-Yearbook-2024.xlsx,4-23,23,1,تجمع نجران الصحي
Statistical-Yearbook-2024.xlsx,4-23,23,8,Najran Health Cluster
Statistical-Yearbook-2024.xlsx,4-23,24,1,تجمع الباحة الصحي
Statistical-Yearbook-2024.xlsx,4-23,24,8,Al Baha Health Cluster
Statistical-Yearbook-2024.xlsx,4-23,25,1,تجمع الجوف الصحي
Statistical-Yearbook-2024.xlsx,4-23,25,8,Al Jouf Health Cluster
Statistical-Yearbook-2024.xlsx,4-24,7,1,تجمع الرياض الصحي الأول
Statistical-Yearbook-2024.xlsx,4-24,7,10,Riyadh First Health Cluster
Statistical-Yearbook-2024.xlsx,4-24,8,1,تجمع الرياض الصحي الثاني
Statistical-Yearbook-2024.xlsx,4-24,8,10,Riyadh Second Health Cluster
Statistical-Yearbook-2024.xlsx,4-24,9,1,تجمع الرياض الصحي الثالث
Statistical-Yearbook-2024.xlsx,4-24,9,10,Riyadh Third Health Cluster
Statistical-Yearbook-2024.xlsx,4-24,10,1,تجمع مكة المكرمة الصحي
Statistical-Yearbook-2024.xlsx,4-24,10,10,Makkah Health Cluster
Statistical-Yearbook-2024.xlsx,4-24,14,1,تجمع المدينة المنورة الصحي
Statistical-Yearbook-2024.xlsx,4-24,14,10,Madinah Health Cluster
Statistical-Yearbook-2024.xlsx,4-24,15,1,تجمع القصيم الصحي
Statistical-Yearbook-2024.xlsx,4-24,15,10,Qassim Health Cluster
Statistical-Yearbook-2024.xlsx,4-24,16,1,تجمع الشرقية الصحي
Statistical-Yearbook-2024.xlsx,4-24,16,10,Eastern Health Cluster
Statistical-Yearbook-2024.xlsx,4-24,19,1,تجمع عسير الصحي
Statistical-Yearbook-2024.xlsx,4-24,19,10,Asir Health Cluster
Statistical-Yearbook-2024.xlsx,4-24,20,1,تجمع تبوك الصحي
Statistical-Yearbook-2024.xlsx,4-24,20,10,Tabuk Health Cluster
Statistical-Yearbook-2024.xlsx,4-24,21,1,تجمع حائل الصحي
Statistical-Yearbook-2024.xlsx,4-24,21,10,Hail Health Cluster
Statistical-Yearbook-2024.xlsx,4-24,22,1,تجمع الحدود الشمالية الصحي
Statistical-Yearbook-2024.xlsx,4-24,22,10,Northern Borders Health Cluster
Statistical-Yearbook-2024.xlsx,4-24,23,1,تجمع جازان الصحي
Statistical-Yearbook-2024.xlsx,4-24,23,10,Jazan Health Cluster
Statistical-Yearbook-2024.xlsx,4-24,24,1,تجمع نجران الصحي
Statistical-Yearbook-2024.xlsx,4-24,24,10,Najran Health Cluster
Statistical-Yearbook-2024.xlsx,4-24,25,1,تجمع الباحة الصحي
Statistical-Yearbook-2024.xlsx,4-24,25,10,Al Baha Health Cluster
Statistical-Yearbook-2024.xlsx,4-24,26,1,تجمع الجوف الصحي
Statistical-Yearbook-2024.xlsx,4-24,26,10,Al Jouf Health Cluster
Statistical-Yearbook-2024.xlsx,4-25,6,1,تجمع الرياض الصحي الأول
Statistical-Yearbook-2024.xlsx,4-25,6,8,Riyadh First Health Cluster
Statistical-Yearbook-2024.xlsx,4-25,7,1,تجمع الرياض الصحي الثاني
Statistical-Yearbook-2024.xlsx,4-25,7,8,Riyadh Second Health Cluster
Statistical-Yearbook-2024.xlsx,4-25,8,1,تجمع الرياض الصحي الثالث
Statistical-Yearbook-2024.xlsx,4-25,8,8,Riyadh Third Health Cluster
Statistical-Yearbook-2024.xlsx,4-25,9,1,تجمع مكة المكرمة الصحي
Statistical-Yearbook-2024.xlsx,4-25,9,8,Makkah Health Cluster
Statistical-Yearbook-2024.xlsx,4-25,13,1,تجمع المدينة المنورة الصحي
Statistical-Yearbook-2024.xlsx,4-25,13,8,Madinah Health Cluster
Statistical-Yearbook-2024.xlsx,4-25,14,1,تجمع القصيم الصحي
Statistical-Yearbook-2024.xlsx,4-25,14,8,Qassim Health Cluster
Statistical-Yearbook-2024.xlsx,4-25,15,1,تجمع الشرقية الصحي
Statistical-Yearbook-2024.xlsx,4-25,15,8,Eastern Health Cluster
Statistical-Yearbook-2024.xlsx,4-25,18,1,تجمع عسير الصحي
Statistical-Yearbook-2024.xlsx,4-25,18,8,Asir Health Cluster
Statistical-Yearbook-2024.xlsx,4-25,19,1,تجمع تبوك الصحي
Statistical-Yearbook-2024.xlsx,4-25,19,8,Tabuk Health Cluster
Statistical-Yearbook-2024.xlsx,4-25,20,1,تجمع حائل الصحي
Statistical-Yearbook-2024.xlsx,4-25,20,8,Hail Health Cluster
Statistical-Yearbook-2024.xlsx,4-25,21,1,تجمع الحدود الشمالية الصحي
Statistical-Yearbook-2024.xlsx,4-25,21,8,Northern Borders Health Cluster
Statistical-Yearbook-2024.xlsx,4-25,22,1,تجمع جازان الصحي
Statistical-Yearbook-2024.xlsx,4-25,22,8,Jazan Health Cluster
Statistical-Yearbook-2024.xlsx,4-25,23,1,تجمع نجران الصحي
Statistical-Yearbook-2024.xlsx,4-25,23,8,Najran Health Cluster
Statistical-Yearbook-2024.xlsx,4-25,24,1,تجمع الباحة الصحي
Statistical-Yearbook-2024.xlsx,4-25,24,8,Al Baha Health Cluster
Statistical-Yearbook-2024.xlsx,4-25,25,1,تجمع الجوف الصحي
Statistical-Yearbook-2024.xlsx,4-25,25,8,Al Jouf Health Cluster
Statistical-Yearbook-2024.xlsx,4-26,6,1,تجمع الرياض الصحي الأول
Statistical-Yearbook-2024.xlsx,4-26,6,5,Riyadh First Health Cluster
Statistical-Yearbook-2024.xlsx,4-26,7,1,تجمع الرياض الصحي الثاني
Statistical-Yearbook-2024.xlsx,4-26,7,5,Riyadh Second Health Cluster
Statistical-Yearbook-2024.xlsx,4-26,8,1,تجمع الرياض الصحي الثالث
Statistical-Yearbook-2024.xlsx,4-26,8,5,Riyadh Third Health Cluster
Statistical-Yearbook-2024.xlsx,4-26,9,1,تجمع مكة المكرمة الصحي
Statistical-Yearbook-2024.xlsx,4-26,9,5,Makkah Health Cluster
Statistical-Yearbook-2024.xlsx,4-26,13,1,تجمع المدينة المنورة الصحي
Statistical-Yearbook-2024.xlsx,4-26,13,5,Madinah Health Cluster
Statistical-Yearbook-2024.xlsx,4-26,14,1,تجمع القصيم الصحي
Statistical-Yearbook-2024.xlsx,4-26,14,5,Qassim Health Cluster
Statistical-Yearbook-2024.xlsx,4-26,15,1,تجمع الشرقية الصحي
Statistical-Yearbook-2024.xlsx,4-26,15,5,Eastern Health Cluster
Statistical-Yearbook-2024.xlsx,4-26,18,1,تجمع عسير الصحي
Statistical-Yearbook-2024.xlsx,4-26,18,5,Asir Health Cluster
Statistical-Yearbook-2024.xlsx,4-26,19,1,تجمع تبوك الصحي
Statistical-Yearbook-2024.xlsx,4-26,19,5,Tabuk Health Cluster
Statistical-Yearbook-2024.xlsx,4-26,20,1,تجمع حائل الصحي
Statistical-Yearbook-2024.xlsx,4-26,20,5,Hail Health Cluster
Statistical-Yearbook-2024.xlsx,4-26,21,1,تجمع الحدود الشمالية الصحي
Statistical-Yearbook-2024.xlsx,4-26,21,5,Northern Borders Health Cluster
Statistical-Yearbook-2024.xlsx,4-26,22,1,تجمع جازان الصحي
Statistical-Yearbook-2024.xlsx,4-26,22,5,Jazan Health Cluster
Statistical-Yearbook-2024.xlsx,4-26,23,1,تجمع نجران الصحي
Statistical-Yearbook-2024.xlsx,4-26,23,5,Najran Health Cluster
Statistical-Yearbook-2024.xlsx,4-26,24,1,تجمع الباحة الصحي
Statistical-Yearbook-2024.xlsx,4-26,24,5,Al Baha Health Cluster
Statistical-Yearbook-2024.xlsx,4-26,25,1,تجمع الجوف الصحي
Statistical-Yearbook-2024.xlsx,4-26,25,5,Al Jouf Health Cluster
Statistical-Yearbook-2024.xlsx,4-27,21,1,القصيم
Statistical-Yearbook-2024.xlsx,4-27,23,1,نجران
Statistical-Yearbook-2024.xlsx,4-27,26,1,الرياض
Statistical-Yearbook-2024.xlsx,4-27,27,1,المدينة
Statistical-Yearbook-2024.xlsx,4-28,6,1,الرياض
Statistical-Yearbook-2024.xlsx,4-28,6,7,Riyadh
Statistical-Yearbook-2024.xlsx,4-28,7,1,مكة المكرمة
Statistical-Yearbook-2024.xlsx,4-28,7,7,Makkah
Statistical-Yearbook-2024.xlsx,4-28,8,1,المدينة المنورة
Statistical-Yearbook-2024.xlsx,4-28,9,1,القصيم
Statistical-Yearbook-2024.xlsx,4-28,10,1,الشرقية
Statistical-Yearbook-2024.xlsx,4-28,10,7,Eastern
Statistical-Yearbook-2024.xlsx,4-28,11,1,عسير
Statistical-Yearbook-2024.xlsx,4-28,12,1,تبوك
Statistical-Yearbook-2024.xlsx,4-28,13,1,حائل
Statistical-Yearbook-2024.xlsx,4-28,14,1,الحدود الشمالية
Statistical-Yearbook-2024.xlsx,4-28,15,1,جازان
Statistical-Yearbook-2024.xlsx,4-28,15,7,Jazan
Statistical-Yearbook-2024.xlsx,4-28,16,1,نجران
Statistical-Yearbook-2024.xlsx,4-28,16,7,Najran
Statistical-Yearbook-2024.xlsx,4-28,17,1,الباحة
Statistical-Yearbook-2024.xlsx,4-28,17,7,Al-Bahah
Statistical-Yearbook-2024.xlsx,4-28,18,1,الجوف
Statistical-Yearbook-2024.xlsx,4-28,18,7,Al-Jouf
Statistical-Yearbook-2024.xlsx,4-29,6,1,الرياض
Statistical-Yearbook-2024.xlsx,4-29,6,14,Riyadh
Statistical-Yearbook-2024.xlsx,4-29,7,1,مكة المكرمة
Statistical-Yearbook-2024.xlsx,4-29,7,14,Makkah
Statistical-Yearbook-2024.xlsx,4-29,8,1,المدينة المنورة
Statistical-Yearbook-2024.xlsx,4-29,9,1,القصيم
Statistical-Yearbook-2024.xlsx,4-29,10,1,الشرقية
Statistical-Yearbook-2024.xlsx,4-29,10,14,Eastern
Statistical-Yearbook-2024.xlsx,4-29,11,1,عسير
Statistical-Yearbook-2024.xlsx,4-29,12,1,تبوك
Statistical-Yearbook-2024.xlsx,4-29,13,1,حائل
Statistical-Yearbook-2024.xlsx,4-29,14,1,الحدود الشمالية
Statistical-Yearbook-2024.xlsx,4-29,15,1,جازان
Statistical-Yearbook-2024.xlsx,4-29,15,14,Jazan
Statistical-Yearbook-2024.xlsx,4-29,16,1,نجران
Statistical-Yearbook-2024.xlsx,4-29,16,14,Najran
Statistical-Yearbook-2024.xlsx,4-29,17,1,الباحة
Statistical-Yearbook-2024.xlsx,4-29,17,14,Al-Bahah
Statistical-Yearbook-2024.xlsx,4-29,18,1,الجوف
Statistical-Yearbook-2024.xlsx,4-29,18,14,Al-Jouf
Statistical-Yearbook-2024.xlsx,4-32,7,1,الرياض
Statistical-Yearbook-2024.xlsx,4-32,7,11,Riyadh
Statistical-Yearbook-2024.xlsx,4-32,11,1,المدينة المنورة
Statistical-Yearbook-2024.xlsx,4-32,11,11,Madinah
Statistical-Yearbook-2024.xlsx,4-32,12,1,القصيم
Statistical-Yearbook-2024.xlsx,4-32,12,11,Qassim
Statistical-Yearbook-2024.xlsx,4-32,13,1,الشرقية
Statistical-Yearbook-2024.xlsx,4-32,13,11,Eastern
Statistical-Yearbook-2024.xlsx,4-32,16,1,عسير
Statistical-Yearbook-2024.xlsx,4-32,16,11,Asir
Statistical-Yearbook-2024.xlsx,4-32,18,1,تبوك
Statistical-Yearbook-2024.xlsx,4-32,18,11,Tabuk
Statistical-Yearbook-2024.xlsx,4-32,19,1,حائل
Statistical-Yearbook-2024.xlsx,4-32,19,11,Hail
Statistical-Yearbook-2024.xlsx,4-32,20,1,الحدود الشمالية
Statistical-Yearbook-2024.xlsx,4-32,20,11,Northern Borders
Statistical-Yearbook-2024.xlsx,4-32,21,1,جازان
Statistical-Yearbook-2024.xlsx,4-32,21,11,Jazan
Statistical-Yearbook-2024.xlsx,4-32,22,1,نجران
Statistical-Yearbook-2024.xlsx,4-32,22,11,Najran
Statistical-Yearbook-2024.xlsx,4-32,23,1,الباحة
Statistical-Yearbook-2024.xlsx,4-32,23,11,Al Baha
Statistical-Yearbook-2024.xlsx,4-32,24,1,الجوف
Statistical-Yearbook-2024.xlsx,4-32,24,11,Al Jouf
Statistical-Yearbook-2024.xlsx,4-33,7,1,الرياض
Statistical-Yearbook-2024.xlsx,4-33,7,11,Riyadh
Statistical-Yearbook-2024.xlsx,4-33,11,1,المدينة المنورة
Statistical-Yearbook-2024.xlsx,4-33,11,11,Madinah
Statistical-Yearbook-2024.xlsx,4-33,12,1,القصيم
Statistical-Yearbook-2024.xlsx,4-33,12,11,Qassim
Statistical-Yearbook-2024.xlsx,4-33,13,1,الشرقية
Statistical-Yearbook-2024.xlsx,4-33,13,11,Eastern
Statistical-Yearbook-2024.xlsx,4-33,16,1,عسير
Statistical-Yearbook-2024.xlsx,4-33,16,11,Asir
Statistical-Yearbook-2024.xlsx,4-33,18,1,تبوك
Statistical-Yearbook-2024.xlsx,4-33,18,11,Tabuk
Statistical-Yearbook-2024.xlsx,4-33,19,1,حائل
Statistical-Yearbook-2024.xlsx,4-33,19,11,Hail
Statistical-Yearbook-2024.xlsx,4-33,20,1,الحدود الشمالية
Statistical-Yearbook-2024.xlsx,4-33,20,11,Northern Borders
Statistical-Yearbook-2024.xlsx,4-33,21,1,جازان
Statistical-Yearbook-2024.xlsx,4-33,21,11,Jazan
Statistical-Yearbook-2024.xlsx,4-33,22,1,نجران
Statistical-Yearbook-2024.xlsx,4-33,22,11,Najran
Statistical-Yearbook-2024.xlsx,4-33,23,1,الباحة
Statistical-Yearbook-2024.xlsx,4-33,23,11,Al Baha
Statistical-Yearbook-2024.xlsx,4-33,24,1,الجوف
Statistical-Yearbook-2024.xlsx,4-33,24,11,Al Jouf
Statistical-Yearbook-2024.xlsx,4-34,7,1,الرياض
Statistical-Yearbook-2024.xlsx,4-34,7,11,Riyadh
Statistical-Yearbook-2024.xlsx,4-34,11,1,المدينة المنورة
Statistical-Yearbook-2024.xlsx,4-34,11,11,Madinah
Statistical-Yearbook-2024.xlsx,4-34,12,1,القصيم
Statistical-Yearbook-2024.xlsx,4-34,12,11,Qassim
Statistical-Yearbook-2024.xlsx,4-34,13,1,الشرقية
Statistical-Yearbook-2024.xlsx,4-34,13,11,Eastern
Statistical-Yearbook-2024.xlsx,4-34,16,1,عسير
Statistical-Yearbook-2024.xlsx,4-34,16,11,Asir
Statistical-Yearbook-2024.xlsx,4-34,18,1,تبوك
Statistical-Yearbook-2024.xlsx,4-34,18,11,Tabuk
Statistical-Yearbook-2024.xlsx,4-34,19,1,حائل
Statistical-Yearbook-2024.xlsx,4-34,19,11,Hail
Statistical-Yearbook-2024.xlsx,4-34,20,1,الحدود الشمالية
Statistical-Yearbook-2024.xlsx,4-34,20,11,Northern Borders
Statistical-Yearbook-2024.xlsx,4-34,21,1,جازان
Statistical-Yearbook-2024.xlsx,4-34,21,11,Jazan
Statistical-Yearbook-2024.xlsx,4-34,22,1,نجران
Statistical-Yearbook-2024.xlsx,4-34,22,11,Najran
Statistical-Yearbook-2024.xlsx,4-34,23,1,الباحة
Statistical-Yearbook-2024.xlsx,4-34,23,11,Al Baha
Statistical-Yearbook-2024.xlsx,4-34,24,1,الجوف
Statistical-Yearbook-2024.xlsx,4-34,24,11,Al Jouf
Statistical-Yearbook-2024.xlsx,4-35,7,1,الرياض
Statistical-Yearbook-2024.xlsx,4-35,7,11,Riyadh
Statistical-Yearbook-2024.xlsx,4-35,11,1,المدينة المنورة
Statistical-Yearbook-2024.xlsx,4-35,11,11,Madinah
Statistical-Yearbook-2024.xlsx,4-35,12,1,القصيم
Statistical-Yearbook-2024.xlsx,4-35,12,11,Qassim
Statistical-Yearbook-2024.xlsx,4-35,13,1,الشرقية
Statistical-Yearbook-2024.xlsx,4-35,13,11,Eastern
Statistical-Yearbook-2024.xlsx,4-35,16,1,عسير
Statistical-Yearbook-2024.xlsx,4-35,16,11,Asir
Statistical-Yearbook-2024.xlsx,4-35,18,1,تبوك
Statistical-Yearbook-2024.xlsx,4-35,18,11,Tabuk
Statistical-Yearbook-2024.xlsx,4-35,19,1,حائل
Statistical-Yearbook-2024.xlsx,4-35,19,11,Hail
Statistical-Yearbook-2024.xlsx,4-35,20,1,الحدود الشمالية
Statistical-Yearbook-2024.xlsx,4-35,20,11,Northern Borders
Statistical-Yearbook-2024.xlsx,4-35,21,1,جازان
Statistical-Yearbook-2024.xlsx,4-35,21,11,Jazan
Statistical-Yearbook-2024.xlsx,4-35,22,1,نجران
Statistical-Yearbook-2024.xlsx,4-35,22,11,Najran
Statistical-Yearbook-2024.xlsx,4-35,23,1,الباحة
Statistical-Yearbook-2024.xlsx,4-35,23,11,Al Baha
Statistical-Yearbook-2024.xlsx,4-35,24,1,الجوف
Statistical-Yearbook-2024.xlsx,4-35,24,11,Al Jouf
Statistical-Yearbook-2024.xlsx,4-36,8,1,تجمع الرياض الصحي الأول
Statistical-Yearbook-2024.xlsx,4-36,8,15,Riyadh First Health Cluster
Statistical-Yearbook-2024.xlsx,4-36,9,1,تجمع الرياض الصحي الثاني
Statistical-Yearbook-2024.xlsx,4-36,9,15,Riyadh Second Health Cluster
Statistical-Yearbook-2024.xlsx,4-36,10,1,تجمع الرياض الصحي الثالث
Statistical-Yearbook-2024.xlsx,4-36,10,15,Riyadh Third Health Cluster
Statistical-Yearbook-2024.xlsx,4-36,11,1,إجمالي التجمعات الصحية بالرياض
Statistical-Yearbook-2024.xlsx,4-36,11,15,Total Health Clusters - Riyadh
Statistical-Yearbook-2024.xlsx,4-36,12,1,تجمع مكة المكرمة الصحي - العاصمة المقدسة
Statistical-Yearbook-2024.xlsx,4-36,12,15,Makkah Health Cluster-The Holy Capital
Statistical-Yearbook-2024.xlsx,4-36,13,1,تجمع مكة المكرمة الصحي - القنفذة
Statistical-Yearbook-2024.xlsx,4-36,13,15,Makkah Health Cluster - Qunfudah
Statistical-Yearbook-2024.xlsx,4-36,14,1,إجمالي تجمع مكة المكرمة الصحي
Statistical-Yearbook-2024.xlsx,4-36,14,15,Total Makkah Health Cluster
Statistical-Yearbook-2024.xlsx,4-36,19,1,تجمع المدينة المنورة الصحي
Statistical-Yearbook-2024.xlsx,4-36,19,15,Madinah Health Cluster
Statistical-Yearbook-2024.xlsx,4-36,20,1,تجمع القصيم الصحي
Statistical-Yearbook-2024.xlsx,4-36,20,15,Qassim Health Cluster
Statistical-Yearbook-2024.xlsx,4-36,21,1,تجمع الشرقية الصحي
Statistical-Yearbook-2024.xlsx,4-36,21,15,Eastern Health Cluster
Statistical-Yearbook-2024.xlsx,4-36,24,1,تجمع عسير الصحي- عسير
Statistical-Yearbook-2024.xlsx,4-36,24,15,Asir Health Cluster - Asir
Statistical-Yearbook-2024.xlsx,4-36,25,1,تجمع عسير الصحي - ببيشة
Statistical-Yearbook-2024.xlsx,4-36,25,15,Asir Health Cluster - Bishah
Statistical-Yearbook-2024.xlsx,4-36,26,1,إجمالي تجمع عسير الصحي
Statistical-Yearbook-2024.xlsx,4-36,26,15,Total Asir Health Cluster
Statistical-Yearbook-2024.xlsx,4-36,27,1,تجمع تبوك الصحي
Statistical-Yearbook-2024.xlsx,4-36,27,15,Tabuk Health Cluster
Statistical-Yearbook-2024.xlsx,4-36,28,1,تجمع حائل الصحي
Statistical-Yearbook-2024.xlsx,4-36,28,15,Hail Health Cluster
Statistical-Yearbook-2024.xlsx,4-36,29,1,تجمع الحدود الشمالية الصحي
Statistical-Yearbook-2024.xlsx,4-36,29,15,Northern Borders Health Cluster
Statistical-Yearbook-2024.xlsx,4-36,30,1,تجمع جازان الصحي
Statistical-Yearbook-2024.xlsx,4-36,30,15,Jazan Health Cluster
Statistical-Yearbook-2024.xlsx,4-36,31,1,تجمع نجران الصحي
Statistical-Yearbook-2024.xlsx,4-36,31,15,Najran Health Cluster
Statistical-Yearbook-2024.xlsx,4-36,32,1,تجمع الباحة الصحي
Statistical-Yearbook-2024.xlsx,4-36,32,15,Al Baha Health Cluster
Statistical-Yearbook-2024.xlsx,4-36,33,1,تجمع الجوف الصحي - الجوف
Statistical-Yearbook-2024.xlsx,4-36,33,15,Al Jouf Health Cluster - Al Jouf
Statistical-Yearbook-2024.xlsx,4-36,34,1,تجمع الجوف الصحي - القريات
Statistical-Yearbook-2024.xlsx,4-36,34,15,Al Jouf Health Cluster - Qurrayyat
Statistical-Yearbook-2024.xlsx,4-36,35,1,إجمالي تجمع الجوف الصحي
Statistical-Yearbook-2024.xlsx,4-36,35,15,Total Al Jouf Health Cluster
Statistical-Yearbook-2024.xlsx,4-38,6,1,الرياض
Statistical-Yearbook-2024.xlsx,4-38,6,20,Riyadh
Statistical-Yearbook-2024.xlsx,4-38,7,1,مكة المكرمة
Statistical-Yearbook-2024.xlsx,4-38,7,20,Makkah
Statistical-Yearbook-2024.xlsx,4-38,8,1,المدينة المنورة
Statistical-Yearbook-2024.xlsx,4-38,9,1,القصيم
Statistical-Yearbook-2024.xlsx,4-38,10,1,الشرقية
Statistical-Yearbook-2024.xlsx,4-38,10,20,Eastern
Statistical-Yearbook-2024.xlsx,4-38,11,1,عسير
Statistical-Yearbook-2024.xlsx,4-38,12,1,تبوك
Statistical-Yearbook-2024.xlsx,4-38,13,1,حائل
Statistical-Yearbook-2024.xlsx,4-38,13,20,Hail
Statistical-Yearbook-2024.xlsx,4-38,14,1,الحدود الشمالية
Statistical-Yearbook-2024.xlsx,4-38,15,1,جازان
Statistical-Yearbook-2024.xlsx,4-38,15,20,Jazan
Statistical-Yearbook-2024.xlsx,4-38,16,1,نجران
Statistical-Yearbook-2024.xlsx,4-38,16,20,Najran
Statistical-Yearbook-2024.xlsx,4-38,17,1,الباحة
Statistical-Yearbook-2024.xlsx,4-38,17,20,Al-Bahah
Statistical-Yearbook-2024.xlsx,4-38,18,1,الجوف
Statistical-Yearbook-2024.xlsx,4-38,18,20,Al-Jouf
Statistical-Yearbook-2024.xlsx,4-39,1,1,الأنشطة والخدمات الرئيسية بمستشفى الملك خالد التخصصي للعيون بالرياض في الأعوام الخمسة الأخيرة
Statistical-Yearbook-2024.xlsx,4-40,4,2,الرياض
Statistical-Yearbook-2024.xlsx,4-40,4,10,المدينة المنورة
Statistical-Yearbook-2024.xlsx,4-40,5,2,Riyadh
Statistical-Yearbook-2024.xlsx,4-40,5,10,Madinah
Statistical-Yearbook-2024.xlsx,4-41,4,2,"الرياض
Riyadh"
Statistical-Yearbook-2024.xlsx,4-41,4,6,"المدينة المنورة
Madinah"
Statistical-Yearbook-2024.xlsx,4-44,8,1,التجمع الصحي الأول بالرياض
Statistical-Yearbook-2024.xlsx,4-44,8,8,First Health Cluster - Riyadh
Statistical-Yearbook-2024.xlsx,4-44,9,1,التجمع الصحي الثاني بالرياض
Statistical-Yearbook-2024.xlsx,4-44,9,8,Second Health Cluster - Riyadh
Statistical-Yearbook-2024.xlsx,4-44,10,1,التجمع الصحي الثالث بالرياض
Statistical-Yearbook-2024.xlsx,4-44,10,8,Third Health Cluster - Riyadh
Statistical-Yearbook-2024.xlsx,4-44,11,1,إجمالي التجمعات الصحية بالرياض
Statistical-Yearbook-2024.xlsx,4-44,11,8,Total Health Clusters - Riyadh
Statistical-Yearbook-2024.xlsx,4-44,12,1,التجمع الصحي بمكة المكرمة - العاصمة المقدسة
Statistical-Yearbook-2024.xlsx,4-44,12,8,Makkah Health Cluster-The Holy Capital
Statistical-Yearbook-2024.xlsx,4-44,13,1,التجمع الصحي بمكة المكرمة - القنفذة
Statistical-Yearbook-2024.xlsx,4-44,13,8,Makkah Health Cluster - Qunfudah
Statistical-Yearbook-2024.xlsx,4-44,14,1,إجمالي التجمع الصحي بمكة المكرمة
Statistical-Yearbook-2024.xlsx,4-44,14,8,Total Makkah Health Cluster
Statistical-Yearbook-2024.xlsx,4-44,19,1,التجمع الصحي بالمدينة المنورة
Statistical-Yearbook-2024.xlsx,4-44,19,8,Madinah Health Cluster
Statistical-Yearbook-2024.xlsx,4-44,20,1,التجمع الصحي بالقصيم
Statistical-Yearbook-2024.xlsx,4-44,20,8,Qassim Health Cluster
Statistical-Yearbook-2024.xlsx,4-44,21,1,التجمع الصحي بالشرقية
Statistical-Yearbook-2024.xlsx,4-44,21,8,Eastern Region Health Cluster
Statistical-Yearbook-2024.xlsx,4-44,24,1,التجمع الصحي بعسير - عسير
Statistical-Yearbook-2024.xlsx,4-44,24,8,Asir Health Cluster - Asir
Statistical-Yearbook-2024.xlsx,4-44,25,1,التجمع الصحي بعسير - ببيشة
Statistical-Yearbook-2024.xlsx,4-44,25,8,Asir Health Cluster - Bishah
Statistical-Yearbook-2024.xlsx,4-44,26,1,إجمالي التجمع الصحي بعسير
Statistical-Yearbook-2024.xlsx,4-44,26,8,Total Asir Health Cluster
Statistical-Yearbook-2024.xlsx,4-44,27,1,التجمع الصحي بتبوك
Statistical-Yearbook-2024.xlsx,4-44,28,1,التجمع الصحي بحائل
Statistical-Yearbook-2024.xlsx,4-44,28,8,Hail Health Cluster
Statistical-Yearbook-2024.xlsx,4-44,29,1,التجمع الصحي بالحدود الشمالية
Statistical-Yearbook-2024.xlsx,4-44,29,8,Northern Border Health Cluster
Statistical-Yearbook-2024.xlsx,4-44,30,1,التجمع الصحي بجازان
Statistical-Yearbook-2024.xlsx,4-44,30,8,Jazan Health Cluster
Statistical-Yearbook-2024.xlsx,4-44,31,1,التجمع الصحي بنجران
Statistical-Yearbook-2024.xlsx,4-44,31,8,Najran Health Cluster
Statistical-Yearbook-2024.xlsx,4-44,32,1,التجمع الصحي بالباحة
Statistical-Yearbook-2024.xlsx,4-44,32,8,Al Baha Health Cluster
Statistical-Yearbook-2024.xlsx,4-44,33,1,التجمع الصحي بالجوف - الجوف
Statistical-Yearbook-2024.xlsx,4-44,33,8,Al Jouf Health Cluster - Al Jouf
Statistical-Yearbook-2024.xlsx,4-44,34,1,التجمع الصحي بالجوف - القريات
Statistical-Yearbook-2024.xlsx,4-44,34,8,Al Jouf Health Cluster - Qurrayyat
Statistical-Yearbook-2024.xlsx,4-44,35,1,إجمالي التجمع الصحي بالجوف
Statistical-Yearbook-2024.xlsx,4-44,35,8,Total Al Jouf Health Cluster
Statistical-Yearbook-2024.xlsx,4-47,7,1,الرياض
Statistical-Yearbook-2024.xlsx,4-47,7,8,Riyadh
Statistical-Yearbook-2024.xlsx,4-47,8,1,مكة المكرمة
Statistical-Yearbook-2024.xlsx,4-47,8,8,Makkah
Statistical-Yearbook-2024.xlsx,4-47,9,1,المدينة المنورة
Statistical-Yearbook-2024.xlsx,4-47,10,1,القصيم
Statistical-Yearbook-2024.xlsx,4-47,11,1,الشرقية
Statistical-Yearbook-2024.xlsx,4-47,11,8,Eastern
Statistical-Yearbook-2024.xlsx,4-47,12,1,عسير
Statistical-Yearbook-2024.xlsx,4-47,13,1,تبوك
Statistical-Yearbook-2024.xlsx,4-47,14,1,حائل
Statistical-Yearbook-2024.xlsx,4-47,14,8,Hail
Statistical-Yearbook-2024.xlsx,4-47,15,1,الحدود الشمالية
Statistical-Yearbook-2024.xlsx,4-47,16,1,جازان
Statistical-Yearbook-2024.xlsx,4-47,16,8,Jazan
Statistical-Yearbook-2024.xlsx,4-47,17,1,نجران
Statistical-Yearbook-2024.xlsx,4-47,17,8,Najran
Statistical-Yearbook-2024.xlsx,4-47,18,1,الباحة
Statistical-Yearbook-2024.xlsx,4-47,18,8,Al-Bahah
Statistical-Yearbook-2024.xlsx,4-47,19,1,الجوف
Statistical-Yearbook-2024.xlsx,4-47,19,8,Al-Jouf
Statistical-Yearbook-2024.xlsx,4-48,7,1,الرياض
Statistical-Yearbook-2024.xlsx,4-48,7,8,Riyadh
Statistical-Yearbook-2024.xlsx,4-48,8,1,مكة المكرمة
Statistical-Yearbook-2024.xlsx,4-48,8,8,Makkah
Statistical-Yearbook-2024.xlsx,4-48,9,1,المدينة المنورة
Statistical-Yearbook-2024.xlsx,4-48,10,1,القصيم
Statistical-Yearbook-2024.xlsx,4-48,11,1,الشرقية
Statistical-Yearbook-2024.xlsx,4-48,11,8,Eastern
Statistical-Yearbook-2024.xlsx,4-48,12,1,عسير
Statistical-Yearbook-2024.xlsx,4-48,13,1,تبوك
Statistical-Yearbook-2024.xlsx,4-48,14,1,حائل
Statistical-Yearbook-2024.xlsx,4-48,14,8,Hail
Statistical-Yearbook-2024.xlsx,4-48,15,1,الحدود الشمالية
Statistical-Yearbook-2024.xlsx,4-48,16,1,جازان
Statistical-Yearbook-2024.xlsx,4-48,16,8,Jazan
Statistical-Yearbook-2024.xlsx,4-48,17,1,نجران
Statistical-Yearbook-2024.xlsx,4-48,17,8,Najran
Statistical-Yearbook-2024.xlsx,4-48,18,1,الباحة
Statistical-Yearbook-2024.xlsx,4-48,18,8,Al-Bahah
Statistical-Yearbook-2024.xlsx,4-48,19,1,الجوف
Statistical-Yearbook-2024.xlsx,4-48,19,8,Al-Jouf
Statistical-Yearbook-2024.xlsx,4-50,6,1,الرياض
Statistical-Yearbook-2024.xlsx,4-50,6,4,Riyadh
Statistical-Yearbook-2024.xlsx,4-50,7,1,مكة المكرمة
Statistical-Yearbook-2024.xlsx,4-50,7,4,Makkah
Statistical-Yearbook-2024.xlsx,4-50,10,1,المدينة المنورة
Statistical-Yearbook-2024.xlsx,4-50,10,4,Madinah
Statistical-Yearbook-2024.xlsx,4-50,11,1,القصيم
Statistical-Yearbook-2024.xlsx,4-50,11,4,Qassim
Statistical-Yearbook-2024.xlsx,4-50,12,1,الشرقية
Statistical-Yearbook-2024.xlsx,4-50,12,4,Eastern
Statistical-Yearbook-2024.xlsx,4-50,15,1,عسير
Statistical-Yearbook-2024.xlsx,4-50,15,4,Asir
Statistical-Yearbook-2024.xlsx,4-50,16,1,تبوك
Statistical-Yearbook-2024.xlsx,4-50,17,1,حائل
Statistical-Yearbook-2024.xlsx,4-50,17,4,Hail
Statistical-Yearbook-2024.xlsx,4-50,18,1,الحدود الشمالية
Statistical-Yearbook-2024.xlsx,4-50,18,4,Northern Borders
Statistical-Yearbook-2024.xlsx,4-50,19,1,جازان
Statistical-Yearbook-2024.xlsx,4-50,19,4,Jazan
Statistical-Yearbook-2024.xlsx,4-50,20,1,نجران
Statistical-Yearbook-2024.xlsx,4-50,20,4,Najran
Statistical-Yearbook-2024.xlsx,4-50,21,1,الباحة
Statistical-Yearbook-2024.xlsx,4-50,21,4,Al Baha
Statistical-Yearbook-2024.xlsx,4-50,22,1,الجوف
Statistical-Yearbook-2024.xlsx,4-50,22,4,Al Jouf
Statistical-Yearbook-2024.xlsx,4-51,5,1,تجمع الرياض الصحي الأول
Statistical-Yearbook-2024.xlsx,4-51,5,22,Riyadh First Health Cluster
Statistical-Yearbook-2024.xlsx,4-51,6,1,تجمع الرياض الصحي الثاني
Statistical-Yearbook-2024.xlsx,4-51,6,22,Riyadh Second Health Cluster
Statistical-Yearbook-2024.xlsx,4-51,7,1,تجمع الرياض الصحي الثالث
Statistical-Yearbook-2024.xlsx,4-51,7,22,Riyadh Third Health Cluster
Statistical-Yearbook-2024.xlsx,4-51,8,1,إجمالي التجمعات الصحية بالرياض
Statistical-Yearbook-2024.xlsx,4-51,8,22,Total Health Clusters - Riyadh
Statistical-Yearbook-2024.xlsx,4-51,9,1,إجمالي تجمع مكة المكرمة الصحي
Statistical-Yearbook-2024.xlsx,4-51,9,22,Total Makkah Health Cluster
Statistical-Yearbook-2024.xlsx,4-51,14,1,تجمع المدينة المنورة الصحي
Statistical-Yearbook-2024.xlsx,4-51,14,22,Madinah Health Cluster
Statistical-Yearbook-2024.xlsx,4-51,15,1,تجمع القصيم الصحي
Statistical-Yearbook-2024.xlsx,4-51,15,22,Qassim Health Cluster
Statistical-Yearbook-2024.xlsx,4-51,16,1,تجمع الشرقية الصحي
Statistical-Yearbook-2024.xlsx,4-51,16,22,Eastern Health Cluster
Statistical-Yearbook-2024.xlsx,4-51,19,1,إجمالي تجمع عسير الصحي
Statistical-Yearbook-2024.xlsx,4-51,19,22,Total Asir Health Cluster
Statistical-Yearbook-2024.xlsx,4-51,20,1,تجمع تبوك الصحي
Statistical-Yearbook-2024.xlsx,4-51,20,22,Tabuk Health Cluster
Statistical-Yearbook-2024.xlsx,4-51,21,1,تجمع حائل الصحي
Statistical-Yearbook-2024.xlsx,4-51,21,22,Hail Health Cluster
Statistical-Yearbook-2024.xlsx,4-51,22,1,تجمع الحدود الشمالية الصحي
Statistical-Yearbook-2024.xlsx,4-51,22,22,Northern Borders Health Cluster
Statistical-Yearbook-2024.xlsx,4-51,23,1,تجمع جازان الصحي
Statistical-Yearbook-2024.xlsx,4-51,23,22,Jazan Health Cluster
Statistical-Yearbook-2024.xlsx,4-51,24,1,تجمع نجران الصحي
Statistical-Yearbook-2024.xlsx,4-51,24,22,Najran Health Cluster
Statistical-Yearbook-2024.xlsx,4-51,25,1,تجمع الباحة الصحي
Statistical-Yearbook-2024.xlsx,4-51,25,22,Al Baha Health Cluster
Statistical-Yearbook-2024.xlsx,4-51,26,1,إجمالي تجمع الجوف الصحي
Statistical-Yearbook-2024.xlsx,4-51,26,22,Total Al Jouf Health Cluster
Statistical-Yearbook-2024.xlsx,4-52,5,1,الرياض
Statistical-Yearbook-2024.xlsx,4-52,5,22,Riyadh
Statistical-Yearbook-2024.xlsx,4-52,9,1,المدينة المنورة
Statistical-Yearbook-2024.xlsx,4-52,9,22,Madinah
Statistical-Yearbook-2024.xlsx,4-52,10,1,القصيم
Statistical-Yearbook-2024.xlsx,4-52,10,22,Qassim
Statistical-Yearbook-2024.xlsx,4-52,11,1,الشرقية
Statistical-Yearbook-2024.xlsx,4-52,11,22,Eastern
Statistical-Yearbook-2024.xlsx,4-52,13,1,عسير
Statistical-Yearbook-2024.xlsx,4-52,13,22,Asir
Statistical-Yearbook-2024.xlsx,4-52,14,1,حائل
Statistical-Yearbook-2024.xlsx,4-52,15,1,الحدود الشمالية
Statistical-Yearbook-2024.xlsx,4-52,15,22,Northern Borders
Statistical-Yearbook-2024.xlsx,4-52,16,1,جازان
Statistical-Yearbook-2024.xlsx,4-52,16,22,Jazan
Statistical-Yearbook-2024.xlsx,4-52,17,1,نجران
Statistical-Yearbook-2024.xlsx,4-52,17,22,Najran
Statistical-Yearbook-2024.xlsx,4-52,18,1,الباحة
Statistical-Yearbook-2024.xlsx,4-52,18,22,Al- Bahah
Statistical-Yearbook-2024.xlsx,4-52,19,1,الجوف
Statistical-Yearbook-2024.xlsx,4-52,19,22,Al- Jouf
Statistical-Yearbook-2024.xlsx,4-57,5,1,الرياض
Statistical-Yearbook-2024.xlsx,4-57,5,20,Riyadh
Statistical-Yearbook-2024.xlsx,4-57,6,1,مكة المكرمة
Statistical-Yearbook-2024.xlsx,4-57,6,20,Makkah
Statistical-Yearbook-2024.xlsx,4-57,7,1,المدينة المنورة
Statistical-Yearbook-2024.xlsx,4-57,8,1,القصيم
Statistical-Yearbook-2024.xlsx,4-57,9,1,الشرقية
Statistical-Yearbook-2024.xlsx,4-57,9,20,Eastern
Statistical-Yearbook-2024.xlsx,4-57,10,1,عسير
Statistical-Yearbook-2024.xlsx,4-57,11,1,تبوك
Statistical-Yearbook-2024.xlsx,4-57,12,1,حائل
Statistical-Yearbook-2024.xlsx,4-57,12,20,Hail
Statistical-Yearbook-2024.xlsx,4-57,13,1,الحدود الشمالية
Statistical-Yearbook-2024.xlsx,4-57,14,1,جازان
Statistical-Yearbook-2024.xlsx,4-57,14,20,Jazan
Statistical-Yearbook-2024.xlsx,4-57,15,1,نجران
Statistical-Yearbook-2024.xlsx,4-57,15,20,Najran
Statistical-Yearbook-2024.xlsx,4-57,16,1,الباحة
Statistical-Yearbook-2024.xlsx,4-57,16,20,Al-Bahah
Statistical-Yearbook-2024.xlsx,4-57,17,1,الجوف
Statistical-Yearbook-2024.xlsx,4-57,17,20,Al-Jouf
Statistical-Yearbook-2024.xlsx,4-58,6,1,الرياض
Statistical-Yearbook-2024.xlsx,4-58,6,2,إدارة خدمات السموم الشرعية بالرياض
Statistical-Yearbook-2024.xlsx,4-58,6,8,Riyadh FTSA
Statistical-Yearbook-2024.xlsx,4-58,6,9,Riyadh
Statistical-Yearbook-2024.xlsx,4-58,7,2,إدارة خدمات السموم الشرعية بمكة المكرمة
Statistical-Yearbook-2024.xlsx,4-58,7,8,Makkah FTSA
Statistical-Yearbook-2024.xlsx,4-58,9,1,المدينة المنورة
Statistical-Yearbook-2024.xlsx,4-58,9,2,إدارة خدمات السموم الشرعية بالمدينة المنورة
Statistical-Yearbook-2024.xlsx,4-58,9,9,Madinah
Statistical-Yearbook-2024.xlsx,4-58,10,1,القصيم
Statistical-Yearbook-2024.xlsx,4-58,10,2,إدارة خدمات السموم الشرعية بالقصيم
Statistical-Yearbook-2024.xlsx,4-58,10,8,Qassim FTSA
Statistical-Yearbook-2024.xlsx,4-58,10,9,Qassim
Statistical-Yearbook-2024.xlsx,4-58,11,1,الشرقية
Statistical-Yearbook-2024.xlsx,4-58,11,9,Eastern
Statistical-Yearbook-2024.xlsx,4-58,12,1,عسير
Statistical-Yearbook-2024.xlsx,4-58,12,2,إدارة خدمات السموم الشرعية بعسير
Statistical-Yearbook-2024.xlsx,4-58,12,9,Asir
Statistical-Yearbook-2024.xlsx,4-58,13,1,تبوك
Statistical-Yearbook-2024.xlsx,4-58,13,2,إدارة خدمات السموم الشرعية بتبوك
Statistical-Yearbook-2024.xlsx,4-58,14,1,جازان
Statistical-Yearbook-2024.xlsx,4-58,14,2,إدارة خدمات السموم الشرعية بجازان
Statistical-Yearbook-2024.xlsx,4-58,14,8,Jazan FTSA
Statistical-Yearbook-2024.xlsx,4-58,14,9,Jazan
Statistical-Yearbook-2024.xlsx,4-58,15,1,الباحة
Statistical-Yearbook-2024.xlsx,4-58,15,2,إدارة خدمات السموم الشرعية بالباحة
Statistical-Yearbook-2024.xlsx,4-58,15,8,Baha FTSA
Statistical-Yearbook-2024.xlsx,4-58,15,9,Albaha
Statistical-Yearbook-2024.xlsx,4-58,17,1,حائل
Statistical-Yearbook-2024.xlsx,4-58,17,2,وحدة خدمات السموم الشرعية بحائل
Statistical-Yearbook-2024.xlsx,4-58,17,8,Hail FTU
Statistical-Yearbook-2024.xlsx,4-58,17,9,Hail
Statistical-Yearbook-2024.xlsx,4-58,18,1,الجوف
Statistical-Yearbook-2024.xlsx,4-58,18,2,وحدة خدمات السموم الشرعية بالجوف
Statistical-Yearbook-2024.xlsx,4-58,18,8,Jouf FTU
Statistical-Yearbook-2024.xlsx,4-58,18,9,Jouf
Statistical-Yearbook-2024.xlsx,4-58,19,1,نجران
Statistical-Yearbook-2024.xlsx,4-58,19,2,وحدة خدمات السموم الشرعية بنجران
Statistical-Yearbook-2024.xlsx,4-58,19,8,Najran FTU
Statistical-Yearbook-2024.xlsx,4-58,19,9,Najran
Statistical-Yearbook-2024.xlsx,4-58,20,1,الحدود الشمالية
Statistical-Yearbook-2024.xlsx,4-58,20,2,وحدة خدمات السموم الشرعية بالحدود الشمالية
Statistical-Yearbook-2024.xlsx,4-58,20,8,Northern Borders FTU
Statistical-Yearbook-2024.xlsx,4-58,20,9,Northern Borders
Statistical-Yearbook-2024.xlsx,4-59,6,1,الرياض
Statistical-Yearbook-2024.xlsx,4-59,6,5,Riyadh
Statistical-Yearbook-2024.xlsx,4-59,10,1,المدينة المنورة
Statistical-Yearbook-2024.xlsx,4-59,10,5,Madinah
Statistical-Yearbook-2024.xlsx,4-59,11,1,القصيم
Statistical-Yearbook-2024.xlsx,4-59,11,5,Qassim
Statistical-Yearbook-2024.xlsx,4-59,12,1,الشرقية
Statistical-Yearbook-2024.xlsx,4-59,12,5,Eastern
Statistical-Yearbook-2024.xlsx,4-59,15,1,عسير
Statistical-Yearbook-2024.xlsx,4-59,15,5,Asir
Statistical-Yearbook-2024.xlsx,4-59,17,1,تبوك
Statistical-Yearbook-2024.xlsx,4-59,18,1,حائل
Statistical-Yearbook-2024.xlsx,4-59,18,5,Hail
Statistical-Yearbook-2024.xlsx,4-59,19,1,الحدود الشمالية
Statistical-Yearbook-2024.xlsx,4-59,19,5,Northern Borders
Statistical-Yearbook-2024.xlsx,4-59,20,1,جازان
Statistical-Yearbook-2024.xlsx,4-59,20,5,Jazan
Statistical-Yearbook-2024.xlsx,4-59,21,1,نجران
Statistical-Yearbook-2024.xlsx,4-59,21,5,Najran
Statistical-Yearbook-2024.xlsx,4-59,22,1,الباحة
Statistical-Yearbook-2024.xlsx,4-59,22,5,Al-Bahah
Statistical-Yearbook-2024.xlsx,4-59,23,1,الجوف
Statistical-Yearbook-2024.xlsx,4-59,23,5,Al Jouf
Statistical-Yearbook-2024.xlsx,4-62,7,1,الرياض
Statistical-Yearbook-2024.xlsx,4-62,7,8,Riyadh
Statistical-Yearbook-2024.xlsx,4-62,11,1,المدينة المنورة
Statistical-Yearbook-2024.xlsx,4-62,11,8,Madinah
Statistical-Yearbook-2024.xlsx,4-62,12,1,القصيم
Statistical-Yearbook-2024.xlsx,4-62,12,8,Qassim
Statistical-Yearbook-2024.xlsx,4-62,13,1,الشرقية
Statistical-Yearbook-2024.xlsx,4-62,13,8,Eastern
Statistical-Yearbook-2024.xlsx,4-62,16,1,عسير
Statistical-Yearbook-2024.xlsx,4-62,16,8,Asir
Statistical-Yearbook-2024.xlsx,4-62,18,1,تبوك
Statistical-Yearbook-2024.xlsx,4-62,19,1,حائل
Statistical-Yearbook-2024.xlsx,4-62,19,8,Hail
Statistical-Yearbook-2024.xlsx,4-62,20,1,الحدود الشمالية
Statistical-Yearbook-2024.xlsx,4-62,20,8,Northern Borders
Statistical-Yearbook-2024.xlsx,4-62,21,1,جازان
Statistical-Yearbook-2024.xlsx,4-62,21,8,Jazan
Statistical-Yearbook-2024.xlsx,4-62,22,1,نجران
Statistical-Yearbook-2024.xlsx,4-62,22,8,Najran
Statistical-Yearbook-2024.xlsx,4-62,23,1,الباحة
Statistical-Yearbook-2024.xlsx,4-62,23,8,Al-Bahah
Statistical-Yearbook-2024.xlsx,4-62,24,1,الجوف
Statistical-Yearbook-2024.xlsx,4-62,24,8,Al Jouf
Statistical-Yearbook-2024.xlsx,4-63,4,2,تجمع الرياض الصحي الأول
Statistical-Yearbook-2024.xlsx,4-63,4,3,تجمع الرياض الصحي الثاني
Statistical-Yearbook-2024.xlsx,4-63,4,4,تجمع الرياض الصحي الثالث
Statistical-Yearbook-2024.xlsx,4-63,4,5,تجمع مكة المكرمة الصحي
Statistical-Yearbook-2024.xlsx,4-63,4,9,تجمع المدينة المنورة الصحي
Statistical-Yearbook-2024.xlsx,4-63,4,10,تجمع القصيم الصحي
Statistical-Yearbook-2024.xlsx,4-63,4,11,تجمع الشرقية الصحي
Statistical-Yearbook-2024.xlsx,4-63,4,14,تجمع عسير الصحي
Statistical-Yearbook-2024.xlsx,4-63,4,15,تجمع تبوك الصحي
Statistical-Yearbook-2024.xlsx,4-63,4,16,تجمع حائل الصحي
Statistical-Yearbook-2024.xlsx,4-63,4,17,تجمع الحدود الشمالية الصحي
Statistical-Yearbook-2024.xlsx,4-63,4,18,تجمع جازان الصحي
Statistical-Yearbook-2024.xlsx,4-63,4,19,تجمع نجران الصحي
Statistical-Yearbook-2024.xlsx,4-63,4,20,تجمع الباحة الصحي
Statistical-Yearbook-2024.xlsx,4-63,4,21,تجمع الجوف الصحي
Statistical-Yearbook-2024.xlsx,4-63,5,2,Riyadh Cluster I
Statistical-Yearbook-2024.xlsx,4-63,5,3,Riyadh Cluster II
Statistical-Yearbook-2024.xlsx,4-63,5,4,Riyadh Cluster III
Statistical-Yearbook-2024.xlsx,4-63,5,9,Madinah
Statistical-Yearbook-2024.xlsx,4-63,5,10,Qassim
Statistical-Yearbook-2024.xlsx,4-63,5,11,Eastern
Statistical-Yearbook-2024.xlsx,4-63,5,14,Asir
Statistical-Yearbook-2024.xlsx,4-63,5,16,Hail
Statistical-Yearbook-2024.xlsx,4-63,5,17,Northern Borders
Statistical-Yearbook-2024.xlsx,4-63,5,18,Jazan
Statistical-Yearbook-2024.xlsx,4-63,5,19,Najran
Statistical-Yearbook-2024.xlsx,4-63,5,20,Al-Bahah
Statistical-Yearbook-2024.xlsx,4-63,5,21,Al Jouf
Statistical-Yearbook-2024.xlsx,4-63,6,1,تجمع الرياض الصحي الأول
Statistical-Yearbook-2024.xlsx,4-63,6,23,Riyadh First Health Cluster
Statistical-Yearbook-2024.xlsx,4-63,7,1,تجمع الرياض الصحي الثاني
Statistical-Yearbook-2024.xlsx,4-63,7,23,Riyadh Second Health Cluster
Statistical-Yearbook-2024.xlsx,4-63,8,1,تجمع الرياض الصحي الثالث
Statistical-Yearbook-2024.xlsx,4-63,8,23,Riyadh Third Health Cluster
Statistical-Yearbook-2024.xlsx,4-63,9,1,تجمع مكة المكرمة الصحي
Statistical-Yearbook-2024.xlsx,4-63,9,23,Makkah Health Cluster
Statistical-Yearbook-2024.xlsx,4-63,13,1,تجمع المدينة المنورة الصحي
Statistical-Yearbook-2024.xlsx,4-63,13,23,Madinah Health Cluster
Statistical-Yearbook-2024.xlsx,4-63,14,1,تجمع القصيم الصحي
Statistical-Yearbook-2024.xlsx,4-63,14,23,Qassim Health Cluster
Statistical-Yearbook-2024.xlsx,4-63,15,1,تجمع الشرقية الصحي
Statistical-Yearbook-2024.xlsx,4-63,15,23,Eastern Health Cluster
Statistical-Yearbook-2024.xlsx,4-63,18,1,تجمع عسير الصحي
Statistical-Yearbook-2024.xlsx,4-63,18,23,Asir Health Cluster
Statistical-Yearbook-2024.xlsx,4-63,19,1,تجمع تبوك الصحي
Statistical-Yearbook-2024.xlsx,4-63,19,23,Tabuk Health Cluster
Statistical-Yearbook-2024.xlsx,4-63,20,1,تجمع حائل الصحي
Statistical-Yearbook-2024.xlsx,4-63,20,23,Hail Health Cluster
Statistical-Yearbook-2024.xlsx,4-63,21,1,تجمع الحدود الشمالية الصحي
Statistical-Yearbook-2024.xlsx,4-63,21,23,Northern Borders Health Cluster
Statistical-Yearbook-2024.xlsx,4-63,22,1,تجمع جازان الصحي
Statistical-Yearbook-2024.xlsx,4-63,22,23,Jazan Health Cluster
Statistical-Yearbook-2024.xlsx,4-63,23,1,تجمع نجران الصحي
Statistical-Yearbook-2024.xlsx,4-63,23,23,Najran Health Cluster
Statistical-Yearbook-2024.xlsx,4-63,24,1,تجمع الباحة الصحي
Statistical-Yearbook-2024.xlsx,4-63,24,23,Al Baha Health Cluster
Statistical-Yearbook-2024.xlsx,4-63,25,1,تجمع الجوف الصحي
Statistical-Yearbook-2024.xlsx,4-63,25,23,Al Jouf Health Cluster
Statistical-Yearbook-2024.xlsx,4-66,6,1,الرياض
Statistical-Yearbook-2024.xlsx,4-66,6,10,Riyadh
Statistical-Yearbook-2024.xlsx,4-66,10,1,المدينة المنورة
Statistical-Yearbook-2024.xlsx,4-66,10,10,Madinah
Statistical-Yearbook-2024.xlsx,4-66,11,1,القصيم
Statistical-Yearbook-2024.xlsx,4-66,11,10,Qassim
Statistical-Yearbook-2024.xlsx,4-66,12,1,الشرقية
Statistical-Yearbook-2024.xlsx,4-66,12,10,Eastern
Statistical-Yearbook-2024.xlsx,4-66,15,1,عسير
Statistical-Yearbook-2024.xlsx,4-66,15,10,Asir
Statistical-Yearbook-2024.xlsx,4-66,17,1,تبوك
Statistical-Yearbook-2024.xlsx,4-66,18,1,حائل
Statistical-Yearbook-2024.xlsx,4-66,18,10,Hail
Statistical-Yearbook-2024.xlsx,4-66,19,1,الحدود الشمالية
Statistical-Yearbook-2024.xlsx,4-66,19,10,Northern Borders
Statistical-Yearbook-2024.xlsx,4-66,20,1,جازان
Statistical-Yearbook-2024.xlsx,4-66,20,10,Jazan
Statistical-Yearbook-2024.xlsx,4-66,21,1,نجران
Statistical-Yearbook-2024.xlsx,4-66,21,10,Najran
Statistical-Yearbook-2024.xlsx,4-66,22,1,الباحة
Statistical-Yearbook-2024.xlsx,4-66,22,10,Al-Bahah
Statistical-Yearbook-2024.xlsx,4-66,23,1,الجوف
Statistical-Yearbook-2024.xlsx,4-66,23,10,Al Jouf
Statistical-Yearbook-2024.xlsx,4-67,6,1,الرياض
Statistical-Yearbook-2024.xlsx,4-67,6,7,Riyadh
Statistical-Yearbook-2024.xlsx,4-67,10,1,المدينة المنورة
Statistical-Yearbook-2024.xlsx,4-67,10,7,Madinah
Statistical-Yearbook-2024.xlsx,4-67,11,1,القصيم
Statistical-Yearbook-2024.xlsx,4-67,11,7,Qassim
Statistical-Yearbook-2024.xlsx,4-67,12,1,الشرقية
Statistical-Yearbook-2024.xlsx,4-67,12,7,Eastern
Statistical-Yearbook-2024.xlsx,4-67,15,1,عسير
Statistical-Yearbook-2024.xlsx,4-67,15,7,Asir
Statistical-Yearbook-2024.xlsx,4-67,16,1,تبوك
Statistical-Yearbook-2024.xlsx,4-67,17,1,حائل
Statistical-Yearbook-2024.xlsx,4-67,17,7,Hail
Statistical-Yearbook-2024.xlsx,4-67,18,1,الحدود الشمالية
Statistical-Yearbook-2024.xlsx,4-67,18,7,Northern Borders
Statistical-Yearbook-2024.xlsx,4-67,19,1,جازان
Statistical-Yearbook-2024.xlsx,4-67,19,7,Jazan
Statistical-Yearbook-2024.xlsx,4-67,20,1,نجران
Statistical-Yearbook-2024.xlsx,4-67,20,7,Najran
Statistical-Yearbook-2024.xlsx,4-67,21,1,الباحة
Statistical-Yearbook-2024.xlsx,4-67,21,7,Al Baha
Statistical-Yearbook-2024.xlsx,4-67,22,1,الجوف
Statistical-Yearbook-2024.xlsx,4-67,22,7,Al Jouf
Statistical-Yearbook-2024.xlsx,4-70,8,1,تجمع الرياض الصحي الأول
Statistical-Yearbook-2024.xlsx,4-70,8,22,Riyadh First Health Cluster
Statistical-Yearbook-2024.xlsx,4-70,9,1,تجمع الرياض الصحي الثاني
Statistical-Yearbook-2024.xlsx,4-70,9,22,Riyadh Second Health Cluster
Statistical-Yearbook-2024.xlsx,4-70,10,1,تجمع الرياض الصحي الثالث
Statistical-Yearbook-2024.xlsx,4-70,10,22,Riyadh Third Health Cluster
Statistical-Yearbook-2024.xlsx,4-70,11,1,إجمالي التجمعات الصحية بالرياض
Statistical-Yearbook-2024.xlsx,4-70,11,22,Total Health Clusters - Riyadh
Statistical-Yearbook-2024.xlsx,4-70,12,1,مستشفيات جهات حكومية أخرى بالرياض
Statistical-Yearbook-2024.xlsx,4-70,12,22,Other Governmental Hospitals- Riyadh
Statistical-Yearbook-2024.xlsx,4-70,13,1,تجمع مكة المكرمة الصحي
Statistical-Yearbook-2024.xlsx,4-70,13,22,Makkah Health Cluster
Statistical-Yearbook-2024.xlsx,4-70,18,1,تجمع المدينة المنورة الصحي
Statistical-Yearbook-2024.xlsx,4-70,18,22,Madinah Health Cluster
Statistical-Yearbook-2024.xlsx,4-70,19,1,تجمع القصيم الصحي
Statistical-Yearbook-2024.xlsx,4-70,19,22,Qassim Health Cluster
Statistical-Yearbook-2024.xlsx,4-70,20,1,تجمع الشرقية الصحي
Statistical-Yearbook-2024.xlsx,4-70,20,22,Eastern Health Cluster
Statistical-Yearbook-2024.xlsx,4-70,23,1,تجمع عسير الصحي
Statistical-Yearbook-2024.xlsx,4-70,23,22,Asir Health Cluster
Statistical-Yearbook-2024.xlsx,4-70,24,1,تجمع تبوك الصحي
Statistical-Yearbook-2024.xlsx,4-70,24,22,Tabuk Health Cluster
Statistical-Yearbook-2024.xlsx,4-70,25,1,تجمع حائل الصحي
Statistical-Yearbook-2024.xlsx,4-70,25,22,Hail Health Cluster
Statistical-Yearbook-2024.xlsx,4-70,26,1,تجمع الحدود الشمالية الصحي
Statistical-Yearbook-2024.xlsx,4-70,26,22,Northern Borders Health Cluster
Statistical-Yearbook-2024.xlsx,4-70,27,1,تجمع جازان الصحي
Statistical-Yearbook-2024.xlsx,4-70,27,22,Jazan Health Cluster
Statistical-Yearbook-2024.xlsx,4-70,28,1,تجمع نجران الصحي
Statistical-Yearbook-2024.xlsx,4-70,28,22,Najran Health Cluster
Statistical-Yearbook-2024.xlsx,4-70,29,1,تجمع الباحة الصحي
Statistical-Yearbook-2024.xlsx,4-70,29,22,Al Baha Health Cluster
Statistical-Yearbook-2024.xlsx,4-70,30,1,تجمع الجوف الصحي
Statistical-Yearbook-2024.xlsx,4-70,30,22,Al Jouf Health Cluster
Statistical-Yearbook-2024.xlsx,4-71,6,1,تجمع الرياض الصحي الأول
Statistical-Yearbook-2024.xlsx,4-71,6,6,Riyadh First Health Cluster
Statistical-Yearbook-2024.xlsx,4-71,7,1,تجمع الرياض الصحي الثاني
Statistical-Yearbook-2024.xlsx,4-71,7,6,Riyadh Second Health Cluster
Statistical-Yearbook-2024.xlsx,4-71,8,1,تجمع الرياض الصحي الثالث
Statistical-Yearbook-2024.xlsx,4-71,8,6,Riyadh Third Health Cluster
Statistical-Yearbook-2024.xlsx,4-71,9,1,تجمع مكة المكرمة الصحي
Statistical-Yearbook-2024.xlsx,4-71,9,6,Makkah Health Cluster
Statistical-Yearbook-2024.xlsx,4-71,13,1,تجمع المدينة المنورة الصحي
Statistical-Yearbook-2024.xlsx,4-71,13,6,Madinah Health Cluster
Statistical-Yearbook-2024.xlsx,4-71,14,1,تجمع القصيم الصحي
Statistical-Yearbook-2024.xlsx,4-71,14,6,Qassim Health Cluster
Statistical-Yearbook-2024.xlsx,4-71,15,1,تجمع الشرقية الصحي
Statistical-Yearbook-2024.xlsx,4-71,15,6,Eastern Health Cluster
Statistical-Yearbook-2024.xlsx,4-71,18,1,تجمع عسير الصحي
Statistical-Yearbook-2024.xlsx,4-71,18,6,Asir Health Cluster
Statistical-Yearbook-2024.xlsx,4-71,19,1,تجمع تبوك الصحي
Statistical-Yearbook-2024.xlsx,4-71,19,6,Tabuk Health Cluster
Statistical-Yearbook-2024.xlsx,4-71,20,1,تجمع حائل الصحي
Statistical-Yearbook-2024.xlsx,4-71,20,6,Hail Health Cluster
Statistical-Yearbook-2024.xlsx,4-71,21,1,تجمع الحدود الشمالية الصحي
Statistical-Yearbook-2024.xlsx,4-71,21,6,Northern Borders Health Cluster
Statistical-Yearbook-2024.xlsx,4-71,22,1,تجمع جازان الصحي
Statistical-Yearbook-2024.xlsx,4-71,22,6,Jazan Health Cluster
Statistical-Yearbook-2024.xlsx,4-71,23,1,تجمع نجران الصحي
Statistical-Yearbook-2024.xlsx,4-71,23,6,Najran Health Cluster
Statistical-Yearbook-2024.xlsx,4-71,24,1,تجمع الباحة الصحي
Statistical-Yearbook-2024.xlsx,4-71,24,6,Al Baha Health Cluster
Statistical-Yearbook-2024.xlsx,4-71,25,1,تجمع الجوف الصحي
Statistical-Yearbook-2024.xlsx,4-71,25,6,Al Jouf Health Cluster
Statistical-Yearbook-2024.xlsx,4-72,7,1,الرياض
Statistical-Yearbook-2024.xlsx,4-72,7,6,Riyadh
Statistical-Yearbook-2024.xlsx,4-72,11,1,المدينة المنورة
Statistical-Yearbook-2024.xlsx,4-72,11,6,Madinah
Statistical-Yearbook-2024.xlsx,4-72,12,1,القصيم
Statistical-Yearbook-2024.xlsx,4-72,12,6,Qassim
Statistical-Yearbook-2024.xlsx,4-72,13,1,الشرقية
Statistical-Yearbook-2024.xlsx,4-72,13,6,Eastern
Statistical-Yearbook-2024.xlsx,4-72,16,1,عسير
Statistical-Yearbook-2024.xlsx,4-72,16,6,Asir
Statistical-Yearbook-2024.xlsx,4-72,17,1,تبوك
Statistical-Yearbook-2024.xlsx,4-72,18,1,حائل
Statistical-Yearbook-2024.xlsx,4-72,19,1,الحدود الشمالية
Statistical-Yearbook-2024.xlsx,4-72,19,6,Northern Borders Border
Statistical-Yearbook-2024.xlsx,4-72,20,1,جازان
Statistical-Yearbook-2024.xlsx,4-72,20,6,Jazan
Statistical-Yearbook-2024.xlsx,4-72,21,1,نجران
Statistical-Yearbook-2024.xlsx,4-72,21,6,Najran
Statistical-Yearbook-2024.xlsx,4-72,22,1,الباحة
Statistical-Yearbook-2024.xlsx,4-72,22,6,Al-Baha
Statistical-Yearbook-2024.xlsx,4-72,23,1,الجوف
Statistical-Yearbook-2024.xlsx,4-72,23,6,Jouf
Statistical-Yearbook-2024.xlsx,5-2,4,2,مكة المكرمة
Statistical-Yearbook-2024.xlsx,5-2,4,4,المدينة المنورة
Statistical-Yearbook-2024.xlsx,5-2,5,2,Makkah
Statistical-Yearbook-2024.xlsx,5-5,5,1,مكة المكرمة
Statistical-Yearbook-2024.xlsx,5-5,5,7,Makkah
Statistical-Yearbook-2024.xlsx,5-5,6,1,المدينة المنورة
Statistical-Yearbook-2024.xlsx,5-5,6,7,Madinah
Statistical-Yearbook-2024.xlsx,5-6,5,1,مكة المكرمة
Statistical-Yearbook-2024.xlsx,5-6,5,7,Makkah
Statistical-Yearbook-2024.xlsx,5-6,6,1,المدينة المنورة
Statistical-Yearbook-2024.xlsx,5-6,6,7,Madinah
Statistical-Yearbook-2024.xlsx,5-7,5,1,مكة المكرمة
Statistical-Yearbook-2024.xlsx,5-7,5,7,Makkah
Statistical-Yearbook-2024.xlsx,5-7,6,1,المدينة المنورة
Statistical-Yearbook-2024.xlsx,5-7,6,7,Madinah
Statistical-Yearbook-2024.xlsx,5-8,5,1,مكة المكرمة
Statistical-Yearbook-2024.xlsx,5-8,5,7,Makkah
Statistical-Yearbook-2024.xlsx,5-8,6,1,المدينة المنورة
Statistical-Yearbook-2024.xlsx,5-8,6,7,Madinah
Statistical-Yearbook-2024.xlsx,5-9,5,1,مكة المكرمة
Statistical-Yearbook-2024.xlsx,5-9,5,7,Makkah
Statistical-Yearbook-2024.xlsx,5-9,6,1,المدينة المنورة
Statistical-Yearbook-2024.xlsx,5-9,6,7,Madinah
Statistical-Yearbook-2024.xlsx,5-10,5,1,مكة المكرمة
Statistical-Yearbook-2024.xlsx,5-10,5,7,Makkah
Statistical-Yearbook-2024.xlsx,5-10,6,1,المدينة المنورة
Statistical-Yearbook-2024.xlsx,5-10,6,7,Madinah
Statistical-Yearbook-2024.xlsx,5-11,5,1,مكة المكرمة
Statistical-Yearbook-2024.xlsx,5-11,5,7,Makkah
Statistical-Yearbook-2024.xlsx,5-11,6,1,المدينة المنورة
Statistical-Yearbook-2024.xlsx,5-11,6,7,Madinah
Statistical-Yearbook-2024.xlsx,5-12,5,1,مكة المكرمة
Statistical-Yearbook-2024.xlsx,5-12,5,7,Makkah
Statistical-Yearbook-2024.xlsx,5-12,6,1,المدينة المنورة
Statistical-Yearbook-2024.xlsx,5-12,6,7,Madinah
Statistical-Yearbook-2024.xlsx,5-13,5,1,مكة المكرمة
Statistical-Yearbook-2024.xlsx,5-13,5,7,Makkah
Statistical-Yearbook-2024.xlsx,5-13,6,1,المدينة المنورة
Statistical-Yearbook-2024.xlsx,5-13,6,7,Madinah
Statistical-Yearbook-2024.xlsx,5-14,5,1,مكة المكرمة
Statistical-Yearbook-2024.xlsx,5-14,5,7,Makkah
Statistical-Yearbook-2024.xlsx,5-14,6,1,المدينة المنورة
Statistical-Yearbook-2024.xlsx,5-14,6,7,Madinah
Statistical-Yearbook-2024.xlsx,5-15,5,1,مكة المكرمة
Statistical-Yearbook-2024.xlsx,5-15,5,7,Makkah
Statistical-Yearbook-2024.xlsx,5-15,6,1,المدينة المنورة
Statistical-Yearbook-2024.xlsx,5-15,6,7,Madinah
