severity,workbook_name,sheet_name,risk_type,details
INFO,2022-Chapter-I-Health-Indicators.xlsx,فهرس الباب الأول,SOURCE_OR_FOOTNOTE_TEXT_POSSIBLE,Source-related keyword hits = 2
WARNING,2022-Chapter-I-Health-Indicators.xlsx,1,TOTAL_OR_SUBTOTAL_ROWS_POSSIBLE,Total-related keyword hits = 2
INFO,2022-Chapter-I-Health-Indicators.xlsx,1,SOURCE_OR_FOOTNOTE_TEXT_POSSIBLE,Source-related keyword hits = 2
WARNING,2022-Chapter-I-Health-Indicators.xlsx,3,TOTAL_OR_SUBTOTAL_ROWS_POSSIBLE,Total-related keyword hits = 2
INFO,2022-Chapter-I-Health-Indicators.xlsx,3,SOURCE_OR_FOOTNOTE_TEXT_POSSIBLE,Source-related keyword hits = 2
INFO,2022-Chapter-I-Health-Indicators.xlsx,4,SOURCE_OR_FOOTNOTE_TEXT_POSSIBLE,Source-related keyword hits = 1
INFO,2022-Chapter-I-Health-Indicators.xlsx,5,MULTIPLE_BLANK_ROWS_IN_SAMPLE,7 blank rows within first 32 scanned rows
INFO,2022-Chapter-I-Health-Indicators.xlsx,5,SOURCE_OR_FOOTNOTE_TEXT_POSSIBLE,Source-related keyword hits = 1
INFO,2022-Chapter-I-Health-Indicators.xlsx,8,SOURCE_OR_FOOTNOTE_TEXT_POSSIBLE,Source-related keyword hits = 2
INFO,2022-Chapter-I-Health-Indicators.xlsx,10,MULTIPLE_BLANK_ROWS_IN_SAMPLE,16 blank rows within first 40 scanned rows
WARNING,2022-Chapter-I-Health-Indicators.xlsx,10,TOTAL_OR_SUBTOTAL_ROWS_POSSIBLE,Total-related keyword hits = 5
INFO,2022-Chapter-I-Health-Indicators.xlsx,10,SOURCE_OR_FOOTNOTE_TEXT_POSSIBLE,Source-related keyword hits = 2
INFO,2022-Chapter-I-Health-Indicators.xlsx,11,MULTIPLE_BLANK_ROWS_IN_SAMPLE,7 blank rows within first 33 scanned rows
WARNING,2022-Chapter-I-Health-Indicators.xlsx,11,TOTAL_OR_SUBTOTAL_ROWS_POSSIBLE,Total-related keyword hits = 3
INFO,2022-Chapter-I-Health-Indicators.xlsx,11,SOURCE_OR_FOOTNOTE_TEXT_POSSIBLE,Source-related keyword hits = 2
INFO,2022-Chapter-I-Health-Indicators.xlsx,12,MULTIPLE_BLANK_ROWS_IN_SAMPLE,15 blank rows within first 35 scanned rows
WARNING,2022-Chapter-I-Health-Indicators.xlsx,12,TOTAL_OR_SUBTOTAL_ROWS_POSSIBLE,Total-related keyword hits = 2
INFO,2022-Chapter-I-Health-Indicators.xlsx,12,SOURCE_OR_FOOTNOTE_TEXT_POSSIBLE,Source-related keyword hits = 2
INFO,2022-Chapter-II-Health-Resources.xlsx,فهرس الباب الثاني,SOURCE_OR_FOOTNOTE_TEXT_POSSIBLE,Source-related keyword hits = 1
INFO,2022-Chapter-II-Health-Resources.xlsx,2-1,MULTIPLE_BLANK_ROWS_IN_SAMPLE,8 blank rows within first 25 scanned rows
WARNING,2022-Chapter-II-Health-Resources.xlsx,2-1,TOTAL_OR_SUBTOTAL_ROWS_POSSIBLE,Total-related keyword hits = 2
INFO,2022-Chapter-II-Health-Resources.xlsx,2-2,MULTIPLE_BLANK_ROWS_IN_SAMPLE,6 blank rows within first 17 scanned rows
WARNING,2022-Chapter-II-Health-Resources.xlsx,2-2,TOTAL_OR_SUBTOTAL_ROWS_POSSIBLE,Total-related keyword hits = 2
WARNING,2022-Chapter-II-Health-Resources.xlsx,2-3,TOTAL_OR_SUBTOTAL_ROWS_POSSIBLE,Total-related keyword hits = 4
WARNING,2022-Chapter-II-Health-Resources.xlsx,2-4,TOTAL_OR_SUBTOTAL_ROWS_POSSIBLE,Total-related keyword hits = 6
WARNING,2022-Chapter-II-Health-Resources.xlsx,2-5,TOTAL_OR_SUBTOTAL_ROWS_POSSIBLE,Total-related keyword hits = 9
INFO,2022-Chapter-II-Health-Resources.xlsx,2-6,MULTIPLE_BLANK_ROWS_IN_SAMPLE,14 blank rows within first 40 scanned rows
WARNING,2022-Chapter-II-Health-Resources.xlsx,2-6,TOTAL_OR_SUBTOTAL_ROWS_POSSIBLE,Total-related keyword hits = 1
WARNING,2022-Chapter-II-Health-Resources.xlsx,2-7,TOTAL_OR_SUBTOTAL_ROWS_POSSIBLE,Total-related keyword hits = 36
WARNING,2022-Chapter-II-Health-Resources.xlsx,2-8 ,TOTAL_OR_SUBTOTAL_ROWS_POSSIBLE,Total-related keyword hits = 18
WARNING,2022-Chapter-II-Health-Resources.xlsx,2-9,TOTAL_OR_SUBTOTAL_ROWS_POSSIBLE,Total-related keyword hits = 4
WARNING,2022-Chapter-II-Health-Resources.xlsx,2-10,TOTAL_OR_SUBTOTAL_ROWS_POSSIBLE,Total-related keyword hits = 12
INFO,2022-Chapter-II-Health-Resources.xlsx,2-10,SOURCE_OR_FOOTNOTE_TEXT_POSSIBLE,Source-related keyword hits = 2
WARNING,2022-Chapter-II-Health-Resources.xlsx,2-11,TOTAL_OR_SUBTOTAL_ROWS_POSSIBLE,Total-related keyword hits = 2
WARNING,2022-Chapter-II-Health-Resources.xlsx,2-12,TOTAL_OR_SUBTOTAL_ROWS_POSSIBLE,Total-related keyword hits = 5
WARNING,2022-Chapter-II-Health-Resources.xlsx,2-13,TOTAL_OR_SUBTOTAL_ROWS_POSSIBLE,Total-related keyword hits = 3
INFO,2022-Chapter-II-Health-Resources.xlsx,2.14,MULTIPLE_BLANK_ROWS_IN_SAMPLE,15 blank rows within first 40 scanned rows
WARNING,2022-Chapter-II-Health-Resources.xlsx,2.14,TOTAL_OR_SUBTOTAL_ROWS_POSSIBLE,Total-related keyword hits = 4
WARNING,2022-Chapter-II-Health-Resources.xlsx,2.15,TOTAL_OR_SUBTOTAL_ROWS_POSSIBLE,Total-related keyword hits = 4
WARNING,2022-Chapter-II-Health-Resources.xlsx,2.16,TOTAL_OR_SUBTOTAL_ROWS_POSSIBLE,Total-related keyword hits = 6
INFO,2022-Chapter-II-Health-Resources.xlsx,2.17,MULTIPLE_BLANK_ROWS_IN_SAMPLE,11 blank rows within first 40 scanned rows
WARNING,2022-Chapter-II-Health-Resources.xlsx,2.17,TOTAL_OR_SUBTOTAL_ROWS_POSSIBLE,Total-related keyword hits = 18
WARNING,2022-Chapter-II-Health-Resources.xlsx,2.18,TOTAL_OR_SUBTOTAL_ROWS_POSSIBLE,Total-related keyword hits = 36
WARNING,2022-Chapter-II-Health-Resources.xlsx,2.19,TOTAL_OR_SUBTOTAL_ROWS_POSSIBLE,Total-related keyword hits = 14
INFO,2022-Chapter-II-Health-Resources.xlsx,2.20,MULTIPLE_BLANK_ROWS_IN_SAMPLE,6 blank rows within first 31 scanned rows
WARNING,2022-Chapter-II-Health-Resources.xlsx,2.20,TOTAL_OR_SUBTOTAL_ROWS_POSSIBLE,Total-related keyword hits = 2
WARNING,2022-Chapter-II-Health-Resources.xlsx,2.21,TOTAL_OR_SUBTOTAL_ROWS_POSSIBLE,Total-related keyword hits = 18
INFO,2022-Chapter-II-Health-Resources.xlsx,2.22,MULTIPLE_BLANK_ROWS_IN_SAMPLE,8 blank rows within first 34 scanned rows
WARNING,2022-Chapter-II-Health-Resources.xlsx,2.22,TOTAL_OR_SUBTOTAL_ROWS_POSSIBLE,Total-related keyword hits = 15
WARNING,2022-Chapter-II-Health-Resources.xlsx,2.23,TOTAL_OR_SUBTOTAL_ROWS_POSSIBLE,Total-related keyword hits = 36
WARNING,2022-Chapter-II-Health-Resources.xlsx,2.24,TOTAL_OR_SUBTOTAL_ROWS_POSSIBLE,Total-related keyword hits = 36
INFO,2022-Chapter-II-Health-Resources.xlsx,2.25,MULTIPLE_BLANK_ROWS_IN_SAMPLE,8 blank rows within first 27 scanned rows
WARNING,2022-Chapter-II-Health-Resources.xlsx,2.25,TOTAL_OR_SUBTOTAL_ROWS_POSSIBLE,Total-related keyword hits = 4
WARNING,2022-Chapter-II-Health-Resources.xlsx,2.26,TOTAL_OR_SUBTOTAL_ROWS_POSSIBLE,Total-related keyword hits = 36
INFO,2022-Chapter-II-Health-Resources.xlsx,2.26,SOURCE_OR_FOOTNOTE_TEXT_POSSIBLE,Source-related keyword hits = 1
WARNING,2022-Chapter-II-Health-Resources.xlsx,2.27,TOTAL_OR_SUBTOTAL_ROWS_POSSIBLE,Total-related keyword hits = 10
INFO,2022-Chapter-II-Health-Resources.xlsx,2.28,MULTIPLE_BLANK_ROWS_IN_SAMPLE,11 blank rows within first 40 scanned rows
WARNING,2022-Chapter-II-Health-Resources.xlsx,2.28,TOTAL_OR_SUBTOTAL_ROWS_POSSIBLE,Total-related keyword hits = 18
INFO,2022-Chapter-II-Health-Resources.xlsx,2.29,MULTIPLE_BLANK_ROWS_IN_SAMPLE,6 blank rows within first 31 scanned rows
WARNING,2022-Chapter-II-Health-Resources.xlsx,2.29,TOTAL_OR_SUBTOTAL_ROWS_POSSIBLE,Total-related keyword hits = 2
WARNING,2022-Chapter-II-Health-Resources.xlsx,2.30,TOTAL_OR_SUBTOTAL_ROWS_POSSIBLE,Total-related keyword hits = 2
INFO,2022-Chapter-II-Health-Resources.xlsx,2.31,MULTIPLE_BLANK_ROWS_IN_SAMPLE,5 blank rows within first 34 scanned rows
WARNING,2022-Chapter-II-Health-Resources.xlsx,2.31,TOTAL_OR_SUBTOTAL_ROWS_POSSIBLE,Total-related keyword hits = 4
WARNING,2022-Chapter-II-Health-Resources.xlsx,2.32,TOTAL_OR_SUBTOTAL_ROWS_POSSIBLE,Total-related keyword hits = 4
INFO,2022-Chapter-II-Health-Resources.xlsx,2-33,MULTIPLE_BLANK_ROWS_IN_SAMPLE,11 blank rows within first 40 scanned rows
WARNING,2022-Chapter-II-Health-Resources.xlsx,2-33,TOTAL_OR_SUBTOTAL_ROWS_POSSIBLE,Total-related keyword hits = 18
WARNING,2022-Chapter-II-Health-Resources.xlsx,2.34,TOTAL_OR_SUBTOTAL_ROWS_POSSIBLE,Total-related keyword hits = 36
WARNING,2022-Chapter-II-Health-Resources.xlsx,2.35,TOTAL_OR_SUBTOTAL_ROWS_POSSIBLE,Total-related keyword hits = 36
WARNING,2022-Chapter-II-Health-Resources.xlsx,2.36,TOTAL_OR_SUBTOTAL_ROWS_POSSIBLE,Total-related keyword hits = 36
WARNING,2022-Chapter-II-Health-Resources.xlsx,2.37,TOTAL_OR_SUBTOTAL_ROWS_POSSIBLE,Total-related keyword hits = 14
WARNING,2022-Chapter-II-Health-Resources.xlsx,2.38,TOTAL_OR_SUBTOTAL_ROWS_POSSIBLE,Total-related keyword hits = 30
WARNING,2022-Chapter-II-Health-Resources.xlsx,2.40,TOTAL_OR_SUBTOTAL_ROWS_POSSIBLE,Total-related keyword hits = 2
WARNING,2022-Chapter-II-Health-Resources.xlsx,2-41,TOTAL_OR_SUBTOTAL_ROWS_POSSIBLE,Total-related keyword hits = 2
WARNING,2022-Chapter-II-Health-Resources.xlsx,2.42,TOTAL_OR_SUBTOTAL_ROWS_POSSIBLE,Total-related keyword hits = 2
WARNING,2022-Chapter-IV-Health-Activities.xlsx,فهرس الباب الرابع,TOTAL_OR_SUBTOTAL_ROWS_POSSIBLE,Total-related keyword hits = 1
WARNING,2022-Chapter-IV-Health-Activities.xlsx,1,TOTAL_OR_SUBTOTAL_ROWS_POSSIBLE,Total-related keyword hits = 4
WARNING,2022-Chapter-IV-Health-Activities.xlsx,2,TOTAL_OR_SUBTOTAL_ROWS_POSSIBLE,Total-related keyword hits = 4
WARNING,2022-Chapter-IV-Health-Activities.xlsx,3,TOTAL_OR_SUBTOTAL_ROWS_POSSIBLE,Total-related keyword hits = 4
INFO,2022-Chapter-IV-Health-Activities.xlsx,4,MULTIPLE_BLANK_ROWS_IN_SAMPLE,14 blank rows within first 40 scanned rows
WARNING,2022-Chapter-IV-Health-Activities.xlsx,4,TOTAL_OR_SUBTOTAL_ROWS_POSSIBLE,Total-related keyword hits = 4
WARNING,2022-Chapter-IV-Health-Activities.xlsx,5,TOTAL_OR_SUBTOTAL_ROWS_POSSIBLE,Total-related keyword hits = 5
INFO,2022-Chapter-IV-Health-Activities.xlsx,6,MULTIPLE_BLANK_ROWS_IN_SAMPLE,6 blank rows within first 40 scanned rows
WARNING,2022-Chapter-IV-Health-Activities.xlsx,6,TOTAL_OR_SUBTOTAL_ROWS_POSSIBLE,Total-related keyword hits = 3
INFO,2022-Chapter-IV-Health-Activities.xlsx,7,MULTIPLE_BLANK_ROWS_IN_SAMPLE,5 blank rows within first 26 scanned rows
WARNING,2022-Chapter-IV-Health-Activities.xlsx,7,TOTAL_OR_SUBTOTAL_ROWS_POSSIBLE,Total-related keyword hits = 2
WARNING,2022-Chapter-IV-Health-Activities.xlsx,8,TOTAL_OR_SUBTOTAL_ROWS_POSSIBLE,Total-related keyword hits = 4
INFO,2022-Chapter-IV-Health-Activities.xlsx,9,MULTIPLE_BLANK_ROWS_IN_SAMPLE,13 blank rows within first 32 scanned rows
WARNING,2022-Chapter-IV-Health-Activities.xlsx,9,TOTAL_OR_SUBTOTAL_ROWS_POSSIBLE,Total-related keyword hits = 2
INFO,2022-Chapter-IV-Health-Activities.xlsx,10,MULTIPLE_BLANK_ROWS_IN_SAMPLE,21 blank rows within first 40 scanned rows
WARNING,2022-Chapter-IV-Health-Activities.xlsx,10,TOTAL_OR_SUBTOTAL_ROWS_POSSIBLE,Total-related keyword hits = 4
WARNING,2022-Chapter-IV-Health-Activities.xlsx,4.11,TOTAL_OR_SUBTOTAL_ROWS_POSSIBLE,Total-related keyword hits = 3
WARNING,2022-Chapter-IV-Health-Activities.xlsx,112020,TOTAL_OR_SUBTOTAL_ROWS_POSSIBLE,Total-related keyword hits = 4
WARNING,2022-Chapter-IV-Health-Activities.xlsx,11,TOTAL_OR_SUBTOTAL_ROWS_POSSIBLE,Total-related keyword hits = 2
INFO,2022-Chapter-IV-Health-Activities.xlsx,11,SOURCE_OR_FOOTNOTE_TEXT_POSSIBLE,Source-related keyword hits = 2
INFO,2022-Chapter-IV-Health-Activities.xlsx,12,MULTIPLE_BLANK_ROWS_IN_SAMPLE,15 blank rows within first 25 scanned rows
WARNING,2022-Chapter-IV-Health-Activities.xlsx,12,TOTAL_OR_SUBTOTAL_ROWS_POSSIBLE,Total-related keyword hits = 2
INFO,2022-Chapter-IV-Health-Activities.xlsx,13,MULTIPLE_BLANK_ROWS_IN_SAMPLE,8 blank rows within first 39 scanned rows
WARNING,2022-Chapter-IV-Health-Activities.xlsx,13,TOTAL_OR_SUBTOTAL_ROWS_POSSIBLE,Total-related keyword hits = 4
INFO,2022-Chapter-IV-Health-Activities.xlsx,14,MULTIPLE_BLANK_ROWS_IN_SAMPLE,9 blank rows within first 27 scanned rows
WARNING,2022-Chapter-IV-Health-Activities.xlsx,14,TOTAL_OR_SUBTOTAL_ROWS_POSSIBLE,Total-related keyword hits = 2
WARNING,2022-Chapter-IV-Health-Activities.xlsx,15,TOTAL_OR_SUBTOTAL_ROWS_POSSIBLE,Total-related keyword hits = 5
INFO,2022-Chapter-IV-Health-Activities.xlsx,15,SOURCE_OR_FOOTNOTE_TEXT_POSSIBLE,Source-related keyword hits = 1
WARNING,2022-Chapter-IV-Health-Activities.xlsx,16,TOTAL_OR_SUBTOTAL_ROWS_POSSIBLE,Total-related keyword hits = 2
INFO,2022-Chapter-IV-Health-Activities.xlsx,16,SOURCE_OR_FOOTNOTE_TEXT_POSSIBLE,Source-related keyword hits = 2
WARNING,2022-Chapter-IV-Health-Activities.xlsx,17,TOTAL_OR_SUBTOTAL_ROWS_POSSIBLE,Total-related keyword hits = 4
INFO,2022-Chapter-IV-Health-Activities.xlsx,17,SOURCE_OR_FOOTNOTE_TEXT_POSSIBLE,Source-related keyword hits = 2
WARNING,2022-Chapter-IV-Health-Activities.xlsx,18,TOTAL_OR_SUBTOTAL_ROWS_POSSIBLE,Total-related keyword hits = 3
INFO,2022-Chapter-IV-Health-Activities.xlsx,18,SOURCE_OR_FOOTNOTE_TEXT_POSSIBLE,Source-related keyword hits = 2
INFO,2022-Chapter-IV-Health-Activities.xlsx,19,MULTIPLE_BLANK_ROWS_IN_SAMPLE,5 blank rows within first 32 scanned rows
WARNING,2022-Chapter-IV-Health-Activities.xlsx,19,TOTAL_OR_SUBTOTAL_ROWS_POSSIBLE,Total-related keyword hits = 4
INFO,2022-Chapter-IV-Health-Activities.xlsx,19,SOURCE_OR_FOOTNOTE_TEXT_POSSIBLE,Source-related keyword hits = 2
WARNING,2022-Chapter-IV-Health-Activities.xlsx,20,TOTAL_OR_SUBTOTAL_ROWS_POSSIBLE,Total-related keyword hits = 4
INFO,2022-Chapter-IV-Health-Activities.xlsx,21,SOURCE_OR_FOOTNOTE_TEXT_POSSIBLE,Source-related keyword hits = 2
INFO,2022-Chapter-IV-Health-Activities.xlsx,22,SOURCE_OR_FOOTNOTE_TEXT_POSSIBLE,Source-related keyword hits = 2
INFO,2022-Chapter-IV-Health-Activities.xlsx,23,MULTIPLE_BLANK_ROWS_IN_SAMPLE,10 blank rows within first 37 scanned rows
INFO,2022-Chapter-IV-Health-Activities.xlsx,23,SOURCE_OR_FOOTNOTE_TEXT_POSSIBLE,Source-related keyword hits = 2
INFO,2022-Chapter-IV-Health-Activities.xlsx,24,MULTIPLE_BLANK_ROWS_IN_SAMPLE,24 blank rows within first 40 scanned rows
WARNING,2022-Chapter-IV-Health-Activities.xlsx,24,TOTAL_OR_SUBTOTAL_ROWS_POSSIBLE,Total-related keyword hits = 4
WARNING,2022-Chapter-IV-Health-Activities.xlsx,4.22,TOTAL_OR_SUBTOTAL_ROWS_POSSIBLE,Total-related keyword hits = 3
INFO,2022-Chapter-IV-Health-Activities.xlsx,25,MULTIPLE_BLANK_ROWS_IN_SAMPLE,10 blank rows within first 20 scanned rows
WARNING,2022-Chapter-IV-Health-Activities.xlsx,25,TOTAL_OR_SUBTOTAL_ROWS_POSSIBLE,Total-related keyword hits = 2
WARNING,2022-Chapter-IV-Health-Activities.xlsx,26,TOTAL_OR_SUBTOTAL_ROWS_POSSIBLE,Total-related keyword hits = 7
WARNING,2022-Chapter-IV-Health-Activities.xlsx,27,TOTAL_OR_SUBTOTAL_ROWS_POSSIBLE,Total-related keyword hits = 7
INFO,2022-Chapter-IV-Health-Activities.xlsx,28,MULTIPLE_BLANK_ROWS_IN_SAMPLE,5 blank rows within first 34 scanned rows
WARNING,2022-Chapter-IV-Health-Activities.xlsx,28,TOTAL_OR_SUBTOTAL_ROWS_POSSIBLE,Total-related keyword hits = 4
INFO,2022-Chapter-IV-Health-Activities.xlsx,29,MULTIPLE_BLANK_ROWS_IN_SAMPLE,12 blank rows within first 40 scanned rows
WARNING,2022-Chapter-IV-Health-Activities.xlsx,29,TOTAL_OR_SUBTOTAL_ROWS_POSSIBLE,Total-related keyword hits = 4
WARNING,2022-Chapter-IV-Health-Activities.xlsx,30,TOTAL_OR_SUBTOTAL_ROWS_POSSIBLE,Total-related keyword hits = 4
WARNING,2022-Chapter-IV-Health-Activities.xlsx,4-32,TOTAL_OR_SUBTOTAL_ROWS_POSSIBLE,Total-related keyword hits = 4
INFO,2022-Chapter-IV-Health-Activities.xlsx,32ملغى,MULTIPLE_BLANK_ROWS_IN_SAMPLE,8 blank rows within first 35 scanned rows
WARNING,2022-Chapter-IV-Health-Activities.xlsx,32ملغى,TOTAL_OR_SUBTOTAL_ROWS_POSSIBLE,Total-related keyword hits = 2
INFO,2022-Chapter-IV-Health-Activities.xlsx,32ملغى,SOURCE_OR_FOOTNOTE_TEXT_POSSIBLE,Source-related keyword hits = 2
WARNING,2022-Chapter-IV-Health-Activities.xlsx,31,TOTAL_OR_SUBTOTAL_ROWS_POSSIBLE,Total-related keyword hits = 4
WARNING,2022-Chapter-IV-Health-Activities.xlsx,32,TOTAL_OR_SUBTOTAL_ROWS_POSSIBLE,Total-related keyword hits = 2
INFO,2022-Chapter-IV-Health-Activities.xlsx,32,SOURCE_OR_FOOTNOTE_TEXT_POSSIBLE,Source-related keyword hits = 2
WARNING,2022-Chapter-IV-Health-Activities.xlsx,33,TOTAL_OR_SUBTOTAL_ROWS_POSSIBLE,Total-related keyword hits = 2
INFO,2022-Chapter-IV-Health-Activities.xlsx,33,SOURCE_OR_FOOTNOTE_TEXT_POSSIBLE,Source-related keyword hits = 2
INFO,2022-Chapter-IV-Health-Activities.xlsx,34,MULTIPLE_BLANK_ROWS_IN_SAMPLE,5 blank rows within first 14 scanned rows
WARNING,2022-Chapter-IV-Health-Activities.xlsx,34,TOTAL_OR_SUBTOTAL_ROWS_POSSIBLE,Total-related keyword hits = 2
INFO,2022-Chapter-IV-Health-Activities.xlsx,35,MULTIPLE_BLANK_ROWS_IN_SAMPLE,17 blank rows within first 27 scanned rows
WARNING,2022-Chapter-IV-Health-Activities.xlsx,35,TOTAL_OR_SUBTOTAL_ROWS_POSSIBLE,Total-related keyword hits = 2
WARNING,2022-Chapter-IV-Health-Activities.xlsx,36,TOTAL_OR_SUBTOTAL_ROWS_POSSIBLE,Total-related keyword hits = 4
WARNING,2022-Chapter-IV-Health-Activities.xlsx,37,TOTAL_OR_SUBTOTAL_ROWS_POSSIBLE,Total-related keyword hits = 4
INFO,2022-Chapter-IV-Health-Activities.xlsx,38,MULTIPLE_BLANK_ROWS_IN_SAMPLE,24 blank rows within first 40 scanned rows
WARNING,2022-Chapter-IV-Health-Activities.xlsx,38,TOTAL_OR_SUBTOTAL_ROWS_POSSIBLE,Total-related keyword hits = 4
INFO,2022-Chapter-IV-Health-Activities.xlsx,38,SOURCE_OR_FOOTNOTE_TEXT_POSSIBLE,Source-related keyword hits = 1
WARNING,2022-Chapter-IV-Health-Activities.xlsx,39,TOTAL_OR_SUBTOTAL_ROWS_POSSIBLE,Total-related keyword hits = 3
INFO,2022-Chapter-IV-Health-Activities.xlsx,39,SOURCE_OR_FOOTNOTE_TEXT_POSSIBLE,Source-related keyword hits = 2
INFO,2022-Chapter-IV-Health-Activities.xlsx,40,MULTIPLE_BLANK_ROWS_IN_SAMPLE,6 blank rows within first 32 scanned rows
WARNING,2022-Chapter-IV-Health-Activities.xlsx,40,TOTAL_OR_SUBTOTAL_ROWS_POSSIBLE,Total-related keyword hits = 2
INFO,2022-Chapter-IV-Health-Activities.xlsx,41,MULTIPLE_BLANK_ROWS_IN_SAMPLE,15 blank rows within first 40 scanned rows
WARNING,2022-Chapter-IV-Health-Activities.xlsx,41,TOTAL_OR_SUBTOTAL_ROWS_POSSIBLE,Total-related keyword hits = 3
INFO,2022-Chapter-IV-Health-Activities.xlsx,42,MULTIPLE_BLANK_ROWS_IN_SAMPLE,13 blank rows within first 20 scanned rows
WARNING,2022-Chapter-IV-Health-Activities.xlsx,43,TOTAL_OR_SUBTOTAL_ROWS_POSSIBLE,Total-related keyword hits = 2
INFO,2022-Chapter-IV-Health-Activities.xlsx,4.50,MULTIPLE_BLANK_ROWS_IN_SAMPLE,6 blank rows within first 32 scanned rows
WARNING,2022-Chapter-IV-Health-Activities.xlsx,4.50,TOTAL_OR_SUBTOTAL_ROWS_POSSIBLE,Total-related keyword hits = 2
WARNING,2022-Chapter-IV-Health-Activities.xlsx,44,TOTAL_OR_SUBTOTAL_ROWS_POSSIBLE,Total-related keyword hits = 3
INFO,2022-Chapter-IV-Health-Activities.xlsx,45,MULTIPLE_BLANK_ROWS_IN_SAMPLE,5 blank rows within first 31 scanned rows
WARNING,2022-Chapter-IV-Health-Activities.xlsx,45,TOTAL_OR_SUBTOTAL_ROWS_POSSIBLE,Total-related keyword hits = 3
INFO,2022-Chapter-IV-Health-Activities.xlsx,46,MULTIPLE_BLANK_ROWS_IN_SAMPLE,11 blank rows within first 18 scanned rows
INFO,2022-Chapter-IV-Health-Activities.xlsx,47,MULTIPLE_BLANK_ROWS_IN_SAMPLE,27 blank rows within first 40 scanned rows
WARNING,2022-Chapter-IV-Health-Activities.xlsx,47,TOTAL_OR_SUBTOTAL_ROWS_POSSIBLE,Total-related keyword hits = 2
WARNING,2022-Chapter-IV-Health-Activities.xlsx,48,TOTAL_OR_SUBTOTAL_ROWS_POSSIBLE,Total-related keyword hits = 6
WARNING,2022-Chapter-IV-Health-Activities.xlsx,49,TOTAL_OR_SUBTOTAL_ROWS_POSSIBLE,Total-related keyword hits = 4
WARNING,2022-Chapter-IV-Health-Activities.xlsx,50,TOTAL_OR_SUBTOTAL_ROWS_POSSIBLE,Total-related keyword hits = 3
WARNING,2022-Chapter-IV-Health-Activities.xlsx,51,TOTAL_OR_SUBTOTAL_ROWS_POSSIBLE,Total-related keyword hits = 4
INFO,2022-Chapter-IV-Health-Activities.xlsx,51,SOURCE_OR_FOOTNOTE_TEXT_POSSIBLE,Source-related keyword hits = 1
WARNING,2022-Chapter-IV-Health-Activities.xlsx,52,TOTAL_OR_SUBTOTAL_ROWS_POSSIBLE,Total-related keyword hits = 4
WARNING,2022-Chapter-IV-Health-Activities.xlsx,53,TOTAL_OR_SUBTOTAL_ROWS_POSSIBLE,Total-related keyword hits = 1
WARNING,2022-Chapter-IV-Health-Activities.xlsx,54,TOTAL_OR_SUBTOTAL_ROWS_POSSIBLE,Total-related keyword hits = 4
INFO,2022-Chapter-IV-Health-Activities.xlsx,54,SOURCE_OR_FOOTNOTE_TEXT_POSSIBLE,Source-related keyword hits = 1
WARNING,2022-Chapter-IV-Health-Activities.xlsx,55,TOTAL_OR_SUBTOTAL_ROWS_POSSIBLE,Total-related keyword hits = 2
INFO,2022-Chapter-IV-Health-Activities.xlsx,57,MULTIPLE_BLANK_ROWS_IN_SAMPLE,14 blank rows within first 40 scanned rows
INFO,2022-Chapter-IV-Health-Activities.xlsx,57,SOURCE_OR_FOOTNOTE_TEXT_POSSIBLE,Source-related keyword hits = 2
WARNING,2022-Chapter-IV-Health-Activities.xlsx,58,TOTAL_OR_SUBTOTAL_ROWS_POSSIBLE,Total-related keyword hits = 3
INFO,2022-Chapter-IV-Health-Activities.xlsx,58,SOURCE_OR_FOOTNOTE_TEXT_POSSIBLE,Source-related keyword hits = 1
WARNING,2022-Chapter-IV-Health-Activities.xlsx,59,TOTAL_OR_SUBTOTAL_ROWS_POSSIBLE,Total-related keyword hits = 2
INFO,2022-Chapter-IV-Health-Activities.xlsx,مؤشرات أداء الصحة,VERY_SMALL_SHEET,Reported rows = 1
INFO,2022-Chapter-IV-Health-Activities.xlsx,مؤشرات أداء الصحة,SINGLE_COLUMN_OR_EMPTY_STRUCTURE,Reported columns = 1
INFO,2022-Chapter-IV-Health-Activities.xlsx,fig1,MULTIPLE_BLANK_ROWS_IN_SAMPLE,23 blank rows within first 40 scanned rows
INFO,2022-Chapter-IV-Health-Activities.xlsx,fig2,MULTIPLE_BLANK_ROWS_IN_SAMPLE,20 blank rows within first 40 scanned rows
INFO,2022-Chapter-IV-Health-Activities.xlsx,fig3,MULTIPLE_BLANK_ROWS_IN_SAMPLE,23 blank rows within first 40 scanned rows
INFO,2022-Chapter-IV-Health-Activities.xlsx,fig4,MULTIPLE_BLANK_ROWS_IN_SAMPLE,21 blank rows within first 40 scanned rows
INFO,2022-Chapter-IV-Health-Activities.xlsx,fig5,MULTIPLE_BLANK_ROWS_IN_SAMPLE,25 blank rows within first 40 scanned rows
INFO,2022-Chapter-IV-Health-Activities.xlsx,fig6,MULTIPLE_BLANK_ROWS_IN_SAMPLE,23 blank rows within first 40 scanned rows
INFO,2022-Chapter-IV-Health-Activities.xlsx,fig7,MULTIPLE_BLANK_ROWS_IN_SAMPLE,24 blank rows within first 40 scanned rows
INFO,Statistical-Yearbook-2021-Chapter-I-Health-Indicators.xlsx,فهرس الباب الأول,SOURCE_OR_FOOTNOTE_TEXT_POSSIBLE,Source-related keyword hits = 2
WARNING,Statistical-Yearbook-2021-Chapter-I-Health-Indicators.xlsx,1,TOTAL_OR_SUBTOTAL_ROWS_POSSIBLE,Total-related keyword hits = 2
INFO,Statistical-Yearbook-2021-Chapter-I-Health-Indicators.xlsx,1,SOURCE_OR_FOOTNOTE_TEXT_POSSIBLE,Source-related keyword hits = 2
INFO,Statistical-Yearbook-2021-Chapter-I-Health-Indicators.xlsx,2,SOURCE_OR_FOOTNOTE_TEXT_POSSIBLE,Source-related keyword hits = 2
INFO,Statistical-Yearbook-2021-Chapter-I-Health-Indicators.xlsx,3,MULTIPLE_BLANK_ROWS_IN_SAMPLE,9 blank rows within first 28 scanned rows
WARNING,Statistical-Yearbook-2021-Chapter-I-Health-Indicators.xlsx,3,TOTAL_OR_SUBTOTAL_ROWS_POSSIBLE,Total-related keyword hits = 2
INFO,Statistical-Yearbook-2021-Chapter-I-Health-Indicators.xlsx,3,SOURCE_OR_FOOTNOTE_TEXT_POSSIBLE,Source-related keyword hits = 2
INFO,Statistical-Yearbook-2021-Chapter-I-Health-Indicators.xlsx,4,SOURCE_OR_FOOTNOTE_TEXT_POSSIBLE,Source-related keyword hits = 1
INFO,Statistical-Yearbook-2021-Chapter-I-Health-Indicators.xlsx,5,MULTIPLE_BLANK_ROWS_IN_SAMPLE,7 blank rows within first 32 scanned rows
INFO,Statistical-Yearbook-2021-Chapter-I-Health-Indicators.xlsx,6,MULTIPLE_BLANK_ROWS_IN_SAMPLE,7 blank rows within first 32 scanned rows
INFO,Statistical-Yearbook-2021-Chapter-I-Health-Indicators.xlsx,6,SOURCE_OR_FOOTNOTE_TEXT_POSSIBLE,Source-related keyword hits = 1
WARNING,Statistical-Yearbook-2021-Chapter-I-Health-Indicators.xlsx,11,TOTAL_OR_SUBTOTAL_ROWS_POSSIBLE,Total-related keyword hits = 5
INFO,Statistical-Yearbook-2021-Chapter-I-Health-Indicators.xlsx,11,SOURCE_OR_FOOTNOTE_TEXT_POSSIBLE,Source-related keyword hits = 2
INFO,statistical-yearbook-2021-chapter-II-health-resources.xlsx,فهرس الباب الثاني,SOURCE_OR_FOOTNOTE_TEXT_POSSIBLE,Source-related keyword hits = 1
WARNING,statistical-yearbook-2021-chapter-II-health-resources.xlsx,2-1,TOTAL_OR_SUBTOTAL_ROWS_POSSIBLE,Total-related keyword hits = 2
INFO,statistical-yearbook-2021-chapter-II-health-resources.xlsx,2-2,MULTIPLE_BLANK_ROWS_IN_SAMPLE,5 blank rows within first 16 scanned rows
WARNING,statistical-yearbook-2021-chapter-II-health-resources.xlsx,2-2,TOTAL_OR_SUBTOTAL_ROWS_POSSIBLE,Total-related keyword hits = 2
WARNING,statistical-yearbook-2021-chapter-II-health-resources.xlsx,2-3,TOTAL_OR_SUBTOTAL_ROWS_POSSIBLE,Total-related keyword hits = 4
WARNING,statistical-yearbook-2021-chapter-II-health-resources.xlsx,2-4,TOTAL_OR_SUBTOTAL_ROWS_POSSIBLE,Total-related keyword hits = 6
WARNING,statistical-yearbook-2021-chapter-II-health-resources.xlsx,2-5,TOTAL_OR_SUBTOTAL_ROWS_POSSIBLE,Total-related keyword hits = 9
INFO,statistical-yearbook-2021-chapter-II-health-resources.xlsx,2-6,MULTIPLE_BLANK_ROWS_IN_SAMPLE,14 blank rows within first 40 scanned rows
WARNING,statistical-yearbook-2021-chapter-II-health-resources.xlsx,2-6,TOTAL_OR_SUBTOTAL_ROWS_POSSIBLE,Total-related keyword hits = 1
WARNING,statistical-yearbook-2021-chapter-II-health-resources.xlsx,2-7,TOTAL_OR_SUBTOTAL_ROWS_POSSIBLE,Total-related keyword hits = 36
WARNING,statistical-yearbook-2021-chapter-II-health-resources.xlsx,2-8 ,TOTAL_OR_SUBTOTAL_ROWS_POSSIBLE,Total-related keyword hits = 18
WARNING,statistical-yearbook-2021-chapter-II-health-resources.xlsx,2-9,TOTAL_OR_SUBTOTAL_ROWS_POSSIBLE,Total-related keyword hits = 4
WARNING,statistical-yearbook-2021-chapter-II-health-resources.xlsx,2-10,TOTAL_OR_SUBTOTAL_ROWS_POSSIBLE,Total-related keyword hits = 12
INFO,statistical-yearbook-2021-chapter-II-health-resources.xlsx,2-10,SOURCE_OR_FOOTNOTE_TEXT_POSSIBLE,Source-related keyword hits = 2
WARNING,statistical-yearbook-2021-chapter-II-health-resources.xlsx,2-11,TOTAL_OR_SUBTOTAL_ROWS_POSSIBLE,Total-related keyword hits = 2
WARNING,statistical-yearbook-2021-chapter-II-health-resources.xlsx,2-12,TOTAL_OR_SUBTOTAL_ROWS_POSSIBLE,Total-related keyword hits = 4
WARNING,statistical-yearbook-2021-chapter-II-health-resources.xlsx,2-13,TOTAL_OR_SUBTOTAL_ROWS_POSSIBLE,Total-related keyword hits = 3
INFO,statistical-yearbook-2021-chapter-II-health-resources.xlsx,2.14,MULTIPLE_BLANK_ROWS_IN_SAMPLE,15 blank rows within first 40 scanned rows
WARNING,statistical-yearbook-2021-chapter-II-health-resources.xlsx,2.14,TOTAL_OR_SUBTOTAL_ROWS_POSSIBLE,Total-related keyword hits = 4
WARNING,statistical-yearbook-2021-chapter-II-health-resources.xlsx,2.15,TOTAL_OR_SUBTOTAL_ROWS_POSSIBLE,Total-related keyword hits = 4
WARNING,statistical-yearbook-2021-chapter-II-health-resources.xlsx,2.16,TOTAL_OR_SUBTOTAL_ROWS_POSSIBLE,Total-related keyword hits = 6
INFO,statistical-yearbook-2021-chapter-II-health-resources.xlsx,2.17,MULTIPLE_BLANK_ROWS_IN_SAMPLE,11 blank rows within first 40 scanned rows
WARNING,statistical-yearbook-2021-chapter-II-health-resources.xlsx,2.17,TOTAL_OR_SUBTOTAL_ROWS_POSSIBLE,Total-related keyword hits = 18
WARNING,statistical-yearbook-2021-chapter-II-health-resources.xlsx,2.18,TOTAL_OR_SUBTOTAL_ROWS_POSSIBLE,Total-related keyword hits = 36
WARNING,statistical-yearbook-2021-chapter-II-health-resources.xlsx,2.19,TOTAL_OR_SUBTOTAL_ROWS_POSSIBLE,Total-related keyword hits = 14
INFO,statistical-yearbook-2021-chapter-II-health-resources.xlsx,2.20,MULTIPLE_BLANK_ROWS_IN_SAMPLE,6 blank rows within first 31 scanned rows
WARNING,statistical-yearbook-2021-chapter-II-health-resources.xlsx,2.20,TOTAL_OR_SUBTOTAL_ROWS_POSSIBLE,Total-related keyword hits = 2
WARNING,statistical-yearbook-2021-chapter-II-health-resources.xlsx,2.21,TOTAL_OR_SUBTOTAL_ROWS_POSSIBLE,Total-related keyword hits = 18
INFO,statistical-yearbook-2021-chapter-II-health-resources.xlsx,2.22,MULTIPLE_BLANK_ROWS_IN_SAMPLE,8 blank rows within first 34 scanned rows
WARNING,statistical-yearbook-2021-chapter-II-health-resources.xlsx,2.22,TOTAL_OR_SUBTOTAL_ROWS_POSSIBLE,Total-related keyword hits = 15
WARNING,statistical-yearbook-2021-chapter-II-health-resources.xlsx,2.23,TOTAL_OR_SUBTOTAL_ROWS_POSSIBLE,Total-related keyword hits = 36
WARNING,statistical-yearbook-2021-chapter-II-health-resources.xlsx,2.24,TOTAL_OR_SUBTOTAL_ROWS_POSSIBLE,Total-related keyword hits = 36
INFO,statistical-yearbook-2021-chapter-II-health-resources.xlsx,2.25,MULTIPLE_BLANK_ROWS_IN_SAMPLE,7 blank rows within first 24 scanned rows
WARNING,statistical-yearbook-2021-chapter-II-health-resources.xlsx,2.25,TOTAL_OR_SUBTOTAL_ROWS_POSSIBLE,Total-related keyword hits = 4
WARNING,statistical-yearbook-2021-chapter-II-health-resources.xlsx,2.26,TOTAL_OR_SUBTOTAL_ROWS_POSSIBLE,Total-related keyword hits = 36
INFO,statistical-yearbook-2021-chapter-II-health-resources.xlsx,2.26,SOURCE_OR_FOOTNOTE_TEXT_POSSIBLE,Source-related keyword hits = 1
WARNING,statistical-yearbook-2021-chapter-II-health-resources.xlsx,2.27,TOTAL_OR_SUBTOTAL_ROWS_POSSIBLE,Total-related keyword hits = 10
INFO,statistical-yearbook-2021-chapter-II-health-resources.xlsx,2.28,MULTIPLE_BLANK_ROWS_IN_SAMPLE,11 blank rows within first 40 scanned rows
WARNING,statistical-yearbook-2021-chapter-II-health-resources.xlsx,2.28,TOTAL_OR_SUBTOTAL_ROWS_POSSIBLE,Total-related keyword hits = 18
INFO,statistical-yearbook-2021-chapter-II-health-resources.xlsx,2.29,MULTIPLE_BLANK_ROWS_IN_SAMPLE,6 blank rows within first 31 scanned rows
WARNING,statistical-yearbook-2021-chapter-II-health-resources.xlsx,2.29,TOTAL_OR_SUBTOTAL_ROWS_POSSIBLE,Total-related keyword hits = 2
WARNING,statistical-yearbook-2021-chapter-II-health-resources.xlsx,2.30,TOTAL_OR_SUBTOTAL_ROWS_POSSIBLE,Total-related keyword hits = 2
WARNING,statistical-yearbook-2021-chapter-II-health-resources.xlsx,2.31,TOTAL_OR_SUBTOTAL_ROWS_POSSIBLE,Total-related keyword hits = 4
WARNING,statistical-yearbook-2021-chapter-II-health-resources.xlsx,2.32,TOTAL_OR_SUBTOTAL_ROWS_POSSIBLE,Total-related keyword hits = 4
INFO,statistical-yearbook-2021-chapter-II-health-resources.xlsx,2-33,MULTIPLE_BLANK_ROWS_IN_SAMPLE,11 blank rows within first 40 scanned rows
WARNING,statistical-yearbook-2021-chapter-II-health-resources.xlsx,2-33,TOTAL_OR_SUBTOTAL_ROWS_POSSIBLE,Total-related keyword hits = 18
WARNING,statistical-yearbook-2021-chapter-II-health-resources.xlsx,2.34,TOTAL_OR_SUBTOTAL_ROWS_POSSIBLE,Total-related keyword hits = 36
WARNING,statistical-yearbook-2021-chapter-II-health-resources.xlsx,2.35,TOTAL_OR_SUBTOTAL_ROWS_POSSIBLE,Total-related keyword hits = 36
WARNING,statistical-yearbook-2021-chapter-II-health-resources.xlsx,2.36,TOTAL_OR_SUBTOTAL_ROWS_POSSIBLE,Total-related keyword hits = 36
WARNING,statistical-yearbook-2021-chapter-II-health-resources.xlsx,2.37,TOTAL_OR_SUBTOTAL_ROWS_POSSIBLE,Total-related keyword hits = 14
WARNING,statistical-yearbook-2021-chapter-II-health-resources.xlsx,2.38,TOTAL_OR_SUBTOTAL_ROWS_POSSIBLE,Total-related keyword hits = 30
WARNING,statistical-yearbook-2021-chapter-II-health-resources.xlsx,2.39,TOTAL_OR_SUBTOTAL_ROWS_POSSIBLE,Total-related keyword hits = 1
WARNING,statistical-yearbook-2021-chapter-II-health-resources.xlsx,2.40,TOTAL_OR_SUBTOTAL_ROWS_POSSIBLE,Total-related keyword hits = 2
WARNING,statistical-yearbook-2021-chapter-II-health-resources.xlsx,2-41,TOTAL_OR_SUBTOTAL_ROWS_POSSIBLE,Total-related keyword hits = 2
WARNING,statistical-yearbook-2021-chapter-II-health-resources.xlsx,2.42,TOTAL_OR_SUBTOTAL_ROWS_POSSIBLE,Total-related keyword hits = 2
WARNING,statistical-yearbook-2021-chapter-IV-health-activities.xlsx,فهرس الباب الرابع,TOTAL_OR_SUBTOTAL_ROWS_POSSIBLE,Total-related keyword hits = 1
WARNING,statistical-yearbook-2021-chapter-IV-health-activities.xlsx,1,TOTAL_OR_SUBTOTAL_ROWS_POSSIBLE,Total-related keyword hits = 4
WARNING,statistical-yearbook-2021-chapter-IV-health-activities.xlsx,2,TOTAL_OR_SUBTOTAL_ROWS_POSSIBLE,Total-related keyword hits = 4
WARNING,statistical-yearbook-2021-chapter-IV-health-activities.xlsx,3,TOTAL_OR_SUBTOTAL_ROWS_POSSIBLE,Total-related keyword hits = 4
WARNING,statistical-yearbook-2021-chapter-IV-health-activities.xlsx,4,TOTAL_OR_SUBTOTAL_ROWS_POSSIBLE,Total-related keyword hits = 9
WARNING,statistical-yearbook-2021-chapter-IV-health-activities.xlsx,5,TOTAL_OR_SUBTOTAL_ROWS_POSSIBLE,Total-related keyword hits = 5
INFO,statistical-yearbook-2021-chapter-IV-health-activities.xlsx,6,MULTIPLE_BLANK_ROWS_IN_SAMPLE,11 blank rows within first 40 scanned rows
WARNING,statistical-yearbook-2021-chapter-IV-health-activities.xlsx,6,TOTAL_OR_SUBTOTAL_ROWS_POSSIBLE,Total-related keyword hits = 3
INFO,statistical-yearbook-2021-chapter-IV-health-activities.xlsx,7,MULTIPLE_BLANK_ROWS_IN_SAMPLE,5 blank rows within first 26 scanned rows
WARNING,statistical-yearbook-2021-chapter-IV-health-activities.xlsx,7,TOTAL_OR_SUBTOTAL_ROWS_POSSIBLE,Total-related keyword hits = 2
WARNING,statistical-yearbook-2021-chapter-IV-health-activities.xlsx,8,TOTAL_OR_SUBTOTAL_ROWS_POSSIBLE,Total-related keyword hits = 4
INFO,statistical-yearbook-2021-chapter-IV-health-activities.xlsx,9,MULTIPLE_BLANK_ROWS_IN_SAMPLE,13 blank rows within first 32 scanned rows
WARNING,statistical-yearbook-2021-chapter-IV-health-activities.xlsx,9,TOTAL_OR_SUBTOTAL_ROWS_POSSIBLE,Total-related keyword hits = 2
WARNING,statistical-yearbook-2021-chapter-IV-health-activities.xlsx,10,TOTAL_OR_SUBTOTAL_ROWS_POSSIBLE,Total-related keyword hits = 4
WARNING,statistical-yearbook-2021-chapter-IV-health-activities.xlsx,4.11,TOTAL_OR_SUBTOTAL_ROWS_POSSIBLE,Total-related keyword hits = 3
WARNING,statistical-yearbook-2021-chapter-IV-health-activities.xlsx,112020,TOTAL_OR_SUBTOTAL_ROWS_POSSIBLE,Total-related keyword hits = 4
WARNING,statistical-yearbook-2021-chapter-IV-health-activities.xlsx,11,TOTAL_OR_SUBTOTAL_ROWS_POSSIBLE,Total-related keyword hits = 2
INFO,statistical-yearbook-2021-chapter-IV-health-activities.xlsx,12,MULTIPLE_BLANK_ROWS_IN_SAMPLE,10 blank rows within first 20 scanned rows
WARNING,statistical-yearbook-2021-chapter-IV-health-activities.xlsx,12,TOTAL_OR_SUBTOTAL_ROWS_POSSIBLE,Total-related keyword hits = 2
WARNING,statistical-yearbook-2021-chapter-IV-health-activities.xlsx,13,TOTAL_OR_SUBTOTAL_ROWS_POSSIBLE,Total-related keyword hits = 4
INFO,statistical-yearbook-2021-chapter-IV-health-activities.xlsx,14,MULTIPLE_BLANK_ROWS_IN_SAMPLE,12 blank rows within first 30 scanned rows
WARNING,statistical-yearbook-2021-chapter-IV-health-activities.xlsx,14,TOTAL_OR_SUBTOTAL_ROWS_POSSIBLE,Total-related keyword hits = 2
WARNING,statistical-yearbook-2021-chapter-IV-health-activities.xlsx,15,TOTAL_OR_SUBTOTAL_ROWS_POSSIBLE,Total-related keyword hits = 5
INFO,statistical-yearbook-2021-chapter-IV-health-activities.xlsx,15,SOURCE_OR_FOOTNOTE_TEXT_POSSIBLE,Source-related keyword hits = 1
WARNING,statistical-yearbook-2021-chapter-IV-health-activities.xlsx,16,TOTAL_OR_SUBTOTAL_ROWS_POSSIBLE,Total-related keyword hits = 2
INFO,statistical-yearbook-2021-chapter-IV-health-activities.xlsx,16,SOURCE_OR_FOOTNOTE_TEXT_POSSIBLE,Source-related keyword hits = 2
WARNING,statistical-yearbook-2021-chapter-IV-health-activities.xlsx,17,TOTAL_OR_SUBTOTAL_ROWS_POSSIBLE,Total-related keyword hits = 4
INFO,statistical-yearbook-2021-chapter-IV-health-activities.xlsx,17,SOURCE_OR_FOOTNOTE_TEXT_POSSIBLE,Source-related keyword hits = 2
WARNING,statistical-yearbook-2021-chapter-IV-health-activities.xlsx,18,TOTAL_OR_SUBTOTAL_ROWS_POSSIBLE,Total-related keyword hits = 3
INFO,statistical-yearbook-2021-chapter-IV-health-activities.xlsx,18,SOURCE_OR_FOOTNOTE_TEXT_POSSIBLE,Source-related keyword hits = 2
WARNING,statistical-yearbook-2021-chapter-IV-health-activities.xlsx,19,TOTAL_OR_SUBTOTAL_ROWS_POSSIBLE,Total-related keyword hits = 7
INFO,statistical-yearbook-2021-chapter-IV-health-activities.xlsx,19,SOURCE_OR_FOOTNOTE_TEXT_POSSIBLE,Source-related keyword hits = 2
INFO,statistical-yearbook-2021-chapter-IV-health-activities.xlsx,20,MULTIPLE_BLANK_ROWS_IN_SAMPLE,9 blank rows within first 37 scanned rows
WARNING,statistical-yearbook-2021-chapter-IV-health-activities.xlsx,20,TOTAL_OR_SUBTOTAL_ROWS_POSSIBLE,Total-related keyword hits = 4
INFO,statistical-yearbook-2021-chapter-IV-health-activities.xlsx,21,SOURCE_OR_FOOTNOTE_TEXT_POSSIBLE,Source-related keyword hits = 2
INFO,statistical-yearbook-2021-chapter-IV-health-activities.xlsx,22,SOURCE_OR_FOOTNOTE_TEXT_POSSIBLE,Source-related keyword hits = 2
INFO,statistical-yearbook-2021-chapter-IV-health-activities.xlsx,23,SOURCE_OR_FOOTNOTE_TEXT_POSSIBLE,Source-related keyword hits = 2
INFO,statistical-yearbook-2021-chapter-IV-health-activities.xlsx,24,SOURCE_OR_FOOTNOTE_TEXT_POSSIBLE,Source-related keyword hits = 2
WARNING,statistical-yearbook-2021-chapter-IV-health-activities.xlsx,25,TOTAL_OR_SUBTOTAL_ROWS_POSSIBLE,Total-related keyword hits = 4
WARNING,statistical-yearbook-2021-chapter-IV-health-activities.xlsx,4.22,TOTAL_OR_SUBTOTAL_ROWS_POSSIBLE,Total-related keyword hits = 3
INFO,statistical-yearbook-2021-chapter-IV-health-activities.xlsx,26,MULTIPLE_BLANK_ROWS_IN_SAMPLE,10 blank rows within first 20 scanned rows
WARNING,statistical-yearbook-2021-chapter-IV-health-activities.xlsx,26,TOTAL_OR_SUBTOTAL_ROWS_POSSIBLE,Total-related keyword hits = 2
WARNING,statistical-yearbook-2021-chapter-IV-health-activities.xlsx,27,TOTAL_OR_SUBTOTAL_ROWS_POSSIBLE,Total-related keyword hits = 7
WARNING,statistical-yearbook-2021-chapter-IV-health-activities.xlsx,28,TOTAL_OR_SUBTOTAL_ROWS_POSSIBLE,Total-related keyword hits = 7
INFO,statistical-yearbook-2021-chapter-IV-health-activities.xlsx,29,MULTIPLE_BLANK_ROWS_IN_SAMPLE,6 blank rows within first 32 scanned rows
WARNING,statistical-yearbook-2021-chapter-IV-health-activities.xlsx,29,TOTAL_OR_SUBTOTAL_ROWS_POSSIBLE,Total-related keyword hits = 3
WARNING,statistical-yearbook-2021-chapter-IV-health-activities.xlsx,30,TOTAL_OR_SUBTOTAL_ROWS_POSSIBLE,Total-related keyword hits = 4
WARNING,statistical-yearbook-2021-chapter-IV-health-activities.xlsx,31,TOTAL_OR_SUBTOTAL_ROWS_POSSIBLE,Total-related keyword hits = 4
WARNING,statistical-yearbook-2021-chapter-IV-health-activities.xlsx,4-32,TOTAL_OR_SUBTOTAL_ROWS_POSSIBLE,Total-related keyword hits = 4
INFO,statistical-yearbook-2021-chapter-IV-health-activities.xlsx,32ملغى,MULTIPLE_BLANK_ROWS_IN_SAMPLE,8 blank rows within first 35 scanned rows
WARNING,statistical-yearbook-2021-chapter-IV-health-activities.xlsx,32ملغى,TOTAL_OR_SUBTOTAL_ROWS_POSSIBLE,Total-related keyword hits = 2
INFO,statistical-yearbook-2021-chapter-IV-health-activities.xlsx,32ملغى,SOURCE_OR_FOOTNOTE_TEXT_POSSIBLE,Source-related keyword hits = 2
WARNING,statistical-yearbook-2021-chapter-IV-health-activities.xlsx,32,TOTAL_OR_SUBTOTAL_ROWS_POSSIBLE,Total-related keyword hits = 4
WARNING,statistical-yearbook-2021-chapter-IV-health-activities.xlsx,33,TOTAL_OR_SUBTOTAL_ROWS_POSSIBLE,Total-related keyword hits = 2
INFO,statistical-yearbook-2021-chapter-IV-health-activities.xlsx,33,SOURCE_OR_FOOTNOTE_TEXT_POSSIBLE,Source-related keyword hits = 2
WARNING,statistical-yearbook-2021-chapter-IV-health-activities.xlsx,34,TOTAL_OR_SUBTOTAL_ROWS_POSSIBLE,Total-related keyword hits = 2
INFO,statistical-yearbook-2021-chapter-IV-health-activities.xlsx,34,SOURCE_OR_FOOTNOTE_TEXT_POSSIBLE,Source-related keyword hits = 2
WARNING,statistical-yearbook-2021-chapter-IV-health-activities.xlsx,35,TOTAL_OR_SUBTOTAL_ROWS_POSSIBLE,Total-related keyword hits = 2
INFO,statistical-yearbook-2021-chapter-IV-health-activities.xlsx,36,MULTIPLE_BLANK_ROWS_IN_SAMPLE,16 blank rows within first 27 scanned rows
WARNING,statistical-yearbook-2021-chapter-IV-health-activities.xlsx,36,TOTAL_OR_SUBTOTAL_ROWS_POSSIBLE,Total-related keyword hits = 2
WARNING,statistical-yearbook-2021-chapter-IV-health-activities.xlsx,37,TOTAL_OR_SUBTOTAL_ROWS_POSSIBLE,Total-related keyword hits = 4
WARNING,statistical-yearbook-2021-chapter-IV-health-activities.xlsx,38,TOTAL_OR_SUBTOTAL_ROWS_POSSIBLE,Total-related keyword hits = 4
WARNING,statistical-yearbook-2021-chapter-IV-health-activities.xlsx,39,TOTAL_OR_SUBTOTAL_ROWS_POSSIBLE,Total-related keyword hits = 4
INFO,statistical-yearbook-2021-chapter-IV-health-activities.xlsx,39,SOURCE_OR_FOOTNOTE_TEXT_POSSIBLE,Source-related keyword hits = 1
INFO,statistical-yearbook-2021-chapter-IV-health-activities.xlsx,40,MULTIPLE_BLANK_ROWS_IN_SAMPLE,10 blank rows within first 33 scanned rows
WARNING,statistical-yearbook-2021-chapter-IV-health-activities.xlsx,40,TOTAL_OR_SUBTOTAL_ROWS_POSSIBLE,Total-related keyword hits = 3
INFO,statistical-yearbook-2021-chapter-IV-health-activities.xlsx,40,SOURCE_OR_FOOTNOTE_TEXT_POSSIBLE,Source-related keyword hits = 2
INFO,statistical-yearbook-2021-chapter-IV-health-activities.xlsx,41,MULTIPLE_BLANK_ROWS_IN_SAMPLE,10 blank rows within first 37 scanned rows
WARNING,statistical-yearbook-2021-chapter-IV-health-activities.xlsx,41,TOTAL_OR_SUBTOTAL_ROWS_POSSIBLE,Total-related keyword hits = 2
INFO,statistical-yearbook-2021-chapter-IV-health-activities.xlsx,42,MULTIPLE_BLANK_ROWS_IN_SAMPLE,6 blank rows within first 32 scanned rows
WARNING,statistical-yearbook-2021-chapter-IV-health-activities.xlsx,42,TOTAL_OR_SUBTOTAL_ROWS_POSSIBLE,Total-related keyword hits = 2
INFO,statistical-yearbook-2021-chapter-IV-health-activities.xlsx,43,MULTIPLE_BLANK_ROWS_IN_SAMPLE,5 blank rows within first 40 scanned rows
WARNING,statistical-yearbook-2021-chapter-IV-health-activities.xlsx,43,TOTAL_OR_SUBTOTAL_ROWS_POSSIBLE,Total-related keyword hits = 5
INFO,statistical-yearbook-2021-chapter-IV-health-activities.xlsx,44,MULTIPLE_BLANK_ROWS_IN_SAMPLE,13 blank rows within first 20 scanned rows
WARNING,statistical-yearbook-2021-chapter-IV-health-activities.xlsx,45,TOTAL_OR_SUBTOTAL_ROWS_POSSIBLE,Total-related keyword hits = 2
INFO,statistical-yearbook-2021-chapter-IV-health-activities.xlsx,4.50,MULTIPLE_BLANK_ROWS_IN_SAMPLE,6 blank rows within first 32 scanned rows
WARNING,statistical-yearbook-2021-chapter-IV-health-activities.xlsx,4.50,TOTAL_OR_SUBTOTAL_ROWS_POSSIBLE,Total-related keyword hits = 2
WARNING,statistical-yearbook-2021-chapter-IV-health-activities.xlsx,46,TOTAL_OR_SUBTOTAL_ROWS_POSSIBLE,Total-related keyword hits = 3
INFO,statistical-yearbook-2021-chapter-IV-health-activities.xlsx,47,MULTIPLE_BLANK_ROWS_IN_SAMPLE,5 blank rows within first 31 scanned rows
WARNING,statistical-yearbook-2021-chapter-IV-health-activities.xlsx,47,TOTAL_OR_SUBTOTAL_ROWS_POSSIBLE,Total-related keyword hits = 3
INFO,statistical-yearbook-2021-chapter-IV-health-activities.xlsx,49,MULTIPLE_BLANK_ROWS_IN_SAMPLE,5 blank rows within first 40 scanned rows
WARNING,statistical-yearbook-2021-chapter-IV-health-activities.xlsx,49,TOTAL_OR_SUBTOTAL_ROWS_POSSIBLE,Total-related keyword hits = 2
WARNING,statistical-yearbook-2021-chapter-IV-health-activities.xlsx,50,TOTAL_OR_SUBTOTAL_ROWS_POSSIBLE,Total-related keyword hits = 6
WARNING,statistical-yearbook-2021-chapter-IV-health-activities.xlsx,51,TOTAL_OR_SUBTOTAL_ROWS_POSSIBLE,Total-related keyword hits = 4
WARNING,statistical-yearbook-2021-chapter-IV-health-activities.xlsx,52,TOTAL_OR_SUBTOTAL_ROWS_POSSIBLE,Total-related keyword hits = 3
WARNING,statistical-yearbook-2021-chapter-IV-health-activities.xlsx,53,TOTAL_OR_SUBTOTAL_ROWS_POSSIBLE,Total-related keyword hits = 4
INFO,statistical-yearbook-2021-chapter-IV-health-activities.xlsx,53,SOURCE_OR_FOOTNOTE_TEXT_POSSIBLE,Source-related keyword hits = 1
WARNING,statistical-yearbook-2021-chapter-IV-health-activities.xlsx,54,TOTAL_OR_SUBTOTAL_ROWS_POSSIBLE,Total-related keyword hits = 4
WARNING,statistical-yearbook-2021-chapter-IV-health-activities.xlsx,55,TOTAL_OR_SUBTOTAL_ROWS_POSSIBLE,Total-related keyword hits = 1
WARNING,statistical-yearbook-2021-chapter-IV-health-activities.xlsx,56,TOTAL_OR_SUBTOTAL_ROWS_POSSIBLE,Total-related keyword hits = 4
INFO,statistical-yearbook-2021-chapter-IV-health-activities.xlsx,56,SOURCE_OR_FOOTNOTE_TEXT_POSSIBLE,Source-related keyword hits = 1
WARNING,statistical-yearbook-2021-chapter-IV-health-activities.xlsx,57,TOTAL_OR_SUBTOTAL_ROWS_POSSIBLE,Total-related keyword hits = 2
WARNING,statistical-yearbook-2021-chapter-IV-health-activities.xlsx,59,TOTAL_OR_SUBTOTAL_ROWS_POSSIBLE,Total-related keyword hits = 2
WARNING,statistical-yearbook-2021-chapter-IV-health-activities.xlsx,60,TOTAL_OR_SUBTOTAL_ROWS_POSSIBLE,Total-related keyword hits = 3
INFO,statistical-yearbook-2021-chapter-IV-health-activities.xlsx,60,SOURCE_OR_FOOTNOTE_TEXT_POSSIBLE,Source-related keyword hits = 1
WARNING,statistical-yearbook-2021-chapter-IV-health-activities.xlsx,61,TOTAL_OR_SUBTOTAL_ROWS_POSSIBLE,Total-related keyword hits = 2
INFO,statistical-yearbook-2021-chapter-IV-health-activities.xlsx,مؤشرات أداء الصحة,VERY_SMALL_SHEET,Reported rows = 1
INFO,statistical-yearbook-2021-chapter-IV-health-activities.xlsx,مؤشرات أداء الصحة,SINGLE_COLUMN_OR_EMPTY_STRUCTURE,Reported columns = 1
INFO,statistical-yearbook-2021-chapter-IV-health-activities.xlsx,fig1,MULTIPLE_BLANK_ROWS_IN_SAMPLE,24 blank rows within first 40 scanned rows
INFO,statistical-yearbook-2021-chapter-IV-health-activities.xlsx,fig2,MULTIPLE_BLANK_ROWS_IN_SAMPLE,19 blank rows within first 40 scanned rows
INFO,statistical-yearbook-2021-chapter-IV-health-activities.xlsx,fig3,MULTIPLE_BLANK_ROWS_IN_SAMPLE,22 blank rows within first 40 scanned rows
INFO,statistical-yearbook-2021-chapter-IV-health-activities.xlsx,fig4,MULTIPLE_BLANK_ROWS_IN_SAMPLE,20 blank rows within first 40 scanned rows
INFO,statistical-yearbook-2021-chapter-IV-health-activities.xlsx,fig5,MULTIPLE_BLANK_ROWS_IN_SAMPLE,24 blank rows within first 40 scanned rows
INFO,statistical-yearbook-2021-chapter-IV-health-activities.xlsx,fig6,MULTIPLE_BLANK_ROWS_IN_SAMPLE,22 blank rows within first 40 scanned rows
INFO,statistical-yearbook-2021-chapter-IV-health-activities.xlsx,fig7,MULTIPLE_BLANK_ROWS_IN_SAMPLE,23 blank rows within first 40 scanned rows
WARNING,Statistical-Yearbook-2023.xlsx,فهرس الباب الأول,TOTAL_OR_SUBTOTAL_ROWS_POSSIBLE,Total-related keyword hits = 1
INFO,Statistical-Yearbook-2023.xlsx,فهرس الباب الأول,SOURCE_OR_FOOTNOTE_TEXT_POSSIBLE,Source-related keyword hits = 2
WARNING,Statistical-Yearbook-2023.xlsx,1,TOTAL_OR_SUBTOTAL_ROWS_POSSIBLE,Total-related keyword hits = 2
INFO,Statistical-Yearbook-2023.xlsx,1,SOURCE_OR_FOOTNOTE_TEXT_POSSIBLE,Source-related keyword hits = 2
INFO,Statistical-Yearbook-2023.xlsx,2,MULTIPLE_BLANK_ROWS_IN_SAMPLE,7 blank rows within first 33 scanned rows
WARNING,Statistical-Yearbook-2023.xlsx,2,TOTAL_OR_SUBTOTAL_ROWS_POSSIBLE,Total-related keyword hits = 3
INFO,Statistical-Yearbook-2023.xlsx,2,SOURCE_OR_FOOTNOTE_TEXT_POSSIBLE,Source-related keyword hits = 2
INFO,Statistical-Yearbook-2023.xlsx,3,MULTIPLE_BLANK_ROWS_IN_SAMPLE,16 blank rows within first 40 scanned rows
WARNING,Statistical-Yearbook-2023.xlsx,3,TOTAL_OR_SUBTOTAL_ROWS_POSSIBLE,Total-related keyword hits = 5
INFO,Statistical-Yearbook-2023.xlsx,3,SOURCE_OR_FOOTNOTE_TEXT_POSSIBLE,Source-related keyword hits = 2
INFO,Statistical-Yearbook-2023.xlsx,4,MULTIPLE_BLANK_ROWS_IN_SAMPLE,15 blank rows within first 35 scanned rows
WARNING,Statistical-Yearbook-2023.xlsx,4,TOTAL_OR_SUBTOTAL_ROWS_POSSIBLE,Total-related keyword hits = 2
INFO,Statistical-Yearbook-2023.xlsx,4,SOURCE_OR_FOOTNOTE_TEXT_POSSIBLE,Source-related keyword hits = 2
WARNING,Statistical-Yearbook-2023.xlsx,5,TOTAL_OR_SUBTOTAL_ROWS_POSSIBLE,Total-related keyword hits = 1
INFO,Statistical-Yearbook-2023.xlsx,5,SOURCE_OR_FOOTNOTE_TEXT_POSSIBLE,Source-related keyword hits = 2
INFO,Statistical-Yearbook-2023.xlsx,7,SOURCE_OR_FOOTNOTE_TEXT_POSSIBLE,Source-related keyword hits = 2
WARNING,Statistical-Yearbook-2023.xlsx,8,TOTAL_OR_SUBTOTAL_ROWS_POSSIBLE,Total-related keyword hits = 1
INFO,Statistical-Yearbook-2023.xlsx,8,SOURCE_OR_FOOTNOTE_TEXT_POSSIBLE,Source-related keyword hits = 2
INFO,Statistical-Yearbook-2023.xlsx,9,SOURCE_OR_FOOTNOTE_TEXT_POSSIBLE,Source-related keyword hits = 1
INFO,Statistical-Yearbook-2023.xlsx,10,MULTIPLE_BLANK_ROWS_IN_SAMPLE,7 blank rows within first 32 scanned rows
INFO,Statistical-Yearbook-2023.xlsx,10,SOURCE_OR_FOOTNOTE_TEXT_POSSIBLE,Source-related keyword hits = 1
INFO,Statistical-Yearbook-2023.xlsx,13,SOURCE_OR_FOOTNOTE_TEXT_POSSIBLE,Source-related keyword hits = 2
INFO,Statistical-Yearbook-2023.xlsx,فهرس الباب الثاني,SOURCE_OR_FOOTNOTE_TEXT_POSSIBLE,Source-related keyword hits = 1
INFO,Statistical-Yearbook-2023.xlsx,1.,MULTIPLE_BLANK_ROWS_IN_SAMPLE,8 blank rows within first 21 scanned rows
WARNING,Statistical-Yearbook-2023.xlsx,1.,TOTAL_OR_SUBTOTAL_ROWS_POSSIBLE,Total-related keyword hits = 2
INFO,Statistical-Yearbook-2023.xlsx,2.,MULTIPLE_BLANK_ROWS_IN_SAMPLE,6 blank rows within first 17 scanned rows
WARNING,Statistical-Yearbook-2023.xlsx,2.,TOTAL_OR_SUBTOTAL_ROWS_POSSIBLE,Total-related keyword hits = 2
WARNING,Statistical-Yearbook-2023.xlsx,3.,TOTAL_OR_SUBTOTAL_ROWS_POSSIBLE,Total-related keyword hits = 4
WARNING,Statistical-Yearbook-2023.xlsx,4.,TOTAL_OR_SUBTOTAL_ROWS_POSSIBLE,Total-related keyword hits = 6
WARNING,Statistical-Yearbook-2023.xlsx,5.,TOTAL_OR_SUBTOTAL_ROWS_POSSIBLE,Total-related keyword hits = 9
WARNING,Statistical-Yearbook-2023.xlsx,6.,TOTAL_OR_SUBTOTAL_ROWS_POSSIBLE,Total-related keyword hits = 28
WARNING,Statistical-Yearbook-2023.xlsx,7.,TOTAL_OR_SUBTOTAL_ROWS_POSSIBLE,Total-related keyword hits = 4
WARNING,Statistical-Yearbook-2023.xlsx,8.,TOTAL_OR_SUBTOTAL_ROWS_POSSIBLE,Total-related keyword hits = 4
WARNING,Statistical-Yearbook-2023.xlsx,9.,TOTAL_OR_SUBTOTAL_ROWS_POSSIBLE,Total-related keyword hits = 4
WARNING,Statistical-Yearbook-2023.xlsx,10.,TOTAL_OR_SUBTOTAL_ROWS_POSSIBLE,Total-related keyword hits = 4
INFO,Statistical-Yearbook-2023.xlsx,11.,MULTIPLE_BLANK_ROWS_IN_SAMPLE,14 blank rows within first 40 scanned rows
WARNING,Statistical-Yearbook-2023.xlsx,11.,TOTAL_OR_SUBTOTAL_ROWS_POSSIBLE,Total-related keyword hits = 1
WARNING,Statistical-Yearbook-2023.xlsx,12.,TOTAL_OR_SUBTOTAL_ROWS_POSSIBLE,Total-related keyword hits = 36
WARNING,Statistical-Yearbook-2023.xlsx,13.,TOTAL_OR_SUBTOTAL_ROWS_POSSIBLE,Total-related keyword hits = 18
WARNING,Statistical-Yearbook-2023.xlsx,14,TOTAL_OR_SUBTOTAL_ROWS_POSSIBLE,Total-related keyword hits = 4
WARNING,Statistical-Yearbook-2023.xlsx,15,TOTAL_OR_SUBTOTAL_ROWS_POSSIBLE,Total-related keyword hits = 12
INFO,Statistical-Yearbook-2023.xlsx,15,SOURCE_OR_FOOTNOTE_TEXT_POSSIBLE,Source-related keyword hits = 2
WARNING,Statistical-Yearbook-2023.xlsx,16,TOTAL_OR_SUBTOTAL_ROWS_POSSIBLE,Total-related keyword hits = 2
WARNING,Statistical-Yearbook-2023.xlsx,17,TOTAL_OR_SUBTOTAL_ROWS_POSSIBLE,Total-related keyword hits = 5
WARNING,Statistical-Yearbook-2023.xlsx,18,TOTAL_OR_SUBTOTAL_ROWS_POSSIBLE,Total-related keyword hits = 3
INFO,Statistical-Yearbook-2023.xlsx,19,MULTIPLE_BLANK_ROWS_IN_SAMPLE,15 blank rows within first 40 scanned rows
WARNING,Statistical-Yearbook-2023.xlsx,19,TOTAL_OR_SUBTOTAL_ROWS_POSSIBLE,Total-related keyword hits = 4
WARNING,Statistical-Yearbook-2023.xlsx,20,TOTAL_OR_SUBTOTAL_ROWS_POSSIBLE,Total-related keyword hits = 4
WARNING,Statistical-Yearbook-2023.xlsx,21,TOTAL_OR_SUBTOTAL_ROWS_POSSIBLE,Total-related keyword hits = 4
INFO,Statistical-Yearbook-2023.xlsx,22,MULTIPLE_BLANK_ROWS_IN_SAMPLE,11 blank rows within first 40 scanned rows
WARNING,Statistical-Yearbook-2023.xlsx,22,TOTAL_OR_SUBTOTAL_ROWS_POSSIBLE,Total-related keyword hits = 18
WARNING,Statistical-Yearbook-2023.xlsx,23,TOTAL_OR_SUBTOTAL_ROWS_POSSIBLE,Total-related keyword hits = 36
WARNING,Statistical-Yearbook-2023.xlsx,24,TOTAL_OR_SUBTOTAL_ROWS_POSSIBLE,Total-related keyword hits = 14
INFO,Statistical-Yearbook-2023.xlsx,25,MULTIPLE_BLANK_ROWS_IN_SAMPLE,6 blank rows within first 31 scanned rows
WARNING,Statistical-Yearbook-2023.xlsx,25,TOTAL_OR_SUBTOTAL_ROWS_POSSIBLE,Total-related keyword hits = 2
WARNING,Statistical-Yearbook-2023.xlsx,26,TOTAL_OR_SUBTOTAL_ROWS_POSSIBLE,Total-related keyword hits = 18
INFO,Statistical-Yearbook-2023.xlsx,27,MULTIPLE_BLANK_ROWS_IN_SAMPLE,8 blank rows within first 34 scanned rows
WARNING,Statistical-Yearbook-2023.xlsx,27,TOTAL_OR_SUBTOTAL_ROWS_POSSIBLE,Total-related keyword hits = 15
WARNING,Statistical-Yearbook-2023.xlsx,28,TOTAL_OR_SUBTOTAL_ROWS_POSSIBLE,Total-related keyword hits = 36
WARNING,Statistical-Yearbook-2023.xlsx,29,TOTAL_OR_SUBTOTAL_ROWS_POSSIBLE,Total-related keyword hits = 36
WARNING,Statistical-Yearbook-2023.xlsx,30,TOTAL_OR_SUBTOTAL_ROWS_POSSIBLE,Total-related keyword hits = 4
WARNING,Statistical-Yearbook-2023.xlsx,31,TOTAL_OR_SUBTOTAL_ROWS_POSSIBLE,Total-related keyword hits = 36
INFO,Statistical-Yearbook-2023.xlsx,31,SOURCE_OR_FOOTNOTE_TEXT_POSSIBLE,Source-related keyword hits = 1
WARNING,Statistical-Yearbook-2023.xlsx,32,TOTAL_OR_SUBTOTAL_ROWS_POSSIBLE,Total-related keyword hits = 10
INFO,Statistical-Yearbook-2023.xlsx,33,MULTIPLE_BLANK_ROWS_IN_SAMPLE,11 blank rows within first 40 scanned rows
WARNING,Statistical-Yearbook-2023.xlsx,33,TOTAL_OR_SUBTOTAL_ROWS_POSSIBLE,Total-related keyword hits = 18
INFO,Statistical-Yearbook-2023.xlsx,34,MULTIPLE_BLANK_ROWS_IN_SAMPLE,6 blank rows within first 31 scanned rows
WARNING,Statistical-Yearbook-2023.xlsx,34,TOTAL_OR_SUBTOTAL_ROWS_POSSIBLE,Total-related keyword hits = 2
WARNING,Statistical-Yearbook-2023.xlsx,35,TOTAL_OR_SUBTOTAL_ROWS_POSSIBLE,Total-related keyword hits = 2
WARNING,Statistical-Yearbook-2023.xlsx,36,TOTAL_OR_SUBTOTAL_ROWS_POSSIBLE,Total-related keyword hits = 4
WARNING,Statistical-Yearbook-2023.xlsx,37,TOTAL_OR_SUBTOTAL_ROWS_POSSIBLE,Total-related keyword hits = 4
INFO,Statistical-Yearbook-2023.xlsx,38,MULTIPLE_BLANK_ROWS_IN_SAMPLE,11 blank rows within first 40 scanned rows
WARNING,Statistical-Yearbook-2023.xlsx,38,TOTAL_OR_SUBTOTAL_ROWS_POSSIBLE,Total-related keyword hits = 18
WARNING,Statistical-Yearbook-2023.xlsx,39,TOTAL_OR_SUBTOTAL_ROWS_POSSIBLE,Total-related keyword hits = 36
WARNING,Statistical-Yearbook-2023.xlsx,40,TOTAL_OR_SUBTOTAL_ROWS_POSSIBLE,Total-related keyword hits = 36
WARNING,Statistical-Yearbook-2023.xlsx,41,TOTAL_OR_SUBTOTAL_ROWS_POSSIBLE,Total-related keyword hits = 36
WARNING,Statistical-Yearbook-2023.xlsx,42,TOTAL_OR_SUBTOTAL_ROWS_POSSIBLE,Total-related keyword hits = 14
WARNING,Statistical-Yearbook-2023.xlsx,43,TOTAL_OR_SUBTOTAL_ROWS_POSSIBLE,Total-related keyword hits = 30
WARNING,Statistical-Yearbook-2023.xlsx,45,TOTAL_OR_SUBTOTAL_ROWS_POSSIBLE,Total-related keyword hits = 1
INFO,Statistical-Yearbook-2023.xlsx,46,MULTIPLE_BLANK_ROWS_IN_SAMPLE,14 blank rows within first 40 scanned rows
WARNING,Statistical-Yearbook-2023.xlsx,46,TOTAL_OR_SUBTOTAL_ROWS_POSSIBLE,Total-related keyword hits = 2
WARNING,Statistical-Yearbook-2023.xlsx,47,TOTAL_OR_SUBTOTAL_ROWS_POSSIBLE,Total-related keyword hits = 4
WARNING,Statistical-Yearbook-2023.xlsx,48,TOTAL_OR_SUBTOTAL_ROWS_POSSIBLE,Total-related keyword hits = 2
WARNING,Statistical-Yearbook-2023.xlsx,49,TOTAL_OR_SUBTOTAL_ROWS_POSSIBLE,Total-related keyword hits = 2
WARNING,Statistical-Yearbook-2023.xlsx,50,TOTAL_OR_SUBTOTAL_ROWS_POSSIBLE,Total-related keyword hits = 2
INFO,Statistical-Yearbook-2023.xlsx,3-2,MULTIPLE_BLANK_ROWS_IN_SAMPLE,13 blank rows within first 40 scanned rows
WARNING,Statistical-Yearbook-2023.xlsx,3-2,TOTAL_OR_SUBTOTAL_ROWS_POSSIBLE,Total-related keyword hits = 2
WARNING,Statistical-Yearbook-2023.xlsx,3-2تكملة,TOTAL_OR_SUBTOTAL_ROWS_POSSIBLE,Total-related keyword hits = 2
WARNING,Statistical-Yearbook-2023.xlsx,3-3,TOTAL_OR_SUBTOTAL_ROWS_POSSIBLE,Total-related keyword hits = 2
WARNING,Statistical-Yearbook-2023.xlsx,3-4,TOTAL_OR_SUBTOTAL_ROWS_POSSIBLE,Total-related keyword hits = 2
WARNING,Statistical-Yearbook-2023.xlsx,3-5,TOTAL_OR_SUBTOTAL_ROWS_POSSIBLE,Total-related keyword hits = 4
INFO,Statistical-Yearbook-2023.xlsx,3-7,MULTIPLE_BLANK_ROWS_IN_SAMPLE,10 blank rows within first 38 scanned rows
WARNING,Statistical-Yearbook-2023.xlsx,3-7,TOTAL_OR_SUBTOTAL_ROWS_POSSIBLE,Total-related keyword hits = 5
INFO,Statistical-Yearbook-2023.xlsx,3-8,MULTIPLE_BLANK_ROWS_IN_SAMPLE,9 blank rows within first 37 scanned rows
WARNING,Statistical-Yearbook-2023.xlsx,3-8,TOTAL_OR_SUBTOTAL_ROWS_POSSIBLE,Total-related keyword hits = 5
INFO,Statistical-Yearbook-2023.xlsx,3.9,MULTIPLE_BLANK_ROWS_IN_SAMPLE,9 blank rows within first 35 scanned rows
WARNING,Statistical-Yearbook-2023.xlsx,3.9,TOTAL_OR_SUBTOTAL_ROWS_POSSIBLE,Total-related keyword hits = 2
WARNING,Statistical-Yearbook-2023.xlsx,3-10,TOTAL_OR_SUBTOTAL_ROWS_POSSIBLE,Total-related keyword hits = 2
INFO,Statistical-Yearbook-2023.xlsx,3-11,MULTIPLE_BLANK_ROWS_IN_SAMPLE,5 blank rows within first 32 scanned rows
WARNING,Statistical-Yearbook-2023.xlsx,3-11,TOTAL_OR_SUBTOTAL_ROWS_POSSIBLE,Total-related keyword hits = 2
INFO,Statistical-Yearbook-2023.xlsx,3-12,MULTIPLE_BLANK_ROWS_IN_SAMPLE,19 blank rows within first 40 scanned rows
WARNING,Statistical-Yearbook-2023.xlsx,3-12,TOTAL_OR_SUBTOTAL_ROWS_POSSIBLE,Total-related keyword hits = 4
INFO,Statistical-Yearbook-2023.xlsx,3-13,MULTIPLE_BLANK_ROWS_IN_SAMPLE,10 blank rows within first 35 scanned rows
WARNING,Statistical-Yearbook-2023.xlsx,3-13,TOTAL_OR_SUBTOTAL_ROWS_POSSIBLE,Total-related keyword hits = 4
INFO,Statistical-Yearbook-2023.xlsx,3-14,MULTIPLE_BLANK_ROWS_IN_SAMPLE,9 blank rows within first 28 scanned rows
WARNING,Statistical-Yearbook-2023.xlsx,3-15,TOTAL_OR_SUBTOTAL_ROWS_POSSIBLE,Total-related keyword hits = 2
WARNING,Statistical-Yearbook-2023.xlsx,3-16,TOTAL_OR_SUBTOTAL_ROWS_POSSIBLE,Total-related keyword hits = 2
INFO,Statistical-Yearbook-2023.xlsx,3-17,MULTIPLE_BLANK_ROWS_IN_SAMPLE,7 blank rows within first 17 scanned rows
WARNING,Statistical-Yearbook-2023.xlsx,3-17,TOTAL_OR_SUBTOTAL_ROWS_POSSIBLE,Total-related keyword hits = 2
INFO,Statistical-Yearbook-2023.xlsx,3-18,MULTIPLE_BLANK_ROWS_IN_SAMPLE,12 blank rows within first 40 scanned rows
WARNING,Statistical-Yearbook-2023.xlsx,3-18,TOTAL_OR_SUBTOTAL_ROWS_POSSIBLE,Total-related keyword hits = 14
WARNING,Statistical-Yearbook-2023.xlsx,3-19,TOTAL_OR_SUBTOTAL_ROWS_POSSIBLE,Total-related keyword hits = 2
INFO,Statistical-Yearbook-2023.xlsx,3-19,SOURCE_OR_FOOTNOTE_TEXT_POSSIBLE,Source-related keyword hits = 1
INFO,Statistical-Yearbook-2023.xlsx,3-20,MULTIPLE_BLANK_ROWS_IN_SAMPLE,9 blank rows within first 18 scanned rows
INFO,Statistical-Yearbook-2023.xlsx,3-20,SOURCE_OR_FOOTNOTE_TEXT_POSSIBLE,Source-related keyword hits = 1
WARNING,Statistical-Yearbook-2023.xlsx,3.22,TOTAL_OR_SUBTOTAL_ROWS_POSSIBLE,Total-related keyword hits = 4
INFO,Statistical-Yearbook-2023.xlsx,3.22,SOURCE_OR_FOOTNOTE_TEXT_POSSIBLE,Source-related keyword hits = 8
WARNING,Statistical-Yearbook-2023.xlsx,3-23,TOTAL_OR_SUBTOTAL_ROWS_POSSIBLE,Total-related keyword hits = 3
WARNING,Statistical-Yearbook-2023.xlsx,فهرس الباب الرابع,TOTAL_OR_SUBTOTAL_ROWS_POSSIBLE,Total-related keyword hits = 1
WARNING,Statistical-Yearbook-2023.xlsx,1..,TOTAL_OR_SUBTOTAL_ROWS_POSSIBLE,Total-related keyword hits = 4
WARNING,Statistical-Yearbook-2023.xlsx,2..,TOTAL_OR_SUBTOTAL_ROWS_POSSIBLE,Total-related keyword hits = 4
WARNING,Statistical-Yearbook-2023.xlsx,3..,TOTAL_OR_SUBTOTAL_ROWS_POSSIBLE,Total-related keyword hits = 4
INFO,Statistical-Yearbook-2023.xlsx,4..,MULTIPLE_BLANK_ROWS_IN_SAMPLE,14 blank rows within first 40 scanned rows
WARNING,Statistical-Yearbook-2023.xlsx,4..,TOTAL_OR_SUBTOTAL_ROWS_POSSIBLE,Total-related keyword hits = 4
WARNING,Statistical-Yearbook-2023.xlsx,5..,TOTAL_OR_SUBTOTAL_ROWS_POSSIBLE,Total-related keyword hits = 5
INFO,Statistical-Yearbook-2023.xlsx,6..,MULTIPLE_BLANK_ROWS_IN_SAMPLE,6 blank rows within first 40 scanned rows
WARNING,Statistical-Yearbook-2023.xlsx,6..,TOTAL_OR_SUBTOTAL_ROWS_POSSIBLE,Total-related keyword hits = 3
INFO,Statistical-Yearbook-2023.xlsx,7..,MULTIPLE_BLANK_ROWS_IN_SAMPLE,5 blank rows within first 26 scanned rows
WARNING,Statistical-Yearbook-2023.xlsx,7..,TOTAL_OR_SUBTOTAL_ROWS_POSSIBLE,Total-related keyword hits = 2
WARNING,Statistical-Yearbook-2023.xlsx,8..,TOTAL_OR_SUBTOTAL_ROWS_POSSIBLE,Total-related keyword hits = 4
INFO,Statistical-Yearbook-2023.xlsx,9..,MULTIPLE_BLANK_ROWS_IN_SAMPLE,13 blank rows within first 32 scanned rows
WARNING,Statistical-Yearbook-2023.xlsx,9..,TOTAL_OR_SUBTOTAL_ROWS_POSSIBLE,Total-related keyword hits = 2
INFO,Statistical-Yearbook-2023.xlsx,10..,MULTIPLE_BLANK_ROWS_IN_SAMPLE,21 blank rows within first 40 scanned rows
WARNING,Statistical-Yearbook-2023.xlsx,10..,TOTAL_OR_SUBTOTAL_ROWS_POSSIBLE,Total-related keyword hits = 4
WARNING,Statistical-Yearbook-2023.xlsx,11..,TOTAL_OR_SUBTOTAL_ROWS_POSSIBLE,Total-related keyword hits = 2
INFO,Statistical-Yearbook-2023.xlsx,11..,SOURCE_OR_FOOTNOTE_TEXT_POSSIBLE,Source-related keyword hits = 2
INFO,Statistical-Yearbook-2023.xlsx,12..,MULTIPLE_BLANK_ROWS_IN_SAMPLE,15 blank rows within first 25 scanned rows
WARNING,Statistical-Yearbook-2023.xlsx,12..,TOTAL_OR_SUBTOTAL_ROWS_POSSIBLE,Total-related keyword hits = 2
INFO,Statistical-Yearbook-2023.xlsx,13..,MULTIPLE_BLANK_ROWS_IN_SAMPLE,14 blank rows within first 40 scanned rows
WARNING,Statistical-Yearbook-2023.xlsx,13..,TOTAL_OR_SUBTOTAL_ROWS_POSSIBLE,Total-related keyword hits = 4
INFO,Statistical-Yearbook-2023.xlsx,14..,MULTIPLE_BLANK_ROWS_IN_SAMPLE,9 blank rows within first 27 scanned rows
WARNING,Statistical-Yearbook-2023.xlsx,14..,TOTAL_OR_SUBTOTAL_ROWS_POSSIBLE,Total-related keyword hits = 2
WARNING,Statistical-Yearbook-2023.xlsx,15..,TOTAL_OR_SUBTOTAL_ROWS_POSSIBLE,Total-related keyword hits = 5
INFO,Statistical-Yearbook-2023.xlsx,15..,SOURCE_OR_FOOTNOTE_TEXT_POSSIBLE,Source-related keyword hits = 1
WARNING,Statistical-Yearbook-2023.xlsx,16..,TOTAL_OR_SUBTOTAL_ROWS_POSSIBLE,Total-related keyword hits = 2
INFO,Statistical-Yearbook-2023.xlsx,16..,SOURCE_OR_FOOTNOTE_TEXT_POSSIBLE,Source-related keyword hits = 2
WARNING,Statistical-Yearbook-2023.xlsx,17..,TOTAL_OR_SUBTOTAL_ROWS_POSSIBLE,Total-related keyword hits = 4
INFO,Statistical-Yearbook-2023.xlsx,17..,SOURCE_OR_FOOTNOTE_TEXT_POSSIBLE,Source-related keyword hits = 2
WARNING,Statistical-Yearbook-2023.xlsx,18.,TOTAL_OR_SUBTOTAL_ROWS_POSSIBLE,Total-related keyword hits = 3
INFO,Statistical-Yearbook-2023.xlsx,18.,SOURCE_OR_FOOTNOTE_TEXT_POSSIBLE,Source-related keyword hits = 2
INFO,Statistical-Yearbook-2023.xlsx,19.,MULTIPLE_BLANK_ROWS_IN_SAMPLE,5 blank rows within first 32 scanned rows
WARNING,Statistical-Yearbook-2023.xlsx,19.,TOTAL_OR_SUBTOTAL_ROWS_POSSIBLE,Total-related keyword hits = 4
INFO,Statistical-Yearbook-2023.xlsx,19.,SOURCE_OR_FOOTNOTE_TEXT_POSSIBLE,Source-related keyword hits = 2
WARNING,Statistical-Yearbook-2023.xlsx,20.,TOTAL_OR_SUBTOTAL_ROWS_POSSIBLE,Total-related keyword hits = 4
INFO,Statistical-Yearbook-2023.xlsx,21.,SOURCE_OR_FOOTNOTE_TEXT_POSSIBLE,Source-related keyword hits = 2
INFO,Statistical-Yearbook-2023.xlsx,22.,SOURCE_OR_FOOTNOTE_TEXT_POSSIBLE,Source-related keyword hits = 2
INFO,Statistical-Yearbook-2023.xlsx,23.,MULTIPLE_BLANK_ROWS_IN_SAMPLE,10 blank rows within first 37 scanned rows
INFO,Statistical-Yearbook-2023.xlsx,23.,SOURCE_OR_FOOTNOTE_TEXT_POSSIBLE,Source-related keyword hits = 2
INFO,Statistical-Yearbook-2023.xlsx,24.,MULTIPLE_BLANK_ROWS_IN_SAMPLE,24 blank rows within first 40 scanned rows
WARNING,Statistical-Yearbook-2023.xlsx,24.,TOTAL_OR_SUBTOTAL_ROWS_POSSIBLE,Total-related keyword hits = 4
INFO,Statistical-Yearbook-2023.xlsx,25.,MULTIPLE_BLANK_ROWS_IN_SAMPLE,10 blank rows within first 20 scanned rows
WARNING,Statistical-Yearbook-2023.xlsx,25.,TOTAL_OR_SUBTOTAL_ROWS_POSSIBLE,Total-related keyword hits = 2
WARNING,Statistical-Yearbook-2023.xlsx,26.,TOTAL_OR_SUBTOTAL_ROWS_POSSIBLE,Total-related keyword hits = 7
INFO,Statistical-Yearbook-2023.xlsx,27.,MULTIPLE_BLANK_ROWS_IN_SAMPLE,24 blank rows within first 40 scanned rows
WARNING,Statistical-Yearbook-2023.xlsx,27.,TOTAL_OR_SUBTOTAL_ROWS_POSSIBLE,Total-related keyword hits = 7
INFO,Statistical-Yearbook-2023.xlsx,28.,MULTIPLE_BLANK_ROWS_IN_SAMPLE,5 blank rows within first 34 scanned rows
WARNING,Statistical-Yearbook-2023.xlsx,28.,TOTAL_OR_SUBTOTAL_ROWS_POSSIBLE,Total-related keyword hits = 4
INFO,Statistical-Yearbook-2023.xlsx,29.,MULTIPLE_BLANK_ROWS_IN_SAMPLE,12 blank rows within first 40 scanned rows
WARNING,Statistical-Yearbook-2023.xlsx,29.,TOTAL_OR_SUBTOTAL_ROWS_POSSIBLE,Total-related keyword hits = 4
INFO,Statistical-Yearbook-2023.xlsx,30.,MULTIPLE_BLANK_ROWS_IN_SAMPLE,24 blank rows within first 40 scanned rows
WARNING,Statistical-Yearbook-2023.xlsx,30.,TOTAL_OR_SUBTOTAL_ROWS_POSSIBLE,Total-related keyword hits = 4
WARNING,Statistical-Yearbook-2023.xlsx,31.,TOTAL_OR_SUBTOTAL_ROWS_POSSIBLE,Total-related keyword hits = 4
WARNING,Statistical-Yearbook-2023.xlsx,32.,TOTAL_OR_SUBTOTAL_ROWS_POSSIBLE,Total-related keyword hits = 2
INFO,Statistical-Yearbook-2023.xlsx,32.,SOURCE_OR_FOOTNOTE_TEXT_POSSIBLE,Source-related keyword hits = 2
WARNING,Statistical-Yearbook-2023.xlsx,33.,TOTAL_OR_SUBTOTAL_ROWS_POSSIBLE,Total-related keyword hits = 2
INFO,Statistical-Yearbook-2023.xlsx,33.,SOURCE_OR_FOOTNOTE_TEXT_POSSIBLE,Source-related keyword hits = 2
INFO,Statistical-Yearbook-2023.xlsx,34.,MULTIPLE_BLANK_ROWS_IN_SAMPLE,5 blank rows within first 14 scanned rows
WARNING,Statistical-Yearbook-2023.xlsx,34.,TOTAL_OR_SUBTOTAL_ROWS_POSSIBLE,Total-related keyword hits = 2
INFO,Statistical-Yearbook-2023.xlsx,35.,MULTIPLE_BLANK_ROWS_IN_SAMPLE,17 blank rows within first 27 scanned rows
WARNING,Statistical-Yearbook-2023.xlsx,35.,TOTAL_OR_SUBTOTAL_ROWS_POSSIBLE,Total-related keyword hits = 2
WARNING,Statistical-Yearbook-2023.xlsx,36.,TOTAL_OR_SUBTOTAL_ROWS_POSSIBLE,Total-related keyword hits = 4
WARNING,Statistical-Yearbook-2023.xlsx,37.,TOTAL_OR_SUBTOTAL_ROWS_POSSIBLE,Total-related keyword hits = 4
INFO,Statistical-Yearbook-2023.xlsx,38.,MULTIPLE_BLANK_ROWS_IN_SAMPLE,24 blank rows within first 40 scanned rows
WARNING,Statistical-Yearbook-2023.xlsx,38.,TOTAL_OR_SUBTOTAL_ROWS_POSSIBLE,Total-related keyword hits = 4
INFO,Statistical-Yearbook-2023.xlsx,38.,SOURCE_OR_FOOTNOTE_TEXT_POSSIBLE,Source-related keyword hits = 1
WARNING,Statistical-Yearbook-2023.xlsx,39.,TOTAL_OR_SUBTOTAL_ROWS_POSSIBLE,Total-related keyword hits = 3
INFO,Statistical-Yearbook-2023.xlsx,39.,SOURCE_OR_FOOTNOTE_TEXT_POSSIBLE,Source-related keyword hits = 2
WARNING,Statistical-Yearbook-2023.xlsx,40.,TOTAL_OR_SUBTOTAL_ROWS_POSSIBLE,Total-related keyword hits = 2
WARNING,Statistical-Yearbook-2023.xlsx,41.,TOTAL_OR_SUBTOTAL_ROWS_POSSIBLE,Total-related keyword hits = 3
INFO,Statistical-Yearbook-2023.xlsx,43.,MULTIPLE_BLANK_ROWS_IN_SAMPLE,13 blank rows within first 20 scanned rows
WARNING,Statistical-Yearbook-2023.xlsx,44.,TOTAL_OR_SUBTOTAL_ROWS_POSSIBLE,Total-related keyword hits = 2
WARNING,Statistical-Yearbook-2023.xlsx,45.,TOTAL_OR_SUBTOTAL_ROWS_POSSIBLE,Total-related keyword hits = 3
INFO,Statistical-Yearbook-2023.xlsx,46.,MULTIPLE_BLANK_ROWS_IN_SAMPLE,5 blank rows within first 31 scanned rows
WARNING,Statistical-Yearbook-2023.xlsx,46.,TOTAL_OR_SUBTOTAL_ROWS_POSSIBLE,Total-related keyword hits = 3
INFO,Statistical-Yearbook-2023.xlsx,47.,MULTIPLE_BLANK_ROWS_IN_SAMPLE,11 blank rows within first 18 scanned rows
INFO,Statistical-Yearbook-2023.xlsx,48.,MULTIPLE_BLANK_ROWS_IN_SAMPLE,27 blank rows within first 40 scanned rows
WARNING,Statistical-Yearbook-2023.xlsx,48.,TOTAL_OR_SUBTOTAL_ROWS_POSSIBLE,Total-related keyword hits = 2
WARNING,Statistical-Yearbook-2023.xlsx,49.,TOTAL_OR_SUBTOTAL_ROWS_POSSIBLE,Total-related keyword hits = 6
WARNING,Statistical-Yearbook-2023.xlsx,50.,TOTAL_OR_SUBTOTAL_ROWS_POSSIBLE,Total-related keyword hits = 4
WARNING,Statistical-Yearbook-2023.xlsx,51.,TOTAL_OR_SUBTOTAL_ROWS_POSSIBLE,Total-related keyword hits = 3
WARNING,Statistical-Yearbook-2023.xlsx,52.,TOTAL_OR_SUBTOTAL_ROWS_POSSIBLE,Total-related keyword hits = 4
INFO,Statistical-Yearbook-2023.xlsx,52.,SOURCE_OR_FOOTNOTE_TEXT_POSSIBLE,Source-related keyword hits = 1
WARNING,Statistical-Yearbook-2023.xlsx,53.,TOTAL_OR_SUBTOTAL_ROWS_POSSIBLE,Total-related keyword hits = 4
WARNING,Statistical-Yearbook-2023.xlsx,54,TOTAL_OR_SUBTOTAL_ROWS_POSSIBLE,Total-related keyword hits = 1
WARNING,Statistical-Yearbook-2023.xlsx,55,TOTAL_OR_SUBTOTAL_ROWS_POSSIBLE,Total-related keyword hits = 4
INFO,Statistical-Yearbook-2023.xlsx,55,SOURCE_OR_FOOTNOTE_TEXT_POSSIBLE,Source-related keyword hits = 1
WARNING,Statistical-Yearbook-2023.xlsx,56,TOTAL_OR_SUBTOTAL_ROWS_POSSIBLE,Total-related keyword hits = 2
INFO,Statistical-Yearbook-2023.xlsx,58,MULTIPLE_BLANK_ROWS_IN_SAMPLE,14 blank rows within first 40 scanned rows
INFO,Statistical-Yearbook-2023.xlsx,58,SOURCE_OR_FOOTNOTE_TEXT_POSSIBLE,Source-related keyword hits = 2
WARNING,Statistical-Yearbook-2023.xlsx,59,TOTAL_OR_SUBTOTAL_ROWS_POSSIBLE,Total-related keyword hits = 3
INFO,Statistical-Yearbook-2023.xlsx,59,SOURCE_OR_FOOTNOTE_TEXT_POSSIBLE,Source-related keyword hits = 1
WARNING,Statistical-Yearbook-2023.xlsx,60,TOTAL_OR_SUBTOTAL_ROWS_POSSIBLE,Total-related keyword hits = 2
INFO,Statistical-Yearbook-2023.xlsx,مؤشرات أداء الصحة,VERY_SMALL_SHEET,Reported rows = 1
INFO,Statistical-Yearbook-2023.xlsx,مؤشرات أداء الصحة,SINGLE_COLUMN_OR_EMPTY_STRUCTURE,Reported columns = 1
INFO,Statistical-Yearbook-2023.xlsx,fig1,MULTIPLE_BLANK_ROWS_IN_SAMPLE,23 blank rows within first 40 scanned rows
INFO,Statistical-Yearbook-2023.xlsx,fig2,MULTIPLE_BLANK_ROWS_IN_SAMPLE,20 blank rows within first 40 scanned rows
INFO,Statistical-Yearbook-2023.xlsx,fig3,MULTIPLE_BLANK_ROWS_IN_SAMPLE,23 blank rows within first 40 scanned rows
INFO,Statistical-Yearbook-2023.xlsx,fig4,MULTIPLE_BLANK_ROWS_IN_SAMPLE,21 blank rows within first 40 scanned rows
INFO,Statistical-Yearbook-2023.xlsx,fig5,MULTIPLE_BLANK_ROWS_IN_SAMPLE,25 blank rows within first 40 scanned rows
INFO,Statistical-Yearbook-2023.xlsx,fig6,MULTIPLE_BLANK_ROWS_IN_SAMPLE,23 blank rows within first 40 scanned rows
INFO,Statistical-Yearbook-2023.xlsx,fig7,MULTIPLE_BLANK_ROWS_IN_SAMPLE,24 blank rows within first 40 scanned rows
WARNING,Statistical-Yearbook-2023.xlsx,5-1,TOTAL_OR_SUBTOTAL_ROWS_POSSIBLE,Total-related keyword hits = 2
INFO,Statistical-Yearbook-2023.xlsx,5-1,SOURCE_OR_FOOTNOTE_TEXT_POSSIBLE,Source-related keyword hits = 2
INFO,Statistical-Yearbook-2023.xlsx,5-2,MULTIPLE_BLANK_ROWS_IN_SAMPLE,24 blank rows within first 37 scanned rows
WARNING,Statistical-Yearbook-2023.xlsx,5-2,TOTAL_OR_SUBTOTAL_ROWS_POSSIBLE,Total-related keyword hits = 2
WARNING,Statistical-Yearbook-2023.xlsx,5-3,TOTAL_OR_SUBTOTAL_ROWS_POSSIBLE,Total-related keyword hits = 6
INFO,Statistical-Yearbook-2023.xlsx,5-4,MULTIPLE_BLANK_ROWS_IN_SAMPLE,21 blank rows within first 31 scanned rows
WARNING,Statistical-Yearbook-2023.xlsx,5-4,TOTAL_OR_SUBTOTAL_ROWS_POSSIBLE,Total-related keyword hits = 2
INFO,Statistical-Yearbook-2023.xlsx,5-5,MULTIPLE_BLANK_ROWS_IN_SAMPLE,21 blank rows within first 31 scanned rows
WARNING,Statistical-Yearbook-2023.xlsx,5-5,TOTAL_OR_SUBTOTAL_ROWS_POSSIBLE,Total-related keyword hits = 2
INFO,Statistical-Yearbook-2023.xlsx,5-6,MULTIPLE_BLANK_ROWS_IN_SAMPLE,21 blank rows within first 31 scanned rows
WARNING,Statistical-Yearbook-2023.xlsx,5-6,TOTAL_OR_SUBTOTAL_ROWS_POSSIBLE,Total-related keyword hits = 2
INFO,Statistical-Yearbook-2023.xlsx,5-7,MULTIPLE_BLANK_ROWS_IN_SAMPLE,21 blank rows within first 31 scanned rows
WARNING,Statistical-Yearbook-2023.xlsx,5-7,TOTAL_OR_SUBTOTAL_ROWS_POSSIBLE,Total-related keyword hits = 2
INFO,Statistical-Yearbook-2023.xlsx,5-8,MULTIPLE_BLANK_ROWS_IN_SAMPLE,21 blank rows within first 31 scanned rows
WARNING,Statistical-Yearbook-2023.xlsx,5-8,TOTAL_OR_SUBTOTAL_ROWS_POSSIBLE,Total-related keyword hits = 2
INFO,Statistical-Yearbook-2023.xlsx,5-9,MULTIPLE_BLANK_ROWS_IN_SAMPLE,21 blank rows within first 31 scanned rows
WARNING,Statistical-Yearbook-2023.xlsx,5-9,TOTAL_OR_SUBTOTAL_ROWS_POSSIBLE,Total-related keyword hits = 2
INFO,Statistical-Yearbook-2023.xlsx,5-10,MULTIPLE_BLANK_ROWS_IN_SAMPLE,21 blank rows within first 31 scanned rows
WARNING,Statistical-Yearbook-2023.xlsx,5-10,TOTAL_OR_SUBTOTAL_ROWS_POSSIBLE,Total-related keyword hits = 2
INFO,Statistical-Yearbook-2023.xlsx,5-11,MULTIPLE_BLANK_ROWS_IN_SAMPLE,21 blank rows within first 31 scanned rows
WARNING,Statistical-Yearbook-2023.xlsx,5-11,TOTAL_OR_SUBTOTAL_ROWS_POSSIBLE,Total-related keyword hits = 2
INFO,Statistical-Yearbook-2023.xlsx,5-12,MULTIPLE_BLANK_ROWS_IN_SAMPLE,22 blank rows within first 32 scanned rows
WARNING,Statistical-Yearbook-2023.xlsx,5-12,TOTAL_OR_SUBTOTAL_ROWS_POSSIBLE,Total-related keyword hits = 2
INFO,Statistical-Yearbook-2023.xlsx,5-13,MULTIPLE_BLANK_ROWS_IN_SAMPLE,22 blank rows within first 32 scanned rows
WARNING,Statistical-Yearbook-2023.xlsx,5-13,TOTAL_OR_SUBTOTAL_ROWS_POSSIBLE,Total-related keyword hits = 2
INFO,Statistical-Yearbook-2023.xlsx,5-14,MULTIPLE_BLANK_ROWS_IN_SAMPLE,22 blank rows within first 32 scanned rows
WARNING,Statistical-Yearbook-2023.xlsx,5-14,TOTAL_OR_SUBTOTAL_ROWS_POSSIBLE,Total-related keyword hits = 2
INFO,Statistical-Yearbook-2023.xlsx,5-15,MULTIPLE_BLANK_ROWS_IN_SAMPLE,22 blank rows within first 32 scanned rows
WARNING,Statistical-Yearbook-2023.xlsx,5-15,TOTAL_OR_SUBTOTAL_ROWS_POSSIBLE,Total-related keyword hits = 2
INFO,Statistical-Yearbook-2023.xlsx,5-16,MULTIPLE_BLANK_ROWS_IN_SAMPLE,21 blank rows within first 31 scanned rows
WARNING,Statistical-Yearbook-2023.xlsx,5-16,TOTAL_OR_SUBTOTAL_ROWS_POSSIBLE,Total-related keyword hits = 2
WARNING,Statistical-Yearbook-2024.xlsx,فهرس الباب الأول,TOTAL_OR_SUBTOTAL_ROWS_POSSIBLE,Total-related keyword hits = 1
INFO,Statistical-Yearbook-2024.xlsx,فهرس الباب الأول,SOURCE_OR_FOOTNOTE_TEXT_POSSIBLE,Source-related keyword hits = 2
WARNING,Statistical-Yearbook-2024.xlsx,1-1,TOTAL_OR_SUBTOTAL_ROWS_POSSIBLE,Total-related keyword hits = 1
INFO,Statistical-Yearbook-2024.xlsx,1-1,SOURCE_OR_FOOTNOTE_TEXT_POSSIBLE,Source-related keyword hits = 4
INFO,Statistical-Yearbook-2024.xlsx,1-2,SOURCE_OR_FOOTNOTE_TEXT_POSSIBLE,Source-related keyword hits = 2
WARNING,Statistical-Yearbook-2024.xlsx,1-3,TOTAL_OR_SUBTOTAL_ROWS_POSSIBLE,Total-related keyword hits = 5
INFO,Statistical-Yearbook-2024.xlsx,1-3,SOURCE_OR_FOOTNOTE_TEXT_POSSIBLE,Source-related keyword hits = 2
WARNING,Statistical-Yearbook-2024.xlsx,1-4,TOTAL_OR_SUBTOTAL_ROWS_POSSIBLE,Total-related keyword hits = 5
INFO,Statistical-Yearbook-2024.xlsx,1-4,SOURCE_OR_FOOTNOTE_TEXT_POSSIBLE,Source-related keyword hits = 2
INFO,Statistical-Yearbook-2024.xlsx,1-5,MULTIPLE_BLANK_ROWS_IN_SAMPLE,15 blank rows within first 34 scanned rows
WARNING,Statistical-Yearbook-2024.xlsx,1-5,TOTAL_OR_SUBTOTAL_ROWS_POSSIBLE,Total-related keyword hits = 2
INFO,Statistical-Yearbook-2024.xlsx,1-5,SOURCE_OR_FOOTNOTE_TEXT_POSSIBLE,Source-related keyword hits = 2
WARNING,Statistical-Yearbook-2024.xlsx,1-6,TOTAL_OR_SUBTOTAL_ROWS_POSSIBLE,Total-related keyword hits = 1
INFO,Statistical-Yearbook-2024.xlsx,1-6,SOURCE_OR_FOOTNOTE_TEXT_POSSIBLE,Source-related keyword hits = 2
WARNING,Statistical-Yearbook-2024.xlsx,1-7,TOTAL_OR_SUBTOTAL_ROWS_POSSIBLE,Total-related keyword hits = 4
INFO,Statistical-Yearbook-2024.xlsx,1-7,SOURCE_OR_FOOTNOTE_TEXT_POSSIBLE,Source-related keyword hits = 4
INFO,Statistical-Yearbook-2024.xlsx,1-8,SOURCE_OR_FOOTNOTE_TEXT_POSSIBLE,Source-related keyword hits = 3
INFO,Statistical-Yearbook-2024.xlsx,1-9,MULTIPLE_BLANK_ROWS_IN_SAMPLE,7 blank rows within first 32 scanned rows
INFO,Statistical-Yearbook-2024.xlsx,1-9,SOURCE_OR_FOOTNOTE_TEXT_POSSIBLE,Source-related keyword hits = 1
INFO,Statistical-Yearbook-2024.xlsx,1-12,SOURCE_OR_FOOTNOTE_TEXT_POSSIBLE,Source-related keyword hits = 2
INFO,Statistical-Yearbook-2024.xlsx,فهرس الباب الثاني,SOURCE_OR_FOOTNOTE_TEXT_POSSIBLE,Source-related keyword hits = 1
INFO,Statistical-Yearbook-2024.xlsx,2-1,MULTIPLE_BLANK_ROWS_IN_SAMPLE,8 blank rows within first 19 scanned rows
WARNING,Statistical-Yearbook-2024.xlsx,2-1,TOTAL_OR_SUBTOTAL_ROWS_POSSIBLE,Total-related keyword hits = 2
INFO,Statistical-Yearbook-2024.xlsx,2-2,MULTIPLE_BLANK_ROWS_IN_SAMPLE,6 blank rows within first 17 scanned rows
WARNING,Statistical-Yearbook-2024.xlsx,2-2,TOTAL_OR_SUBTOTAL_ROWS_POSSIBLE,Total-related keyword hits = 2
WARNING,Statistical-Yearbook-2024.xlsx,2-3,TOTAL_OR_SUBTOTAL_ROWS_POSSIBLE,Total-related keyword hits = 4
WARNING,Statistical-Yearbook-2024.xlsx,2-4,TOTAL_OR_SUBTOTAL_ROWS_POSSIBLE,Total-related keyword hits = 6
WARNING,Statistical-Yearbook-2024.xlsx,2-5,TOTAL_OR_SUBTOTAL_ROWS_POSSIBLE,Total-related keyword hits = 2
WARNING,Statistical-Yearbook-2024.xlsx,2-6,TOTAL_OR_SUBTOTAL_ROWS_POSSIBLE,Total-related keyword hits = 2
WARNING,Statistical-Yearbook-2024.xlsx,2-7,TOTAL_OR_SUBTOTAL_ROWS_POSSIBLE,Total-related keyword hits = 8
WARNING,Statistical-Yearbook-2024.xlsx,2-8,TOTAL_OR_SUBTOTAL_ROWS_POSSIBLE,Total-related keyword hits = 8
WARNING,Statistical-Yearbook-2024.xlsx,2-9,TOTAL_OR_SUBTOTAL_ROWS_POSSIBLE,Total-related keyword hits = 8
WARNING,Statistical-Yearbook-2024.xlsx,2-10,TOTAL_OR_SUBTOTAL_ROWS_POSSIBLE,Total-related keyword hits = 4
WARNING,Statistical-Yearbook-2024.xlsx,2-11,TOTAL_OR_SUBTOTAL_ROWS_POSSIBLE,Total-related keyword hits = 4
INFO,Statistical-Yearbook-2024.xlsx,2-12,MULTIPLE_BLANK_ROWS_IN_SAMPLE,5 blank rows within first 31 scanned rows
WARNING,Statistical-Yearbook-2024.xlsx,2-12,TOTAL_OR_SUBTOTAL_ROWS_POSSIBLE,Total-related keyword hits = 2
WARNING,Statistical-Yearbook-2024.xlsx,2-13,TOTAL_OR_SUBTOTAL_ROWS_POSSIBLE,Total-related keyword hits = 4
WARNING,Statistical-Yearbook-2024.xlsx,2-14,TOTAL_OR_SUBTOTAL_ROWS_POSSIBLE,Total-related keyword hits = 2
WARNING,Statistical-Yearbook-2024.xlsx,2-15,TOTAL_OR_SUBTOTAL_ROWS_POSSIBLE,Total-related keyword hits = 2
WARNING,Statistical-Yearbook-2024.xlsx,2-16,TOTAL_OR_SUBTOTAL_ROWS_POSSIBLE,Total-related keyword hits = 4
WARNING,Statistical-Yearbook-2024.xlsx,2-17,TOTAL_OR_SUBTOTAL_ROWS_POSSIBLE,Total-related keyword hits = 6
WARNING,Statistical-Yearbook-2024.xlsx,2-18,TOTAL_OR_SUBTOTAL_ROWS_POSSIBLE,Total-related keyword hits = 28
WARNING,Statistical-Yearbook-2024.xlsx,2-19,TOTAL_OR_SUBTOTAL_ROWS_POSSIBLE,Total-related keyword hits = 9
WARNING,Statistical-Yearbook-2024.xlsx,2-20,TOTAL_OR_SUBTOTAL_ROWS_POSSIBLE,Total-related keyword hits = 4
WARNING,Statistical-Yearbook-2024.xlsx,2-21,TOTAL_OR_SUBTOTAL_ROWS_POSSIBLE,Total-related keyword hits = 4
WARNING,Statistical-Yearbook-2024.xlsx,2-22,TOTAL_OR_SUBTOTAL_ROWS_POSSIBLE,Total-related keyword hits = 4
WARNING,Statistical-Yearbook-2024.xlsx,2-23,TOTAL_OR_SUBTOTAL_ROWS_POSSIBLE,Total-related keyword hits = 4
WARNING,Statistical-Yearbook-2024.xlsx,2-24,TOTAL_OR_SUBTOTAL_ROWS_POSSIBLE,Total-related keyword hits = 36
WARNING,Statistical-Yearbook-2024.xlsx,2-25,TOTAL_OR_SUBTOTAL_ROWS_POSSIBLE,Total-related keyword hits = 36
WARNING,Statistical-Yearbook-2024.xlsx,2-26,TOTAL_OR_SUBTOTAL_ROWS_POSSIBLE,Total-related keyword hits = 36
WARNING,Statistical-Yearbook-2024.xlsx,2-27,TOTAL_OR_SUBTOTAL_ROWS_POSSIBLE,Total-related keyword hits = 36
WARNING,Statistical-Yearbook-2024.xlsx,2-28,TOTAL_OR_SUBTOTAL_ROWS_POSSIBLE,Total-related keyword hits = 36
INFO,Statistical-Yearbook-2024.xlsx,2-28,SOURCE_OR_FOOTNOTE_TEXT_POSSIBLE,Source-related keyword hits = 1
WARNING,Statistical-Yearbook-2024.xlsx,2-29,TOTAL_OR_SUBTOTAL_ROWS_POSSIBLE,Total-related keyword hits = 14
WARNING,Statistical-Yearbook-2024.xlsx,2-30,TOTAL_OR_SUBTOTAL_ROWS_POSSIBLE,Total-related keyword hits = 14
WARNING,Statistical-Yearbook-2024.xlsx,2-31,TOTAL_OR_SUBTOTAL_ROWS_POSSIBLE,Total-related keyword hits = 14
WARNING,Statistical-Yearbook-2024.xlsx,2-32,TOTAL_OR_SUBTOTAL_ROWS_POSSIBLE,Total-related keyword hits = 14
INFO,Statistical-Yearbook-2024.xlsx,2-32,SOURCE_OR_FOOTNOTE_TEXT_POSSIBLE,Source-related keyword hits = 1
WARNING,Statistical-Yearbook-2024.xlsx,2-33,TOTAL_OR_SUBTOTAL_ROWS_POSSIBLE,Total-related keyword hits = 6
WARNING,Statistical-Yearbook-2024.xlsx,2-34,TOTAL_OR_SUBTOTAL_ROWS_POSSIBLE,Total-related keyword hits = 6
WARNING,Statistical-Yearbook-2024.xlsx,2-35,TOTAL_OR_SUBTOTAL_ROWS_POSSIBLE,Total-related keyword hits = 6
WARNING,Statistical-Yearbook-2024.xlsx,2-36,TOTAL_OR_SUBTOTAL_ROWS_POSSIBLE,Total-related keyword hits = 6
WARNING,Statistical-Yearbook-2024.xlsx,2-37,TOTAL_OR_SUBTOTAL_ROWS_POSSIBLE,Total-related keyword hits = 18
INFO,Statistical-Yearbook-2024.xlsx,2-38,MULTIPLE_BLANK_ROWS_IN_SAMPLE,11 blank rows within first 40 scanned rows
WARNING,Statistical-Yearbook-2024.xlsx,2-38,TOTAL_OR_SUBTOTAL_ROWS_POSSIBLE,Total-related keyword hits = 18
INFO,Statistical-Yearbook-2024.xlsx,2-39,MULTIPLE_BLANK_ROWS_IN_SAMPLE,11 blank rows within first 40 scanned rows
WARNING,Statistical-Yearbook-2024.xlsx,2-39,TOTAL_OR_SUBTOTAL_ROWS_POSSIBLE,Total-related keyword hits = 18
WARNING,Statistical-Yearbook-2024.xlsx,2-40,TOTAL_OR_SUBTOTAL_ROWS_POSSIBLE,Total-related keyword hits = 18
WARNING,Statistical-Yearbook-2024.xlsx,2-41,TOTAL_OR_SUBTOTAL_ROWS_POSSIBLE,Total-related keyword hits = 36
WARNING,Statistical-Yearbook-2024.xlsx,2-42,TOTAL_OR_SUBTOTAL_ROWS_POSSIBLE,Total-related keyword hits = 18
INFO,Statistical-Yearbook-2024.xlsx,2-43,MULTIPLE_BLANK_ROWS_IN_SAMPLE,14 blank rows within first 40 scanned rows
WARNING,Statistical-Yearbook-2024.xlsx,2-43,TOTAL_OR_SUBTOTAL_ROWS_POSSIBLE,Total-related keyword hits = 15
WARNING,Statistical-Yearbook-2024.xlsx,2-44,TOTAL_OR_SUBTOTAL_ROWS_POSSIBLE,Total-related keyword hits = 36
WARNING,Statistical-Yearbook-2024.xlsx,2-45,TOTAL_OR_SUBTOTAL_ROWS_POSSIBLE,Total-related keyword hits = 36
WARNING,Statistical-Yearbook-2024.xlsx,2-46,TOTAL_OR_SUBTOTAL_ROWS_POSSIBLE,Total-related keyword hits = 36
WARNING,Statistical-Yearbook-2024.xlsx,2-47,TOTAL_OR_SUBTOTAL_ROWS_POSSIBLE,Total-related keyword hits = 36
WARNING,Statistical-Yearbook-2024.xlsx,2-48,TOTAL_OR_SUBTOTAL_ROWS_POSSIBLE,Total-related keyword hits = 28
WARNING,Statistical-Yearbook-2024.xlsx,2-49,TOTAL_OR_SUBTOTAL_ROWS_POSSIBLE,Total-related keyword hits = 1
WARNING,Statistical-Yearbook-2024.xlsx,2-50,TOTAL_OR_SUBTOTAL_ROWS_POSSIBLE,Total-related keyword hits = 1
INFO,Statistical-Yearbook-2024.xlsx,2-51,MULTIPLE_BLANK_ROWS_IN_SAMPLE,12 blank rows within first 40 scanned rows
WARNING,Statistical-Yearbook-2024.xlsx,2-51,TOTAL_OR_SUBTOTAL_ROWS_POSSIBLE,Total-related keyword hits = 4
WARNING,Statistical-Yearbook-2024.xlsx,2-52,TOTAL_OR_SUBTOTAL_ROWS_POSSIBLE,Total-related keyword hits = 4
WARNING,Statistical-Yearbook-2024.xlsx,2-54,TOTAL_OR_SUBTOTAL_ROWS_POSSIBLE,Total-related keyword hits = 2
WARNING,Statistical-Yearbook-2024.xlsx,2-55,TOTAL_OR_SUBTOTAL_ROWS_POSSIBLE,Total-related keyword hits = 2
WARNING,Statistical-Yearbook-2024.xlsx,2-56,TOTAL_OR_SUBTOTAL_ROWS_POSSIBLE,Total-related keyword hits = 2
WARNING,Statistical-Yearbook-2024.xlsx,2-57,TOTAL_OR_SUBTOTAL_ROWS_POSSIBLE,Total-related keyword hits = 2
INFO,Statistical-Yearbook-2024.xlsx,3-2,MULTIPLE_BLANK_ROWS_IN_SAMPLE,13 blank rows within first 40 scanned rows
WARNING,Statistical-Yearbook-2024.xlsx,3-2,TOTAL_OR_SUBTOTAL_ROWS_POSSIBLE,Total-related keyword hits = 2
WARNING,Statistical-Yearbook-2024.xlsx,3-2تكملة,TOTAL_OR_SUBTOTAL_ROWS_POSSIBLE,Total-related keyword hits = 2
WARNING,Statistical-Yearbook-2024.xlsx,3-3,TOTAL_OR_SUBTOTAL_ROWS_POSSIBLE,Total-related keyword hits = 2
WARNING,Statistical-Yearbook-2024.xlsx,3-4,TOTAL_OR_SUBTOTAL_ROWS_POSSIBLE,Total-related keyword hits = 2
WARNING,Statistical-Yearbook-2024.xlsx,3-5,TOTAL_OR_SUBTOTAL_ROWS_POSSIBLE,Total-related keyword hits = 4
INFO,Statistical-Yearbook-2024.xlsx,3-7,MULTIPLE_BLANK_ROWS_IN_SAMPLE,8 blank rows within first 36 scanned rows
WARNING,Statistical-Yearbook-2024.xlsx,3-7,TOTAL_OR_SUBTOTAL_ROWS_POSSIBLE,Total-related keyword hits = 5
INFO,Statistical-Yearbook-2024.xlsx,3-8,MULTIPLE_BLANK_ROWS_IN_SAMPLE,8 blank rows within first 36 scanned rows
WARNING,Statistical-Yearbook-2024.xlsx,3-8,TOTAL_OR_SUBTOTAL_ROWS_POSSIBLE,Total-related keyword hits = 5
INFO,Statistical-Yearbook-2024.xlsx,3.9,MULTIPLE_BLANK_ROWS_IN_SAMPLE,9 blank rows within first 35 scanned rows
WARNING,Statistical-Yearbook-2024.xlsx,3.9,TOTAL_OR_SUBTOTAL_ROWS_POSSIBLE,Total-related keyword hits = 2
WARNING,Statistical-Yearbook-2024.xlsx,3-10,TOTAL_OR_SUBTOTAL_ROWS_POSSIBLE,Total-related keyword hits = 2
INFO,Statistical-Yearbook-2024.xlsx,3-11,MULTIPLE_BLANK_ROWS_IN_SAMPLE,5 blank rows within first 32 scanned rows
WARNING,Statistical-Yearbook-2024.xlsx,3-11,TOTAL_OR_SUBTOTAL_ROWS_POSSIBLE,Total-related keyword hits = 2
INFO,Statistical-Yearbook-2024.xlsx,3-12,MULTIPLE_BLANK_ROWS_IN_SAMPLE,19 blank rows within first 40 scanned rows
WARNING,Statistical-Yearbook-2024.xlsx,3-12,TOTAL_OR_SUBTOTAL_ROWS_POSSIBLE,Total-related keyword hits = 4
INFO,Statistical-Yearbook-2024.xlsx,3-13,MULTIPLE_BLANK_ROWS_IN_SAMPLE,10 blank rows within first 38 scanned rows
WARNING,Statistical-Yearbook-2024.xlsx,3-13,TOTAL_OR_SUBTOTAL_ROWS_POSSIBLE,Total-related keyword hits = 4
INFO,Statistical-Yearbook-2024.xlsx,3-14,MULTIPLE_BLANK_ROWS_IN_SAMPLE,9 blank rows within first 28 scanned rows
WARNING,Statistical-Yearbook-2024.xlsx,3-15,TOTAL_OR_SUBTOTAL_ROWS_POSSIBLE,Total-related keyword hits = 2
WARNING,Statistical-Yearbook-2024.xlsx,3-16,TOTAL_OR_SUBTOTAL_ROWS_POSSIBLE,Total-related keyword hits = 2
INFO,Statistical-Yearbook-2024.xlsx,3-17,MULTIPLE_BLANK_ROWS_IN_SAMPLE,7 blank rows within first 20 scanned rows
WARNING,Statistical-Yearbook-2024.xlsx,3-17,TOTAL_OR_SUBTOTAL_ROWS_POSSIBLE,Total-related keyword hits = 2
INFO,Statistical-Yearbook-2024.xlsx,3-18,MULTIPLE_BLANK_ROWS_IN_SAMPLE,12 blank rows within first 40 scanned rows
WARNING,Statistical-Yearbook-2024.xlsx,3-18,TOTAL_OR_SUBTOTAL_ROWS_POSSIBLE,Total-related keyword hits = 10
WARNING,Statistical-Yearbook-2024.xlsx,3-19,TOTAL_OR_SUBTOTAL_ROWS_POSSIBLE,Total-related keyword hits = 7
INFO,Statistical-Yearbook-2024.xlsx,3-19,SOURCE_OR_FOOTNOTE_TEXT_POSSIBLE,Source-related keyword hits = 1
INFO,Statistical-Yearbook-2024.xlsx,3-20,SOURCE_OR_FOOTNOTE_TEXT_POSSIBLE,Source-related keyword hits = 1
WARNING,Statistical-Yearbook-2024.xlsx,3.22,TOTAL_OR_SUBTOTAL_ROWS_POSSIBLE,Total-related keyword hits = 4
INFO,Statistical-Yearbook-2024.xlsx,3.22,SOURCE_OR_FOOTNOTE_TEXT_POSSIBLE,Source-related keyword hits = 8
WARNING,Statistical-Yearbook-2024.xlsx,3-23,TOTAL_OR_SUBTOTAL_ROWS_POSSIBLE,Total-related keyword hits = 3
WARNING,Statistical-Yearbook-2024.xlsx,فهرس الباب الرابع,TOTAL_OR_SUBTOTAL_ROWS_POSSIBLE,Total-related keyword hits = 1
WARNING,Statistical-Yearbook-2024.xlsx,4-1,TOTAL_OR_SUBTOTAL_ROWS_POSSIBLE,Total-related keyword hits = 4
WARNING,Statistical-Yearbook-2024.xlsx,4-2,TOTAL_OR_SUBTOTAL_ROWS_POSSIBLE,Total-related keyword hits = 4
WARNING,Statistical-Yearbook-2024.xlsx,4-3,TOTAL_OR_SUBTOTAL_ROWS_POSSIBLE,Total-related keyword hits = 9
WARNING,Statistical-Yearbook-2024.xlsx,4-4,TOTAL_OR_SUBTOTAL_ROWS_POSSIBLE,Total-related keyword hits = 9
WARNING,Statistical-Yearbook-2024.xlsx,4-5,TOTAL_OR_SUBTOTAL_ROWS_POSSIBLE,Total-related keyword hits = 9
WARNING,Statistical-Yearbook-2024.xlsx,4-6,TOTAL_OR_SUBTOTAL_ROWS_POSSIBLE,Total-related keyword hits = 5
WARNING,Statistical-Yearbook-2024.xlsx,4-7,TOTAL_OR_SUBTOTAL_ROWS_POSSIBLE,Total-related keyword hits = 3
INFO,Statistical-Yearbook-2024.xlsx,4-8,MULTIPLE_BLANK_ROWS_IN_SAMPLE,5 blank rows within first 26 scanned rows
WARNING,Statistical-Yearbook-2024.xlsx,4-8,TOTAL_OR_SUBTOTAL_ROWS_POSSIBLE,Total-related keyword hits = 2
WARNING,Statistical-Yearbook-2024.xlsx,4-9,TOTAL_OR_SUBTOTAL_ROWS_POSSIBLE,Total-related keyword hits = 4
WARNING,Statistical-Yearbook-2024.xlsx,4-10,TOTAL_OR_SUBTOTAL_ROWS_POSSIBLE,Total-related keyword hits = 2
WARNING,Statistical-Yearbook-2024.xlsx,4-11,TOTAL_OR_SUBTOTAL_ROWS_POSSIBLE,Total-related keyword hits = 4
INFO,Statistical-Yearbook-2024.xlsx,4-11,SOURCE_OR_FOOTNOTE_TEXT_POSSIBLE,Source-related keyword hits = 1
WARNING,Statistical-Yearbook-2024.xlsx,4-12,TOTAL_OR_SUBTOTAL_ROWS_POSSIBLE,Total-related keyword hits = 4
INFO,Statistical-Yearbook-2024.xlsx,4-12,SOURCE_OR_FOOTNOTE_TEXT_POSSIBLE,Source-related keyword hits = 2
WARNING,Statistical-Yearbook-2024.xlsx,4-13,TOTAL_OR_SUBTOTAL_ROWS_POSSIBLE,Total-related keyword hits = 4
INFO,Statistical-Yearbook-2024.xlsx,4-13,SOURCE_OR_FOOTNOTE_TEXT_POSSIBLE,Source-related keyword hits = 2
WARNING,Statistical-Yearbook-2024.xlsx,4-14,TOTAL_OR_SUBTOTAL_ROWS_POSSIBLE,Total-related keyword hits = 5
INFO,Statistical-Yearbook-2024.xlsx,4-14,SOURCE_OR_FOOTNOTE_TEXT_POSSIBLE,Source-related keyword hits = 2
INFO,Statistical-Yearbook-2024.xlsx,4-15,MULTIPLE_BLANK_ROWS_IN_SAMPLE,15 blank rows within first 25 scanned rows
WARNING,Statistical-Yearbook-2024.xlsx,4-15,TOTAL_OR_SUBTOTAL_ROWS_POSSIBLE,Total-related keyword hits = 2
WARNING,Statistical-Yearbook-2024.xlsx,4-16,TOTAL_OR_SUBTOTAL_ROWS_POSSIBLE,Total-related keyword hits = 9
INFO,Statistical-Yearbook-2024.xlsx,4-17,MULTIPLE_BLANK_ROWS_IN_SAMPLE,9 blank rows within first 27 scanned rows
WARNING,Statistical-Yearbook-2024.xlsx,4-17,TOTAL_OR_SUBTOTAL_ROWS_POSSIBLE,Total-related keyword hits = 2
INFO,Statistical-Yearbook-2024.xlsx,4-18,MULTIPLE_BLANK_ROWS_IN_SAMPLE,10 blank rows within first 28 scanned rows
WARNING,Statistical-Yearbook-2024.xlsx,4-18,TOTAL_OR_SUBTOTAL_ROWS_POSSIBLE,Total-related keyword hits = 5
INFO,Statistical-Yearbook-2024.xlsx,4-18,SOURCE_OR_FOOTNOTE_TEXT_POSSIBLE,Source-related keyword hits = 2
WARNING,Statistical-Yearbook-2024.xlsx,4-19,TOTAL_OR_SUBTOTAL_ROWS_POSSIBLE,Total-related keyword hits = 2
INFO,Statistical-Yearbook-2024.xlsx,4-19,SOURCE_OR_FOOTNOTE_TEXT_POSSIBLE,Source-related keyword hits = 2
WARNING,Statistical-Yearbook-2024.xlsx,4-20,TOTAL_OR_SUBTOTAL_ROWS_POSSIBLE,Total-related keyword hits = 4
INFO,Statistical-Yearbook-2024.xlsx,4-20,SOURCE_OR_FOOTNOTE_TEXT_POSSIBLE,Source-related keyword hits = 2
WARNING,Statistical-Yearbook-2024.xlsx,4-21,TOTAL_OR_SUBTOTAL_ROWS_POSSIBLE,Total-related keyword hits = 3
INFO,Statistical-Yearbook-2024.xlsx,4-21,SOURCE_OR_FOOTNOTE_TEXT_POSSIBLE,Source-related keyword hits = 2
INFO,Statistical-Yearbook-2024.xlsx,4-22,MULTIPLE_BLANK_ROWS_IN_SAMPLE,5 blank rows within first 32 scanned rows
WARNING,Statistical-Yearbook-2024.xlsx,4-22,TOTAL_OR_SUBTOTAL_ROWS_POSSIBLE,Total-related keyword hits = 3
INFO,Statistical-Yearbook-2024.xlsx,4-22,SOURCE_OR_FOOTNOTE_TEXT_POSSIBLE,Source-related keyword hits = 2
INFO,Statistical-Yearbook-2024.xlsx,4-23,MULTIPLE_BLANK_ROWS_IN_SAMPLE,5 blank rows within first 32 scanned rows
WARNING,Statistical-Yearbook-2024.xlsx,4-23,TOTAL_OR_SUBTOTAL_ROWS_POSSIBLE,Total-related keyword hits = 3
INFO,Statistical-Yearbook-2024.xlsx,4-23,SOURCE_OR_FOOTNOTE_TEXT_POSSIBLE,Source-related keyword hits = 2
WARNING,Statistical-Yearbook-2024.xlsx,4-24,TOTAL_OR_SUBTOTAL_ROWS_POSSIBLE,Total-related keyword hits = 4
INFO,Statistical-Yearbook-2024.xlsx,4-25,SOURCE_OR_FOOTNOTE_TEXT_POSSIBLE,Source-related keyword hits = 2
INFO,Statistical-Yearbook-2024.xlsx,4-26,MULTIPLE_BLANK_ROWS_IN_SAMPLE,13 blank rows within first 40 scanned rows
INFO,Statistical-Yearbook-2024.xlsx,4-26,SOURCE_OR_FOOTNOTE_TEXT_POSSIBLE,Source-related keyword hits = 2
INFO,Statistical-Yearbook-2024.xlsx,4-27,MULTIPLE_BLANK_ROWS_IN_SAMPLE,13 blank rows within first 40 scanned rows
WARNING,Statistical-Yearbook-2024.xlsx,4-27,TOTAL_OR_SUBTOTAL_ROWS_POSSIBLE,Total-related keyword hits = 4
WARNING,Statistical-Yearbook-2024.xlsx,4-28,TOTAL_OR_SUBTOTAL_ROWS_POSSIBLE,Total-related keyword hits = 4
INFO,Statistical-Yearbook-2024.xlsx,4-28,SOURCE_OR_FOOTNOTE_TEXT_POSSIBLE,Source-related keyword hits = 2
WARNING,Statistical-Yearbook-2024.xlsx,4-29,TOTAL_OR_SUBTOTAL_ROWS_POSSIBLE,Total-related keyword hits = 4
INFO,Statistical-Yearbook-2024.xlsx,4-29,SOURCE_OR_FOOTNOTE_TEXT_POSSIBLE,Source-related keyword hits = 2
WARNING,Statistical-Yearbook-2024.xlsx,4-30,TOTAL_OR_SUBTOTAL_ROWS_POSSIBLE,Total-related keyword hits = 5
INFO,Statistical-Yearbook-2024.xlsx,4-30,SOURCE_OR_FOOTNOTE_TEXT_POSSIBLE,Source-related keyword hits = 2
INFO,Statistical-Yearbook-2024.xlsx,4-31,MULTIPLE_BLANK_ROWS_IN_SAMPLE,9 blank rows within first 19 scanned rows
WARNING,Statistical-Yearbook-2024.xlsx,4-31,TOTAL_OR_SUBTOTAL_ROWS_POSSIBLE,Total-related keyword hits = 2
INFO,Statistical-Yearbook-2024.xlsx,4-32,MULTIPLE_BLANK_ROWS_IN_SAMPLE,11 blank rows within first 40 scanned rows
WARNING,Statistical-Yearbook-2024.xlsx,4-32,TOTAL_OR_SUBTOTAL_ROWS_POSSIBLE,Total-related keyword hits = 5
INFO,Statistical-Yearbook-2024.xlsx,4-32,SOURCE_OR_FOOTNOTE_TEXT_POSSIBLE,Source-related keyword hits = 2
INFO,Statistical-Yearbook-2024.xlsx,4-33,MULTIPLE_BLANK_ROWS_IN_SAMPLE,11 blank rows within first 40 scanned rows
WARNING,Statistical-Yearbook-2024.xlsx,4-33,TOTAL_OR_SUBTOTAL_ROWS_POSSIBLE,Total-related keyword hits = 5
INFO,Statistical-Yearbook-2024.xlsx,4-33,SOURCE_OR_FOOTNOTE_TEXT_POSSIBLE,Source-related keyword hits = 2
INFO,Statistical-Yearbook-2024.xlsx,4-34,MULTIPLE_BLANK_ROWS_IN_SAMPLE,11 blank rows within first 40 scanned rows
WARNING,Statistical-Yearbook-2024.xlsx,4-34,TOTAL_OR_SUBTOTAL_ROWS_POSSIBLE,Total-related keyword hits = 5
INFO,Statistical-Yearbook-2024.xlsx,4-34,SOURCE_OR_FOOTNOTE_TEXT_POSSIBLE,Source-related keyword hits = 2
INFO,Statistical-Yearbook-2024.xlsx,4-35,MULTIPLE_BLANK_ROWS_IN_SAMPLE,11 blank rows within first 40 scanned rows
WARNING,Statistical-Yearbook-2024.xlsx,4-35,TOTAL_OR_SUBTOTAL_ROWS_POSSIBLE,Total-related keyword hits = 5
INFO,Statistical-Yearbook-2024.xlsx,4-35,SOURCE_OR_FOOTNOTE_TEXT_POSSIBLE,Source-related keyword hits = 2
WARNING,Statistical-Yearbook-2024.xlsx,4-36,TOTAL_OR_SUBTOTAL_ROWS_POSSIBLE,Total-related keyword hits = 9
INFO,Statistical-Yearbook-2024.xlsx,4-37,MULTIPLE_BLANK_ROWS_IN_SAMPLE,23 blank rows within first 40 scanned rows
WARNING,Statistical-Yearbook-2024.xlsx,4-37,TOTAL_OR_SUBTOTAL_ROWS_POSSIBLE,Total-related keyword hits = 5
INFO,Statistical-Yearbook-2024.xlsx,4-38,MULTIPLE_BLANK_ROWS_IN_SAMPLE,11 blank rows within first 31 scanned rows
WARNING,Statistical-Yearbook-2024.xlsx,4-38,TOTAL_OR_SUBTOTAL_ROWS_POSSIBLE,Total-related keyword hits = 4
INFO,Statistical-Yearbook-2024.xlsx,4-38,SOURCE_OR_FOOTNOTE_TEXT_POSSIBLE,Source-related keyword hits = 2
WARNING,Statistical-Yearbook-2024.xlsx,4-39,TOTAL_OR_SUBTOTAL_ROWS_POSSIBLE,Total-related keyword hits = 4
WARNING,Statistical-Yearbook-2024.xlsx,4-40,TOTAL_OR_SUBTOTAL_ROWS_POSSIBLE,Total-related keyword hits = 2
INFO,Statistical-Yearbook-2024.xlsx,4-40,SOURCE_OR_FOOTNOTE_TEXT_POSSIBLE,Source-related keyword hits = 2
WARNING,Statistical-Yearbook-2024.xlsx,4-41,TOTAL_OR_SUBTOTAL_ROWS_POSSIBLE,Total-related keyword hits = 2
INFO,Statistical-Yearbook-2024.xlsx,4-41,SOURCE_OR_FOOTNOTE_TEXT_POSSIBLE,Source-related keyword hits = 2
INFO,Statistical-Yearbook-2024.xlsx,4-42,MULTIPLE_BLANK_ROWS_IN_SAMPLE,6 blank rows within first 14 scanned rows
WARNING,Statistical-Yearbook-2024.xlsx,4-42,TOTAL_OR_SUBTOTAL_ROWS_POSSIBLE,Total-related keyword hits = 2
WARNING,Statistical-Yearbook-2024.xlsx,4-44,TOTAL_OR_SUBTOTAL_ROWS_POSSIBLE,Total-related keyword hits = 9
WARNING,Statistical-Yearbook-2024.xlsx,4-45,TOTAL_OR_SUBTOTAL_ROWS_POSSIBLE,Total-related keyword hits = 4
INFO,Statistical-Yearbook-2024.xlsx,4-46,MULTIPLE_BLANK_ROWS_IN_SAMPLE,26 blank rows within first 40 scanned rows
WARNING,Statistical-Yearbook-2024.xlsx,4-46,TOTAL_OR_SUBTOTAL_ROWS_POSSIBLE,Total-related keyword hits = 4
INFO,Statistical-Yearbook-2024.xlsx,4-47,MULTIPLE_BLANK_ROWS_IN_SAMPLE,18 blank rows within first 39 scanned rows
WARNING,Statistical-Yearbook-2024.xlsx,4-47,TOTAL_OR_SUBTOTAL_ROWS_POSSIBLE,Total-related keyword hits = 4
INFO,Statistical-Yearbook-2024.xlsx,4-47,SOURCE_OR_FOOTNOTE_TEXT_POSSIBLE,Source-related keyword hits = 2
INFO,Statistical-Yearbook-2024.xlsx,4-48,MULTIPLE_BLANK_ROWS_IN_SAMPLE,18 blank rows within first 39 scanned rows
WARNING,Statistical-Yearbook-2024.xlsx,4-48,TOTAL_OR_SUBTOTAL_ROWS_POSSIBLE,Total-related keyword hits = 4
INFO,Statistical-Yearbook-2024.xlsx,4-48,SOURCE_OR_FOOTNOTE_TEXT_POSSIBLE,Source-related keyword hits = 2
WARNING,Statistical-Yearbook-2024.xlsx,4-49,TOTAL_OR_SUBTOTAL_ROWS_POSSIBLE,Total-related keyword hits = 3
INFO,Statistical-Yearbook-2024.xlsx,4-49,SOURCE_OR_FOOTNOTE_TEXT_POSSIBLE,Source-related keyword hits = 2
INFO,Statistical-Yearbook-2024.xlsx,4-50,MULTIPLE_BLANK_ROWS_IN_SAMPLE,9 blank rows within first 32 scanned rows
WARNING,Statistical-Yearbook-2024.xlsx,4-50,TOTAL_OR_SUBTOTAL_ROWS_POSSIBLE,Total-related keyword hits = 2
INFO,Statistical-Yearbook-2024.xlsx,4-51,MULTIPLE_BLANK_ROWS_IN_SAMPLE,13 blank rows within first 40 scanned rows
WARNING,Statistical-Yearbook-2024.xlsx,4-51,TOTAL_OR_SUBTOTAL_ROWS_POSSIBLE,Total-related keyword hits = 8
INFO,Statistical-Yearbook-2024.xlsx,4-52,MULTIPLE_BLANK_ROWS_IN_SAMPLE,11 blank rows within first 33 scanned rows
WARNING,Statistical-Yearbook-2024.xlsx,4-52,TOTAL_OR_SUBTOTAL_ROWS_POSSIBLE,Total-related keyword hits = 3
INFO,Statistical-Yearbook-2024.xlsx,4-54,SOURCE_OR_FOOTNOTE_TEXT_POSSIBLE,Source-related keyword hits = 2
INFO,Statistical-Yearbook-2024.xlsx,4-55,MULTIPLE_BLANK_ROWS_IN_SAMPLE,6 blank rows within first 13 scanned rows
INFO,Statistical-Yearbook-2024.xlsx,4-56,MULTIPLE_BLANK_ROWS_IN_SAMPLE,24 blank rows within first 39 scanned rows
WARNING,Statistical-Yearbook-2024.xlsx,4-56,TOTAL_OR_SUBTOTAL_ROWS_POSSIBLE,Total-related keyword hits = 2
INFO,Statistical-Yearbook-2024.xlsx,4-57,MULTIPLE_BLANK_ROWS_IN_SAMPLE,21 blank rows within first 40 scanned rows
WARNING,Statistical-Yearbook-2024.xlsx,4-57,TOTAL_OR_SUBTOTAL_ROWS_POSSIBLE,Total-related keyword hits = 3
INFO,Statistical-Yearbook-2024.xlsx,4-57,SOURCE_OR_FOOTNOTE_TEXT_POSSIBLE,Source-related keyword hits = 2
WARNING,Statistical-Yearbook-2024.xlsx,4-58,TOTAL_OR_SUBTOTAL_ROWS_POSSIBLE,Total-related keyword hits = 3
WARNING,Statistical-Yearbook-2024.xlsx,4-59,TOTAL_OR_SUBTOTAL_ROWS_POSSIBLE,Total-related keyword hits = 2
INFO,Statistical-Yearbook-2024.xlsx,4-59,SOURCE_OR_FOOTNOTE_TEXT_POSSIBLE,Source-related keyword hits = 2
INFO,Statistical-Yearbook-2024.xlsx,4-60,MULTIPLE_BLANK_ROWS_IN_SAMPLE,11 blank rows within first 18 scanned rows
INFO,Statistical-Yearbook-2024.xlsx,4-61,MULTIPLE_BLANK_ROWS_IN_SAMPLE,27 blank rows within first 40 scanned rows
WARNING,Statistical-Yearbook-2024.xlsx,4-61,TOTAL_OR_SUBTOTAL_ROWS_POSSIBLE,Total-related keyword hits = 2
WARNING,Statistical-Yearbook-2024.xlsx,4-62,TOTAL_OR_SUBTOTAL_ROWS_POSSIBLE,Total-related keyword hits = 6
WARNING,Statistical-Yearbook-2024.xlsx,4-63,TOTAL_OR_SUBTOTAL_ROWS_POSSIBLE,Total-related keyword hits = 4
WARNING,Statistical-Yearbook-2024.xlsx,4-64,TOTAL_OR_SUBTOTAL_ROWS_POSSIBLE,Total-related keyword hits = 4
WARNING,Statistical-Yearbook-2024.xlsx,4-65,TOTAL_OR_SUBTOTAL_ROWS_POSSIBLE,Total-related keyword hits = 1
WARNING,Statistical-Yearbook-2024.xlsx,4-66,TOTAL_OR_SUBTOTAL_ROWS_POSSIBLE,Total-related keyword hits = 4
INFO,Statistical-Yearbook-2024.xlsx,4-66,SOURCE_OR_FOOTNOTE_TEXT_POSSIBLE,Source-related keyword hits = 1
WARNING,Statistical-Yearbook-2024.xlsx,4-67,TOTAL_OR_SUBTOTAL_ROWS_POSSIBLE,Total-related keyword hits = 2
INFO,Statistical-Yearbook-2024.xlsx,4-69,MULTIPLE_BLANK_ROWS_IN_SAMPLE,14 blank rows within first 40 scanned rows
INFO,Statistical-Yearbook-2024.xlsx,4-69,SOURCE_OR_FOOTNOTE_TEXT_POSSIBLE,Source-related keyword hits = 2
WARNING,Statistical-Yearbook-2024.xlsx,4-70,TOTAL_OR_SUBTOTAL_ROWS_POSSIBLE,Total-related keyword hits = 5
WARNING,Statistical-Yearbook-2024.xlsx,4-71,TOTAL_OR_SUBTOTAL_ROWS_POSSIBLE,Total-related keyword hits = 4
WARNING,Statistical-Yearbook-2024.xlsx,4-72,TOTAL_OR_SUBTOTAL_ROWS_POSSIBLE,Total-related keyword hits = 2
INFO,Statistical-Yearbook-2024.xlsx,مؤشرات أداء الصحة,VERY_SMALL_SHEET,Reported rows = 1
INFO,Statistical-Yearbook-2024.xlsx,مؤشرات أداء الصحة,SINGLE_COLUMN_OR_EMPTY_STRUCTURE,Reported columns = 1
INFO,Statistical-Yearbook-2024.xlsx,fig1,MULTIPLE_BLANK_ROWS_IN_SAMPLE,36 blank rows within first 40 scanned rows
INFO,Statistical-Yearbook-2024.xlsx,fig2,MULTIPLE_BLANK_ROWS_IN_SAMPLE,33 blank rows within first 40 scanned rows
INFO,Statistical-Yearbook-2024.xlsx,fig3,MULTIPLE_BLANK_ROWS_IN_SAMPLE,36 blank rows within first 40 scanned rows
INFO,Statistical-Yearbook-2024.xlsx,fig4,MULTIPLE_BLANK_ROWS_IN_SAMPLE,34 blank rows within first 40 scanned rows
INFO,Statistical-Yearbook-2024.xlsx,fig5,MULTIPLE_BLANK_ROWS_IN_SAMPLE,38 blank rows within first 40 scanned rows
INFO,Statistical-Yearbook-2024.xlsx,fig6,MULTIPLE_BLANK_ROWS_IN_SAMPLE,36 blank rows within first 40 scanned rows
INFO,Statistical-Yearbook-2024.xlsx,fig7,MULTIPLE_BLANK_ROWS_IN_SAMPLE,38 blank rows within first 40 scanned rows
WARNING,Statistical-Yearbook-2024.xlsx,5-1,TOTAL_OR_SUBTOTAL_ROWS_POSSIBLE,Total-related keyword hits = 2
INFO,Statistical-Yearbook-2024.xlsx,5-1,SOURCE_OR_FOOTNOTE_TEXT_POSSIBLE,Source-related keyword hits = 2
INFO,Statistical-Yearbook-2024.xlsx,5-2,MULTIPLE_BLANK_ROWS_IN_SAMPLE,7 blank rows within first 19 scanned rows
WARNING,Statistical-Yearbook-2024.xlsx,5-2,TOTAL_OR_SUBTOTAL_ROWS_POSSIBLE,Total-related keyword hits = 2
WARNING,Statistical-Yearbook-2024.xlsx,5-3,TOTAL_OR_SUBTOTAL_ROWS_POSSIBLE,Total-related keyword hits = 6
INFO,Statistical-Yearbook-2024.xlsx,5-4,MULTIPLE_BLANK_ROWS_IN_SAMPLE,15 blank rows within first 25 scanned rows
WARNING,Statistical-Yearbook-2024.xlsx,5-4,TOTAL_OR_SUBTOTAL_ROWS_POSSIBLE,Total-related keyword hits = 2
INFO,Statistical-Yearbook-2024.xlsx,5-5,MULTIPLE_BLANK_ROWS_IN_SAMPLE,21 blank rows within first 31 scanned rows
WARNING,Statistical-Yearbook-2024.xlsx,5-5,TOTAL_OR_SUBTOTAL_ROWS_POSSIBLE,Total-related keyword hits = 2
INFO,Statistical-Yearbook-2024.xlsx,5-6,MULTIPLE_BLANK_ROWS_IN_SAMPLE,21 blank rows within first 31 scanned rows
WARNING,Statistical-Yearbook-2024.xlsx,5-6,TOTAL_OR_SUBTOTAL_ROWS_POSSIBLE,Total-related keyword hits = 2
INFO,Statistical-Yearbook-2024.xlsx,5-7,MULTIPLE_BLANK_ROWS_IN_SAMPLE,21 blank rows within first 31 scanned rows
WARNING,Statistical-Yearbook-2024.xlsx,5-7,TOTAL_OR_SUBTOTAL_ROWS_POSSIBLE,Total-related keyword hits = 2
INFO,Statistical-Yearbook-2024.xlsx,5-8,MULTIPLE_BLANK_ROWS_IN_SAMPLE,21 blank rows within first 31 scanned rows
WARNING,Statistical-Yearbook-2024.xlsx,5-8,TOTAL_OR_SUBTOTAL_ROWS_POSSIBLE,Total-related keyword hits = 2
INFO,Statistical-Yearbook-2024.xlsx,5-9,MULTIPLE_BLANK_ROWS_IN_SAMPLE,21 blank rows within first 31 scanned rows
WARNING,Statistical-Yearbook-2024.xlsx,5-9,TOTAL_OR_SUBTOTAL_ROWS_POSSIBLE,Total-related keyword hits = 2
INFO,Statistical-Yearbook-2024.xlsx,5-10,MULTIPLE_BLANK_ROWS_IN_SAMPLE,21 blank rows within first 31 scanned rows
WARNING,Statistical-Yearbook-2024.xlsx,5-10,TOTAL_OR_SUBTOTAL_ROWS_POSSIBLE,Total-related keyword hits = 2
INFO,Statistical-Yearbook-2024.xlsx,5-11,MULTIPLE_BLANK_ROWS_IN_SAMPLE,21 blank rows within first 31 scanned rows
WARNING,Statistical-Yearbook-2024.xlsx,5-11,TOTAL_OR_SUBTOTAL_ROWS_POSSIBLE,Total-related keyword hits = 2
INFO,Statistical-Yearbook-2024.xlsx,5-12,MULTIPLE_BLANK_ROWS_IN_SAMPLE,22 blank rows within first 32 scanned rows
WARNING,Statistical-Yearbook-2024.xlsx,5-12,TOTAL_OR_SUBTOTAL_ROWS_POSSIBLE,Total-related keyword hits = 2
INFO,Statistical-Yearbook-2024.xlsx,5-13,MULTIPLE_BLANK_ROWS_IN_SAMPLE,22 blank rows within first 32 scanned rows
WARNING,Statistical-Yearbook-2024.xlsx,5-13,TOTAL_OR_SUBTOTAL_ROWS_POSSIBLE,Total-related keyword hits = 2
INFO,Statistical-Yearbook-2024.xlsx,5-14,MULTIPLE_BLANK_ROWS_IN_SAMPLE,22 blank rows within first 32 scanned rows
WARNING,Statistical-Yearbook-2024.xlsx,5-14,TOTAL_OR_SUBTOTAL_ROWS_POSSIBLE,Total-related keyword hits = 2
INFO,Statistical-Yearbook-2024.xlsx,5-15,MULTIPLE_BLANK_ROWS_IN_SAMPLE,22 blank rows within first 32 scanned rows
WARNING,Statistical-Yearbook-2024.xlsx,5-15,TOTAL_OR_SUBTOTAL_ROWS_POSSIBLE,Total-related keyword hits = 2
