source_year,workbook_name,sheet_name,chapter,likely_table_title,topic,geography_level_candidate,is_index_sheet,likely_analytical_table,max_rows,max_columns,probable_header_row,probable_data_start_row,region_candidate_count,total_keyword_hits,source_keyword_hits,detected_years,normalized_match_title
2022,2022-Chapter-I-Health-Indicators.xlsx,فهرس الباب الأول,Health Indicators,"Incidence Rate of Some Immunization Targeted Diseases (per 100,000 population) in the Last Five Years.",Population | Capacity,Health Region,YES,NO,26,38,2,3,0,0,2,"2021, 2022","incidence rate of some immunization targeted diseases per , population in the last five years"
2022,2022-Chapter-I-Health-Indicators.xlsx,1,Health Indicators,Crude Birth Rate /1000 Population,Population,Unknown / National / Other,NO,YES,22,14,6,7,0,2,2,2022,crude birth rate population
2022,2022-Chapter-I-Health-Indicators.xlsx,2,Health Indicators,Crude Death Rate /1000 Population,Population,Unknown / National / Other,NO,YES,10,8,4,5,0,0,0,,crude death rate population
2022,2022-Chapter-I-Health-Indicators.xlsx,3,Health Indicators,Table 1-3,Other,Unknown / National / Other,NO,YES,23,11,7,8,0,2,2,"2021, 2022",-
2022,2022-Chapter-I-Health-Indicators.xlsx,4,Health Indicators,"Health Resources Indicators (per 10,000 population) in the Last Five Years",Population | Capacity | Workforce,Unknown / National / Other,NO,YES,18,14,4,5,0,0,1,,"health resources indicators per , population in the last five years"
2022,2022-Chapter-I-Health-Indicators.xlsx,5,Health Indicators,مؤشرات مختارة عن الموارد المتاحة بمستشفيات وزارة الصحة حسب المنطقة الصحية لعام 2022 م,Capacity | Workforce,Health Region,NO,YES,32,8,4,5,18,0,1,2022,مؤشرات مختارة عن الموارد المتاحة بمستشفيات وزارة الصحة المنطقة الصحية م
2022,2022-Chapter-I-Health-Indicators.xlsx,6,Health Indicators,Table 1-6,Other,Unknown / National / Other,NO,YES,13,8,4,5,0,0,0,,-
2022,2022-Chapter-I-Health-Indicators.xlsx,7,Health Indicators,"Incidence Rate of Some Immunization Targeted Diseases (per 100,000 population) in the Last Five Years",Population,Unknown / National / Other,NO,YES,14,12,4,5,0,0,0,,"incidence rate of some immunization targeted diseases per , population in the last five years"
2022,2022-Chapter-I-Health-Indicators.xlsx,8,Health Indicators,The indicators of previous years have been recalculated based on the adjustment of the population received from the General Authority for Statistics,Population,Unknown / National / Other,NO,YES,22,11,5,6,0,0,2,"2021, 2022",the indicators of previous years have been recalculated based on the adjustment of the population received from the general authority for statistics
2022,2022-Chapter-I-Health-Indicators.xlsx,9,Health Indicators,2.2.1 Prevalence of stunting (height for age <-2 standard deviation from the median of the World Health Organization (WHO) Child Growth Standards) among children under 5 years of age (%),Population | Capacity,Unknown / National / Other,NO,YES,22,13,8,9,0,0,0,"2021, 2022",prevalence of stunting height for age <- standard deviation from the median of the world health organization who child growth standards among children under years of age %
2022,2022-Chapter-I-Health-Indicators.xlsx,10,Health Indicators,"Population by Nationality, Gender, and Age groups, 2022G",Population,Unknown / National / Other,NO,YES,50,21,5,6,0,5,2,,"population by nationality, gender, and age groups, g"
2022,2022-Chapter-I-Health-Indicators.xlsx,11,Health Indicators,"Population By Health Regions and Nationality, 2022G.",Population,Health Region,NO,YES,33,16,4,6,15,3,2,,"population by health regions and nationality, g"
2022,2022-Chapter-I-Health-Indicators.xlsx,12,Health Indicators,The indicators of previous years have been recalculated in the statistical yearbook based on the adjustment of the population received from the General Authority for Statistics,Population,Health Region,NO,YES,35,17,15,16,20,2,2,"2021, 2022",the indicators of previous years have been recalculated in the statistical yearbook based on the adjustment of the population received from the general authority for statistics
2022,2022-Chapter-II-Health-Resources.xlsx,فهرس الباب الثاني,Health Resources,المستشفيات والأسرة بالقطاعات الصحية بالمملكة حسب الجهة ومعدل الأسرة لكل عشرة آلاف من السكان في الأعوام الخمسة الأخيرة,Population | Capacity | Workforce,Health Region,YES,NO,92,38,2,3,0,0,1,2022,المستشفيات والأسرة بالقطاعات الصحية بالمملكة الجهة ومعدل الأسرة لكل عشرة آلاف من السكان في الأعوام الخمسة الأخيرة
2022,2022-Chapter-II-Health-Resources.xlsx,2-1,Health Resources,الميزانية المخصصة لوزارة الصحة ( بمليارات الريالات) في الأعوام الخمسة الأخيرة بالنسبة للميزانية العامة للدولة,Other,Unknown / National / Other,NO,YES,25,6,6,7,0,2,0,"2021, 2022",الميزانية المخصصة لوزارة الصحة بمليارات الريالات في الأعوام الخمسة الأخيرة بالنسبة للميزانية ا ة للدولة
2022,2022-Chapter-II-Health-Resources.xlsx,2-2,Health Resources,المستشفيات والأسرة بالقطاعات الصحية بالمملكة حسب الجهة ومعدل الأسرة لكل عشرة آلاف من السكان في الأعوام الخمسة الأخيرة,Population | Capacity,Unknown / National / Other,NO,YES,17,29,6,7,0,2,0,,المستشفيات والأسرة بالقطاعات الصحية بالمملكة الجهة ومعدل الأسرة لكل عشرة آلاف من السكان في الأعوام الخمسة الأخيرة
2022,2022-Chapter-II-Health-Resources.xlsx,2-3,Health Resources,المستشفيات والأسرة بالقطاعات الصحية بالمملكة حسب المنطقة الصحية 2022م,Capacity,Health Region,NO,YES,29,11,7,8,18,4,0,2024,المستشفيات والأسرة بالقطاعات الصحية بالمملكة المنطقة الصحية م
2022,2022-Chapter-II-Health-Resources.xlsx,2-4,Health Resources,Health Manpower in KSA Health Sectors in the Last Five Years,Workforce,Unknown / National / Other,NO,YES,38,22,11,12,0,6,0,,health manpower in ksa health sectors in the last five years
2022,2022-Chapter-II-Health-Resources.xlsx,2-5,Health Resources,"Physicians and Dentists in KSA Health Sectors by Speciality and Professional Categories, 2022G",Workforce | Activity,Unknown / National / Other,NO,YES,53,21,7,8,0,9,0,,"physicians and dentists in ksa health sectors by speciality and professional categories, g"
2022,2022-Chapter-II-Health-Resources.xlsx,2-6,Health Resources,المرافق الصحية بوزارة الصحة حسب المنطقة الصحية عام 2022م,Capacity,Health Region,NO,YES,43,19,4,5,18,1,0,,المرافق الصحية بوزارة الصحة المنطقة الصحية م
2022,2022-Chapter-II-Health-Resources.xlsx,2-7,Health Resources,القوى العاملة الصحية بوزارة الصحة حسب المنطقة الصحية والفئة والجنس والجنسية عام 2022م,Workforce,Health Region,NO,YES,176,21,7,8,9,36,0,,القوى ا لة الصحية بوزارة الصحة المنطقة الصحية والفئة والجنس والجنسية م
2022,2022-Chapter-II-Health-Resources.xlsx,2-8 ,Health Resources,Health Manpower in MoH by Nationality in the Last Five Years,Workforce,Unknown / National / Other,NO,YES,29,19,12,13,0,18,0,,health manpower in moh by nationality in the last five years
2022,2022-Chapter-II-Health-Resources.xlsx,2-9,Health Resources,"Allied Health Personnel by Speciality, Nationality & Sex, 2022G",Activity,Unknown / National / Other,NO,YES,29,10,5,6,0,4,0,,"allied health personnel by speciality, nationality & sex, g"
2022,2022-Chapter-II-Health-Resources.xlsx,2-10,Health Resources,القابلات بمرافق وزارة الصحة حسب المنطقة الصحية عام 2022م,Capacity,Health Region,NO,YES,32,14,7,8,18,12,2,,القابلات بمرافق وزارة الصحة المنطقة الصحية م
2022,2022-Chapter-II-Health-Resources.xlsx,2-11,Health Resources,المستشفيات والأسرة بوزارة الصحة حسب المنطقة الصحية في الأعوام الخمسة الأخيرة,Capacity,Health Region,NO,YES,30,15,5,6,18,2,0,,المستشفيات والأسرة بوزارة الصحة المنطقة الصحية في الأعوام الخمسة الأخيرة
2022,2022-Chapter-II-Health-Resources.xlsx,2-12,Health Resources,مستشفيات وزارة الصحة وعدد الأسرة حسب المنطقة الصحية والتخصص لعام 2022م,Capacity,Health Region,NO,YES,32,20,7,8,18,5,0,,مستشفيات وزارة الصحة وعدد الأسرة المنطقة الصحية والتخصص م
2022,2022-Chapter-II-Health-Resources.xlsx,2-13,Health Resources,مستشفيات وزارة الصحة حسب السعة السريرية والمنطقة الصحية للعام 2022م,Capacity,Health Region,NO,YES,29,19,5,6,18,3,0,,مستشفيات وزارة الصحة السعة السريرية والمنطقة الصحية ل م
2022,2022-Chapter-II-Health-Resources.xlsx,2.14,Health Resources,الأسرة بمستشفيات وزارة الصحة حسب المنطقة الصحية والتخصص لعام 2022م,Capacity | Activity,Health Region,NO,YES,77,39,4,5,18,4,0,,الأسرة بمستشفيات وزارة الصحة المنطقة الصحية والتخصص م
2022,2022-Chapter-II-Health-Resources.xlsx,2.15,Health Resources,أسرة العناية المركزة بمستشفيات وزارة الصحة حسب المنطقة الصحية لعام 2022م,Capacity,Health Region,NO,YES,29,19,7,8,17,4,0,,أسرة العناية المركزة بمستشفيات وزارة الصحة المنطقة الصحية م
2022,2022-Chapter-II-Health-Resources.xlsx,2.16,Health Resources,أسرة العزل والطوارئ بمستشفيات وزارة الصحة حسب المنطقة الصحية لعام 2022,Capacity | Activity,Health Region,NO,YES,29,19,7,8,17,6,0,2022,أسرة العزل والطوارئ بمستشفيات وزارة الصحة المنطقة الصحية
2022,2022-Chapter-II-Health-Resources.xlsx,2.17,Health Resources,"Health Manpower in MoH Hospitals by Nationality, in the last Five Years",Capacity | Workforce,Unknown / National / Other,NO,YES,78,19,14,15,0,18,0,,"health manpower in moh hospitals by nationality, in the last five years"
2022,2022-Chapter-II-Health-Resources.xlsx,2.18,Health Resources,القوى العاملة الصحية بمستشفيات وزارة الصحة حسب المنطقة الصحية والفئة والجنس والجنسية عام 2022م,Capacity | Workforce,Health Region,NO,YES,176,21,7,8,9,36,0,,القوى ا لة الصحية بمستشفيات وزارة الصحة المنطقة الصحية والفئة والجنس والجنسية م
2022,2022-Chapter-II-Health-Resources.xlsx,2.19,Health Resources,"Physicians and Dentists, MoH Hospitals by Speciality, Professional Categories and Health Region, 2022G.",Capacity | Workforce | Activity,Health Region,NO,YES,131,75,7,8,8,14,0,,"physicians and dentists, moh hospitals by speciality, professional categories and health region, g"
2022,2022-Chapter-II-Health-Resources.xlsx,2.20,Health Resources,مراكز الرعاية الصحية الأولية بوزارة الصحة حسب المنطقة الصحية في الأعوام الخمسة الأخيرة,Capacity,Health Region,NO,YES,31,11,4,5,18,2,0,,مراكز الرعاية الصحية الأولية بوزارة الصحة المنطقة الصحية في الأعوام الخمسة الأخيرة
2022,2022-Chapter-II-Health-Resources.xlsx,2.21,Health Resources,"Health Manpower in Primary Health Care Centers, MoH, in the last Five Years",Capacity | Workforce,Unknown / National / Other,NO,YES,29,19,14,15,0,18,0,,"health manpower in primary health care centers, moh, in the last five years"
2022,2022-Chapter-II-Health-Resources.xlsx,2.22,Health Resources,"Physicians and Dentists in MoH Primary Health Care Centers by Speciality and Nationality, in the last Five Years",Capacity | Workforce,Unknown / National / Other,NO,YES,34,9,4,5,0,15,0,,"physicians and dentists in moh primary health care centers by speciality and nationality, in the last five years"
2022,2022-Chapter-II-Health-Resources.xlsx,2.23,Health Resources,القوى العاملة الصحية بمراكز الرعاية الصحية الأولية بوزارة الصحة حسب المنطقة الصحية والفئة والجنس والجنسية عام 2022م,Capacity | Workforce,Health Region,NO,YES,176,21,14,15,10,36,0,,القوى ا لة الصحية بمراكز الرعاية الصحية الأولية بوزارة الصحة المنطقة الصحية والفئة والجنس والجنسية م
2022,2022-Chapter-II-Health-Resources.xlsx,2.24,Health Resources,الأطباء بمراكز الرعاية الصحية الأولية بوزارة الصحة حسب التخصصات الرئيسية والجنسية والجنس والمنطقة الصحية عام 2022م.,Capacity | Workforce,Health Region,NO,YES,158,21,13,14,9,36,0,,الأطباء بمراكز الرعاية الصحية الأولية بوزارة الصحة التخصصات الرئيسية والجنسية والجنس والمنطقة الصحية م
2022,2022-Chapter-II-Health-Resources.xlsx,2.25,Health Resources,"Hospital Beds in Other Governmental Sector by Speciality, 2022G.",Capacity | Activity,Unknown / National / Other,NO,YES,27,56,4,5,0,4,0,2022,"hospital beds in other governmental sector by speciality, g"
2022,2022-Chapter-II-Health-Resources.xlsx,2.26,Health Resources,"Health Manpower in Other Governmental Sector by Category,Sex and Nationality, 2022G.",Capacity | Workforce,Unknown / National / Other,NO,YES,120,28,14,15,1,36,1,,"health manpower in other governmental sector by category,sex and nationality, g"
2022,2022-Chapter-II-Health-Resources.xlsx,2.27,Health Resources,"Physicians & Dentists in Other Governmental Sector by Speciality and Nationality, 2022G.",Capacity | Workforce | Activity,Unknown / National / Other,NO,YES,130,24,7,8,0,10,0,,"physicians & dentists in other governmental sector by speciality and nationality, g"
2022,2022-Chapter-II-Health-Resources.xlsx,2.28,Health Resources,"Health Manpower in the Other Governmental Sector by Nationality, in the last Five Years",Workforce,Unknown / National / Other,NO,YES,78,20,12,13,0,18,0,,"health manpower in the other governmental sector by nationality, in the last five years"
2022,2022-Chapter-II-Health-Resources.xlsx,2.29,Health Resources,"Private Sector Hospitals, Medical Complexes, Beds and Other Medical Facilities by Health Region, 2022G.",Capacity | Workforce,Health Region,NO,YES,31,29,4,7,18,2,0,,"private sector hospitals, medical complexes, beds and other medical facilities by health region, g"
2022,2022-Chapter-II-Health-Resources.xlsx,2.30,Health Resources,المستشفيات والأسرة والمجمعات الطبية بالقطاع الخاص حسب المنطقة الصحية في الأعوام الخمسة الأخيرة,Capacity,Health Region,NO,YES,29,25,5,7,18,2,0,,المستشفيات والأسرة والمجمعات الطبية بالقطاع الخاص المنطقة الصحية في الأعوام الخمسة الأخيرة
2022,2022-Chapter-II-Health-Resources.xlsx,2.31,Health Resources,"Hospital Beds at Private Sector by Health Region and Speciality , 2022G.",Capacity | Activity,Health Region,NO,YES,34,40,4,5,18,4,0,,"hospital beds at private sector by health region and speciality , g"
2022,2022-Chapter-II-Health-Resources.xlsx,2.32,Health Resources,"Single Doctor Private Clinics by Health Region and Speciality, 2022G.",Workforce | Activity,Health Region,NO,YES,19,37,4,5,10,4,0,,"single doctor private clinics by health region and speciality, g"
2022,2022-Chapter-II-Health-Resources.xlsx,2-33,Health Resources,Health Manpower at Private Sector in the last Five Years,Workforce,Unknown / National / Other,NO,YES,78,16,12,13,0,18,0,,health manpower at private sector in the last five years
2022,2022-Chapter-II-Health-Resources.xlsx,2.34,Health Resources,"Health Manpower in the Private Sector by Health Region,Category,Sex and Nationality, 2022G",Workforce,Health Region,NO,YES,181,24,14,15,9,36,0,,"health manpower in the private sector by health region,category,sex and nationality, g"
2022,2022-Chapter-II-Health-Resources.xlsx,2.35,Health Resources,"Health Manpower in Private Sector Hospitals by Health Region,Category,Sex and Nationality, 2022G",Capacity | Workforce,Health Region,NO,YES,178,17,14,15,9,36,0,,"health manpower in private sector hospitals by health region,category,sex and nationality, g"
2022,2022-Chapter-II-Health-Resources.xlsx,2.36,Health Resources,"Health Manpower in Private Sector Medical Complexes by Health Region, Category, Sex and Nationality, 2022G",Workforce,Health Region,NO,YES,176,16,14,15,9,36,0,,"health manpower in private sector medical complexes by health region, category, sex and nationality, g"
2022,2022-Chapter-II-Health-Resources.xlsx,2.37,Health Resources,"Physicians and Dentists in the Private Sector by Speciality, Professional Categories and Health Region, 2022G.",Workforce | Activity,Health Region,NO,YES,131,31,7,8,6,14,0,,"physicians and dentists in the private sector by speciality, professional categories and health region, g"
2022,2022-Chapter-II-Health-Resources.xlsx,2.38,Health Resources,"Health Manpower in Private Health Facilities by Facility Classification, Sex and Nationality, 2022G.",Capacity | Workforce,Unknown / National / Other,NO,YES,31,29,7,8,0,30,0,,"health manpower in private health facilities by facility classification, sex and nationality, g"
2022,2022-Chapter-II-Health-Resources.xlsx,2.39,Health Resources,Public Health,Workforce | Activity,Unknown / National / Other,NO,YES,72,11,4,6,0,0,0,,public health
2022,2022-Chapter-II-Health-Resources.xlsx,2.40,Health Resources,Table 2-40,Workforce,Unknown / National / Other,NO,YES,19,3,4,6,0,2,0,,-
2022,2022-Chapter-II-Health-Resources.xlsx,2-41,Health Resources,Enrolled Students in health colleges for the academic year 2022-2023G.,Other,Unknown / National / Other,NO,YES,126,7,6,7,12,2,0,2022,enrolled students in health colleges for the academic year - g
2022,2022-Chapter-II-Health-Resources.xlsx,2.42,Health Resources,Graduates in health colleges for the academic year 2021-2022G.,Other,Unknown / National / Other,NO,YES,112,7,6,7,13,2,0,2021,graduates in health colleges for the academic year - g
2022,2022-Chapter-II-Health-Resources.xlsx,2.43,Health Resources,Prince Mohammad Bin Abdulaziz Hospital,Capacity,Health Region,NO,YES,107,14,4,5,5,0,0,"2021, 2022",prince mohammad bin abdulaziz hospital
2022,2022-Chapter-II-Health-Resources.xlsx,2.44,Health Resources,"Armed Forces Hospital in the military factories, Al-Kharj",Capacity,Health Region,NO,YES,45,31,4,5,21,0,0,"2021, 2022","armed forces hospital in the military factories, al-kharj"
2022,2022-Chapter-II-Health-Resources.xlsx,2-45,Health Resources,Dr. Sulaiman Al Habib Hospital for Obstetric and Gynecology,Capacity,Health Region,NO,YES,135,14,4,5,9,0,0,"2021, 2022",dr sulaiman al habib hospital for obstetric and gynecology
2022,2022-Chapter-IV-Health-Activities.xlsx,فهرس الباب الرابع,Health Activities,"Patients and Casualties Offered First Aid and Transported by Saudi Red Crescent Authority Ambulances by Administrative Region and Type of Case , 2022G.",Capacity | Activity,Health Region,YES,NO,122,38,2,3,0,1,0,,"patients and casualties offered first aid and transported by saudi red crescent authority ambulances by administrative region and type of case , g"
2022,2022-Chapter-IV-Health-Activities.xlsx,1,Health Activities,زيارات واستشارات الرعاية الصحية الأولية بوزارة الصحة حسب المنطقة الصحية عام 2022م.,Other,Health Region,NO,YES,29,9,4,5,18,4,0,,زيارات واستشارات الرعاية الصحية الأولية بوزارة الصحة المنطقة الصحية م
2022,2022-Chapter-IV-Health-Activities.xlsx,2,Health Activities,زيارات مراجعي الطوارئ المرضية بمستشفيات وزارة الصحة حسب الجنس والجنسية والمنطقة الصحية عام 2022م.,Capacity | Activity,Health Region,NO,YES,26,11,5,6,18,4,0,,زيارات مراجعي الطوارئ المرضية بمستشفيات وزارة الصحة الجنس والجنسية والمنطقة الصحية م
2022,2022-Chapter-IV-Health-Activities.xlsx,3,Health Activities,زيارات مراجعي الطوارئ الجراحية بمستشفيات وزارة الصحة حسب الجنس والجنسية والمنطقة الصحية عام 2022م.,Capacity | Activity,Health Region,NO,YES,26,7,5,6,18,4,0,,زيارات مراجعي الطوارئ الجراحية بمستشفيات وزارة الصحة الجنس والجنسية والمنطقة الصحية م
2022,2022-Chapter-IV-Health-Activities.xlsx,4,Health Activities,زيارات مراجعي العيادات الخارجية بمستشفيات وزارة الصحة حسب الجنس والجنسية والمنطقة الصحية عام 2022م.,Capacity | Activity,Health Region,NO,YES,54,13,5,6,18,4,0,,زيارات مراجعي العيادات الخارجية بمستشفيات وزارة الصحة الجنس والجنسية والمنطقة الصحية م
2022,2022-Chapter-IV-Health-Activities.xlsx,5,Health Activities,زيارات المراجعين للرعاية الصحية الأولية والعيادات الخارجية بمستشفيات وزارة الصحة حسب المنطقة الصحية عام 2022م,Capacity | Activity,Health Region,NO,YES,29,38,4,5,18,5,0,,زيارات المراجعين للرعاية الصحية الأولية والعيادات الخارجية بمستشفيات وزارة الصحة المنطقة الصحية م
2022,2022-Chapter-IV-Health-Activities.xlsx,6,Health Activities,زيارات المراجعين لمراكز الرعاية الصحية الأولية والعيادات الخارجية بمستشفيات وزارة الصحة حسب المنطقة الصحية في الأعوام الخمسة الأخيرة,Capacity | Activity,Health Region,NO,YES,48,21,6,7,18,3,0,"2021, 2022",زيارات المراجعين لمراكز الرعاية الصحية الأولية والعيادات الخارجية بمستشفيات وزارة الصحة المنطقة الصحية في الأعوام الخمسة الأخيرة
2022,2022-Chapter-IV-Health-Activities.xlsx,7,Health Activities,"First Aid Centers and Ambulances of the Saudi Red Crescent Authority by Administrative Region, 2022G.",Capacity,Health Region,NO,YES,26,7,6,7,20,2,0,,"first aid centers and ambulances of the saudi red crescent authority by administrative region, g"
2022,2022-Chapter-IV-Health-Activities.xlsx,8,Health Activities,"Patients and Casualties Offered First Aid and Transported by Saudi Red Crescent Authority Ambulances by Administrative Region and Type of Case, 2022G.",Capacity,Health Region,NO,YES,21,10,6,7,20,4,0,,"patients and casualties offered first aid and transported by saudi red crescent authority ambulances by administrative region and type of case, g"
2022,2022-Chapter-IV-Health-Activities.xlsx,9,Health Activities,Cases Offered First Aid and Transported by Ambulances of Saudi Red Crescent Authority by Administrative Region in the last Five Years,Other,Health Region,NO,YES,32,12,5,6,20,2,0,,cases offered first aid and transported by ambulances of saudi red crescent authority by administrative region in the last five years
2022,2022-Chapter-IV-Health-Activities.xlsx,10,Health Activities,"OPD Encounters at Other Governmental Sector Hospitals and Polyclinics by Nationality, 2022G.",Capacity | Activity,Unknown / National / Other,NO,YES,76,15,10,11,1,4,0,,"opd encounters at other governmental sector hospitals and polyclinics by nationality, g"
2022,2022-Chapter-IV-Health-Activities.xlsx,4.11,Health Activities,"Visits to Polyclinics and Hospitals of the Private Sector by Health Region and Nationality, 2021G",Capacity | Activity,Health Region,NO,YES,25,5,4,5,18,3,0,,"visits to polyclinics and hospitals of the private sector by health region and nationality, g"
2022,2022-Chapter-IV-Health-Activities.xlsx,112020,Health Activities,"Health Services in the Private Sector by Health Region and Nationality, 2020G",Activity,Health Region,NO,YES,26,23,4,5,36,4,0,,"health services in the private sector by health region and nationality, g"
2022,2022-Chapter-IV-Health-Activities.xlsx,11,Health Activities,"Health Services in the Private Sector by Administrative Regions, 2022G",Activity,Health Region,NO,YES,24,12,4,5,20,2,2,,"health services in the private sector by administrative regions, g"
2022,2022-Chapter-IV-Health-Activities.xlsx,12,Health Activities,زيارات المراجعين للقطاعات الصحية بالمملكة ومتوسط عدد الزيارات لكل فرد من السكان في الأعوام الخمسة الأخيرة,Population | Activity,Unknown / National / Other,NO,YES,25,9,9,10,0,2,0,,زيارات المراجعين للقطاعات الصحية بالمملكة ومتوسط عدد الزيارات لكل فرد من السكان في الأعوام الخمسة الأخيرة
2022,2022-Chapter-IV-Health-Activities.xlsx,13,Health Activities,زيارات المراجعين لعيادات السكرى بمستشفيات وزارة الصحة حسب الجنس والجنسية والمنطقة الصحية عام 2022م.,Capacity | Activity,Health Region,NO,YES,39,7,5,6,19,4,0,2022,زيارات المراجعين لعيادات السكرى بمستشفيات وزارة الصحة الجنس والجنسية والمنطقة الصحية م
2022,2022-Chapter-IV-Health-Activities.xlsx,14,Health Activities,"Complications of pregnancy and child birth, MOH Hospitals, 2022G.",Capacity,Unknown / National / Other,NO,YES,27,29,4,5,0,2,0,,"complications of pregnancy and child birth, moh hospitals, g"
2022,2022-Chapter-IV-Health-Activities.xlsx,15,Health Activities,"Outpatients and Inpatients in Mental Health Departments, MOH, According to Main Disease Groups of ICD-10, 2022G.",Activity,Unknown / National / Other,NO,YES,20,10,5,6,0,5,1,,"outpatients and inpatients in mental health departments, moh, according to main disease groups of icd- , g"
2022,2022-Chapter-IV-Health-Activities.xlsx,16,Health Activities,زيارات المراجعين لعيادات الأسنان بوزارة الصحة حسب الجنس والجنسية والمنطقة الصحية عام 2022م,Activity,Health Region,NO,YES,32,10,4,5,18,2,2,,زيارات المراجعين لعيادات الأسنان بوزارة الصحة الجنس والجنسية والمنطقة الصحية م
2022,2022-Chapter-IV-Health-Activities.xlsx,17,Health Activities,الخدمات الرئيسية للأسنان بمراكز طب الأسنان بوزارة الصحة حسب نوع الخدمة والمنطقة الصحية عام 2022م.,Workforce | Activity,Health Region,NO,YES,33,14,4,5,18,4,2,2021,الخدمات الرئيسية للأسنان بمراكز طب الأسنان بوزارة الصحة نوع الخدمة والمنطقة الصحية م
2022,2022-Chapter-IV-Health-Activities.xlsx,18,Health Activities,العمليات الجراحية للفك والأسنان وحالات الخلع بوزارة الصحة حسب المنطقة الصحية عام 2022م.,Activity,Health Region,NO,YES,32,7,4,5,18,3,2,,العمليات الجراحية للفك والأسنان وحالات الخلع بوزارة الصحة المنطقة الصحية م
2022,2022-Chapter-IV-Health-Activities.xlsx,19,Health Activities,المنومون بمستشفيات وزارة الصحة حسب المنطقة الصحية والجنسية عام 2022م.,Capacity | Activity,Health Region,NO,YES,32,8,4,5,18,4,2,,المنومون بمستشفيات وزارة الصحة المنطقة الصحية والجنسية م
2022,2022-Chapter-IV-Health-Activities.xlsx,20,Health Activities,المرضى المنومون بمستشفيات الرعاية المديدة وأسرة الرعاية المديدة بالمستشفيات العامة بوزارة الصحة حسب المنطقة الصحية عام 2022م.,Capacity | Activity,Health Region,NO,YES,28,10,6,7,18,4,0,,المرضى المنومون بمستشفيات الرعاية المديدة وأسرة الرعاية المديدة بالمستشفيات ا ة بوزارة الصحة المنطقة الصحية م
2022,2022-Chapter-IV-Health-Activities.xlsx,21,Health Activities,المؤشرات المختارة عن خدمات مستشفيات وزارة الصحة (100 سرير فأكثر) حسب المنطقة الصحية عام 2022م.,Capacity,Health Region,NO,YES,28,23,5,6,18,0,2,,المؤشرات المختارة عن خدمات مستشفيات وزارة الصحة سرير فأكثر المنطقة الصحية م
2022,2022-Chapter-IV-Health-Activities.xlsx,22,Health Activities,بعض المؤشرات المختارة عن خدمات مستشفيات وزارة الصحة (50 سرير) حسب المنطقة الصحية عام 2022م.,Capacity,Health Region,NO,YES,28,17,5,6,18,0,2,,بعض المؤشرات المختارة عن خدمات مستشفيات وزارة الصحة سرير المنطقة الصحية م
2022,2022-Chapter-IV-Health-Activities.xlsx,23,Health Activities,بعض المؤشرات المختارة عن خدمات مستشفيات الصحة النفسية والرعاية المديدة والتأهيل بوزارة الصحة حسب المنطقة الصحية عام 2022م.,Capacity,Health Region,NO,YES,37,13,4,5,18,0,2,,بعض المؤشرات المختارة عن خدمات مستشفيات الصحة النفسية والرعاية المديدة والتأهيل بوزارة الصحة المنطقة الصحية م
2022,2022-Chapter-IV-Health-Activities.xlsx,24,Health Activities,"Inpatients in Other Governmental Sector Hospitals by Nationality, 2022G",Capacity | Activity,Unknown / National / Other,NO,YES,62,14,15,16,0,4,0,,"inpatients in other governmental sector hospitals by nationality, g"
2022,2022-Chapter-IV-Health-Activities.xlsx,4.22,Health Activities,"Inpatients of the Private Sector by Health Region and Nationality, 2021G",Other,Health Region,NO,YES,25,5,4,5,18,3,0,,"inpatients of the private sector by health region and nationality, g"
2022,2022-Chapter-IV-Health-Activities.xlsx,25,Health Activities,"Inpatients in Health Sectors Hospitals, KSA in the last Five Years",Capacity | Activity,Unknown / National / Other,NO,YES,20,9,9,10,0,2,0,,"inpatients in health sectors hospitals, ksa in the last five years"
2022,2022-Chapter-IV-Health-Activities.xlsx,26,Health Activities,الولادات بمستشفيات وزارة الصحة حسب المنطقة الصحية ونوع الولادة عام 2022م.,Capacity,Health Region,NO,YES,31,16,6,7,18,7,0,,الولادات بمستشفيات وزارة الصحة المنطقة الصحية ونوع الولادة م
2022,2022-Chapter-IV-Health-Activities.xlsx,27,Health Activities,"Deliveries at Other Governmental Sector Hospitals by Type of Delivery, 2022G",Capacity,Unknown / National / Other,NO,YES,17,13,15,16,0,7,0,,"deliveries at other governmental sector hospitals by type of delivery, g"
2022,2022-Chapter-IV-Health-Activities.xlsx,28,Health Activities,المنطقة الصحية,Other,Health Region,NO,YES,34,7,15,16,18,4,0,,المنطقة الصحية
2022,2022-Chapter-IV-Health-Activities.xlsx,29,Health Activities,"Surgical Interventions at MoH Hospitals by Health Region and Hospital Sections, 2022G.",Capacity | Activity,Health Region,NO,YES,40,61,7,8,18,4,0,,"surgical interventions at moh hospitals by health region and hospital sections, g"
2022,2022-Chapter-IV-Health-Activities.xlsx,30,Health Activities,"Surgical Interventions at Other Governmental Sector Hospitals by Section, 2022G",Capacity | Activity,Unknown / National / Other,NO,YES,130,59,7,8,6,4,0,,"surgical interventions at other governmental sector hospitals by section, g"
2022,2022-Chapter-IV-Health-Activities.xlsx,4-32,Health Activities,"Surgical Interventions in the Private Sector by Health Region and Hospital Sections, 2020G.",Capacity | Activity,Health Region,NO,YES,85,61,7,8,20,4,0,,"surgical interventions in the private sector by health region and hospital sections, g"
2022,2022-Chapter-IV-Health-Activities.xlsx,32ملغى,Health Activities,جراحات اليوم الواحد بوزارة الصحة حسب المنطقة الصحية لعام 2020م.,Activity,Health Region,NO,YES,35,29,4,6,18,2,2,,جراحات اليوم الواحد بوزارة الصحة المنطقة الصحية م
2022,2022-Chapter-IV-Health-Activities.xlsx,31,Health Activities,"Main Activities and Services at King Khaled Eye Specialist Hospital, in the last Five Years",Capacity | Activity,Unknown / National / Other,NO,YES,24,9,14,15,1,4,0,,"main activities and services at king khaled eye specialist hospital, in the last five years"
2022,2022-Chapter-IV-Health-Activities.xlsx,32,Health Activities,"Cases of Malignant Tumours Registered at King Faisal Specialist Hospital and Research Center by Site and Sex, 2022G.",Capacity,Unknown / National / Other,NO,YES,26,15,8,9,4,2,2,,"cases of malignant tumours registered at king faisal specialist hospital and research center by site and sex, g"
2022,2022-Chapter-IV-Health-Activities.xlsx,33,Health Activities,"Cases of Tumours among Children Referred to King Faisal Specialist Hospital by Site, 2022G.",Capacity,Unknown / National / Other,NO,YES,21,9,5,6,2,2,2,,"cases of tumours among children referred to king faisal specialist hospital by site, g"
2022,2022-Chapter-IV-Health-Activities.xlsx,34,Health Activities,"Renal Dialysis Centers and Patients by Health Sectors, 2021G.",Other,Unknown / National / Other,NO,YES,14,6,4,5,0,2,0,,"renal dialysis centers and patients by health sectors, g"
2022,2022-Chapter-IV-Health-Activities.xlsx,35,Health Activities,"Haemodialysis Patients by Health Sector , Sex and Nationality, 2021G.",Capacity,Unknown / National / Other,NO,YES,27,11,10,,0,2,0,,"haemodialysis patients by health sector , sex and nationality, g"
2022,2022-Chapter-IV-Health-Activities.xlsx,36,Health Activities,المنطقة الصحية,Other,Health Region,NO,YES,29,11,7,8,19,4,0,,المنطقة الصحية
2022,2022-Chapter-IV-Health-Activities.xlsx,37,Health Activities,"Post-Amputation Encounters to Medical Rehabilitation Centers & Departments at MoH Facilities by Sex, Nationality and Cause of Injury, 2022G.",Other,Unknown / National / Other,NO,YES,13,28,12,,0,4,0,,"post-amputation encounters to medical rehabilitation centers & departments at moh facilities by sex, nationality and cause of injury, g"
2022,2022-Chapter-IV-Health-Activities.xlsx,38,Health Activities,King Faisal Specialist Hospital,Capacity,Unknown / National / Other,NO,YES,61,49,5,6,1,4,1,,king faisal specialist hospital
2022,2022-Chapter-IV-Health-Activities.xlsx,39,Health Activities,Table 4-39,Workforce,Unknown / National / Other,NO,YES,22,30,7,8,0,3,2,2022,-
2022,2022-Chapter-IV-Health-Activities.xlsx,40,Health Activities,الفحوص المخبرية وعدد مرضى الفحوص الشعاعية بمستشفيات وزارة الصحة حسب المنطقة الصحية عام 2022م.,Capacity,Health Region,NO,YES,32,30,4,5,18,2,0,,الفحوص المخبرية وعدد مرضى الفحوص الشعاعية بمستشفيات وزارة الصحة المنطقة الصحية م
2022,2022-Chapter-IV-Health-Activities.xlsx,41,Health Activities,"Laboratory investigations at MoH Hospitals by Health Region and Type of investigations, 2022G.",Capacity,Health Region,NO,YES,106,41,4,8,18,3,0,,"laboratory investigations at moh hospitals by health region and type of investigations, g"
2022,2022-Chapter-IV-Health-Activities.xlsx,42,Health Activities,"Laboratory Investigations and Number of Radiology & Physiotherapy patients at MoH Facilities, in the last Five Years",Activity,Unknown / National / Other,NO,YES,20,12,4,5,0,0,0,,"laboratory investigations and number of radiology & physiotherapy patients at moh facilities, in the last five years"
2022,2022-Chapter-IV-Health-Activities.xlsx,43,Health Activities,King Faisal Specialist Hospital,Capacity,Unknown / National / Other,NO,YES,15,10,15,,0,2,0,,king faisal specialist hospital
2022,2022-Chapter-IV-Health-Activities.xlsx,4.50,Health Activities,"Laboratory Investigations and Radiology patients in the Private Sector by Health Region, 2021G.",Other,Health Region,NO,YES,32,5,4,5,18,2,0,,"laboratory investigations and radiology patients in the private sector by health region, g"
2022,2022-Chapter-IV-Health-Activities.xlsx,44,Health Activities,أعداد العينات والاختبارات التي أجريت بمراكز مراقبة السموم والكيمياء الطبية الشرعية بوزارة الصحة حسب المنطقة الصحية لعام 2022م.,Other,Health Region,NO,YES,17,27,4,5,12,3,0,,أعداد العينات والاختبارات التي أجريت بمراكز مراقبة السموم والكيمياء الطبية الشرعية بوزارة الصحة المنطقة الصحية م
2022,2022-Chapter-IV-Health-Activities.xlsx,45,Health Activities,أنشطة بنوك الدم بوزارة الصحة حسب المنطقة الصحية عام 2022م.,Activity,Health Region,NO,YES,31,37,4,5,18,3,0,,أنشطة بنوك الدم بوزارة الصحة المنطقة الصحية م
2022,2022-Chapter-IV-Health-Activities.xlsx,46,Health Activities,Table 4-46,Activity,Unknown / National / Other,NO,YES,18,23,4,5,0,0,0,,-
2022,2022-Chapter-IV-Health-Activities.xlsx,47,Health Activities,King Faisal Specialist Hospital,Capacity | Activity,Unknown / National / Other,NO,YES,48,12,13,,0,2,0,,king faisal specialist hospital
2022,2022-Chapter-IV-Health-Activities.xlsx,48,Health Activities,الحالات المعروضة على مراكز الطب الشرعي بوزارة الصحة حسب المنطقة الصحية وطبيعة الفحص الطبي الشرعي لعام 2022,Other,Health Region,NO,YES,28,8,4,5,18,6,0,2022,الحالات المعروضة على مراكز الطب الشرعي بوزارة الصحة المنطقة الصحية وطبيعة الفحص الطبي الشرعي
2022,2022-Chapter-IV-Health-Activities.xlsx,49,Health Activities,Number of Medico Legal Committees and Number of Referred Medical Malpractice Cases by Health Region in 2022G.,Other,Health Region,NO,YES,24,43,4,6,17,4,0,,number of medico legal committees and number of referred medical malpractice cases by health region in g
2022,2022-Chapter-IV-Health-Activities.xlsx,50,Health Activities,"Distribution of Resolutions of Medical Malpractice Death Cases Issued by the Medico Legal Committees according to Convictions, 2022G.",Other,Health Region,NO,YES,23,14,4,5,17,3,0,,"distribution of resolutions of medical malpractice death cases issued by the medico legal committees according to convictions, g"
2022,2022-Chapter-IV-Health-Activities.xlsx,51,Health Activities,الحالات التي تمت إحالتها إلى المستشفيات الحكومية العامة أو التخصصية حسب المنطقة المحيلة والمستقبلة عام 2022م.,Capacity,Health Cluster,NO,YES,31,48,5,6,44,4,1,,الحالات التي تمت إحالتها إلى المستشفيات الحكومية ا ة أو التخصصية المنطقة المحيلة والمستقبلة م
2022,2022-Chapter-IV-Health-Activities.xlsx,52,Health Activities,Table 4-52,Activity,Unknown / National / Other,NO,YES,26,21,4,5,0,4,0,,-
2022,2022-Chapter-IV-Health-Activities.xlsx,53,Health Activities,"Cases Referred to Social Service Departements at MOH Hospitals, According to Cause of Social Investigation and Sex, 2022G.",Capacity | Activity,Unknown / National / Other,NO,YES,12,5,4,5,0,1,0,,"cases referred to social service departements at moh hospitals, according to cause of social investigation and sex, g"
2022,2022-Chapter-IV-Health-Activities.xlsx,54,Health Activities,عدد الوجبات التقريبي لمستحقي التغذية في مستشفيات وزارة الصحة حسب المنطقة الصحية لعام 2022م.,Capacity | Workforce,Health Region,NO,YES,28,11,4,5,18,4,1,,عدد الوجبات التقريبي لمستحقي التغذية في مستشفيات وزارة الصحة المنطقة الصحية م
2022,2022-Chapter-IV-Health-Activities.xlsx,55,Health Activities,عدد المستشفيات المنفذة لبرنامج الرعاية الصحية المنزلية بوزارة الصحة والعاملين وعدد المستفيدين حسب المنطقة الصحية لعام 2022م,Capacity,Health Region,NO,YES,27,13,4,5,18,2,0,2022,عدد المستشفيات المنفذة لبرنامج الرعاية الصحية المنزلية بوزارة الصحة وا لين وعدد المستفيدين المنطقة الصحية م
2022,2022-Chapter-IV-Health-Activities.xlsx,56,Health Activities,Table 4-56,Other,Unknown / National / Other,NO,YES,16,15,4,5,0,0,0,,-
2022,2022-Chapter-IV-Health-Activities.xlsx,57,Health Activities,Health Call Center 937,Other,Unknown / National / Other,NO,YES,53,6,15,16,0,0,2,,health call center
2022,2022-Chapter-IV-Health-Activities.xlsx,58,Health Activities,"Resources and Activities of Telemedicine at MoH by Health Regions, 2022G",Capacity | Activity,Health Region,NO,YES,29,9,6,7,19,3,1,,"resources and activities of telemedicine at moh by health regions, g"
2022,2022-Chapter-IV-Health-Activities.xlsx,59,Health Activities,"School Health Services by Type of Service and Health Region, 2022G",Other,Health Region,NO,YES,27,6,6,7,19,2,0,,"school health services by type of service and health region, g"
2022,2022-Chapter-IV-Health-Activities.xlsx,مؤشرات أداء الصحة,Health Activities,,Other,Unknown / National / Other,NO,NO,1,1,,,0,0,0,,
2022,2022-Chapter-IV-Health-Activities.xlsx,fig1,Health Activities,العيادات الخارجية – متوسط وقت الانتظار للموعد (بالايام),Activity,Unknown / National / Other,NO,YES,45,26,15,16,0,0,0,2022,العيادات الخارجية - متوسط وقت الانتظار للموعد بالايام
2022,2022-Chapter-IV-Health-Activities.xlsx,fig2,Health Activities,قسم الطوارئ – نسبة المرضى الذين انهيت اجراءاتهم خلال 4 ساعات,Activity,Unknown / National / Other,NO,YES,42,26,8,9,0,0,0,2022,قسم الطوارئ - نسبة المرضى الذين انهيت اجراءاتهم خلال ساعات
2022,2022-Chapter-IV-Health-Activities.xlsx,fig3,Health Activities,متوسط مدة الإقامة للمرضى داخل المستشفى (بالأيام),Capacity,Unknown / National / Other,NO,YES,46,27,7,8,0,0,0,2022,متوسط مدة الإقامة للمرضى داخل المستشفى بالأيام
2022,2022-Chapter-IV-Health-Activities.xlsx,fig4,Health Activities,Critical Care Average Length of Stay (in days),Other,Unknown / National / Other,NO,YES,44,26,5,6,0,0,0,2022,critical care average length of stay in days
2022,2022-Chapter-IV-Health-Activities.xlsx,fig5,Health Activities,غرفة العمليات – متوسط وقت انتظار الجراحة (بالأيام),Activity,Unknown / National / Other,NO,YES,48,26,6,7,0,0,0,2022,غرفة العمليات - متوسط وقت انتظار الجراحة بالأيام
2022,2022-Chapter-IV-Health-Activities.xlsx,fig6,Health Activities,Radiology Machines Utilization Rate (%),Other,Unknown / National / Other,NO,YES,45,29,8,9,0,0,0,2022,radiology machines utilization rate %
2022,2022-Chapter-IV-Health-Activities.xlsx,fig7,Health Activities,الفترة الزمنية بين طلب وإجراء أشعة الرنين المغناطيسي والتصوير المقطعي (بالساعات),Other,Unknown / National / Other,NO,YES,54,26,8,,0,0,0,2022,الفترة الزمنية بين طلب وإجراء أشعة الرنين المغناطيسي والتصوير المقطعي بالساعات
2021,Statistical-Yearbook-2021-Chapter-I-Health-Indicators.xlsx,فهرس الباب الأول,Health Indicators,"Incidence Rate of Some Immunization Targeted Diseases (per 100,000 population) in the Last Five Years.",Population | Capacity,Health Region,YES,NO,24,38,2,3,0,0,2,2021,"incidence rate of some immunization targeted diseases per , population in the last five years"
2021,Statistical-Yearbook-2021-Chapter-I-Health-Indicators.xlsx,1,Health Indicators,Crude Birth Rate /1000 Population,Population,Unknown / National / Other,NO,YES,22,8,6,7,0,2,2,2021,crude birth rate population
2021,Statistical-Yearbook-2021-Chapter-I-Health-Indicators.xlsx,2,Health Indicators,Crude Death Rate /1000 Population,Population,Unknown / National / Other,NO,YES,11,9,4,5,0,0,2,,crude death rate population
2021,Statistical-Yearbook-2021-Chapter-I-Health-Indicators.xlsx,3,Health Indicators,Table 1-3,Other,Unknown / National / Other,NO,YES,28,8,7,8,0,2,2,2021,-
2021,Statistical-Yearbook-2021-Chapter-I-Health-Indicators.xlsx,4,Health Indicators,"Health Resources Indicators (per 10,000 population) in the Last Five Years",Population | Capacity | Workforce,Unknown / National / Other,NO,YES,18,14,4,5,0,0,1,,"health resources indicators per , population in the last five years"
2021,Statistical-Yearbook-2021-Chapter-I-Health-Indicators.xlsx,5,Health Indicators,"Rate of MOH Hospital Beds /10,000 Population by Health Regions, in the Last Five Years",Population | Capacity,Health Region,NO,YES,32,8,4,5,15,0,0,,"rate of moh hospital beds , population by health regions, in the last five years"
2021,Statistical-Yearbook-2021-Chapter-I-Health-Indicators.xlsx,6,Health Indicators,مؤشرات مختارة عن الموارد المتاحة بمستشفيات وزارة الصحة حسب المنطقة الصحية لعام 2021 م,Capacity | Workforce,Health Region,NO,YES,32,8,4,5,18,0,1,2021,مؤشرات مختارة عن الموارد المتاحة بمستشفيات وزارة الصحة المنطقة الصحية م
2021,Statistical-Yearbook-2021-Chapter-I-Health-Indicators.xlsx,7,Health Indicators,Table 1-7,Other,Unknown / National / Other,NO,YES,13,8,4,5,0,0,0,,-
2021,Statistical-Yearbook-2021-Chapter-I-Health-Indicators.xlsx,8,Health Indicators,"Incidence Rate of Some Immunization Targeted Diseases (per 100,000 population) in the Last Five Years",Population,Unknown / National / Other,NO,YES,13,9,4,5,0,0,0,,"incidence rate of some immunization targeted diseases per , population in the last five years"
2021,Statistical-Yearbook-2021-Chapter-I-Health-Indicators.xlsx,9,Health Indicators,"RTA Injuries per 100,000 Population",Population,Unknown / National / Other,NO,YES,10,10,4,5,0,0,0,,"rta injuries per , population"
2021,Statistical-Yearbook-2021-Chapter-I-Health-Indicators.xlsx,10,Health Indicators,2.2.1 Prevalence of stunting (height for age <-2 standard deviation from the median of the World Health Organization (WHO) Child Growth Standards) among children under 5 years of age (%),Population | Capacity,Unknown / National / Other,NO,YES,23,22,4,6,0,0,0,,prevalence of stunting height for age <- standard deviation from the median of the world health organization who child growth standards among children under years of age %
2021,Statistical-Yearbook-2021-Chapter-I-Health-Indicators.xlsx,11,Health Indicators,"Population by Nationality, Gender, and Age groups, 2021G",Population,Unknown / National / Other,NO,YES,21,17,5,6,0,5,2,,"population by nationality, gender, and age groups, g"
2021,statistical-yearbook-2021-chapter-II-health-resources.xlsx,فهرس الباب الثاني,Health Resources,المستشفيات والأسرة بالقطاعات الصحية بالمملكة حسب الجهة ومعدل الأسرة لكل عشرة آلاف من السكان في الأعوام الخمسة الأخيرة,Population | Capacity | Workforce,Health Region,YES,NO,92,38,2,3,0,0,1,2021,المستشفيات والأسرة بالقطاعات الصحية بالمملكة الجهة ومعدل الأسرة لكل عشرة آلاف من السكان في الأعوام الخمسة الأخيرة
2021,statistical-yearbook-2021-chapter-II-health-resources.xlsx,2-1,Health Resources,الميزانية المخصصة لوزارة الصحة ( بمليارات الريالات) في الأعوام الخمسة الأخيرة بالنسبة للميزانية العامة للدولة,Other,Unknown / National / Other,NO,YES,17,7,6,7,0,2,0,2021,الميزانية المخصصة لوزارة الصحة بمليارات الريالات في الأعوام الخمسة الأخيرة بالنسبة للميزانية ا ة للدولة
2021,statistical-yearbook-2021-chapter-II-health-resources.xlsx,2-2,Health Resources,المستشفيات والأسرة بالقطاعات الصحية بالمملكة حسب الجهة ومعدل الأسرة لكل عشرة آلاف من السكان في الأعوام الخمسة الأخيرة,Population | Capacity,Unknown / National / Other,NO,YES,16,29,6,7,0,2,0,,المستشفيات والأسرة بالقطاعات الصحية بالمملكة الجهة ومعدل الأسرة لكل عشرة آلاف من السكان في الأعوام الخمسة الأخيرة
2021,statistical-yearbook-2021-chapter-II-health-resources.xlsx,2-3,Health Resources,المستشفيات والأسرة بالقطاعات الصحية بالمملكة حسب المنطقة الصحية 2021م,Capacity,Health Region,NO,YES,29,11,7,8,18,4,0,,المستشفيات والأسرة بالقطاعات الصحية بالمملكة المنطقة الصحية م
2021,statistical-yearbook-2021-chapter-II-health-resources.xlsx,2-4,Health Resources,Health Manpower in KSA Health Sectors in the Last Five Years,Workforce,Unknown / National / Other,NO,YES,38,22,11,12,0,6,0,,health manpower in ksa health sectors in the last five years
2021,statistical-yearbook-2021-chapter-II-health-resources.xlsx,2-5,Health Resources,"Physicians and Dentists in KSA Health Sectors by Speciality and Professional Categories, 2021G",Workforce | Activity,Unknown / National / Other,NO,YES,45,23,7,8,0,9,0,,"physicians and dentists in ksa health sectors by speciality and professional categories, g"
2021,statistical-yearbook-2021-chapter-II-health-resources.xlsx,2-6,Health Resources,المرافق الصحية بوزارة الصحة حسب المنطقة الصحية عام 2021م,Capacity,Health Region,NO,YES,52,20,4,5,18,1,0,,المرافق الصحية بوزارة الصحة المنطقة الصحية م
2021,statistical-yearbook-2021-chapter-II-health-resources.xlsx,2-7,Health Resources,القوى العاملة الصحية بوزارة الصحة حسب المنطقة الصحية والفئة والجنس والجنسية عام 2021م,Workforce,Health Region,NO,YES,176,21,7,8,9,36,0,,القوى ا لة الصحية بوزارة الصحة المنطقة الصحية والفئة والجنس والجنسية م
2021,statistical-yearbook-2021-chapter-II-health-resources.xlsx,2-8 ,Health Resources,Health Manpower in MOH by Nationality in the Last Five Years,Workforce,Unknown / National / Other,NO,YES,29,19,12,13,0,18,0,,health manpower in moh by nationality in the last five years
2021,statistical-yearbook-2021-chapter-II-health-resources.xlsx,2-9,Health Resources,"Allied Health Personnel by Speciality , Nationality & Sex, 2021G",Activity,Unknown / National / Other,NO,YES,29,10,5,6,0,4,0,2022,"allied health personnel by speciality , nationality & sex, g"
2021,statistical-yearbook-2021-chapter-II-health-resources.xlsx,2-10,Health Resources,القابلات بمرافق وزارة الصحة حسب المنطقة الصحية عام 2021م,Capacity,Health Region,NO,YES,32,14,7,8,18,12,2,,القابلات بمرافق وزارة الصحة المنطقة الصحية م
2021,statistical-yearbook-2021-chapter-II-health-resources.xlsx,2-11,Health Resources,المستشفيات والأسرة بوزارة الصحة حسب المنطقة الصحية في الأعوام الخمسة الأخيرة,Capacity,Health Region,NO,YES,30,13,5,6,18,2,0,,المستشفيات والأسرة بوزارة الصحة المنطقة الصحية في الأعوام الخمسة الأخيرة
2021,statistical-yearbook-2021-chapter-II-health-resources.xlsx,2-12,Health Resources,مستشفيات وزارة الصحة وعدد الأسرة حسب المنطقة الصحية والتخصص لعام 2021م,Capacity,Health Region,NO,YES,30,20,7,8,18,4,0,,مستشفيات وزارة الصحة وعدد الأسرة المنطقة الصحية والتخصص م
2021,statistical-yearbook-2021-chapter-II-health-resources.xlsx,2-13,Health Resources,مستشفيات وزارة الصحة حسب السعة السريرية والمنطقة الصحية للعام 2021م,Capacity,Health Region,NO,YES,29,19,5,6,18,3,0,,مستشفيات وزارة الصحة السعة السريرية والمنطقة الصحية ل م
2021,statistical-yearbook-2021-chapter-II-health-resources.xlsx,2.14,Health Resources,الأسرة بمستشفيات وزارة الصحة حسب المنطقة الصحية والتخصص لعام 2021م,Capacity | Activity,Health Region,NO,YES,77,38,4,5,18,4,0,,الأسرة بمستشفيات وزارة الصحة المنطقة الصحية والتخصص م
2021,statistical-yearbook-2021-chapter-II-health-resources.xlsx,2.15,Health Resources,أسرة العناية المركزة بمستشفيات وزارة الصحة حسب المنطقة الصحية لعام 2021م,Capacity,Health Region,NO,YES,29,22,7,8,17,4,0,,أسرة العناية المركزة بمستشفيات وزارة الصحة المنطقة الصحية م
2021,statistical-yearbook-2021-chapter-II-health-resources.xlsx,2.16,Health Resources,أسرة العزل والطوارئ بمستشفيات وزارة الصحة حسب المنطقة الصحية لعام 2021,Capacity | Activity,Health Region,NO,YES,29,9,7,8,17,6,0,2021,أسرة العزل والطوارئ بمستشفيات وزارة الصحة المنطقة الصحية
2021,statistical-yearbook-2021-chapter-II-health-resources.xlsx,2.17,Health Resources,"Health Manpower in MOH Hospitals by Nationality, in the last Five Years",Capacity | Workforce,Unknown / National / Other,NO,YES,78,19,14,15,0,18,0,,"health manpower in moh hospitals by nationality, in the last five years"
2021,statistical-yearbook-2021-chapter-II-health-resources.xlsx,2.18,Health Resources,القوى العاملة الصحية بمستشفيات وزارة الصحة حسب المنطقة الصحية والفئة والجنس والجنسية عام 2021م,Capacity | Workforce,Health Region,NO,YES,176,21,7,8,9,36,0,,القوى ا لة الصحية بمستشفيات وزارة الصحة المنطقة الصحية والفئة والجنس والجنسية م
2021,statistical-yearbook-2021-chapter-II-health-resources.xlsx,2.19,Health Resources,"Physicians and Dentists, MOH Hospitals by Speciality, Professional Categories and Health Region, 2021G.",Capacity | Workforce | Activity,Health Region,NO,YES,131,75,7,8,8,14,0,,"physicians and dentists, moh hospitals by speciality, professional categories and health region, g"
2021,statistical-yearbook-2021-chapter-II-health-resources.xlsx,2.20,Health Resources,مراكز الرعاية الصحية الأولية بوزارة الصحة حسب المنطقة الصحية في الأعوام الخمسة الأخيرة,Capacity,Health Region,NO,YES,31,11,4,5,18,2,0,,مراكز الرعاية الصحية الأولية بوزارة الصحة المنطقة الصحية في الأعوام الخمسة الأخيرة
2021,statistical-yearbook-2021-chapter-II-health-resources.xlsx,2.21,Health Resources,"Health Manpower in Primary Health Care Centers, MOH, in the last Five Years",Capacity | Workforce,Unknown / National / Other,NO,YES,29,19,14,15,0,18,0,,"health manpower in primary health care centers, moh, in the last five years"
2021,statistical-yearbook-2021-chapter-II-health-resources.xlsx,2.22,Health Resources,"Physicians and Dentists in MOH Primary Health Care Centers by Speciality and Nationality, in the last Five Years",Capacity | Workforce,Unknown / National / Other,NO,YES,34,9,4,5,0,15,0,,"physicians and dentists in moh primary health care centers by speciality and nationality, in the last five years"
2021,statistical-yearbook-2021-chapter-II-health-resources.xlsx,2.23,Health Resources,القوى العاملة الصحية بمراكز الرعاية الصحية الأولية بوزارة الصحة حسب المنطقة الصحية والفئة والجنس والجنسية عام 2021م,Capacity | Workforce,Health Region,NO,YES,176,21,14,15,9,36,0,,القوى ا لة الصحية بمراكز الرعاية الصحية الأولية بوزارة الصحة المنطقة الصحية والفئة والجنس والجنسية م
2021,statistical-yearbook-2021-chapter-II-health-resources.xlsx,2.24,Health Resources,الأطباء بمراكز الرعاية الصحية الأولية بوزارة الصحة حسب التخصصات الرئيسية والجنسية والجنس والمنطقة الصحية عام 2021م.,Capacity | Workforce,Health Region,NO,YES,158,21,13,14,9,36,0,,الأطباء بمراكز الرعاية الصحية الأولية بوزارة الصحة التخصصات الرئيسية والجنسية والجنس والمنطقة الصحية م
2021,statistical-yearbook-2021-chapter-II-health-resources.xlsx,2.25,Health Resources,"Hospital Beds in Other Governmental Sector by Speciality, 2021G.",Capacity | Activity,Unknown / National / Other,NO,YES,24,56,4,5,2,4,0,,"hospital beds in other governmental sector by speciality, g"
2021,statistical-yearbook-2021-chapter-II-health-resources.xlsx,2.26,Health Resources,"Health Manpower in Other Governmental Sector by Category,Sex and Nationality, 2021G.",Capacity | Workforce,Unknown / National / Other,NO,YES,119,21,14,15,1,36,1,,"health manpower in other governmental sector by category,sex and nationality, g"
2021,statistical-yearbook-2021-chapter-II-health-resources.xlsx,2.27,Health Resources,"Physicians & Dentists in Other Governmental Sector by Speciality and Nationality, 2021G.",Capacity | Workforce | Activity,Unknown / National / Other,NO,YES,131,24,7,8,0,10,0,,"physicians & dentists in other governmental sector by speciality and nationality, g"
2021,statistical-yearbook-2021-chapter-II-health-resources.xlsx,2.28,Health Resources,"Health Manpower in the Other Governmental Sector by Nationality, in the last Five Years",Workforce,Unknown / National / Other,NO,YES,78,19,12,13,0,18,0,,"health manpower in the other governmental sector by nationality, in the last five years"
2021,statistical-yearbook-2021-chapter-II-health-resources.xlsx,2.29,Health Resources,"Private Sector Hospitals, Medical Complexes, Beds and Other Medical Facilities,by Health Region, 2021G.",Capacity | Workforce,Health Region,NO,YES,31,29,4,7,18,2,0,,"private sector hospitals, medical complexes, beds and other medical facilities,by health region, g"
2021,statistical-yearbook-2021-chapter-II-health-resources.xlsx,2.30,Health Resources,المستشفيات والأسرة والمجمعات الطبية بالقطاع الخاص حسب المنطقة الصحية في الأعوام الخمسة الأخيرة,Capacity,Health Region,NO,YES,29,25,5,7,18,2,0,,المستشفيات والأسرة والمجمعات الطبية بالقطاع الخاص المنطقة الصحية في الأعوام الخمسة الأخيرة
2021,statistical-yearbook-2021-chapter-II-health-resources.xlsx,2.31,Health Resources,"Hospital Beds at Private Sector by Health Region and Speciality , 2021G.",Capacity | Activity,Health Region,NO,YES,20,40,4,5,15,4,0,,"hospital beds at private sector by health region and speciality , g"
2021,statistical-yearbook-2021-chapter-II-health-resources.xlsx,2.32,Health Resources,"Single Doctor Private Clinics by Health Region and Speciality, 2021G.",Workforce | Activity,Health Region,NO,YES,17,37,4,5,9,4,0,,"single doctor private clinics by health region and speciality, g"
2021,statistical-yearbook-2021-chapter-II-health-resources.xlsx,2-33,Health Resources,Health Manpower at Private Sector in the last Five Years,Workforce,Unknown / National / Other,NO,YES,78,16,12,13,0,18,0,,health manpower at private sector in the last five years
2021,statistical-yearbook-2021-chapter-II-health-resources.xlsx,2.34,Health Resources,"Health Manpower in the Private Sector by Health Region,Category,Sex and Nationality, 2021G",Workforce,Health Region,NO,YES,181,24,14,15,9,36,0,,"health manpower in the private sector by health region,category,sex and nationality, g"
2021,statistical-yearbook-2021-chapter-II-health-resources.xlsx,2.35,Health Resources,"Health Manpower in Private Sector Hospitals by Health Region,Category,Sex and Nationality, 2021G",Capacity | Workforce,Health Region,NO,YES,178,17,14,15,9,36,0,,"health manpower in private sector hospitals by health region,category,sex and nationality, g"
2021,statistical-yearbook-2021-chapter-II-health-resources.xlsx,2.36,Health Resources,"Health Manpower in Private Sector Medical Complexes by Health Region,Category,Sex and Nationality, 2021G",Workforce,Health Region,NO,YES,176,16,14,15,9,36,0,,"health manpower in private sector medical complexes by health region,category,sex and nationality, g"
2021,statistical-yearbook-2021-chapter-II-health-resources.xlsx,2.37,Health Resources,"Physicians and Dentists in the Private Sector by Speciality, Professional Categories and Health Region, 2021G.",Workforce | Activity,Health Region,NO,YES,131,31,7,8,6,14,0,,"physicians and dentists in the private sector by speciality, professional categories and health region, g"
2021,statistical-yearbook-2021-chapter-II-health-resources.xlsx,2.38,Health Resources,"Health Manpower in Private Health Facilities by Facility Classification, Sex and Nationality, 2021G.",Capacity | Workforce,Unknown / National / Other,NO,YES,31,27,14,15,0,30,0,,"health manpower in private health facilities by facility classification, sex and nationality, g"
2021,statistical-yearbook-2021-chapter-II-health-resources.xlsx,2.39,Health Resources,Table 2-39,Workforce | Activity,Unknown / National / Other,NO,YES,70,5,4,6,0,1,0,,-
2021,statistical-yearbook-2021-chapter-II-health-resources.xlsx,2.40,Health Resources,Table 2-40,Workforce | Activity,Unknown / National / Other,NO,YES,31,30,4,6,0,2,0,,-
2021,statistical-yearbook-2021-chapter-II-health-resources.xlsx,2-41,Health Resources,Enrolled Students in health colleges for the academic year 2021-2022G.,Other,Unknown / National / Other,NO,YES,122,7,6,7,14,2,0,2021,enrolled students in health colleges for the academic year - g
2021,statistical-yearbook-2021-chapter-II-health-resources.xlsx,2.42,Health Resources,Graduates in health colleges for the academic year 2020-2021G.,Other,Unknown / National / Other,NO,YES,114,7,6,7,15,2,0,,graduates in health colleges for the academic year - g
2021,statistical-yearbook-2021-chapter-II-health-resources.xlsx,2.43,Health Resources,Prince Mohammad Bin Abdulaziz Hospital,Capacity,Health Region,NO,YES,70,32,4,5,7,0,0,2021,prince mohammad bin abdulaziz hospital
2021,statistical-yearbook-2021-chapter-II-health-resources.xlsx,2.44,Health Resources,"Armed Forces Hospital in the military factories, Al-Kharj",Capacity,Health Region,NO,YES,43,32,4,5,23,0,0,2021,"armed forces hospital in the military factories, al-kharj"
2021,statistical-yearbook-2021-chapter-II-health-resources.xlsx,2-45,Health Resources,Soliaman Al-Habib Gyn/Obs Specialist Hospital,Capacity,Health Region,NO,YES,120,32,4,5,6,0,0,2021,soliaman al-habib gyn obs specialist hospital
2021,statistical-yearbook-2021-chapter-IV-health-activities.xlsx,فهرس الباب الرابع,Health Activities,"Patients and Casualties Offered First Aid and Transported by Saudi Red Crescent Authority Ambulances by Administrative Region and Type of Case , 2021G.",Capacity | Activity,Health Region,YES,NO,124,38,2,3,0,1,0,,"patients and casualties offered first aid and transported by saudi red crescent authority ambulances by administrative region and type of case , g"
2021,statistical-yearbook-2021-chapter-IV-health-activities.xlsx,1,Health Activities,زيارات واستشارات الرعاية الصحية الأولية بوزارة الصحة حسب المنطقة الصحية عام 2021م.,Other,Health Region,NO,YES,29,10,4,5,18,4,0,,زيارات واستشارات الرعاية الصحية الأولية بوزارة الصحة المنطقة الصحية م
2021,statistical-yearbook-2021-chapter-IV-health-activities.xlsx,2,Health Activities,زيارات مراجعي الطوارئ المرضية بمستشفيات وزارة الصحة حسب الجنس والجنسية والمنطقة الصحية عام 2021م.,Capacity | Activity,Health Region,NO,YES,41,11,5,6,22,4,0,,زيارات مراجعي الطوارئ المرضية بمستشفيات وزارة الصحة الجنس والجنسية والمنطقة الصحية م
2021,statistical-yearbook-2021-chapter-IV-health-activities.xlsx,3,Health Activities,زيارات مراجعي الطوارئ الجراحية بمستشفيات وزارة الصحة حسب الجنس والجنسية والمنطقة الصحية عام 2021م.,Capacity | Activity,Health Region,NO,YES,41,7,5,6,22,4,0,,زيارات مراجعي الطوارئ الجراحية بمستشفيات وزارة الصحة الجنس والجنسية والمنطقة الصحية م
2021,statistical-yearbook-2021-chapter-IV-health-activities.xlsx,4,Health Activities,زيارات مراجعي العيادات الخارجية بمستشفيات وزارة الصحة حسب الجنس والجنسية والمنطقة الصحية عام 2021م.,Capacity | Activity,Health Region,NO,YES,64,22,5,6,40,9,0,,زيارات مراجعي العيادات الخارجية بمستشفيات وزارة الصحة الجنس والجنسية والمنطقة الصحية م
2021,statistical-yearbook-2021-chapter-IV-health-activities.xlsx,5,Health Activities,زيارات المراجعين للرعاية الصحية الأولية والعيادات الخارجية بمستشفيات وزارة الصحة حسب المنطقة الصحية عام 2021م,Capacity | Activity,Health Region,NO,YES,27,14,4,5,18,5,0,,زيارات المراجعين للرعاية الصحية الأولية والعيادات الخارجية بمستشفيات وزارة الصحة المنطقة الصحية م
2021,statistical-yearbook-2021-chapter-IV-health-activities.xlsx,6,Health Activities,زيارات المراجعين لمراكز الرعاية الصحية الأولية والعيادات الخارجية بمستشفيات وزارة الصحة حسب المنطقة الصحية في الأعوام الخمسة الأخيرة,Capacity | Activity,Health Region,NO,YES,48,21,6,7,18,3,0,,زيارات المراجعين لمراكز الرعاية الصحية الأولية والعيادات الخارجية بمستشفيات وزارة الصحة المنطقة الصحية في الأعوام الخمسة الأخيرة
2021,statistical-yearbook-2021-chapter-IV-health-activities.xlsx,7,Health Activities,"First Aid Centers and Ambulances of the Saudi Red Crescent Authority by Administrative Region, 2021G.",Capacity,Health Region,NO,YES,26,7,6,7,20,2,0,,"first aid centers and ambulances of the saudi red crescent authority by administrative region, g"
2021,statistical-yearbook-2021-chapter-IV-health-activities.xlsx,8,Health Activities,"Patients and Casualties Offered First Aid and Transported by Saudi Red Crescent Authority Ambulances by Administrative Region and Type of Case , 2021G.",Capacity,Health Region,NO,YES,21,10,6,7,20,4,0,,"patients and casualties offered first aid and transported by saudi red crescent authority ambulances by administrative region and type of case , g"
2021,statistical-yearbook-2021-chapter-IV-health-activities.xlsx,9,Health Activities,Cases Offered First Aid and Transported by Ambulances of Saudi Red Crescent Authority by Administrative Region in the last Five Years,Other,Health Region,NO,YES,32,12,5,6,20,2,0,,cases offered first aid and transported by ambulances of saudi red crescent authority by administrative region in the last five years
2021,statistical-yearbook-2021-chapter-IV-health-activities.xlsx,10,Health Activities,"OPD Encounters at Other Governmental Sector Hospitals and Polyclinics by Nationality, 2021G.",Capacity | Activity,Unknown / National / Other,NO,YES,78,15,10,11,9,4,0,,"opd encounters at other governmental sector hospitals and polyclinics by nationality, g"
2021,statistical-yearbook-2021-chapter-IV-health-activities.xlsx,4.11,Health Activities,"Visits to Polyclinics and Hospitals of the Private Sector by Health Region and Nationality, 2021G",Capacity | Activity,Health Region,NO,YES,25,5,4,5,18,3,0,,"visits to polyclinics and hospitals of the private sector by health region and nationality, g"
2021,statistical-yearbook-2021-chapter-IV-health-activities.xlsx,112020,Health Activities,"Health Services in the Private Sector by Health Region and Nationality, 2020G",Activity,Health Region,NO,YES,26,23,4,5,36,4,0,,"health services in the private sector by health region and nationality, g"
2021,statistical-yearbook-2021-chapter-IV-health-activities.xlsx,11,Health Activities,"Health Services in the Private Sector by Health Region and Nationality, 2021G",Activity,Health Region,NO,YES,27,9,4,5,18,2,0,,"health services in the private sector by health region and nationality, g"
2021,statistical-yearbook-2021-chapter-IV-health-activities.xlsx,12,Health Activities,زيارات المراجعين للقطاعات الصحية بالمملكة ومتوسط عدد الزيارات لكل فرد من السكان في الأعوام الخمسة الأخيرة,Population | Activity,Unknown / National / Other,NO,YES,20,9,5,6,0,2,0,,زيارات المراجعين للقطاعات الصحية بالمملكة ومتوسط عدد الزيارات لكل فرد من السكان في الأعوام الخمسة الأخيرة
2021,statistical-yearbook-2021-chapter-IV-health-activities.xlsx,13,Health Activities,زيارات المراجعين لعيادات السكرى بمستشفيات وزارة الصحة حسب الجنس والجنسية والمنطقة الصحية عام 2021م.,Capacity | Activity,Health Region,NO,YES,44,9,5,6,22,4,0,,زيارات المراجعين لعيادات السكرى بمستشفيات وزارة الصحة الجنس والجنسية والمنطقة الصحية م
2021,statistical-yearbook-2021-chapter-IV-health-activities.xlsx,14,Health Activities,"Complications of pregnancy and child birth , MOH Hospitals, 2021G.",Capacity,Unknown / National / Other,NO,YES,30,16,4,5,0,2,0,,"complications of pregnancy and child birth , moh hospitals, g"
2021,statistical-yearbook-2021-chapter-IV-health-activities.xlsx,15,Health Activities,"Outpatients and Inpatients in Mental Health Departments, MOH, According to Main Disease Groups of ICD-10, 2021G.",Activity,Unknown / National / Other,NO,YES,20,10,5,6,0,5,1,,"outpatients and inpatients in mental health departments, moh, according to main disease groups of icd- , g"
2021,statistical-yearbook-2021-chapter-IV-health-activities.xlsx,16,Health Activities,زيارات المراجعين لعيادات الأسنان بوزارة الصحة حسب الجنس والجنسية والمنطقة الصحية عام 2021م,Activity,Health Region,NO,YES,32,30,4,5,18,2,2,,زيارات المراجعين لعيادات الأسنان بوزارة الصحة الجنس والجنسية والمنطقة الصحية م
2021,statistical-yearbook-2021-chapter-IV-health-activities.xlsx,17,Health Activities,الخدمات الرئيسية للأسنان بمراكز طب الأسنان بوزارة الصحة حسب نوع الخدمة والمنطقة الصحية عام 2021م.,Workforce | Activity,Health Region,NO,YES,33,14,4,5,18,4,2,,الخدمات الرئيسية للأسنان بمراكز طب الأسنان بوزارة الصحة نوع الخدمة والمنطقة الصحية م
2021,statistical-yearbook-2021-chapter-IV-health-activities.xlsx,18,Health Activities,العمليات الجراحية للفك والأسنان وحالات الخلع بوزارة الصحة حسب المنطقة الصحية عام 2021م.,Activity,Health Region,NO,YES,32,10,4,5,18,3,2,,العمليات الجراحية للفك والأسنان وحالات الخلع بوزارة الصحة المنطقة الصحية م
2021,statistical-yearbook-2021-chapter-IV-health-activities.xlsx,19,Health Activities,المنومون بمستشفيات وزارة الصحة حسب المنطقة الصحية والجنسية عام 2021م.,Capacity | Activity,Health Cluster,NO,YES,86,60,4,5,52,7,2,2021,المنومون بمستشفيات وزارة الصحة المنطقة الصحية والجنسية م
2021,statistical-yearbook-2021-chapter-IV-health-activities.xlsx,20,Health Activities,المرضى المنومون بمستشفيات الرعاية المديدة وأسرة الرعاية المديدة بالمستشفيات العامة بوزارة الصحة حسب المنطقة الصحية عام 2021م.,Capacity | Activity,Health Region,NO,YES,37,16,6,7,18,4,0,,المرضى المنومون بمستشفيات الرعاية المديدة وأسرة الرعاية المديدة بالمستشفيات ا ة بوزارة الصحة المنطقة الصحية م
2021,statistical-yearbook-2021-chapter-IV-health-activities.xlsx,21,Health Activities,معدل إشغال الأسرة %,Capacity,Unknown / National / Other,NO,YES,11,13,5,6,5,0,2,,معدل إشغال الأسرة %
2021,statistical-yearbook-2021-chapter-IV-health-activities.xlsx,22,Health Activities,المؤشرات المختارة عن خدمات مستشفيات وزارة الصحة (100 سرير فأكثر) حسب المنطقة الصحية عام 2021م.,Capacity,Health Region,NO,YES,28,30,5,6,18,0,2,,المؤشرات المختارة عن خدمات مستشفيات وزارة الصحة سرير فأكثر المنطقة الصحية م
2021,statistical-yearbook-2021-chapter-IV-health-activities.xlsx,23,Health Activities,بعض المؤشرات المختارة عن خدمات مستشفيات وزارة الصحة (50 سرير) حسب المنطقة الصحية عام 2021م.,Capacity,Health Region,NO,YES,28,11,14,15,18,0,2,,بعض المؤشرات المختارة عن خدمات مستشفيات وزارة الصحة سرير المنطقة الصحية م
2021,statistical-yearbook-2021-chapter-IV-health-activities.xlsx,24,Health Activities,بعض المؤشرات المختارة عن خدمات مستشفيات الصحة النفسية والرعاية المديدة والتأهيل بوزارة الصحة حسب المنطقة الصحية عام 2021م.,Capacity,Health Region,NO,YES,28,14,4,5,18,0,2,,بعض المؤشرات المختارة عن خدمات مستشفيات الصحة النفسية والرعاية المديدة والتأهيل بوزارة الصحة المنطقة الصحية م
2021,statistical-yearbook-2021-chapter-IV-health-activities.xlsx,25,Health Activities,"Inpatients in Other Governmental Sector Hospitals by Nationality, 2021G",Capacity | Activity,Unknown / National / Other,NO,YES,52,14,15,17,7,4,0,,"inpatients in other governmental sector hospitals by nationality, g"
2021,statistical-yearbook-2021-chapter-IV-health-activities.xlsx,4.22,Health Activities,"Inpatients of the Private Sector by Health Region and Nationality, 2021G",Other,Health Region,NO,YES,25,5,4,5,18,3,0,,"inpatients of the private sector by health region and nationality, g"
2021,statistical-yearbook-2021-chapter-IV-health-activities.xlsx,26,Health Activities,"Inpatients in Health Sectors Hospitals, KSA in the last Five Years",Capacity | Activity,Unknown / National / Other,NO,YES,20,9,5,6,0,2,0,,"inpatients in health sectors hospitals, ksa in the last five years"
2021,statistical-yearbook-2021-chapter-IV-health-activities.xlsx,27,Health Activities,الولادات بمستشفيات وزارة الصحة حسب المنطقة الصحية ونوع الولادة عام 2021م.,Capacity,Health Region,NO,YES,31,13,6,7,18,7,0,,الولادات بمستشفيات وزارة الصحة المنطقة الصحية ونوع الولادة م
2021,statistical-yearbook-2021-chapter-IV-health-activities.xlsx,28,Health Activities,"Deliveries at Other Governmental Sector Hospitals by Type of Delivery , 2021G",Capacity,Unknown / National / Other,NO,YES,48,12,15,16,6,7,0,,"deliveries at other governmental sector hospitals by type of delivery , g"
2021,statistical-yearbook-2021-chapter-IV-health-activities.xlsx,29,Health Activities,المنطقة الصحية,Other,Health Region,NO,YES,32,12,4,5,18,3,0,,المنطقة الصحية
2021,statistical-yearbook-2021-chapter-IV-health-activities.xlsx,30,Health Activities,"Surgical Interventions at MoH Hospitals by Health Region and Hospital Sections, 2021G.",Capacity | Activity,Health Region,NO,YES,86,61,7,8,20,4,0,,"surgical interventions at moh hospitals by health region and hospital sections, g"
2021,statistical-yearbook-2021-chapter-IV-health-activities.xlsx,31,Health Activities,"Surgical Interventions at Other Governmental Sector Hospitals by Section, 2021G",Capacity | Activity,Unknown / National / Other,NO,YES,122,59,7,8,5,4,0,,"surgical interventions at other governmental sector hospitals by section, g"
2021,statistical-yearbook-2021-chapter-IV-health-activities.xlsx,4-32,Health Activities,"Surgical Interventions in the Private Sector by Health Region and Hospital Sections, 2020G.",Capacity | Activity,Health Region,NO,YES,85,61,7,8,20,4,0,,"surgical interventions in the private sector by health region and hospital sections, g"
2021,statistical-yearbook-2021-chapter-IV-health-activities.xlsx,32ملغى,Health Activities,جراحات اليوم الواحد بوزارة الصحة حسب المنطقة الصحية لعام 2020م.,Activity,Health Region,NO,YES,35,29,4,6,18,2,2,,جراحات اليوم الواحد بوزارة الصحة المنطقة الصحية م
2021,statistical-yearbook-2021-chapter-IV-health-activities.xlsx,32,Health Activities,"Main Activities and Services at King Khaled Eye Specialist Hospital, in the last Five Years",Capacity | Activity,Unknown / National / Other,NO,YES,24,14,14,15,1,4,0,,"main activities and services at king khaled eye specialist hospital, in the last five years"
2021,statistical-yearbook-2021-chapter-IV-health-activities.xlsx,33,Health Activities,"Cases of Malignant Tumours Registered at King Faisal Specialist Hospital and Research Center by Site and Sex, 2021G.",Capacity,Unknown / National / Other,NO,YES,26,16,8,9,4,2,2,,"cases of malignant tumours registered at king faisal specialist hospital and research center by site and sex, g"
2021,statistical-yearbook-2021-chapter-IV-health-activities.xlsx,34,Health Activities,"Cases of Tumours among Children Referred to King Faisal Specialist Hospital by Site, 2021G.",Capacity,Unknown / National / Other,NO,YES,21,10,5,6,2,2,2,,"cases of tumours among children referred to king faisal specialist hospital by site, g"
2021,statistical-yearbook-2021-chapter-IV-health-activities.xlsx,35,Health Activities,"Renal Dialysis Centers and Patients by Health Sectors, 2021G.",Other,Unknown / National / Other,NO,YES,14,6,4,5,0,2,0,,"renal dialysis centers and patients by health sectors, g"
2021,statistical-yearbook-2021-chapter-IV-health-activities.xlsx,36,Health Activities,"Haemodialysis Patients by Health Sector , Sex and Nationality, 2021G.",Capacity,Unknown / National / Other,NO,YES,27,9,10,11,0,2,0,,"haemodialysis patients by health sector , sex and nationality, g"
2021,statistical-yearbook-2021-chapter-IV-health-activities.xlsx,37,Health Activities,المنطقة الصحية,Other,Health Region,NO,YES,47,11,7,8,21,4,0,,المنطقة الصحية
2021,statistical-yearbook-2021-chapter-IV-health-activities.xlsx,38,Health Activities,"Post-Amputation Encounters to Medical Rehabilitation Centers& Departments at MoH Facilities by Sex, Nationality and Cause of Injury, 2021G.",Other,Unknown / National / Other,NO,YES,14,49,12,13,0,4,0,,"post-amputation encounters to medical rehabilitation centers& departments at moh facilities by sex, nationality and cause of injury, g"
2021,statistical-yearbook-2021-chapter-IV-health-activities.xlsx,39,Health Activities,King Faisal Specialist Hospital,Capacity,Unknown / National / Other,NO,YES,57,19,5,6,7,4,1,,king faisal specialist hospital
2021,statistical-yearbook-2021-chapter-IV-health-activities.xlsx,40,Health Activities,Table 4-40,Workforce,Unknown / National / Other,NO,YES,33,30,7,8,0,3,2,,-
2021,statistical-yearbook-2021-chapter-IV-health-activities.xlsx,41,Health Activities,الفحوص المخبرية وعدد مرضى الفحوص الشعاعية بمراكز الرعاية الصحية الأولية بوزارة الصحة حسب المنطقة الصحية عام 2021م.,Capacity,Health Region,NO,YES,37,4,4,5,18,2,0,,الفحوص المخبرية وعدد مرضى الفحوص الشعاعية بمراكز الرعاية الصحية الأولية بوزارة الصحة المنطقة الصحية م
2021,statistical-yearbook-2021-chapter-IV-health-activities.xlsx,42,Health Activities,الفحوص المخبرية وعدد مرضى الفحوص الشعاعية بمستشفيات وزارة الصحة حسب المنطقة الصحية عام 2021م.,Capacity,Health Region,NO,YES,32,7,4,5,18,2,0,,الفحوص المخبرية وعدد مرضى الفحوص الشعاعية بمستشفيات وزارة الصحة المنطقة الصحية م
2021,statistical-yearbook-2021-chapter-IV-health-activities.xlsx,43,Health Activities,"Laboratory investigations in MoH Hospitals by Health Region and Type of investigations, 2020G.",Capacity,Health Region,NO,YES,46,41,4,8,34,5,0,,"laboratory investigations in moh hospitals by health region and type of investigations, g"
2021,statistical-yearbook-2021-chapter-IV-health-activities.xlsx,44,Health Activities,"Laboratory Investigations and Number of Radiology & Physiotherapy patients at MoH Facilities, in the last Five Years",Activity,Unknown / National / Other,NO,YES,20,12,4,5,0,0,0,,"laboratory investigations and number of radiology & physiotherapy patients at moh facilities, in the last five years"
2021,statistical-yearbook-2021-chapter-IV-health-activities.xlsx,45,Health Activities,King Faisal Specialist Hospital,Capacity,Unknown / National / Other,NO,YES,78,14,15,16,10,2,0,,king faisal specialist hospital
2021,statistical-yearbook-2021-chapter-IV-health-activities.xlsx,4.50,Health Activities,"Laboratory Investigations and Radiology patients in the Private Sector by Health Region, 2021G.",Other,Health Region,NO,YES,32,5,4,5,18,2,0,,"laboratory investigations and radiology patients in the private sector by health region, g"
2021,statistical-yearbook-2021-chapter-IV-health-activities.xlsx,46,Health Activities,أعداد العينات والاختبارات التي أجريت بمراكز مراقبة السموم والكيمياء الطبية الشرعية بوزارة الصحة حسب المنطقة الصحية لعام 2021م.,Other,Health Region,NO,YES,16,34,15,,10,3,0,,أعداد العينات والاختبارات التي أجريت بمراكز مراقبة السموم والكيمياء الطبية الشرعية بوزارة الصحة المنطقة الصحية م
2021,statistical-yearbook-2021-chapter-IV-health-activities.xlsx,47,Health Activities,أنشطة بنوك الدم بوزارة الصحة حسب المنطقة الصحية عام 2021م.,Activity,Health Region,NO,YES,31,8,4,5,18,3,0,,أنشطة بنوك الدم بوزارة الصحة المنطقة الصحية م
2021,statistical-yearbook-2021-chapter-IV-health-activities.xlsx,48,Health Activities,Table 4-48,Activity,Unknown / National / Other,NO,YES,9,23,4,5,0,0,0,,-
2021,statistical-yearbook-2021-chapter-IV-health-activities.xlsx,49,Health Activities,King Faisal Specialist Hospital,Capacity | Activity,Unknown / National / Other,NO,YES,50,12,13,17,6,2,0,,king faisal specialist hospital
2021,statistical-yearbook-2021-chapter-IV-health-activities.xlsx,50,Health Activities,الحالات المعروضة على مراكز الطب الشرعي بوزارة الصحة حسب المنطقة الصحية وطبيعة الفحص الطبي الشرعي لعام 2021,Other,Health Region,NO,YES,28,8,4,5,18,6,0,2021,الحالات المعروضة على مراكز الطب الشرعي بوزارة الصحة المنطقة الصحية وطبيعة الفحص الطبي الشرعي
2021,statistical-yearbook-2021-chapter-IV-health-activities.xlsx,51,Health Activities,Number of Medico Legal Committees and Number of Referred Medical Malpractice Cases by Health Region in 2021G.,Other,Health Region,NO,YES,24,13,4,6,17,4,0,,number of medico legal committees and number of referred medical malpractice cases by health region in g
2021,statistical-yearbook-2021-chapter-IV-health-activities.xlsx,52,Health Activities,"Distribution of Resolutions of Medical Malpractice Death Cases Issued by the Medico Legal Committees according to Convictions, 2021G.",Other,Health Region,NO,YES,23,14,4,5,17,3,0,,"distribution of resolutions of medical malpractice death cases issued by the medico legal committees according to convictions, g"
2021,statistical-yearbook-2021-chapter-IV-health-activities.xlsx,53,Health Activities,الحالات التي تمت إحالتها إلى المستشفيات الحكومية العامة أو التخصصية حسب المنطقة المحيلة والمستقبلة عام 2021م.,Capacity,Health Region,NO,YES,29,46,5,6,36,4,1,,الحالات التي تمت إحالتها إلى المستشفيات الحكومية ا ة أو التخصصية المنطقة المحيلة والمستقبلة م
2021,statistical-yearbook-2021-chapter-IV-health-activities.xlsx,54,Health Activities,Table 4-54,Activity,Unknown / National / Other,NO,YES,26,30,4,5,0,4,0,,-
2021,statistical-yearbook-2021-chapter-IV-health-activities.xlsx,55,Health Activities,"Cases Referred to Social Service Departements at MOH Hospitals , According to Cause of Social Investigation and Sex, 2021G.",Capacity | Activity,Unknown / National / Other,NO,YES,13,7,4,5,0,1,0,,"cases referred to social service departements at moh hospitals , according to cause of social investigation and sex, g"
2021,statistical-yearbook-2021-chapter-IV-health-activities.xlsx,56,Health Activities,عدد الوجبات التقريبي لمستحقي التغذية في مستشفيات وزارة الصحة حسب المنطقة الصحية لعام 2021م.,Capacity | Workforce,Health Region,NO,YES,28,20,4,5,18,4,1,,عدد الوجبات التقريبي لمستحقي التغذية في مستشفيات وزارة الصحة المنطقة الصحية م
2021,statistical-yearbook-2021-chapter-IV-health-activities.xlsx,57,Health Activities,عدد المستشفيات المنفذة لبرنامج الرعاية الصحية المنزلية بوزارة الصحة والعاملين وعدد المستفيدين حسب المنطقة الصحية لعام 2021م,Capacity,Health Region,NO,YES,27,23,4,5,18,2,0,2021,عدد المستشفيات المنفذة لبرنامج الرعاية الصحية المنزلية بوزارة الصحة وا لين وعدد المستفيدين المنطقة الصحية م
2021,statistical-yearbook-2021-chapter-IV-health-activities.xlsx,58,Health Activities,Table 4-58,Other,Unknown / National / Other,NO,YES,16,14,4,5,0,0,0,,-
2021,statistical-yearbook-2021-chapter-IV-health-activities.xlsx,59,Health Activities,Table 4-59,Other,Unknown / National / Other,NO,YES,15,4,14,,0,2,0,,-
2021,statistical-yearbook-2021-chapter-IV-health-activities.xlsx,60,Health Activities,"Resources and Activities of Telemedicine at MoH by Health Regions, 2021G",Capacity | Activity,Health Region,NO,YES,29,9,6,7,19,3,1,,"resources and activities of telemedicine at moh by health regions, g"
2021,statistical-yearbook-2021-chapter-IV-health-activities.xlsx,61,Health Activities,"School Health Services by Type of Service and Health Region, 2021G",Other,Health Region,NO,YES,27,6,6,7,19,2,0,,"school health services by type of service and health region, g"
2021,statistical-yearbook-2021-chapter-IV-health-activities.xlsx,مؤشرات أداء الصحة,Health Activities,,Other,Unknown / National / Other,NO,NO,1,1,,,0,0,0,,
2021,statistical-yearbook-2021-chapter-IV-health-activities.xlsx,fig1,Health Activities,العيادات الخارجية – متوسط وقت الانتظار للموعد (بالايام),Activity,Unknown / National / Other,NO,YES,48,25,9,10,0,0,0,2021,العيادات الخارجية - متوسط وقت الانتظار للموعد بالايام
2021,statistical-yearbook-2021-chapter-IV-health-activities.xlsx,fig2,Health Activities,قسم الطوارئ – نسبة المرضى الذين انهيت اجراءاتهم خلال 4 ساعات,Activity,Unknown / National / Other,NO,YES,41,26,8,9,0,0,0,2021,قسم الطوارئ - نسبة المرضى الذين انهيت اجراءاتهم خلال ساعات
2021,statistical-yearbook-2021-chapter-IV-health-activities.xlsx,fig3,Health Activities,متوسط مدة الإقامة للمرضى داخل المستشفى (بالأيام),Capacity,Unknown / National / Other,NO,YES,45,26,7,8,0,0,0,2021,متوسط مدة الإقامة للمرضى داخل المستشفى بالأيام
2021,statistical-yearbook-2021-chapter-IV-health-activities.xlsx,fig4,Health Activities,Critical Care Average Length of Stay (in days),Other,Unknown / National / Other,NO,YES,42,26,5,6,0,0,0,2021,critical care average length of stay in days
2021,statistical-yearbook-2021-chapter-IV-health-activities.xlsx,fig5,Health Activities,غرفة العمليات – متوسط وقت انتظار الجراحة (بالأيام),Activity,Unknown / National / Other,NO,YES,46,26,6,7,0,0,0,2021,غرفة العمليات - متوسط وقت انتظار الجراحة بالأيام
2021,statistical-yearbook-2021-chapter-IV-health-activities.xlsx,fig6,Health Activities,Radiology Machines Utilization Rate (%),Other,Unknown / National / Other,NO,YES,44,26,7,8,0,0,0,2021,radiology machines utilization rate %
2021,statistical-yearbook-2021-chapter-IV-health-activities.xlsx,fig7,Health Activities,الفترة الزمنية بين طلب وإجراء أشعة الرنين المغناطيسي والتصوير المقطعي (بالساعات),Other,Unknown / National / Other,NO,YES,54,26,15,,0,0,0,2021,الفترة الزمنية بين طلب وإجراء أشعة الرنين المغناطيسي والتصوير المقطعي بالساعات
2023,Statistical-Yearbook-2023.xlsx,فهرس الباب الأول,Unknown / Other,"Estimated (2010-2021G) Population By Administrative Regions, Based on (2022G) Census.",Population,Health Region,YES,NO,28,38,2,3,0,1,2,"2021, 2022, 2023","estimated - g population by administrative regions, based on g census"
2023,Statistical-Yearbook-2023.xlsx,1,Unknown / Other,Crude Birth Rate /1000 Population,Population,Unknown / National / Other,NO,YES,22,14,6,7,0,2,2,"2022, 2023",crude birth rate population
2023,Statistical-Yearbook-2023.xlsx,2,Unknown / Other,"Population By Health Regions and Nationality, 2022G.",Population,Health Region,NO,YES,33,16,4,6,15,3,2,,"population by health regions and nationality, g"
2023,Statistical-Yearbook-2023.xlsx,3,Unknown / Other,"Population by Nationality, Gender, and Age groups, 2022G",Population,Unknown / National / Other,NO,YES,50,21,5,6,0,5,2,,"population by nationality, gender, and age groups, g"
2023,Statistical-Yearbook-2023.xlsx,4,Unknown / Other,The indicators of previous years have been recalculated in the statistical yearbook based on the adjustment of the population received from the General Authority for Statistics,Population,Health Region,NO,YES,35,17,15,16,20,2,2,"2021, 2022",the indicators of previous years have been recalculated in the statistical yearbook based on the adjustment of the population received from the general authority for statistics
2023,Statistical-Yearbook-2023.xlsx,5,Unknown / Other,Table 1-5,Other,Unknown / National / Other,NO,YES,18,7,5,6,0,1,2,"2021, 2022",-
2023,Statistical-Yearbook-2023.xlsx,6,Unknown / Other,Crude Death Rate /1000 Population,Population,Unknown / National / Other,NO,YES,11,12,4,5,0,0,0,,crude death rate population
2023,Statistical-Yearbook-2023.xlsx,7,Unknown / Other,تم إعادة حساب مؤشرات الأعوام السابقة بناء على تعديل أعداد السكان الواردة من الهيئة العامة للإحصاء,Population,Unknown / National / Other,NO,YES,23,6,5,6,0,0,2,"2021, 2022, 2023",تم إعادة حساب مؤشرات الأعوام السابقة بناء على تعديل أعداد السكان الواردة من الهيئة ا ة للإحصاء
2023,Statistical-Yearbook-2023.xlsx,8,Unknown / Other,Table 1-8,Other,Unknown / National / Other,NO,YES,23,5,7,8,0,1,2,"2021, 2022, 2023",-
2023,Statistical-Yearbook-2023.xlsx,9,Unknown / Other,"Health Resources Indicators (per 10,000 population) in the Last Five Years",Population | Capacity | Workforce,Unknown / National / Other,NO,YES,18,10,4,5,0,0,1,,"health resources indicators per , population in the last five years"
2023,Statistical-Yearbook-2023.xlsx,10,Unknown / Other,مؤشرات مختارة عن الموارد المتاحة بمستشفيات وزارة الصحة حسب المنطقة الصحية لعام 2023 م,Capacity | Workforce,Health Region,NO,YES,32,8,4,5,19,0,1,2023,مؤشرات مختارة عن الموارد المتاحة بمستشفيات وزارة الصحة المنطقة الصحية م
2023,Statistical-Yearbook-2023.xlsx,11,Unknown / Other,Table 1-11,Other,Unknown / National / Other,NO,YES,13,12,4,5,0,0,0,,-
2023,Statistical-Yearbook-2023.xlsx,12,Unknown / Other,"Incidence Rate of Some Immunization Targeted Diseases (per 100,000 population) in the Last Five Years",Population,Unknown / National / Other,NO,YES,14,12,4,5,0,0,0,,"incidence rate of some immunization targeted diseases per , population in the last five years"
2023,Statistical-Yearbook-2023.xlsx,13,Unknown / Other,Proportion of health facilities that have a core set of relevant essential medicines available and affordable on a sustainable basis,Population | Capacity,Unknown / National / Other,NO,YES,28,9,4,5,0,0,2,"2021, 2022, 2023",proportion of health facilities that have a core set of relevant essential medicines available and affordable on a sustainable basis
2023,Statistical-Yearbook-2023.xlsx,فهرس الباب الثاني,Unknown / Other,"Physicians and Dentists in the Other Governmental Sector by Gender, Nationality, Speciality and Professional Categories, 2023G",Population | Capacity | Workforce,Health Region,YES,NO,108,38,2,3,0,0,1,,"physicians and dentists in the other governmental sector by gender, nationality, speciality and professional categories, g"
2023,Statistical-Yearbook-2023.xlsx,1.,Unknown / Other,الميزانية المخصصة لوزارة الصحة ( بمليارات الريالات) في الأعوام الخمسة الأخيرة بالنسبة للميزانية العامة للدولة,Other,Unknown / National / Other,NO,YES,21,4,5,6,0,2,0,"2021, 2022, 2023",الميزانية المخصصة لوزارة الصحة بمليارات الريالات في الأعوام الخمسة الأخيرة بالنسبة للميزانية ا ة للدولة
2023,Statistical-Yearbook-2023.xlsx,2.,Unknown / Other,المستشفيات والأسرة بالقطاعات الصحية بالمملكة حسب الجهة ومعدل الأسرة لكل عشرة آلاف من السكان في الأعوام الخمسة الأخيرة,Population | Capacity,Unknown / National / Other,NO,YES,17,29,6,7,0,2,0,,المستشفيات والأسرة بالقطاعات الصحية بالمملكة الجهة ومعدل الأسرة لكل عشرة آلاف من السكان في الأعوام الخمسة الأخيرة
2023,Statistical-Yearbook-2023.xlsx,3.,Unknown / Other,المستشفيات والأسرة بالقطاعات الصحية بالمملكة حسب المنطقة الصحية 2023م,Capacity,Health Region,NO,YES,29,12,7,8,19,4,0,,المستشفيات والأسرة بالقطاعات الصحية بالمملكة المنطقة الصحية م
2023,Statistical-Yearbook-2023.xlsx,4.,Unknown / Other,Health Manpower in KSA Health Sectors in the Last Five Years,Workforce,Unknown / National / Other,NO,YES,38,26,5,6,0,6,0,,health manpower in ksa health sectors in the last five years
2023,Statistical-Yearbook-2023.xlsx,5.,Unknown / Other,"Physicians and Dentists in KSA Health Sectors by Speciality and Professional Categories, 2023G",Workforce | Activity,Unknown / National / Other,NO,YES,49,18,7,8,0,9,0,,"physicians and dentists in ksa health sectors by speciality and professional categories, g"
2023,Statistical-Yearbook-2023.xlsx,6.,Unknown / Other,"Health Manpower in KSA Health Sectors by Category, Sex and Nationality, 2023G",Workforce,Unknown / National / Other,NO,YES,31,21,14,15,2,28,0,,"health manpower in ksa health sectors by category, sex and nationality, g"
2023,Statistical-Yearbook-2023.xlsx,7.,Unknown / Other,"Physicians and Dentists in MoH by Gender, Nationality, Speciality and Professional Categories, 2023G",Workforce | Activity,Unknown / National / Other,NO,YES,43,22,6,7,0,4,0,,"physicians and dentists in moh by gender, nationality, speciality and professional categories, g"
2023,Statistical-Yearbook-2023.xlsx,8.,Unknown / Other,"Physicians and Dentists in the Other Governmental Sector by Gender, Nationality, Speciality and Professional Categories, 2023G",Workforce | Activity,Unknown / National / Other,NO,YES,43,22,6,7,0,4,0,,"physicians and dentists in the other governmental sector by gender, nationality, speciality and professional categories, g"
2023,Statistical-Yearbook-2023.xlsx,9.,Unknown / Other,"Physicians and Dentists in the Private Sector by Gender, Nationality, Speciality and Professional Categories, 2023G",Workforce | Activity,Unknown / National / Other,NO,YES,46,24,6,7,0,4,0,,"physicians and dentists in the private sector by gender, nationality, speciality and professional categories, g"
2023,Statistical-Yearbook-2023.xlsx,10.,Unknown / Other,"Physicians and Dentists in KSA Health Sectors by Gender, Nationality, Speciality and Professional Categories, 2023G",Workforce | Activity,Unknown / National / Other,NO,YES,46,24,15,16,0,4,0,,"physicians and dentists in ksa health sectors by gender, nationality, speciality and professional categories, g"
2023,Statistical-Yearbook-2023.xlsx,11.,Unknown / Other,المرافق الصحية بوزارة الصحة حسب المنطقة الصحية عام 2023م,Capacity,Health Region,NO,YES,43,21,4,5,19,1,0,,المرافق الصحية بوزارة الصحة المنطقة الصحية م
2023,Statistical-Yearbook-2023.xlsx,12.,Unknown / Other,القوى العاملة الصحية بوزارة الصحة حسب المنطقة الصحية والفئة والجنس والجنسية عام 2023م,Workforce,Health Region,NO,YES,176,21,14,15,9,36,0,,القوى ا لة الصحية بوزارة الصحة المنطقة الصحية والفئة والجنس والجنسية م
2023,Statistical-Yearbook-2023.xlsx,13.,Unknown / Other,Health Manpower in MoH by Nationality in the Last Five Years,Workforce,Unknown / National / Other,NO,YES,29,19,12,13,0,18,0,,health manpower in moh by nationality in the last five years
2023,Statistical-Yearbook-2023.xlsx,14,Unknown / Other,"Allied Health Personnel by Speciality, Nationality & Sex, 2023G",Activity,Unknown / National / Other,NO,YES,29,10,5,6,0,4,0,,"allied health personnel by speciality, nationality & sex, g"
2023,Statistical-Yearbook-2023.xlsx,15,Unknown / Other,القابلات بمرافق وزارة الصحة حسب المنطقة الصحية عام 2023م,Capacity,Health Region,NO,YES,32,14,7,8,19,12,2,,القابلات بمرافق وزارة الصحة المنطقة الصحية م
2023,Statistical-Yearbook-2023.xlsx,16,Unknown / Other,المستشفيات والأسرة بوزارة الصحة حسب المنطقة الصحية في الأعوام الخمسة الأخيرة,Capacity,Health Region,NO,YES,30,24,5,6,19,2,0,,المستشفيات والأسرة بوزارة الصحة المنطقة الصحية في الأعوام الخمسة الأخيرة
2023,Statistical-Yearbook-2023.xlsx,17,Unknown / Other,مستشفيات وزارة الصحة وعدد الأسرة حسب المنطقة الصحية والتخصص لعام 2023م,Capacity,Health Region,NO,YES,34,20,7,8,19,5,0,,مستشفيات وزارة الصحة وعدد الأسرة المنطقة الصحية والتخصص م
2023,Statistical-Yearbook-2023.xlsx,18,Unknown / Other,مستشفيات وزارة الصحة حسب السعة السريرية والمنطقة الصحية للعام 2023م,Capacity,Health Region,NO,YES,29,19,5,6,19,3,0,,مستشفيات وزارة الصحة السعة السريرية والمنطقة الصحية ل م
2023,Statistical-Yearbook-2023.xlsx,19,Unknown / Other,الأسرة بمستشفيات وزارة الصحة حسب المنطقة الصحية والتخصص لعام 2023م,Capacity | Activity,Health Region,NO,YES,77,38,4,5,19,4,0,,الأسرة بمستشفيات وزارة الصحة المنطقة الصحية والتخصص م
2023,Statistical-Yearbook-2023.xlsx,20,Unknown / Other,أسرة العناية المركزة بمستشفيات وزارة الصحة حسب المنطقة الصحية لعام 2023م,Capacity,Health Region,NO,YES,29,19,7,8,18,4,0,,أسرة العناية المركزة بمستشفيات وزارة الصحة المنطقة الصحية م
2023,Statistical-Yearbook-2023.xlsx,21,Unknown / Other,أسرة الطوارئ بمستشفيات وزارة الصحة حسب المنطقة الصحية لعام 2023م,Capacity | Activity,Health Region,NO,YES,27,12,4,5,18,4,0,,أسرة الطوارئ بمستشفيات وزارة الصحة المنطقة الصحية م
2023,Statistical-Yearbook-2023.xlsx,22,Unknown / Other,"Health Manpower in MoH Hospitals by Nationality, in the last Five Years",Capacity | Workforce,Unknown / National / Other,NO,YES,78,19,12,13,0,18,0,,"health manpower in moh hospitals by nationality, in the last five years"
2023,Statistical-Yearbook-2023.xlsx,23,Unknown / Other,القوى العاملة الصحية بمستشفيات وزارة الصحة حسب المنطقة الصحية والفئة والجنس والجنسية عام 2023م,Capacity | Workforce,Health Region,NO,YES,176,21,14,15,9,36,0,,القوى ا لة الصحية بمستشفيات وزارة الصحة المنطقة الصحية والفئة والجنس والجنسية م
2023,Statistical-Yearbook-2023.xlsx,24,Unknown / Other,"Physicians and Dentists, MoH Hospitals by Speciality, Professional Categories and Health Region, 2023G.",Capacity | Workforce | Activity,Health Region,NO,YES,131,75,7,8,8,14,0,,"physicians and dentists, moh hospitals by speciality, professional categories and health region, g"
2023,Statistical-Yearbook-2023.xlsx,25,Unknown / Other,مراكز الرعاية الصحية الأولية بوزارة الصحة حسب المنطقة الصحية في الأعوام الخمسة الأخيرة,Capacity,Health Region,NO,YES,31,11,4,5,19,2,0,,مراكز الرعاية الصحية الأولية بوزارة الصحة المنطقة الصحية في الأعوام الخمسة الأخيرة
2023,Statistical-Yearbook-2023.xlsx,26,Unknown / Other,"Health Manpower in Primary Health Care Centers, MoH, in the last Five Years",Capacity | Workforce,Unknown / National / Other,NO,YES,29,19,12,13,0,18,0,,"health manpower in primary health care centers, moh, in the last five years"
2023,Statistical-Yearbook-2023.xlsx,27,Unknown / Other,"Physicians and Dentists in MoH Primary Health Care Centers by Speciality and Nationality, in the last Five Years",Capacity | Workforce,Unknown / National / Other,NO,YES,34,9,4,5,0,15,0,2022,"physicians and dentists in moh primary health care centers by speciality and nationality, in the last five years"
2023,Statistical-Yearbook-2023.xlsx,28,Unknown / Other,القوى العاملة الصحية بمراكز الرعاية الصحية الأولية بوزارة الصحة حسب المنطقة الصحية والفئة والجنس والجنسية عام 2023م,Capacity | Workforce,Health Region,NO,YES,176,21,14,15,10,36,0,,القوى ا لة الصحية بمراكز الرعاية الصحية الأولية بوزارة الصحة المنطقة الصحية والفئة والجنس والجنسية م
2023,Statistical-Yearbook-2023.xlsx,29,Unknown / Other,الأطباء بمراكز الرعاية الصحية الأولية بوزارة الصحة حسب التخصصات الرئيسية والجنسية والجنس والمنطقة الصحية عام 2023م.,Capacity | Workforce,Health Region,NO,YES,158,21,13,14,9,36,0,,الأطباء بمراكز الرعاية الصحية الأولية بوزارة الصحة التخصصات الرئيسية والجنسية والجنس والمنطقة الصحية م
2023,Statistical-Yearbook-2023.xlsx,30,Unknown / Other,"Hospital Beds in Other Governmental Sector by Speciality, 2023G.",Capacity | Activity,Unknown / National / Other,NO,YES,15,37,4,5,0,4,0,,"hospital beds in other governmental sector by speciality, g"
2023,Statistical-Yearbook-2023.xlsx,31,Unknown / Other,"Health Manpower in Other Governmental Sector by Category,Sex and Nationality, 2023G.",Capacity | Workforce,Unknown / National / Other,NO,YES,120,28,14,15,1,36,1,,"health manpower in other governmental sector by category,sex and nationality, g"
2023,Statistical-Yearbook-2023.xlsx,32,Unknown / Other,"Physicians & Dentists in Other Governmental Sector by Speciality and Nationality, 2023G.",Capacity | Workforce | Activity,Unknown / National / Other,NO,YES,130,24,7,8,0,10,0,,"physicians & dentists in other governmental sector by speciality and nationality, g"
2023,Statistical-Yearbook-2023.xlsx,33,Unknown / Other,"Health Manpower in the Other Governmental Sector by Nationality, in the last Five Years",Workforce,Unknown / National / Other,NO,YES,78,19,12,13,0,18,0,,"health manpower in the other governmental sector by nationality, in the last five years"
2023,Statistical-Yearbook-2023.xlsx,34,Unknown / Other,"Private Sector Hospitals, Medical Complexes, Beds and Other Medical Facilities by Health Region, 2023G.",Capacity | Workforce,Health Region,NO,YES,31,29,4,7,19,2,0,,"private sector hospitals, medical complexes, beds and other medical facilities by health region, g"
2023,Statistical-Yearbook-2023.xlsx,35,Unknown / Other,المستشفيات والأسرة والمجمعات الطبية بالقطاع الخاص حسب المنطقة الصحية في الأعوام الخمسة الأخيرة,Capacity,Health Region,NO,YES,29,28,5,7,19,2,0,,المستشفيات والأسرة والمجمعات الطبية بالقطاع الخاص المنطقة الصحية في الأعوام الخمسة الأخيرة
2023,Statistical-Yearbook-2023.xlsx,36,Unknown / Other,"Hospital Beds at Private Sector by Health Region and Speciality , 2023G.",Capacity | Activity,Health Region,NO,YES,20,40,4,5,15,4,0,,"hospital beds at private sector by health region and speciality , g"
2023,Statistical-Yearbook-2023.xlsx,37,Unknown / Other,"Single Doctor Private Clinics by Health Region and Speciality, 2023G.",Workforce | Activity,Health Region,NO,YES,17,37,4,5,7,4,0,,"single doctor private clinics by health region and speciality, g"
2023,Statistical-Yearbook-2023.xlsx,38,Unknown / Other,Health Manpower at Private Sector in the last Five Years,Workforce,Unknown / National / Other,NO,YES,78,16,12,13,0,18,0,,health manpower at private sector in the last five years
2023,Statistical-Yearbook-2023.xlsx,39,Unknown / Other,"Health Manpower in the Private Sector by Health Region,Category,Sex and Nationality, 2023G",Workforce,Health Region,NO,YES,181,24,14,15,9,36,0,,"health manpower in the private sector by health region,category,sex and nationality, g"
2023,Statistical-Yearbook-2023.xlsx,40,Unknown / Other,"Health Manpower in Private Sector Hospitals by Health Region,Category,Sex and Nationality, 2023G",Capacity | Workforce,Health Region,NO,YES,178,17,14,15,9,36,0,,"health manpower in private sector hospitals by health region,category,sex and nationality, g"
2023,Statistical-Yearbook-2023.xlsx,41,Unknown / Other,"Health Manpower in Private Sector Medical Complexes by Health Region, Category, Sex and Nationality, 2023G",Workforce,Health Region,NO,YES,176,16,14,15,9,36,0,,"health manpower in private sector medical complexes by health region, category, sex and nationality, g"
2023,Statistical-Yearbook-2023.xlsx,42,Unknown / Other,"Physicians and Dentists in the Private Sector by Speciality, Professional Categories and Health Region, 2023G.",Workforce | Activity,Health Region,NO,YES,131,31,7,8,6,14,0,,"physicians and dentists in the private sector by speciality, professional categories and health region, g"
2023,Statistical-Yearbook-2023.xlsx,43,Unknown / Other,"Health Manpower in Private Health Facilities by Facility Classification, Sex and Nationality, 2023G.",Capacity | Workforce,Unknown / National / Other,NO,YES,31,32,7,8,0,30,0,,"health manpower in private health facilities by facility classification, sex and nationality, g"
2023,Statistical-Yearbook-2023.xlsx,44,Unknown / Other,Preventive Medicine & Public Health,Capacity | Workforce | Activity,Unknown / National / Other,NO,YES,70,10,4,5,0,0,0,,preventive medicine & public health
2023,Statistical-Yearbook-2023.xlsx,45,Unknown / Other,Preventive Medicine & Public Health,Workforce | Activity,Unknown / National / Other,NO,YES,58,10,4,5,0,1,0,,preventive medicine & public health
2023,Statistical-Yearbook-2023.xlsx,46,Unknown / Other,الملتحقون والملتحقات من العاملين بوزارة الصحة ببرامج الايفاد حسب المنطقة الصحية عام 2023م,Other,Health Region,NO,YES,70,7,4,5,19,2,0,,الملتحقون والملتحقات من ا لين بوزارة الصحة ببرامج الايفاد المنطقة الصحية م
2023,Statistical-Yearbook-2023.xlsx,47,Unknown / Other,المنطقة الصحية,Other,Health Region,NO,YES,29,58,14,15,13,4,0,,المنطقة الصحية
2023,Statistical-Yearbook-2023.xlsx,48,Unknown / Other,Basic Train of Trainers(TOT) in Health Care Simulation,Other,Unknown / National / Other,NO,YES,35,4,4,5,0,2,0,,basic train of trainers tot in health care simulation
2023,Statistical-Yearbook-2023.xlsx,49,Unknown / Other,Enrolled Students in health colleges for the academic year 2022-2023G.,Other,Unknown / National / Other,NO,YES,126,7,6,7,12,2,0,2022,enrolled students in health colleges for the academic year - g
2023,Statistical-Yearbook-2023.xlsx,50,Unknown / Other,Graduates in health colleges for the academic year 2021-2022G.,Other,Unknown / National / Other,NO,YES,112,7,6,7,13,2,0,2021,graduates in health colleges for the academic year - g
2023,Statistical-Yearbook-2023.xlsx,51,Unknown / Other,Prince Mohammad Bin Abdulaziz Hospital,Capacity,Health Region,NO,YES,153,10,4,5,2,0,0,"2021, 2022, 2023",prince mohammad bin abdulaziz hospital
2023,Statistical-Yearbook-2023.xlsx,52,Unknown / Other,"Armed Forces Hospital in the military factories, Al-Kharj",Capacity,Health Region,NO,YES,44,31,4,5,22,0,0,"2021, 2022, 2023, 2024","armed forces hospital in the military factories, al-kharj"
2023,Statistical-Yearbook-2023.xlsx,53,Unknown / Other,Dr. Sulaiman Al Habib Hospital for Obstetric and Gynecology,Capacity | Workforce,Health Region,NO,YES,139,84,4,5,8,0,0,"2021, 2022, 2023",dr sulaiman al habib hospital for obstetric and gynecology
2023,Statistical-Yearbook-2023.xlsx,فهرس الباب الثالث,Unknown / Other,"Reported Cases of Notifiable Communicable Diseases by Health Region, 2023G",Other,Health Region,YES,NO,50,39,2,3,0,0,0,"2021, 2023","reported cases of notifiable communicable diseases by health region, g"
2023,Statistical-Yearbook-2023.xlsx,3-1,Unknown / Other,Incidence Rate / 100 000 population,Population,Unknown / National / Other,NO,YES,15,8,6,7,0,0,0,,incidence rate population
2023,Statistical-Yearbook-2023.xlsx,3-2,Unknown / Other,"Reported Cases of Notifiable Infectious Diseases by Health Region, 2023G",Other,Health Region,NO,YES,53,31,4,5,19,2,0,,"reported cases of notifiable infectious diseases by health region, g"
2023,Statistical-Yearbook-2023.xlsx,3-2تكملة,Unknown / Other,"Reported Cases of Notifiable Infectious Diseases by Health Region, 2023G",Other,Health Region,NO,YES,27,37,4,5,19,2,0,2023,"reported cases of notifiable infectious diseases by health region, g"
2023,Statistical-Yearbook-2023.xlsx,3-3,Unknown / Other,Table 3-3,Other,Unknown / National / Other,NO,YES,39,16,4,5,0,2,0,,-
2023,Statistical-Yearbook-2023.xlsx,3-4,Unknown / Other,Table 3-4,Other,Unknown / National / Other,NO,YES,38,10,5,6,0,2,0,,-
2023,Statistical-Yearbook-2023.xlsx,3-5,Unknown / Other,Table 3-5,Other,Unknown / National / Other,NO,YES,220,18,6,7,0,4,0,,-
2023,Statistical-Yearbook-2023.xlsx,3-6,Unknown / Other,"Incidence Rate per 100,000 population",Population,Unknown / National / Other,NO,YES,101,16,6,7,0,0,0,,"incidence rate per , population"
2023,Statistical-Yearbook-2023.xlsx,3-7,Unknown / Other,حالات الدرن الرئوي حسب المنطقة الصحية وفئة العمر عام 2023م,Other,Health Region,NO,YES,38,19,6,7,19,5,0,,حالات الدرن الرئوي المنطقة الصحية وفئة العمر م
2023,Statistical-Yearbook-2023.xlsx,3-8,Unknown / Other,حالات الدرن غير الرئوي حسب المنطقة الصحية وفئة العمر عام 2023م,Other,Health Region,NO,YES,37,19,6,7,19,5,0,,حالات الدرن غير الرئوي المنطقة الصحية وفئة العمر م
2023,Statistical-Yearbook-2023.xlsx,3.9,Unknown / Other,Leprosy Cases by Health Region for the last five years .,Other,Health Region,NO,YES,35,8,4,5,19,2,0,,leprosy cases by health region for the last five years
2023,Statistical-Yearbook-2023.xlsx,3-10,Unknown / Other,"Notified Malaria Cases by Health Region& Type of Parasite, 2023G.",Other,Health Region,NO,YES,30,13,6,7,19,2,0,,"notified malaria cases by health region& type of parasite, g"
2023,Statistical-Yearbook-2023.xlsx,3-11,Unknown / Other,حالات الملاريا المبلغة حسب المنطقة الصحية وفئة العمر عام 2023م.,Other,Health Region,NO,YES,32,15,6,7,19,2,0,,حالات الملاريا المبلغة المنطقة الصحية وفئة العمر م
2023,Statistical-Yearbook-2023.xlsx,3-12,Unknown / Other,حالات الملاريا المبلغة بأماكن التوطن بالمملكة حسب المنطقة الصحية و الشهور عام 2023 م.,Other,Health Region,NO,YES,1005,10,5,6,2,4,0,2023,حالات الملاريا المبلغة بأماكن التوطن بالمملكة المنطقة الصحية و الشهور م
2023,Statistical-Yearbook-2023.xlsx,3-13,Unknown / Other,"Reported Bilharzial Cases by Health Region, Type of Disease, Nationality, Sex and Age Group, 2023G.",Other,Health Region,NO,YES,35,18,6,7,15,4,0,,"reported bilharzial cases by health region, type of disease, nationality, sex and age group, g"
2023,Statistical-Yearbook-2023.xlsx,3-14,Unknown / Other,معدل الانتشار لكل مائة ألف من السكان,Population,Unknown / National / Other,NO,YES,28,24,14,15,0,0,0,"2021, 2022, 2023",معدل الانتشار لكل مائة ألف من السكان
2023,Statistical-Yearbook-2023.xlsx,3-15,Unknown / Other,"Reported Cases of Cutaneous Leishmaniasis by Health Region, Nationality , Sex , Residence and Age Group, 2023G.",Other,Health Region,NO,YES,28,16,5,7,19,2,0,,"reported cases of cutaneous leishmaniasis by health region, nationality , sex , residence and age group, g"
2023,Statistical-Yearbook-2023.xlsx,3-16,Unknown / Other,الإقامة بالمنطقة الصحية Residency,Other,Health Region,NO,YES,20,16,5,6,0,2,0,,الإقامة بالمنطقة الصحية residency
2023,Statistical-Yearbook-2023.xlsx,3-17,Unknown / Other,"Reported Cases of Visceral Leishmaniasis by Health Region, in the last Five Years*",Other,Health Region,NO,YES,17,10,9,10,4,2,0,,"reported cases of visceral leishmaniasis by health region, in the last five years*"
2023,Statistical-Yearbook-2023.xlsx,3-18,Unknown / Other,"Reported Cases of Cutaneous and Visceral Leishmaniasis by Health Region and Nationality, 2022-2023G.",Other,Health Region,NO,YES,54,20,7,8,18,14,0,2022,"reported cases of cutaneous and visceral leishmaniasis by health region and nationality, - g"
2023,Statistical-Yearbook-2023.xlsx,3-19,Unknown / Other,No of visited healthy houses of company workers,Activity,Health Region,NO,YES,29,12,5,6,19,2,1,,no of visited healthy houses of company workers
2023,Statistical-Yearbook-2023.xlsx,3-20,Unknown / Other,مراجعة الشهادات الصحية للعاملين Check up of workers health certificates,Activity,Unknown / National / Other,NO,YES,18,15,4,5,0,0,1,,مراجعة الشهادات الصحية ل لين check up of workers health certificates
2023,Statistical-Yearbook-2023.xlsx,3-21,Unknown / Other,Incidence Rate of environmental health related diseases for the last five years.,Population,Unknown / National / Other,NO,YES,11,8,6,7,0,0,0,,incidence rate of environmental health related diseases for the last five years
2023,Statistical-Yearbook-2023.xlsx,3.22,Unknown / Other,فاشيات الأمراض المنقولة بالغذاء وعدد الحالات المصابة موزعة حسب مصدر الفاشية والجنس والجنسية والفئات العمرية والمنطقة الصحية لعام 2023م.,Other,Health Region,NO,YES,28,17,6,7,19,4,8,,فاشيات الأمراض المنقولة بالغذاء وعدد الحالات المصابة موزعة مصدر الفاشية والجنس والجنسية والفئات العمرية والمنطقة الصحية م
2023,Statistical-Yearbook-2023.xlsx,3-23,Unknown / Other,حالات التسمم الكيميائي والدوائي موزعة حسب الجنس والجنسية والمنطقة الصحية لعام 2023م.,Other,Health Region,NO,YES,28,12,6,7,19,3,0,,حالات التسمم الكيميائي والدوائي موزعة الجنس والجنسية والمنطقة الصحية م
2023,Statistical-Yearbook-2023.xlsx,فهرس الباب الرابع,Unknown / Other,"Patients and Casualties Offered First Aid and Transported by Saudi Red Crescent Authority Ambulances by Administrative Region and Type of Case , 2023G.",Capacity | Activity,Health Region,YES,NO,122,38,2,3,0,1,0,,"patients and casualties offered first aid and transported by saudi red crescent authority ambulances by administrative region and type of case , g"
2023,Statistical-Yearbook-2023.xlsx,1..,Unknown / Other,زيارات واستشارات الرعاية الصحية الأولية بوزارة الصحة حسب المنطقة الصحية عام 2023م.,Other,Health Region,NO,YES,29,15,4,5,19,4,0,,زيارات واستشارات الرعاية الصحية الأولية بوزارة الصحة المنطقة الصحية م
2023,Statistical-Yearbook-2023.xlsx,2..,Unknown / Other,زيارات مراجعي الطوارئ المرضية بمستشفيات وزارة الصحة حسب الجنس والجنسية والمنطقة الصحية عام 2023م.,Capacity | Activity,Health Region,NO,YES,26,12,5,6,19,4,0,,زيارات مراجعي الطوارئ المرضية بمستشفيات وزارة الصحة الجنس والجنسية والمنطقة الصحية م
2023,Statistical-Yearbook-2023.xlsx,3..,Unknown / Other,زيارات مراجعي الطوارئ الجراحية بمستشفيات وزارة الصحة حسب الجنس والجنسية والمنطقة الصحية عام 2023م.,Capacity | Activity,Health Region,NO,YES,27,7,5,6,19,4,0,,زيارات مراجعي الطوارئ الجراحية بمستشفيات وزارة الصحة الجنس والجنسية والمنطقة الصحية م
2023,Statistical-Yearbook-2023.xlsx,4..,Unknown / Other,زيارات مراجعي العيادات الخارجية بمستشفيات وزارة الصحة حسب الجنس والجنسية والمنطقة الصحية عام 2023م.,Capacity | Activity,Health Region,NO,YES,54,13,5,6,19,4,0,,زيارات مراجعي العيادات الخارجية بمستشفيات وزارة الصحة الجنس والجنسية والمنطقة الصحية م
2023,Statistical-Yearbook-2023.xlsx,5..,Unknown / Other,زيارات المراجعين للرعاية الصحية الأولية والعيادات الخارجية بمستشفيات وزارة الصحة حسب المنطقة الصحية عام 2023م,Capacity | Activity,Health Region,NO,YES,29,38,4,5,19,5,0,,زيارات المراجعين للرعاية الصحية الأولية والعيادات الخارجية بمستشفيات وزارة الصحة المنطقة الصحية م
2023,Statistical-Yearbook-2023.xlsx,6..,Unknown / Other,زيارات المراجعين لمراكز الرعاية الصحية الأولية والعيادات الخارجية بمستشفيات وزارة الصحة حسب المنطقة الصحية في الأعوام الخمسة الأخيرة,Capacity | Activity,Health Region,NO,YES,48,25,6,7,19,3,0,"2021, 2022",زيارات المراجعين لمراكز الرعاية الصحية الأولية والعيادات الخارجية بمستشفيات وزارة الصحة المنطقة الصحية في الأعوام الخمسة الأخيرة
2023,Statistical-Yearbook-2023.xlsx,7..,Unknown / Other,"First Aid Centers and Ambulances of the Saudi Red Crescent Authority by Administrative Region, 2023G.",Capacity,Health Region,NO,YES,26,7,6,7,21,2,0,,"first aid centers and ambulances of the saudi red crescent authority by administrative region, g"
2023,Statistical-Yearbook-2023.xlsx,8..,Unknown / Other,"Patients and Casualties Offered First Aid and Transported by Saudi Red Crescent Authority Ambulances by Administrative Region and Type of Case, 2023G.",Capacity,Health Region,NO,YES,21,10,6,7,21,4,0,,"patients and casualties offered first aid and transported by saudi red crescent authority ambulances by administrative region and type of case, g"
2023,Statistical-Yearbook-2023.xlsx,9..,Unknown / Other,Cases Offered First Aid and Transported by Ambulances of Saudi Red Crescent Authority by Administrative Region in the last Five Years,Other,Health Region,NO,YES,32,14,5,6,21,2,0,,cases offered first aid and transported by ambulances of saudi red crescent authority by administrative region in the last five years
2023,Statistical-Yearbook-2023.xlsx,10..,Unknown / Other,"OPD Encounters at Other Governmental Sector Hospitals and Polyclinics by Nationality, 2023G.",Capacity | Activity,Unknown / National / Other,NO,YES,79,15,10,11,1,4,0,,"opd encounters at other governmental sector hospitals and polyclinics by nationality, g"
2023,Statistical-Yearbook-2023.xlsx,11..,Unknown / Other,"Health Services in the Private Sector by Administrative Regions, 2023G",Activity,Health Region,NO,YES,22,13,4,5,21,2,2,,"health services in the private sector by administrative regions, g"
2023,Statistical-Yearbook-2023.xlsx,12..,Unknown / Other,زيارات المراجعين للقطاعات الصحية بالمملكة ومتوسط عدد الزيارات لكل فرد من السكان في الأعوام الخمسة الأخيرة,Population | Activity,Unknown / National / Other,NO,YES,25,9,9,10,0,2,0,,زيارات المراجعين للقطاعات الصحية بالمملكة ومتوسط عدد الزيارات لكل فرد من السكان في الأعوام الخمسة الأخيرة
2023,Statistical-Yearbook-2023.xlsx,13..,Unknown / Other,زيارات المراجعين لعيادات السكرى بمستشفيات وزارة الصحة حسب الجنس والجنسية والمنطقة الصحية عام 2023م.,Capacity | Activity,Health Region,NO,YES,47,13,5,6,19,4,0,,زيارات المراجعين لعيادات السكرى بمستشفيات وزارة الصحة الجنس والجنسية والمنطقة الصحية م
2023,Statistical-Yearbook-2023.xlsx,14..,Unknown / Other,"Complications of pregnancy and child birth, MOH Hospitals, 2023G.",Capacity,Unknown / National / Other,NO,YES,27,5,4,5,0,2,0,,"complications of pregnancy and child birth, moh hospitals, g"
2023,Statistical-Yearbook-2023.xlsx,15..,Unknown / Other,"Outpatients and Inpatients in Mental Health Departments, MOH, According to Main Disease Groups of ICD-10, 2023G.",Activity,Unknown / National / Other,NO,YES,20,10,5,6,0,5,1,,"outpatients and inpatients in mental health departments, moh, according to main disease groups of icd- , g"
2023,Statistical-Yearbook-2023.xlsx,16..,Unknown / Other,زيارات المراجعين لعيادات الأسنان بوزارة الصحة حسب الجنس والجنسية والمنطقة الصحية عام 2023م,Activity,Health Region,NO,YES,31,8,4,5,19,2,2,,زيارات المراجعين لعيادات الأسنان بوزارة الصحة الجنس والجنسية والمنطقة الصحية م
2023,Statistical-Yearbook-2023.xlsx,17..,Unknown / Other,الخدمات الرئيسية للأسنان بمراكز طب الأسنان بوزارة الصحة حسب نوع الخدمة والمنطقة الصحية عام 2023م.,Workforce | Activity,Health Region,NO,YES,32,14,4,5,19,4,2,,الخدمات الرئيسية للأسنان بمراكز طب الأسنان بوزارة الصحة نوع الخدمة والمنطقة الصحية م
2023,Statistical-Yearbook-2023.xlsx,18.,Unknown / Other,العمليات الجراحية للفك والأسنان وحالات الخلع بوزارة الصحة حسب المنطقة الصحية عام 2023م.,Activity,Health Region,NO,YES,31,7,4,5,19,3,2,,العمليات الجراحية للفك والأسنان وحالات الخلع بوزارة الصحة المنطقة الصحية م
2023,Statistical-Yearbook-2023.xlsx,19.,Unknown / Other,المنومون بمستشفيات وزارة الصحة حسب المنطقة الصحية والجنسية عام 2023م.,Capacity | Activity,Health Region,NO,YES,32,8,4,5,19,4,2,,المنومون بمستشفيات وزارة الصحة المنطقة الصحية والجنسية م
2023,Statistical-Yearbook-2023.xlsx,20.,Unknown / Other,المرضى المنومون بمستشفيات الرعاية المديدة وأسرة الرعاية المديدة بالمستشفيات العامة بوزارة الصحة حسب المنطقة الصحية عام 2023م.,Capacity | Activity,Health Region,NO,YES,28,10,6,7,19,4,0,,المرضى المنومون بمستشفيات الرعاية المديدة وأسرة الرعاية المديدة بالمستشفيات ا ة بوزارة الصحة المنطقة الصحية م
2023,Statistical-Yearbook-2023.xlsx,21.,Unknown / Other,المؤشرات المختارة عن خدمات مستشفيات وزارة الصحة (100 سرير فأكثر) حسب المنطقة الصحية عام 2023م.,Capacity,Health Region,NO,YES,29,25,5,6,19,0,2,,المؤشرات المختارة عن خدمات مستشفيات وزارة الصحة سرير فأكثر المنطقة الصحية م
2023,Statistical-Yearbook-2023.xlsx,22.,Unknown / Other,بعض المؤشرات المختارة عن خدمات مستشفيات وزارة الصحة (50 سرير) حسب المنطقة الصحية عام 2023م.,Capacity,Health Region,NO,YES,28,9,5,6,19,0,2,,بعض المؤشرات المختارة عن خدمات مستشفيات وزارة الصحة سرير المنطقة الصحية م
2023,Statistical-Yearbook-2023.xlsx,23.,Unknown / Other,بعض المؤشرات المختارة عن خدمات مستشفيات الصحة النفسية والرعاية المديدة والتأهيل بوزارة الصحة حسب المنطقة الصحية عام 2023م.,Capacity,Health Region,NO,YES,37,15,4,5,19,0,2,,بعض المؤشرات المختارة عن خدمات مستشفيات الصحة النفسية والرعاية المديدة والتأهيل بوزارة الصحة المنطقة الصحية م
2023,Statistical-Yearbook-2023.xlsx,24.,Unknown / Other,"Inpatients in Other Governmental Sector Hospitals by Nationality, 2023G",Capacity | Activity,Unknown / National / Other,NO,YES,54,14,15,16,0,4,0,,"inpatients in other governmental sector hospitals by nationality, g"
2023,Statistical-Yearbook-2023.xlsx,25.,Unknown / Other,"Inpatients in Health Sectors Hospitals, KSA in the last Five Years",Capacity | Activity,Unknown / National / Other,NO,YES,20,9,9,10,0,2,0,,"inpatients in health sectors hospitals, ksa in the last five years"
2023,Statistical-Yearbook-2023.xlsx,26.,Unknown / Other,الولادات بمستشفيات وزارة الصحة حسب المنطقة الصحية ونوع الولادة عام 2023م.,Capacity,Health Region,NO,YES,31,14,6,7,19,7,0,,الولادات بمستشفيات وزارة الصحة المنطقة الصحية ونوع الولادة م
2023,Statistical-Yearbook-2023.xlsx,27.,Unknown / Other,"Deliveries at Other Governmental Sector Hospitals by Type of Delivery, 2023G",Capacity,Unknown / National / Other,NO,YES,48,19,15,16,0,7,0,,"deliveries at other governmental sector hospitals by type of delivery, g"
2023,Statistical-Yearbook-2023.xlsx,28.,Unknown / Other,المنطقة الصحية,Other,Health Region,NO,YES,34,9,15,16,19,4,0,,المنطقة الصحية
2023,Statistical-Yearbook-2023.xlsx,29.,Unknown / Other,"Surgical Interventions at MoH Hospitals by Health Region and Hospital Sections, 2023G.",Capacity | Activity,Health Region,NO,YES,70,61,7,8,19,4,0,,"surgical interventions at moh hospitals by health region and hospital sections, g"
2023,Statistical-Yearbook-2023.xlsx,30.,Unknown / Other,"Surgical Interventions at Other Governmental Sector Hospitals by Section, 2023G",Capacity | Activity,Unknown / National / Other,NO,YES,110,59,7,8,0,4,0,,"surgical interventions at other governmental sector hospitals by section, g"
2023,Statistical-Yearbook-2023.xlsx,31.,Unknown / Other,"Main Activities and Services at King Khaled Eye Specialist Hospital, in the last Five Years",Capacity | Activity,Unknown / National / Other,NO,YES,24,12,4,5,1,4,0,,"main activities and services at king khaled eye specialist hospital, in the last five years"
2023,Statistical-Yearbook-2023.xlsx,32.,Unknown / Other,"Cases of Malignant Tumours Registered at King Faisal Specialist Hospital and Research Center by Site and Sex, 2023G.",Capacity,Unknown / National / Other,NO,YES,26,15,8,9,4,2,2,,"cases of malignant tumours registered at king faisal specialist hospital and research center by site and sex, g"
2023,Statistical-Yearbook-2023.xlsx,33.,Unknown / Other,"Cases of Tumours among Children Referred to King Faisal Specialist Hospital by Site, 2023G.",Capacity,Unknown / National / Other,NO,YES,21,8,5,6,2,2,2,,"cases of tumours among children referred to king faisal specialist hospital by site, g"
2023,Statistical-Yearbook-2023.xlsx,34.,Unknown / Other,"Renal Dialysis Centers and Patients by Health Sectors, 2021G.",Other,Unknown / National / Other,NO,YES,14,6,4,5,0,2,0,,"renal dialysis centers and patients by health sectors, g"
2023,Statistical-Yearbook-2023.xlsx,35.,Unknown / Other,"Haemodialysis Patients by Health Sector , Sex and Nationality, 2021G.",Capacity,Unknown / National / Other,NO,YES,27,11,10,,0,2,0,,"haemodialysis patients by health sector , sex and nationality, g"
2023,Statistical-Yearbook-2023.xlsx,36.,Unknown / Other,المنطقة الصحية,Other,Health Region,NO,YES,29,8,7,8,19,4,0,,المنطقة الصحية
2023,Statistical-Yearbook-2023.xlsx,37.,Unknown / Other,"Post-Amputation Encounters to Medical Rehabilitation Centers & Departments at MoH Facilities by Sex, Nationality and Cause of Injury, 2023G.",Other,Unknown / National / Other,NO,YES,13,28,12,,0,4,0,,"post-amputation encounters to medical rehabilitation centers & departments at moh facilities by sex, nationality and cause of injury, g"
2023,Statistical-Yearbook-2023.xlsx,38.,Unknown / Other,King Faisal Specialist Hospital,Capacity,Unknown / National / Other,NO,YES,61,49,5,6,1,4,1,,king faisal specialist hospital
2023,Statistical-Yearbook-2023.xlsx,39.,Unknown / Other,Table 4-39,Workforce,Unknown / National / Other,NO,YES,22,18,7,8,0,3,2,,-
2023,Statistical-Yearbook-2023.xlsx,40.,Unknown / Other,الفحوص المخبرية وعدد مرضى الفحوص الشعاعية بمستشفيات وزارة الصحة حسب المنطقة الصحية عام 2023م.,Capacity,Health Region,NO,YES,34,30,4,5,20,2,0,,الفحوص المخبرية وعدد مرضى الفحوص الشعاعية بمستشفيات وزارة الصحة المنطقة الصحية م
2023,Statistical-Yearbook-2023.xlsx,41.,Unknown / Other,"Laboratory investigations at MoH Hospitals by Health Region and Type of investigations, 2023G.",Capacity,Health Region,NO,YES,28,20,4,8,19,3,0,,"laboratory investigations at moh hospitals by health region and type of investigations, g"
2023,Statistical-Yearbook-2023.xlsx,42.,Unknown / Other,"Diagnostic Radiology Investigations at MoH Hospitals by Type of Investigation, 2023G.",Capacity,Unknown / National / Other,NO,YES,18,3,4,5,0,0,0,,"diagnostic radiology investigations at moh hospitals by type of investigation, g"
2023,Statistical-Yearbook-2023.xlsx,43.,Unknown / Other,"Laboratory Investigations and Number of Radiology & Physiotherapy patients at MoH Facilities, in the last Five Years",Activity,Unknown / National / Other,NO,YES,20,14,4,5,0,0,0,,"laboratory investigations and number of radiology & physiotherapy patients at moh facilities, in the last five years"
2023,Statistical-Yearbook-2023.xlsx,44.,Unknown / Other,King Faisal Specialist Hospital,Capacity,Unknown / National / Other,NO,YES,17,10,15,,0,2,0,,king faisal specialist hospital
2023,Statistical-Yearbook-2023.xlsx,45.,Unknown / Other,أعداد العينات والاختبارات التي أجريت بمراكز مراقبة السموم والكيمياء الطبية الشرعية بوزارة الصحة حسب المنطقة الصحية لعام 2023م.,Other,Health Region,NO,YES,17,27,4,5,12,3,0,,أعداد العينات والاختبارات التي أجريت بمراكز مراقبة السموم والكيمياء الطبية الشرعية بوزارة الصحة المنطقة الصحية م
2023,Statistical-Yearbook-2023.xlsx,46.,Unknown / Other,أنشطة بنوك الدم بوزارة الصحة حسب المنطقة الصحية عام 2023م.,Activity,Health Region,NO,YES,31,5,4,5,19,3,0,,أنشطة بنوك الدم بوزارة الصحة المنطقة الصحية م
2023,Statistical-Yearbook-2023.xlsx,47.,Unknown / Other,Table 4-47,Activity,Unknown / National / Other,NO,YES,18,25,4,5,0,0,0,,-
2023,Statistical-Yearbook-2023.xlsx,48.,Unknown / Other,King Faisal Specialist Hospital,Capacity | Activity,Unknown / National / Other,NO,YES,48,12,13,,0,2,0,,king faisal specialist hospital
2023,Statistical-Yearbook-2023.xlsx,49.,Unknown / Other,الحالات المعروضة على مراكز الطب الشرعي بوزارة الصحة حسب المنطقة الصحية وطبيعة الفحص الطبي الشرعي لعام 2023م,Other,Health Region,NO,YES,28,8,4,5,19,6,0,,الحالات المعروضة على مراكز الطب الشرعي بوزارة الصحة المنطقة الصحية وطبيعة الفحص الطبي الشرعي م
2023,Statistical-Yearbook-2023.xlsx,50.,Unknown / Other,Number of Medico Legal Committees and Number of Referred Medical Malpractice Cases by Health Region in 2022G.,Other,Health Region,NO,YES,24,43,4,6,17,4,0,,number of medico legal committees and number of referred medical malpractice cases by health region in g
2023,Statistical-Yearbook-2023.xlsx,51.,Unknown / Other,"Distribution of Resolutions of Medical Malpractice Death Cases Issued by the Medico Legal Committees according to Convictions, 2022G.",Other,Health Region,NO,YES,23,15,4,5,17,3,0,,"distribution of resolutions of medical malpractice death cases issued by the medico legal committees according to convictions, g"
2023,Statistical-Yearbook-2023.xlsx,52.,Unknown / Other,الحالات التي تمت إحالتها إلى المستشفيات الحكومية العامة أو التخصصية حسب المنطقة المحيلة والمستقبلة عام 2023م.,Capacity,Health Cluster,NO,YES,34,48,5,6,46,4,1,,الحالات التي تمت إحالتها إلى المستشفيات الحكومية ا ة أو التخصصية المنطقة المحيلة والمستقبلة م
2023,Statistical-Yearbook-2023.xlsx,53.,Unknown / Other,Table 4-53,Activity,Unknown / National / Other,NO,YES,26,12,4,5,0,4,0,,-
2023,Statistical-Yearbook-2023.xlsx,54,Unknown / Other,"Cases Referred to Social Service Departements at MOH Hospitals, According to Cause of Social Investigation and Sex, 2023G.",Capacity | Activity,Unknown / National / Other,NO,YES,12,5,4,5,0,1,0,,"cases referred to social service departements at moh hospitals, according to cause of social investigation and sex, g"
2023,Statistical-Yearbook-2023.xlsx,55,Unknown / Other,عدد الوجبات التقريبي لمستحقي التغذية في مستشفيات وزارة الصحة حسب المنطقة الصحية لعام 2023م.,Capacity | Workforce,Health Region,NO,YES,28,11,4,5,19,4,1,,عدد الوجبات التقريبي لمستحقي التغذية في مستشفيات وزارة الصحة المنطقة الصحية م
2023,Statistical-Yearbook-2023.xlsx,56,Unknown / Other,عدد المستشفيات المنفذة لبرنامج الرعاية الصحية المنزلية بوزارة الصحة والعاملين وعدد المستفيدين حسب المنطقة الصحية لعام 2023م,Capacity,Health Region,NO,YES,27,9,4,5,19,2,0,2023,عدد المستشفيات المنفذة لبرنامج الرعاية الصحية المنزلية بوزارة الصحة وا لين وعدد المستفيدين المنطقة الصحية م
2023,Statistical-Yearbook-2023.xlsx,57,Unknown / Other,Table 4-57,Other,Unknown / National / Other,NO,YES,16,10,4,5,0,0,0,,-
2023,Statistical-Yearbook-2023.xlsx,58,Unknown / Other,Health Call Center 937,Other,Unknown / National / Other,NO,YES,53,7,15,16,0,0,2,,health call center
2023,Statistical-Yearbook-2023.xlsx,59,Unknown / Other,"Resources and Activities of Telemedicine at MoH by Health Regions, 2023G",Capacity | Activity,Health Region,NO,YES,28,10,6,7,19,3,1,,"resources and activities of telemedicine at moh by health regions, g"
2023,Statistical-Yearbook-2023.xlsx,60,Unknown / Other,"School Health Services by Type of Service and Health Region, 2023G",Other,Health Region,NO,YES,27,6,6,7,19,2,0,,"school health services by type of service and health region, g"
2023,Statistical-Yearbook-2023.xlsx,مؤشرات أداء الصحة,Unknown / Other,,Other,Unknown / National / Other,NO,NO,1,1,,,0,0,0,,
2023,Statistical-Yearbook-2023.xlsx,fig1,Unknown / Other,العيادات الخارجية – متوسط وقت الانتظار للموعد (بالايام),Activity,Unknown / National / Other,NO,YES,45,26,15,16,0,0,0,2022,العيادات الخارجية - متوسط وقت الانتظار للموعد بالايام
2023,Statistical-Yearbook-2023.xlsx,fig2,Unknown / Other,قسم الطوارئ – نسبة المرضى الذين انهيت اجراءاتهم خلال 4 ساعات,Activity,Unknown / National / Other,NO,YES,42,26,8,9,0,0,0,2022,قسم الطوارئ - نسبة المرضى الذين انهيت اجراءاتهم خلال ساعات
2023,Statistical-Yearbook-2023.xlsx,fig3,Unknown / Other,متوسط مدة الإقامة للمرضى داخل المستشفى (بالأيام),Capacity,Unknown / National / Other,NO,YES,46,27,7,8,0,0,0,2022,متوسط مدة الإقامة للمرضى داخل المستشفى بالأيام
2023,Statistical-Yearbook-2023.xlsx,fig4,Unknown / Other,Critical Care Average Length of Stay (in days),Other,Unknown / National / Other,NO,YES,44,26,5,6,0,0,0,2022,critical care average length of stay in days
2023,Statistical-Yearbook-2023.xlsx,fig5,Unknown / Other,غرفة العمليات – متوسط وقت انتظار الجراحة (بالأيام),Activity,Unknown / National / Other,NO,YES,48,26,6,7,0,0,0,2022,غرفة العمليات - متوسط وقت انتظار الجراحة بالأيام
2023,Statistical-Yearbook-2023.xlsx,fig6,Unknown / Other,Radiology Machines Utilization Rate (%),Other,Unknown / National / Other,NO,YES,45,29,8,9,0,0,0,2022,radiology machines utilization rate %
2023,Statistical-Yearbook-2023.xlsx,fig7,Unknown / Other,الفترة الزمنية بين طلب وإجراء أشعة الرنين المغناطيسي والتصوير المقطعي (بالساعات),Other,Unknown / National / Other,NO,YES,54,26,8,,0,0,0,2022,الفترة الزمنية بين طلب وإجراء أشعة الرنين المغناطيسي والتصوير المقطعي بالساعات
2023,Statistical-Yearbook-2023.xlsx,فهرس الباب الخامس,Unknown / Other,"Activities of Control Health Centers at Entry Points ( Preventive Care ), 1444H (2023G).",Capacity | Activity,Unknown / National / Other,YES,NO,38,38,2,3,0,0,0,,"activities of control health centers at entry points preventive care , h g"
2023,Statistical-Yearbook-2023.xlsx,5-1,Unknown / Other,Table 5-1,Other,Unknown / National / Other,NO,YES,18,16,13,14,0,2,2,"2021, 2022, 2023",-
2023,Statistical-Yearbook-2023.xlsx,5-2,Unknown / Other,"Permanent and Seasonal Health Facilities in Hajj Season, 1444H (2023G).",Capacity | Activity,Unknown / National / Other,NO,YES,37,7,4,5,3,2,0,,"permanent and seasonal health facilities in hajj season, h g"
2023,Statistical-Yearbook-2023.xlsx,5-3,Unknown / Other,Allied Health Personnel,Workforce,Unknown / National / Other,NO,YES,15,16,15,,0,6,0,,allied health personnel
2023,Statistical-Yearbook-2023.xlsx,5-4,Unknown / Other,*Given to all arrivalls coming from targeted Countries in Health Requirements and Recommendations,Capacity | Activity,Unknown / National / Other,NO,YES,31,8,4,5,0,2,0,,*given to all arrivalls coming from targeted countries in health requirements and recommendations
2023,Statistical-Yearbook-2023.xlsx,5-5,Unknown / Other,Pilgrims' Visits to PHCs in the Last Five Years,Activity,Health Region,NO,YES,31,16,9,10,4,2,0,,pilgrims' visits to phcs in the last five years
2023,Statistical-Yearbook-2023.xlsx,5-6,Unknown / Other,زيارات الحجاج لأقسام الطوارئ بالمستشفيات في الأعوام الخمسة الأخيرة,Capacity | Activity,Health Region,NO,YES,31,16,9,10,4,2,0,,زيارات الحجاج لأقسام الطوارئ بالمستشفيات في الأعوام الخمسة الأخيرة
2023,Statistical-Yearbook-2023.xlsx,5-7,Unknown / Other,زيارات الحجاج للعيادات الخارجية بالمستشفيات في الأعوام الخمسة الأخيرة,Capacity | Activity,Health Region,NO,YES,31,16,9,10,4,2,0,,زيارات الحجاج للعيادات الخارجية بالمستشفيات في الأعوام الخمسة الأخيرة
2023,Statistical-Yearbook-2023.xlsx,5-8,Unknown / Other,حالات التنويم من الحجاج بأقسام المستشفيات في الأعوام الخمسة الأخيرة,Capacity | Activity,Health Region,NO,YES,31,16,9,10,4,2,0,,حالات التنويم من الحجاج بأقسام المستشفيات في الأعوام الخمسة الأخيرة
2023,Statistical-Yearbook-2023.xlsx,5-9,Unknown / Other,Table 5-9,Other,Health Region,NO,YES,31,16,9,10,4,2,0,,-
2023,Statistical-Yearbook-2023.xlsx,5-10,Unknown / Other,Table 5-10,Other,Health Region,NO,YES,31,16,9,10,4,2,0,,-
2023,Statistical-Yearbook-2023.xlsx,5-11,Unknown / Other,Table 5-11,Other,Health Region,NO,YES,31,16,9,10,4,2,0,,-
2023,Statistical-Yearbook-2023.xlsx,5-12,Unknown / Other,Table 5-12,Activity,Health Region,NO,YES,32,16,9,10,4,2,0,,-
2023,Statistical-Yearbook-2023.xlsx,5-13,Unknown / Other,Table 5-13,Other,Health Region,NO,YES,32,16,9,10,4,2,0,,-
2023,Statistical-Yearbook-2023.xlsx,5-14,Unknown / Other,Table 5-14,Other,Health Region,NO,YES,32,16,9,10,4,2,0,,-
2023,Statistical-Yearbook-2023.xlsx,5-15,Unknown / Other,Table 5-15,Other,Health Region,NO,YES,32,16,9,10,4,2,0,,-
2023,Statistical-Yearbook-2023.xlsx,5-16,Unknown / Other,Table 5-16,Other,Health Region,NO,YES,31,16,9,10,4,2,0,,-
2024,Statistical-Yearbook-2024.xlsx,المناطق عربي,Unknown / Other,جميع محافظات المنطقة الشرقية عدا محافظتي الأحساء وحفر الباطن,Other,Health Cluster,NO,YES,25,6,13,14,66,0,0,,جميع محافظات المنطقة الشرقية عدا محافظتي الأحساء وحفر الباطن
2024,Statistical-Yearbook-2024.xlsx,المناطق انجليزي,Unknown / Other,"Former Health Affairs Directorates and their Corresponding Administrative Regions, Governorates, Health Clusters, and Branches & Offices of the Ministry of Health",Other,Health Cluster,NO,YES,25,6,13,14,66,0,0,,"former health affairs directorates and their corresponding administrative regions, governorates, health clusters, and branches & offices of the ministry of health"
2024,Statistical-Yearbook-2024.xlsx,فهرس الباب الأول,Unknown / Other,مؤشرات مختارة عن الموارد المتاحة بمستشفيات وزارة الصحة حسب المنطقة الصحية لعام 2023 م.,Population | Capacity,Health Region,YES,NO,26,23,2,3,0,1,2,"2021, 2023",مؤشرات مختارة عن الموارد المتاحة بمستشفيات وزارة الصحة المنطقة الصحية م
2024,Statistical-Yearbook-2024.xlsx,1-1,Health Indicators,Crude Birth Rate /1000 Population,Population,Unknown / National / Other,NO,YES,18,10,6,7,0,1,4,2024,crude birth rate population
2024,Statistical-Yearbook-2024.xlsx,1-2,Health Indicators,"Life Expectancy at Birth by Gender and Adminstrative Regions, 2023G",Other,Health Region,NO,YES,19,5,4,5,26,0,2,,"life expectancy at birth by gender and adminstrative regions, g"
2024,Statistical-Yearbook-2024.xlsx,1-3,Health Indicators,"Population by Nationality, Gender, and Age group, 2024G",Population,Unknown / National / Other,NO,YES,24,11,5,6,0,5,2,,"population by nationality, gender, and age group, g"
2024,Statistical-Yearbook-2024.xlsx,1-4,Health Indicators,"Population by Nationality, Gender, and Age group, 2023G",Population,Unknown / National / Other,NO,YES,24,11,5,6,0,5,2,,"population by nationality, gender, and age group, g"
2024,Statistical-Yearbook-2024.xlsx,1-5,Health Indicators,"Estimated (2010-2021G) Population By Administrative Regions, Based on (2022G) Census.",Population,Health Region,NO,YES,34,15,15,16,26,2,2,"2021, 2022","estimated - g population by administrative regions, based on g census"
2024,Statistical-Yearbook-2024.xlsx,1-6,Health Indicators,Table 1-6,Other,Unknown / National / Other,NO,YES,20,4,5,6,0,1,2,"2021, 2022, 2023, 2024",-
2024,Statistical-Yearbook-2024.xlsx,1-7,Health Indicators,Domestic general government health expenditure (GGHE-D) as percentage of general government expenditure (GGE) (%),Other,Unknown / National / Other,NO,YES,19,15,5,6,0,4,4,"2021, 2022, 2023, 2024",domestic general government health expenditure gghe-d as percentage of general government expenditure gge %
2024,Statistical-Yearbook-2024.xlsx,1-8,Health Indicators,The source of workforce data has been modified as of 2024 to be the Saudi Commission for Health Specialties.,Population | Capacity | Workforce,Unknown / National / Other,NO,YES,18,11,4,5,0,0,3,2024,the source of workforce data has been modified as of to be the saudi commission for health specialties
2024,Statistical-Yearbook-2024.xlsx,1-9,Health Indicators,"Selected Indicators of Available Resources at MoH Hospitals by MoH Branches and Offices, 2024G",Capacity | Workforce,Unknown / National / Other,NO,YES,32,8,4,5,24,0,1,2024,"selected indicators of available resources at moh hospitals by moh branches and offices, g"
2024,Statistical-Yearbook-2024.xlsx,1-10,Health Indicators,Table 1-10,Other,Unknown / National / Other,NO,YES,12,12,4,5,0,0,0,,-
2024,Statistical-Yearbook-2024.xlsx,1-11,Health Indicators,"Incidence Rate of Some Immunization Targeted Diseases (per 100,000 population) in the Last Five Years",Population,Unknown / National / Other,NO,YES,14,12,4,5,0,0,0,,"incidence rate of some immunization targeted diseases per , population in the last five years"
2024,Statistical-Yearbook-2024.xlsx,1-12,Health Indicators,Proportion of health facilities that have a core set of relevant essential medicines available and affordable on a sustainable basis,Population | Capacity,Unknown / National / Other,NO,YES,29,9,6,7,0,0,2,"2021, 2022, 2023, 2024",proportion of health facilities that have a core set of relevant essential medicines available and affordable on a sustainable basis
2024,Statistical-Yearbook-2024.xlsx,فهرس الباب الثاني,Unknown / Other,المستشفيات والأسرة بالقطاعات الصحية بالمملكة حسب الجهة ومعدل الأسرة لكل عشرة آلاف من السكان في الأعوام الخمسة الأخيرة,Population | Capacity,Health Cluster,YES,NO,122,38,2,3,0,0,1,,المستشفيات والأسرة بالقطاعات الصحية بالمملكة الجهة ومعدل الأسرة لكل عشرة آلاف من السكان في الأعوام الخمسة الأخيرة
2024,Statistical-Yearbook-2024.xlsx,2-1,Health Resources,الميزانية المخصصة لوزارة الصحة ( بمليارات الريالات) في الأعوام الخمسة الأخيرة بالنسبة للميزانية العامة للدولة,Other,Unknown / National / Other,NO,YES,19,5,5,6,0,2,0,"2021, 2022, 2023, 2024",الميزانية المخصصة لوزارة الصحة بمليارات الريالات في الأعوام الخمسة الأخيرة بالنسبة للميزانية ا ة للدولة
2024,Statistical-Yearbook-2024.xlsx,2-2,Health Resources,المستشفيات والأسرة بالقطاعات الصحية بالمملكة حسب الجهة ومعدل الأسرة لكل عشرة آلاف من السكان في الأعوام الخمسة الأخيرة,Population | Capacity,Unknown / National / Other,NO,YES,17,29,6,7,0,2,0,,المستشفيات والأسرة بالقطاعات الصحية بالمملكة الجهة ومعدل الأسرة لكل عشرة آلاف من السكان في الأعوام الخمسة الأخيرة
2024,Statistical-Yearbook-2024.xlsx,2-3,Health Resources,المستشفيات والأسرة بالقطاعات الصحية بالمملكة حسب فروع ومكاتب وزارة الصحة 2024م,Capacity,Unknown / National / Other,NO,YES,31,14,7,8,24,4,0,,المستشفيات والأسرة بالقطاعات الصحية بالمملكة فروع ومكاتب وزارة الصحة م
2024,Statistical-Yearbook-2024.xlsx,2-4,Health Resources,"Health Utilities in MoH by Health Clusters, 2024G",Capacity,Health Cluster,NO,YES,35,16,12,13,44,6,0,,"health utilities in moh by health clusters, g"
2024,Statistical-Yearbook-2024.xlsx,2-5,Health Resources,"Primary Health Care Centers in MoH by MoH Branches & Offices, in the last Five Years",Capacity,Unknown / National / Other,NO,YES,26,8,4,5,24,2,0,,"primary health care centers in moh by moh branches & offices, in the last five years"
2024,Statistical-Yearbook-2024.xlsx,2-6,Health Resources,المستشفيات والأسرة بوزارة الصحة حسب فروع ومكاتب وزارة الصحة في الأعوام الخمسة الأخيرة,Capacity,Unknown / National / Other,NO,YES,29,20,6,7,24,2,0,,المستشفيات والأسرة بوزارة الصحة فروع ومكاتب وزارة الصحة في الأعوام الخمسة الأخيرة
2024,Statistical-Yearbook-2024.xlsx,2-7,Health Resources,مستشفيات وزارة الصحة وعدد الأسرة حسب التجمعات الصحية والتخصص لعام 2024م,Capacity,Health Cluster,NO,YES,38,20,14,15,44,8,0,,مستشفيات وزارة الصحة وعدد الأسرة التجمعات الصحية والتخصص م
2024,Statistical-Yearbook-2024.xlsx,2-8,Health Resources,"MoH Hospitals by Health Clusters and Bed Capacity, 2024G",Capacity,Health Cluster,NO,YES,36,10,15,16,44,8,0,,"moh hospitals by health clusters and bed capacity, g"
2024,Statistical-Yearbook-2024.xlsx,2-9,Health Resources,الأسرة بمستشفيات وزارة الصحة حسب التجمع الصحي والتخصص لعام 2024م,Capacity | Activity,Health Cluster,NO,YES,34,12,15,16,44,8,0,,الأسرة بمستشفيات وزارة الصحة التجمع الصحي والتخصص م
2024,Statistical-Yearbook-2024.xlsx,2-10,Health Resources,"Hospital Beds in Other Governmental Sector by Speciality, 2024G.",Capacity | Activity,Unknown / National / Other,NO,YES,13,14,13,,0,4,0,,"hospital beds in other governmental sector by speciality, g"
2024,Statistical-Yearbook-2024.xlsx,2-11,Health Resources,"Hospital Beds at Private Sector by MoH Branches & Offices and Speciality, 2024G.",Capacity | Activity,Unknown / National / Other,NO,YES,25,12,4,5,20,4,0,,"hospital beds at private sector by moh branches & offices and speciality, g"
2024,Statistical-Yearbook-2024.xlsx,2-12,Health Resources,"Intensive Care Beds at MoH Hospitals By Health Cluster and Type of Intensive Care Bed, 2024G",Capacity,Health Cluster,NO,YES,31,7,4,5,30,2,0,,"intensive care beds at moh hospitals by health cluster and type of intensive care bed, g"
2024,Statistical-Yearbook-2024.xlsx,2-13,Health Resources,"ER Beds at MoH Hospitals By Health Clusters, 2024G",Capacity | Activity,Health Cluster,NO,YES,26,12,4,5,30,4,0,,"er beds at moh hospitals by health clusters, g"
2024,Statistical-Yearbook-2024.xlsx,2-14,Health Resources,"Private Sector Hospitals, Medical Complexes, Beds and Other Medical Facilities by MoH Branches & Offices, 2024G.",Capacity | Workforce,Unknown / National / Other,NO,YES,29,24,4,5,24,2,0,,"private sector hospitals, medical complexes, beds and other medical facilities by moh branches & offices, g"
2024,Statistical-Yearbook-2024.xlsx,2-15,Health Resources,المستشفيات والأسرة والمجمعات الطبية بالقطاع الخاص حسب فروع ومكاتب وزارة الصحة في الأعوام الخمسة الأخيرة,Capacity,Unknown / National / Other,NO,YES,28,31,5,6,24,2,0,,المستشفيات والأسرة والمجمعات الطبية بالقطاع الخاص فروع ومكاتب وزارة الصحة في الأعوام الخمسة الأخيرة
2024,Statistical-Yearbook-2024.xlsx,2-16,Health Resources,Table 2-16,Workforce | Activity,Health Region,NO,YES,17,31,4,5,10,4,0,,-
2024,Statistical-Yearbook-2024.xlsx,2-17,Health Resources,Health Manpower in KSA Health Sectors in the Last Five Years,Workforce,Unknown / National / Other,NO,YES,44,28,5,6,0,6,0,,health manpower in ksa health sectors in the last five years
2024,Statistical-Yearbook-2024.xlsx,2-18,Health Resources,"Health Manpower in KSA Health Sectors by Category, Sex and Nationality, 2024G",Workforce,Unknown / National / Other,NO,YES,31,21,14,15,2,28,0,,"health manpower in ksa health sectors by category, sex and nationality, g"
2024,Statistical-Yearbook-2024.xlsx,2-19,Health Resources,"Physicians and Dentists in KSA Health Sectors by Speciality and Professional Categories, 2024G",Workforce | Activity,Unknown / National / Other,NO,YES,50,24,7,8,0,9,0,,"physicians and dentists in ksa health sectors by speciality and professional categories, g"
2024,Statistical-Yearbook-2024.xlsx,2-20,Health Resources,"Physicians and Dentists in MoH by Gender, Nationality, Speciality and Professional Categories, 2024G",Workforce | Activity,Unknown / National / Other,NO,YES,46,22,6,7,0,4,0,,"physicians and dentists in moh by gender, nationality, speciality and professional categories, g"
2024,Statistical-Yearbook-2024.xlsx,2-21,Health Resources,"Physicians and Dentists in the Other Governmental Sector by Gender, Nationality, Speciality and Professional Categories, 2024G",Workforce | Activity,Unknown / National / Other,NO,YES,46,22,6,7,0,4,0,,"physicians and dentists in the other governmental sector by gender, nationality, speciality and professional categories, g"
2024,Statistical-Yearbook-2024.xlsx,2-22,Health Resources,"Physicians and Dentists in the Private Sector by Gender, Nationality, Speciality and Professional Categories, 2024G",Workforce | Activity,Unknown / National / Other,NO,YES,46,22,6,7,0,4,0,,"physicians and dentists in the private sector by gender, nationality, speciality and professional categories, g"
2024,Statistical-Yearbook-2024.xlsx,2-23,Health Resources,"Physicians and Dentists in KSA Health Sectors by Gender, Nationality, Speciality and Professional Categories, 2024G",Workforce | Activity,Unknown / National / Other,NO,YES,49,22,10,11,0,4,0,,"physicians and dentists in ksa health sectors by gender, nationality, speciality and professional categories, g"
2024,Statistical-Yearbook-2024.xlsx,2-24,Health Resources,"Health Manpower in MoH Branches & Offices by Category, Gender and Nationality, 2024G",Workforce,Unknown / National / Other,NO,YES,176,21,14,15,11,36,0,,"health manpower in moh branches & offices by category, gender and nationality, g"
2024,Statistical-Yearbook-2024.xlsx,2-25,Health Resources,"Health Manpower in Other Governmental Sector by Category, Gender and Nationality in MoH Branches & Offices, 2024G",Workforce,Unknown / National / Other,NO,YES,176,28,14,15,11,36,0,,"health manpower in other governmental sector by category, gender and nationality in moh branches & offices, g"
2024,Statistical-Yearbook-2024.xlsx,2-26,Health Resources,"Health Manpower in the Private Sector by Category, Gender and Nationality in MoH Branches & Offices, 2024G",Workforce,Unknown / National / Other,NO,YES,176,21,14,15,11,36,0,,"health manpower in the private sector by category, gender and nationality in moh branches & offices, g"
2024,Statistical-Yearbook-2024.xlsx,2-27,Health Resources,"Health Manpower in all KSA Health Sectors by Category, Gender and Nationality in MoH Branches & Offices, 2024G",Workforce,Unknown / National / Other,NO,YES,176,21,14,15,11,36,0,,"health manpower in all ksa health sectors by category, gender and nationality in moh branches & offices, g"
2024,Statistical-Yearbook-2024.xlsx,2-28,Health Resources,"Health Manpower in Other Governmental Sector by Category, Gender and Nationality, 2024G",Workforce,Unknown / National / Other,NO,YES,98,28,14,15,2,36,1,,"health manpower in other governmental sector by category, gender and nationality, g"
2024,Statistical-Yearbook-2024.xlsx,2-29,Health Resources,"Physicians and Dentists, MoH Facilities by Speciality, Professional Categories in MoH Branches& Offices, 2024G.",Workforce | Activity,Unknown / National / Other,NO,YES,131,31,7,8,10,14,0,,"physicians and dentists, moh facilities by speciality, professional categories in moh branches& offices, g"
2024,Statistical-Yearbook-2024.xlsx,2-30,Health Resources,"Other Governmental Sector' Physicians and Dentists by Speciality and Professional Categories in MoH Branches & Facilities, 2024G.",Workforce | Activity,Unknown / National / Other,NO,YES,131,31,7,8,10,14,0,,"other governmental sector' physicians and dentists by speciality and professional categories in moh branches & facilities, g"
2024,Statistical-Yearbook-2024.xlsx,2-31,Health Resources,"Physicians and Dentists in the Private Sector by Speciality, Professional Categories in MoH Branches & Offices, 2024G",Workforce | Activity,Unknown / National / Other,NO,YES,131,31,7,8,8,14,0,,"physicians and dentists in the private sector by speciality, professional categories in moh branches & offices, g"
2024,Statistical-Yearbook-2024.xlsx,2-32,Health Resources,"Physicians and Dentists in Other Governmental Sector by Speciality and Professional Categories, 2024G.",Capacity | Workforce | Activity,Unknown / National / Other,NO,YES,89,31,7,8,2,14,1,,"physicians and dentists in other governmental sector by speciality and professional categories, g"
2024,Statistical-Yearbook-2024.xlsx,2-33,Health Resources,"MoH Allied Health Personnel by Speciality, Nationality & Gender, 2024G",Activity,Unknown / National / Other,NO,YES,33,10,5,6,0,6,0,,"moh allied health personnel by speciality, nationality & gender, g"
2024,Statistical-Yearbook-2024.xlsx,2-34,Health Resources,"Allied Health Personnel in the Other Governmental Sector by Speciality, Nationality & Gender, 2024G",Activity,Unknown / National / Other,NO,YES,33,10,5,6,0,6,0,,"allied health personnel in the other governmental sector by speciality, nationality & gender, g"
2024,Statistical-Yearbook-2024.xlsx,2-35,Health Resources,"Allied Health Personnel in the Private Sector by Speciality, Nationality & Gender, 2024G",Activity,Unknown / National / Other,NO,YES,33,10,5,6,0,6,0,,"allied health personnel in the private sector by speciality, nationality & gender, g"
2024,Statistical-Yearbook-2024.xlsx,2-36,Health Resources,"Allied Health Personnel in all Health Sectors by Speciality, Nationality & Gender, 2024G",Activity,Unknown / National / Other,NO,YES,33,10,5,6,0,6,0,,"allied health personnel in all health sectors by speciality, nationality & gender, g"
2024,Statistical-Yearbook-2024.xlsx,2-37,Health Resources,Health Manpower in MoH by Nationality in the Last Five Years,Workforce,Unknown / National / Other,NO,YES,33,19,12,13,0,18,0,,health manpower in moh by nationality in the last five years
2024,Statistical-Yearbook-2024.xlsx,2-38,Health Resources,"Health Manpower in the Other Governmental Sector by Nationality, in the last Five Years",Workforce,Unknown / National / Other,NO,YES,78,19,12,13,0,18,0,,"health manpower in the other governmental sector by nationality, in the last five years"
2024,Statistical-Yearbook-2024.xlsx,2-39,Health Resources,Health Manpower at Private Sector in the last Five Years,Workforce,Unknown / National / Other,NO,YES,78,19,12,13,0,18,0,,health manpower at private sector in the last five years
2024,Statistical-Yearbook-2024.xlsx,2-40,Health Resources,"Health Manpower in MoH Hospitals by Nationality, in the last Five Years",Capacity | Workforce,Unknown / National / Other,NO,YES,33,19,12,13,0,18,0,,"health manpower in moh hospitals by nationality, in the last five years"
2024,Statistical-Yearbook-2024.xlsx,2-41,Health Resources,"MoH Hospitals' Health Manpower by Category, Gender and Nationality in MoH Branches & Offices, 2024G",Capacity | Workforce,Unknown / National / Other,NO,YES,176,21,7,8,11,36,0,,"moh hospitals' health manpower by category, gender and nationality in moh branches & offices, g"
2024,Statistical-Yearbook-2024.xlsx,2-42,Health Resources,"Health Manpower in Primary Health Care Centers, MoH, in the last Five Years",Capacity | Workforce,Unknown / National / Other,NO,YES,33,19,12,13,0,18,0,,"health manpower in primary health care centers, moh, in the last five years"
2024,Statistical-Yearbook-2024.xlsx,2-43,Health Resources,"Physicians and Dentists in MoH Primary Health Care Centers by Speciality and Nationality, in the last Five Years",Capacity | Workforce,Unknown / National / Other,NO,YES,75,19,14,15,0,15,0,2022,"physicians and dentists in moh primary health care centers by speciality and nationality, in the last five years"
2024,Statistical-Yearbook-2024.xlsx,2-44,Health Resources,"MoH Primary Health Care Centers' Health Manpower by Category, Gender and Nationality in MoH Branches and Offices, 2024G",Capacity | Workforce,Unknown / National / Other,NO,YES,176,21,14,15,12,36,0,,"moh primary health care centers' health manpower by category, gender and nationality in moh branches and offices, g"
2024,Statistical-Yearbook-2024.xlsx,2-45,Health Resources,"Physicians in MoH Primary Health Care Centers by Main Specialities, Nationality and Gender in MoH Branches & Offices, 2024G.",Capacity | Workforce,Unknown / National / Other,NO,YES,158,21,13,14,11,36,0,,"physicians in moh primary health care centers by main specialities, nationality and gender in moh branches & offices, g"
2024,Statistical-Yearbook-2024.xlsx,2-46,Health Resources,"Health Manpower in Private Sector Hospitals by Category, Gender and Nationality in MoH Branches & Offices, 2024G",Capacity | Workforce,Unknown / National / Other,NO,YES,178,17,14,15,11,36,0,,"health manpower in private sector hospitals by category, gender and nationality in moh branches & offices, g"
2024,Statistical-Yearbook-2024.xlsx,2-47,Health Resources,"Health Manpower in Private Sector Medical Complexes by Category, Gender and Nationality in MoH Branches & Offices, 2024G",Workforce,Unknown / National / Other,NO,YES,176,21,14,15,11,36,0,,"health manpower in private sector medical complexes by category, gender and nationality in moh branches & offices, g"
2024,Statistical-Yearbook-2024.xlsx,2-48,Health Resources,"Health Manpower in Private Health Facilities by Facility Classification, Gender and Nationality, 2024G.",Capacity | Workforce,Unknown / National / Other,NO,YES,31,32,7,8,0,28,0,,"health manpower in private health facilities by facility classification, gender and nationality, g"
2024,Statistical-Yearbook-2024.xlsx,2-49,Health Resources,Preventive Medicine & Public Health,Capacity | Workforce | Activity,Unknown / National / Other,NO,YES,28,7,4,5,0,1,0,,preventive medicine & public health
2024,Statistical-Yearbook-2024.xlsx,2-50,Health Resources,مجموع الأطباء البشريين,Capacity | Workforce | Activity,Unknown / National / Other,NO,YES,26,7,4,5,1,1,0,,مجموع الأطباء البشريين
2024,Statistical-Yearbook-2024.xlsx,2-51,Health Resources,Total Health Clusters - Riyadh,Other,Health Cluster,NO,YES,94,47,13,14,32,4,0,,total health clusters - riyadh
2024,Statistical-Yearbook-2024.xlsx,2-52,Health Resources,Table 2-52,Other,Unknown / National / Other,NO,YES,56,50,4,5,28,4,0,,-
2024,Statistical-Yearbook-2024.xlsx,2-53,Health Resources,دورة العناية التمريضية المتقدمة للإصابات,Workforce,Unknown / National / Other,NO,YES,47,4,4,5,0,0,0,,دورة العناية التمريضية المتقدمة للإصابات
2024,Statistical-Yearbook-2024.xlsx,2-54,Health Resources,Enrolled Students in Governmental Health Colleges for the Academic Year 2023-2024G.,Other,Unknown / National / Other,NO,YES,136,7,6,7,15,2,0,2023,enrolled students in governmental health colleges for the academic year - g
2024,Statistical-Yearbook-2024.xlsx,2-55,Health Resources,Graduates in Governmental Health Colleges for the Academic Year 2023-2024G.,Other,Unknown / National / Other,NO,YES,134,7,6,7,15,2,0,2023,graduates in governmental health colleges for the academic year - g
2024,Statistical-Yearbook-2024.xlsx,2-56,Health Resources,Enrolled Students in Private Health Colleges for the Academic Year 2023-2024G.,Workforce | Activity,Unknown / National / Other,NO,YES,105,7,6,7,1,2,0,2023,enrolled students in private health colleges for the academic year - g
2024,Statistical-Yearbook-2024.xlsx,2-57,Health Resources,Graduates in Private Health Colleges for the Academic Year 2023-2024G.,Workforce | Activity,Unknown / National / Other,NO,YES,105,7,6,7,1,2,0,2023,graduates in private health colleges for the academic year - g
2024,Statistical-Yearbook-2024.xlsx,2-58,Health Resources,Prince Mohammad Bin Abdulaziz Hospital,Capacity,Unknown / National / Other,NO,YES,185,6,4,5,3,0,0,"2021, 2022, 2023, 2024",prince mohammad bin abdulaziz hospital
2024,Statistical-Yearbook-2024.xlsx,2-59,Health Resources,"Armed Forces Hospital in the military factories, Al-Kharj",Capacity,Unknown / National / Other,NO,YES,42,6,4,5,27,0,0,"2021, 2022, 2023, 2024","armed forces hospital in the military factories, al-kharj"
2024,Statistical-Yearbook-2024.xlsx,2-60,Health Resources,Dr. Sulaiman Al Habib Hospital for Obstetric and Gynecology,Capacity | Workforce,Unknown / National / Other,NO,YES,152,84,4,5,9,0,0,"2021, 2022, 2023",dr sulaiman al habib hospital for obstetric and gynecology
2024,Statistical-Yearbook-2024.xlsx,فهرس الباب الثالث,Unknown / Other,Chapter III : Public Health,Other,Unknown / National / Other,YES,NO,50,39,2,3,0,0,0,"2023, 2024",chapter iii public health
2024,Statistical-Yearbook-2024.xlsx,3-1,Unknown / Other,Incidence Rate / 100 000 population,Population,Unknown / National / Other,NO,YES,15,11,6,7,0,0,0,,incidence rate population
2024,Statistical-Yearbook-2024.xlsx,3-2,Unknown / Other,جدول 3-2,Other,Unknown / National / Other,NO,YES,51,31,4,5,19,2,0,,-
2024,Statistical-Yearbook-2024.xlsx,3-2تكملة,Unknown / Other,Continued table3-2,Other,Unknown / National / Other,NO,YES,27,37,4,5,19,2,0,2024,continued -
2024,Statistical-Yearbook-2024.xlsx,3-3,Unknown / Other,Table 3-3,Other,Unknown / National / Other,NO,YES,39,16,4,5,0,2,0,,-
2024,Statistical-Yearbook-2024.xlsx,3-4,Unknown / Other,Table 3-4,Other,Unknown / National / Other,NO,YES,38,10,5,6,0,2,0,,-
2024,Statistical-Yearbook-2024.xlsx,3-5,Unknown / Other,Table 3-5,Other,Unknown / National / Other,NO,YES,217,15,6,7,0,4,0,,-
2024,Statistical-Yearbook-2024.xlsx,3-6,Unknown / Other,"Incidence Rate per 100,000 population",Population,Unknown / National / Other,NO,YES,38,12,6,7,0,0,0,,"incidence rate per , population"
2024,Statistical-Yearbook-2024.xlsx,3-7,Unknown / Other,Table 3-7,Other,Unknown / National / Other,NO,YES,36,35,6,7,19,5,0,,-
2024,Statistical-Yearbook-2024.xlsx,3-8,Unknown / Other,Table 3-8,Other,Unknown / National / Other,NO,YES,36,35,6,7,19,5,0,,-
2024,Statistical-Yearbook-2024.xlsx,3.9,Unknown / Other,Table 3-9,Other,Unknown / National / Other,NO,YES,35,7,4,5,19,2,0,,-
2024,Statistical-Yearbook-2024.xlsx,3-10,Unknown / Other,Table 3-10,Other,Unknown / National / Other,NO,YES,30,14,6,7,19,2,0,,-
2024,Statistical-Yearbook-2024.xlsx,3-11,Unknown / Other,Table 3-11,Other,Unknown / National / Other,NO,YES,32,15,6,7,19,2,0,,-
2024,Statistical-Yearbook-2024.xlsx,3-12,Unknown / Other,Introduced: A case contracted locally with strong epidemiological evidence linking it directly to a known imported case (a first generation local transmission),Other,Unknown / National / Other,NO,YES,1005,10,5,6,2,4,0,2024,introduced a case contracted locally with strong epidemiological evidence linking it directly to a known imported case a first generation local transmission
2024,Statistical-Yearbook-2024.xlsx,3-13,Unknown / Other,"Reported Bilharzial Cases by MoH Branches & Offices, Type of Disease, Nationality, Gender and Age Group, 2024G.",Other,Unknown / National / Other,NO,YES,38,21,6,7,19,4,0,,"reported bilharzial cases by moh branches & offices, type of disease, nationality, gender and age group, g"
2024,Statistical-Yearbook-2024.xlsx,3-14,Unknown / Other,معدل الانتشار لكل مائة ألف من السكان,Population,Unknown / National / Other,NO,YES,28,24,14,15,0,0,0,"2021, 2022, 2023, 2024",معدل الانتشار لكل مائة ألف من السكان
2024,Statistical-Yearbook-2024.xlsx,3-15,Unknown / Other,الإقامة بالمنطقة Residence,Other,Health Region,NO,YES,28,19,5,7,19,2,0,,الإقامة بالمنطقة residence
2024,Statistical-Yearbook-2024.xlsx,3-16,Unknown / Other,الإقامة بالمنطقة Residency,Other,Health Region,NO,YES,20,33,5,6,0,2,0,,الإقامة بالمنطقة residency
2024,Statistical-Yearbook-2024.xlsx,3-17,Unknown / Other,Table 3-17,Other,Health Region,NO,YES,20,11,4,5,8,2,0,,-
2024,Statistical-Yearbook-2024.xlsx,3-18,Unknown / Other,Table 3-18,Other,Unknown / National / Other,NO,YES,54,14,7,8,18,10,0,2023,-
2024,Statistical-Yearbook-2024.xlsx,3-19,Unknown / Other,No of visited healthy houses of company workers,Activity,Health Cluster,NO,YES,35,17,13,14,44,7,1,,no of visited healthy houses of company workers
2024,Statistical-Yearbook-2024.xlsx,3-20,Unknown / Other,"Environmental Health Activities, MOH in the last Five Years",Activity,Unknown / National / Other,NO,YES,10,18,4,5,0,0,1,,"environmental health activities, moh in the last five years"
2024,Statistical-Yearbook-2024.xlsx,3-21,Unknown / Other,Incidence Rate of environmental health related diseases for the last five years.,Population,Unknown / National / Other,NO,YES,11,10,6,7,0,0,0,,incidence rate of environmental health related diseases for the last five years
2024,Statistical-Yearbook-2024.xlsx,3.22,Unknown / Other,فاشيات الأمراض المنقولة بالغذاء وعدد الحالات المصابة موزعة حسب مصدر الفاشية والجنس والجنسية والفئات العمرية بفروع ومكاتب وزارة الصحة لعام 2024م.,Other,Unknown / National / Other,NO,YES,28,22,6,7,19,4,8,,فاشيات الأمراض المنقولة بالغذاء وعدد الحالات المصابة موزعة مصدر الفاشية والجنس والجنسية والفئات العمرية بفروع ومكاتب وزارة الصحة م
2024,Statistical-Yearbook-2024.xlsx,3-23,Unknown / Other,Table 3-23,Other,Unknown / National / Other,NO,YES,28,10,6,7,20,3,0,,-
2024,Statistical-Yearbook-2024.xlsx,فهرس الباب الرابع,Unknown / Other,"Patients and Casualties Offered First Aid and Transported by Saudi Red Crescent Authority Ambulances by Administrative Region and Type of Case, 2024G.",Capacity | Activity,Health Cluster,YES,NO,146,38,2,3,0,1,0,,"patients and casualties offered first aid and transported by saudi red crescent authority ambulances by administrative region and type of case, g"
2024,Statistical-Yearbook-2024.xlsx,4-1,Health Activities,"MoH PHC Encounters and Consultations by Health Clusters, Gender and Nationality, 2024G.",Other,Health Cluster,NO,YES,28,28,6,7,30,4,0,,"moh phc encounters and consultations by health clusters, gender and nationality, g"
2024,Statistical-Yearbook-2024.xlsx,4-2,Health Activities,"MoH PHC Encounters and Consultations by Health Clusters and Age Groups, 2024G.",Other,Health Cluster,NO,YES,27,47,5,6,30,4,0,,"moh phc encounters and consultations by health clusters and age groups, g"
2024,Statistical-Yearbook-2024.xlsx,4-3,Health Activities,"Medical Emergency Encounters in MoH Hospitals by Health Clusters, Gender and Nationality, 2024G.",Capacity | Activity,Health Cluster,NO,YES,37,18,15,16,44,9,0,,"medical emergency encounters in moh hospitals by health clusters, gender and nationality, g"
2024,Statistical-Yearbook-2024.xlsx,4-4,Health Activities,"Surgical Emergency Encounters in MoH Hospitals by Health Clusters, Gender and Nationality, 2024G.",Capacity | Activity,Health Cluster,NO,YES,37,18,15,16,44,9,0,,"surgical emergency encounters in moh hospitals by health clusters, gender and nationality, g"
2024,Statistical-Yearbook-2024.xlsx,4-5,Health Activities,"Encounters to Outpatient Clinics in MoH Hospitals by Gender, Nationality and Health Clusters, 2024G.",Capacity | Activity,Health Cluster,NO,YES,37,18,15,16,44,9,0,,"encounters to outpatient clinics in moh hospitals by gender, nationality and health clusters, g"
2024,Statistical-Yearbook-2024.xlsx,4-6,Health Activities,"PHCs' Encounters and Outpatients of MoH Hospitals by Health Clusters, 2024G.",Capacity | Activity,Health Cluster,NO,YES,30,13,4,5,30,5,0,,"phcs' encounters and outpatients of moh hospitals by health clusters, g"
2024,Statistical-Yearbook-2024.xlsx,4-7,Health Activities,زيارات المراجعين لمراكز الرعاية الصحية الأولية والعيادات الخارجية بمستشفيات وزارة الصحة حسب المنطقة الإدارية في الأعوام الخمسة الأخيرة,Capacity | Activity,Health Region,NO,YES,25,21,6,7,26,3,0,,زيارات المراجعين لمراكز الرعاية الصحية الأولية والعيادات الخارجية بمستشفيات وزارة الصحة المنطقة الإدارية في الأعوام الخمسة الأخيرة
2024,Statistical-Yearbook-2024.xlsx,4-8,Health Activities,"First Aid Centers and Ambulances of the Saudi Red Crescent Authority by Administrative Region, 2024G.",Capacity,Health Region,NO,YES,26,7,6,7,26,2,0,,"first aid centers and ambulances of the saudi red crescent authority by administrative region, g"
2024,Statistical-Yearbook-2024.xlsx,4-9,Health Activities,"Patients and Casualties Offered First Aid and Transported by Saudi Red Crescent Authority Ambulances by Administrative Region and Type of Case, 2024G.",Capacity,Health Region,NO,YES,21,10,6,7,25,4,0,,"patients and casualties offered first aid and transported by saudi red crescent authority ambulances by administrative region and type of case, g"
2024,Statistical-Yearbook-2024.xlsx,4-10,Health Activities,Cases Offered First Aid and Transported by Ambulances of Saudi Red Crescent Authority by Administrative Region in the last Five Years,Other,Health Region,NO,YES,21,15,5,6,25,2,0,,cases offered first aid and transported by ambulances of saudi red crescent authority by administrative region in the last five years
2024,Statistical-Yearbook-2024.xlsx,4-11,Health Activities,King Khalid Eye Specialist Hospital,Capacity | Activity,Unknown / National / Other,NO,YES,80,18,11,12,7,4,1,,king khalid eye specialist hospital
2024,Statistical-Yearbook-2024.xlsx,4-12,Health Activities,"Outpatient and ER Visits to all Private Sector Facilities by Gender, Nationality and Administrative Region , 2024G.",Activity,Health Region,NO,YES,23,29,6,7,20,4,2,,"outpatient and er visits to all private sector facilities by gender, nationality and administrative region , g"
2024,Statistical-Yearbook-2024.xlsx,4-13,Health Activities,"Outpatient and ER Visits to all Private Sector Facilities by Age Groups and Administrative Region , 2024G.",Activity,Health Region,NO,YES,21,57,6,7,20,4,2,,"outpatient and er visits to all private sector facilities by age groups and administrative region , g"
2024,Statistical-Yearbook-2024.xlsx,4-14,Health Activities,"Outpatient and ER Visits to all Private Sector Facilities by Gender, Nationality and ICD-10 Diagnosis, 2024G.",Activity,Unknown / National / Other,NO,YES,29,33,5,6,0,5,2,,"outpatient and er visits to all private sector facilities by gender, nationality and icd- diagnosis, g"
2024,Statistical-Yearbook-2024.xlsx,4-15,Health Activities,زيارات المراجعين للقطاعات الصحية بالمملكة ومتوسط عدد الزيارات لكل فرد من السكان في الأعوام الخمسة الأخيرة,Population | Activity,Unknown / National / Other,NO,YES,25,9,9,10,0,2,0,,زيارات المراجعين للقطاعات الصحية بالمملكة ومتوسط عدد الزيارات لكل فرد من السكان في الأعوام الخمسة الأخيرة
2024,Statistical-Yearbook-2024.xlsx,4-16,Health Activities,"Encounters to Diabetic Clinics, MOH Hospitals by Gender, Nationality and Health Cluster, 2024G.",Capacity | Activity,Health Cluster,NO,YES,37,18,15,16,44,9,0,,"encounters to diabetic clinics, moh hospitals by gender, nationality and health cluster, g"
2024,Statistical-Yearbook-2024.xlsx,4-17,Health Activities,"Complications of pregnancy and child birth, MOH Hospitals, 2024G.",Capacity,Unknown / National / Other,NO,YES,27,12,4,5,0,2,0,,"complications of pregnancy and child birth, moh hospitals, g"
2024,Statistical-Yearbook-2024.xlsx,4-18,Health Activities,"Outpatients and Inpatients in Mental Health Departments, MOH, According to Main Disease Groups of ICD-10, 2024G.",Activity,Unknown / National / Other,NO,YES,28,13,5,6,0,5,2,,"outpatients and inpatients in mental health departments, moh, according to main disease groups of icd- , g"
2024,Statistical-Yearbook-2024.xlsx,4-19,Health Activities,"Encounters to Dental Clinics, MoH by Gender, Nationality and Health Cluster, 2024G.",Activity,Health Cluster,NO,YES,31,18,4,5,30,2,2,,"encounters to dental clinics, moh by gender, nationality and health cluster, g"
2024,Statistical-Yearbook-2024.xlsx,4-20,Health Activities,"Main Dental Services in Dental Centers, MoH by Type of Service and Health Cluster, 2024G.",Workforce | Activity,Health Cluster,NO,YES,32,14,4,5,30,4,2,,"main dental services in dental centers, moh by type of service and health cluster, g"
2024,Statistical-Yearbook-2024.xlsx,4-21,Health Activities,"Oral Surgery and Teeth Extraction at MoH Facilities by Health Cluster, 2024G.",Activity,Health Cluster,NO,YES,30,6,4,5,30,3,2,,"oral surgery and teeth extraction at moh facilities by health cluster, g"
2024,Statistical-Yearbook-2024.xlsx,4-22,Health Activities,"Admissions at MoH Hospitals by Health Clusters, Gender and Nationality, 2024G.",Capacity | Activity,Health Cluster,NO,YES,32,8,4,5,30,3,2,,"admissions at moh hospitals by health clusters, gender and nationality, g"
2024,Statistical-Yearbook-2024.xlsx,4-23,Health Activities,"Discharges from MoH Hospitals by Health Cluster, Gender and Nationality, 2024G.",Capacity | Activity,Health Cluster,NO,YES,32,8,4,5,30,3,2,,"discharges from moh hospitals by health cluster, gender and nationality, g"
2024,Statistical-Yearbook-2024.xlsx,4-24,Health Activities,المرضى المنومون بمستشفيات الرعاية المديدة وأسرة الرعاية المديدة بالمستشفيات العامة بوزارة الصحة حسب التجمعات الصحية عام 2024م.,Capacity | Activity,Health Cluster,NO,YES,27,11,6,7,30,4,0,2024,المرضى المنومون بمستشفيات الرعاية المديدة وأسرة الرعاية المديدة بالمستشفيات ا ة بوزارة الصحة التجمعات الصحية م
2024,Statistical-Yearbook-2024.xlsx,4-25,Health Activities,"Selected Indicators of MoH Hospital Services by Health Clusters, 2024G",Capacity,Health Cluster,NO,YES,27,25,5,6,30,0,2,,"selected indicators of moh hospital services by health clusters, g"
2024,Statistical-Yearbook-2024.xlsx,4-26,Health Activities,"Some Selected Indicators of MoH Psychiatric, Long Term Care and Rehabilitation Hospitals by Health Clusters, 2024G.",Capacity,Health Cluster,NO,YES,64,10,4,5,30,0,2,,"some selected indicators of moh psychiatric, long term care and rehabilitation hospitals by health clusters, g"
2024,Statistical-Yearbook-2024.xlsx,4-27,Health Activities,"Inpatients in Other Governmental Sector Hospitals by Nationality, 2024G",Capacity | Activity,Unknown / National / Other,NO,YES,54,14,15,16,4,4,0,,"inpatients in other governmental sector hospitals by nationality, g"
2024,Statistical-Yearbook-2024.xlsx,4-28,Health Activities,"Inpatients in Private Hospitals by Gender, Nationality and Administrative Region , 2024G.",Capacity,Health Region,NO,YES,23,24,5,6,20,4,2,,"inpatients in private hospitals by gender, nationality and administrative region , g"
2024,Statistical-Yearbook-2024.xlsx,4-29,Health Activities,"Inpatients in Private Hospitals by Age Groups and Administrative Region , 2024G.",Capacity,Health Region,NO,YES,25,46,5,6,20,4,2,,"inpatients in private hospitals by age groups and administrative region , g"
2024,Statistical-Yearbook-2024.xlsx,4-30,Health Activities,"Inpatients in Private Hospitals by Gender, Nationality and ICD-10 Diagnosis, 2024G.",Capacity,Unknown / National / Other,NO,YES,31,39,5,6,0,5,2,,"inpatients in private hospitals by gender, nationality and icd- diagnosis, g"
2024,Statistical-Yearbook-2024.xlsx,4-31,Health Activities,"Inpatients in Health Sectors Hospitals, KSA in the last Five Years",Capacity | Activity,Unknown / National / Other,NO,YES,19,9,9,10,0,2,0,,"inpatients in health sectors hospitals, ksa in the last five years"
2024,Statistical-Yearbook-2024.xlsx,4-32,Health Activities,"Live Births in the Ministry of Health by Type of Delivery, Gender and Nationality in MoH Branches & Offices, 2024G.",Other,Unknown / National / Other,NO,YES,66,12,6,7,24,5,2,2021,"live births in the ministry of health by type of delivery, gender and nationality in moh branches & offices, g"
2024,Statistical-Yearbook-2024.xlsx,4-33,Health Activities,"Live Births in the Other Governmental Sector by Type of Delivery, Gender and Nationality in MoH Branches & Offices, 2024G.",Other,Unknown / National / Other,NO,YES,66,12,6,7,24,5,2,,"live births in the other governmental sector by type of delivery, gender and nationality in moh branches & offices, g"
2024,Statistical-Yearbook-2024.xlsx,4-34,Health Activities,"Live Births in the Private Sector by Type of Delivery, Gender and Nationality in MoH Branches & Offices, 2024G.",Other,Unknown / National / Other,NO,YES,63,12,6,7,24,5,2,,"live births in the private sector by type of delivery, gender and nationality in moh branches & offices, g"
2024,Statistical-Yearbook-2024.xlsx,4-35,Health Activities,"Live Births in all Health Sectors by Type of Delivery, Gender and Nationality in MoH Branches & Offices, 2024G.",Other,Unknown / National / Other,NO,YES,73,14,15,16,24,5,2,,"live births in all health sectors by type of delivery, gender and nationality in moh branches & offices, g"
2024,Statistical-Yearbook-2024.xlsx,4-36,Health Activities,"Surgical Interventions at MoH Hospitals by Health Clusters and Hospital Sections, 2024G.",Capacity | Activity,Health Cluster,NO,YES,50,15,14,15,44,9,0,,"surgical interventions at moh hospitals by health clusters and hospital sections, g"
2024,Statistical-Yearbook-2024.xlsx,4-37,Health Activities,"Surgical Interventions at Other Governmental Sector Hospitals by Section, 2024G",Capacity | Activity,Unknown / National / Other,NO,YES,47,59,7,8,0,5,0,,"surgical interventions at other governmental sector hospitals by section, g"
2024,Statistical-Yearbook-2024.xlsx,4-38,Health Activities,"Surgical Interventions at all Private Sector Facilities by Australian Classification of Health Interventions (ACHI) and Administrative Region, 2024G.",Other,Health Region,NO,YES,31,29,4,5,21,4,2,2021,"surgical interventions at all private sector facilities by australian classification of health interventions achi and administrative region, g"
2024,Statistical-Yearbook-2024.xlsx,4-39,Health Activities,"Main Activities and Services at King Khaled Eye Specialist Hospital, in the last Five Years",Capacity | Activity,Unknown / National / Other,NO,YES,27,12,4,5,1,4,0,,"main activities and services at king khaled eye specialist hospital, in the last five years"
2024,Statistical-Yearbook-2024.xlsx,4-40,Health Activities,"Cases of Malignant Tumours Registered at King Faisal Specialist Hospital and Research Center by Site and Gender, 2024G.",Capacity,Unknown / National / Other,NO,YES,26,14,8,9,4,2,2,,"cases of malignant tumours registered at king faisal specialist hospital and research center by site and gender, g"
2024,Statistical-Yearbook-2024.xlsx,4-41,Health Activities,"Cases of Tumours among Children Referred to King Faisal Specialist Hospital by Site, 2024G.",Capacity,Unknown / National / Other,NO,YES,21,8,5,6,2,2,2,,"cases of tumours among children referred to king faisal specialist hospital by site, g"
2024,Statistical-Yearbook-2024.xlsx,4-42,Health Activities,"Renal Dialysis Centers and Patients by Health Sectors, 2024G.",Other,Unknown / National / Other,NO,YES,14,6,4,5,0,2,0,2024,"renal dialysis centers and patients by health sectors, g"
2024,Statistical-Yearbook-2024.xlsx,4-43,Health Activities,Table 4-43,Other,Unknown / National / Other,NO,YES,7,5,6,7,0,0,0,,-
2024,Statistical-Yearbook-2024.xlsx,4-44,Health Activities,"Number of Visits to Medical Rehabilitation Centers and Departments, MoH, 2024G.",Activity,Health Cluster,NO,YES,38,8,14,15,43,9,0,,"number of visits to medical rehabilitation centers and departments, moh, g"
2024,Statistical-Yearbook-2024.xlsx,4-45,Health Activities,"Post-Amputation Encounters to Medical Rehabilitation Centers & Departments at MoH Facilities by Gender, Nationality and Cause of Injury, 2024G.",Other,Unknown / National / Other,NO,YES,16,10,12,,0,4,0,,"post-amputation encounters to medical rehabilitation centers & departments at moh facilities by gender, nationality and cause of injury, g"
2024,Statistical-Yearbook-2024.xlsx,4-46,Health Activities,King Khalid Eye Specialist Hospital,Capacity,Unknown / National / Other,NO,YES,60,49,14,,0,4,0,,king khalid eye specialist hospital
2024,Statistical-Yearbook-2024.xlsx,4-47,Health Activities,"Cases of Medical Rehabilitation in the Private Sector by Type of Rehabilitation and Administrative Region, 2024G.",Other,Health Region,NO,YES,39,23,6,7,21,4,2,,"cases of medical rehabilitation in the private sector by type of rehabilitation and administrative region, g"
2024,Statistical-Yearbook-2024.xlsx,4-48,Health Activities,"Sessions of Medical Rehabilitation in the Private Sector by Type of Rehabilitation and Administrative Region, 2024G.",Other,Health Region,NO,YES,39,23,6,7,21,4,2,,"sessions of medical rehabilitation in the private sector by type of rehabilitation and administrative region, g"
2024,Statistical-Yearbook-2024.xlsx,4-49,Health Activities,Table 4-49,Workforce,Unknown / National / Other,NO,YES,22,17,7,8,0,3,2,2024,-
2024,Statistical-Yearbook-2024.xlsx,4-50,Health Activities,Table 4-50,Other,Unknown / National / Other,NO,YES,32,26,4,5,25,2,0,,-
2024,Statistical-Yearbook-2024.xlsx,4-51,Health Activities,"Laboratory Investigations at MoH Hospitals by Health Cluster and Type of Investigation, 2024G.",Capacity,Health Cluster,NO,YES,62,27,12,13,32,8,0,,"laboratory investigations at moh hospitals by health cluster and type of investigation, g"
2024,Statistical-Yearbook-2024.xlsx,4-52,Health Activities,"Laboratory Investigations at MoH Regional Laboratories by MoH Branches and Offices & Type of Investigation, 2024G.",Other,Health Region,NO,YES,33,22,4,5,21,3,0,,"laboratory investigations at moh regional laboratories by moh branches and offices & type of investigation, g"
2024,Statistical-Yearbook-2024.xlsx,4-53,Health Activities,"Diagnostic Radiology Investigations at MoH Hospitals by Type of Investigation, 2024G.",Capacity,Unknown / National / Other,NO,YES,19,3,4,5,0,0,0,,"diagnostic radiology investigations at moh hospitals by type of investigation, g"
2024,Statistical-Yearbook-2024.xlsx,4-54,Health Activities,Source: Council of Health Insurance,Other,Unknown / National / Other,NO,YES,17,3,4,5,0,0,2,,source council of health insurance
2024,Statistical-Yearbook-2024.xlsx,4-55,Health Activities,"Laboratory Investigations and Number of Radiology & Physiotherapy patients at MoH Facilities, in the last Five Years",Activity,Unknown / National / Other,NO,YES,13,15,4,5,0,0,0,,"laboratory investigations and number of radiology & physiotherapy patients at moh facilities, in the last five years"
2024,Statistical-Yearbook-2024.xlsx,4-56,Health Activities,King Khalid Eye Specialist Hospital,Capacity,Unknown / National / Other,NO,YES,39,10,15,,0,2,0,,king khalid eye specialist hospital
2024,Statistical-Yearbook-2024.xlsx,4-57,Health Activities,"Number of Laboratory Investigations at all Private Sector Facilities by Administrative Region and Type of Investigatio , 2024G.",Other,Health Region,NO,YES,52,20,4,5,21,3,2,,"number of laboratory investigations at all private sector facilities by administrative region and type of investigatio , g"
2024,Statistical-Yearbook-2024.xlsx,4-58,Health Activities,"Number of Samples and Tests Conducted at MoH Forensic Toxicology Services Administrations (FTSA) / Forensic Toxicology Unit (FTU), by MoH Branches & Offices, 2024G.",Other,Health Region,NO,YES,23,18,4,5,44,3,0,,"number of samples and tests conducted at moh forensic toxicology services administrations ftsa forensic toxicology unit ftu , by moh branches & offices, g"
2024,Statistical-Yearbook-2024.xlsx,4-59,Health Activities,أنشطة بنوك الدم بوزارة الصحة حسب المنطقة الصحية عام 2024م.,Activity,Health Region,NO,YES,31,7,4,5,23,2,2,,أنشطة بنوك الدم بوزارة الصحة المنطقة الصحية م
2024,Statistical-Yearbook-2024.xlsx,4-60,Health Activities,Table 4-60,Activity,Unknown / National / Other,NO,YES,18,26,4,5,0,0,0,,-
2024,Statistical-Yearbook-2024.xlsx,4-61,Health Activities,King Faisal Specialist Hospital,Capacity | Activity,Unknown / National / Other,NO,YES,47,12,12,,0,2,0,,king faisal specialist hospital
2024,Statistical-Yearbook-2024.xlsx,4-62,Health Activities,الحالات المعروضة على مراكز الطب الشرعي بوزارة الصحة حسب المنطقة الصحية وطبيعة الفحص الطبي الشرعي لعام 2024م,Other,Health Region,NO,YES,29,8,4,5,23,6,0,,الحالات المعروضة على مراكز الطب الشرعي بوزارة الصحة المنطقة الصحية وطبيعة الفحص الطبي الشرعي م
2024,Statistical-Yearbook-2024.xlsx,4-63,Health Activities,Referrals including reverse referrals to general or specialized government hospitals according to the referring and receiving cluster in 2024 G.,Capacity,Health Cluster,NO,YES,26,41,5,6,58,4,0,2024,referrals including reverse referrals to general or specialized government hospitals according to the referring and receiving cluster in g
2024,Statistical-Yearbook-2024.xlsx,4-64,Health Activities,Table 4-64,Activity,Unknown / National / Other,NO,YES,27,10,4,5,0,4,0,,-
2024,Statistical-Yearbook-2024.xlsx,4-65,Health Activities,"Cases Referred to Social Service Departements at MOH Hospitals, According to Cause of Social Investigation and Gender, 2024G.",Capacity | Activity,Unknown / National / Other,NO,YES,12,5,4,5,0,1,0,,"cases referred to social service departements at moh hospitals, according to cause of social investigation and gender, g"
2024,Statistical-Yearbook-2024.xlsx,4-66,Health Activities,"Approximate No. of Meals Served in MoH Hospitals by MoH Branches & Offices, 2024G.",Capacity | Workforce,Unknown / National / Other,NO,YES,28,10,4,5,23,4,1,,"approximate no of meals served in moh hospitals by moh branches & offices, g"
2024,Statistical-Yearbook-2024.xlsx,4-67,Health Activities,عدد المستشفيات المنفذة لبرنامج الرعاية الصحية المنزلية بوزارة الصحة والعاملين وعدد المستفيدين حسب فروع الوزارة لعام 2024م,Capacity,Unknown / National / Other,NO,YES,27,7,4,5,23,2,0,2024,عدد المستشفيات المنفذة لبرنامج الرعاية الصحية المنزلية بوزارة الصحة وا لين وعدد المستفيدين فروع الوزارة م
2024,Statistical-Yearbook-2024.xlsx,4-68,Health Activities,Table 4-68,Other,Unknown / National / Other,NO,YES,16,7,4,5,0,0,0,,-
2024,Statistical-Yearbook-2024.xlsx,4-69,Health Activities,Health Call Center 937,Other,Unknown / National / Other,NO,YES,53,7,15,16,0,0,2,,health call center
2024,Statistical-Yearbook-2024.xlsx,4-70,Health Activities,SEHA Virtual Hospital Specialized Services- 2024G,Capacity | Activity,Health Cluster,NO,YES,32,24,11,12,34,5,0,,seha virtual hospital specialized services- g
2024,Statistical-Yearbook-2024.xlsx,4-71,Health Activities,"Number of Completed Virtual Appointments at Ministry of Health Facilities by Health Cluster, 2024G.",Capacity,Health Cluster,NO,YES,28,10,4,5,30,4,0,,"number of completed virtual appointments at ministry of health facilities by health cluster, g"
2024,Statistical-Yearbook-2024.xlsx,4-72,Health Activities,"School Health Services by Type of Service and MoH Branches, 2024G",Other,Unknown / National / Other,NO,YES,26,13,6,7,22,2,0,,"school health services by type of service and moh branches, g"
2024,Statistical-Yearbook-2024.xlsx,مؤشرات أداء الصحة,Unknown / Other,,Other,Unknown / National / Other,NO,NO,1,1,,,0,0,0,,
2024,Statistical-Yearbook-2024.xlsx,fig1,Unknown / Other,العيادات الخارجية – متوسط وقت الانتظار للموعد (بالايام),Activity,Unknown / National / Other,NO,YES,53,22,2,39,0,0,0,,العيادات الخارجية - متوسط وقت الانتظار للموعد بالايام
2024,Statistical-Yearbook-2024.xlsx,fig2,Unknown / Other,قسم الطوارئ – نسبة المرضى الذين انهيت اجراءاتهم خلال 4 ساعات,Activity,Unknown / National / Other,NO,YES,44,10,2,36,0,0,0,,قسم الطوارئ - نسبة المرضى الذين انهيت اجراءاتهم خلال ساعات
2024,Statistical-Yearbook-2024.xlsx,fig3,Unknown / Other,متوسط مدة الإقامة للمرضى داخل المستشفى (بالأيام),Capacity,Unknown / National / Other,NO,YES,47,7,2,40,0,0,0,,متوسط مدة الإقامة للمرضى داخل المستشفى بالأيام
2024,Statistical-Yearbook-2024.xlsx,fig4,Unknown / Other,Critical Care Average Length of Stay (in days),Other,Unknown / National / Other,NO,YES,44,8,2,37,0,0,0,,critical care average length of stay in days
2024,Statistical-Yearbook-2024.xlsx,fig5,Unknown / Other,غرفة العمليات – متوسط وقت انتظار الجراحة (بالأيام),Activity,Unknown / National / Other,NO,YES,49,17,2,,0,0,0,,غرفة العمليات - متوسط وقت انتظار الجراحة بالأيام
2024,Statistical-Yearbook-2024.xlsx,fig6,Unknown / Other,Radiology Machines Utilization Rate (%),Other,Unknown / National / Other,NO,YES,47,26,2,39,0,0,0,,radiology machines utilization rate %
2024,Statistical-Yearbook-2024.xlsx,fig7,Unknown / Other,الفترة الزمنية بين طلب وإجراء أشعة الرنين المغناطيسي والتصوير المقطعي (بالساعات),Other,Unknown / National / Other,NO,YES,56,20,2,,0,0,0,,الفترة الزمنية بين طلب وإجراء أشعة الرنين المغناطيسي والتصوير المقطعي بالساعات
2024,Statistical-Yearbook-2024.xlsx,فهرس الباب الخامس,Unknown / Other,"Activities of Control Health Centers at Entry Points ( Preventive Care ), 1445H (2024G).",Capacity | Activity,Unknown / National / Other,YES,NO,36,38,2,3,0,0,0,,"activities of control health centers at entry points preventive care , h g"
2024,Statistical-Yearbook-2024.xlsx,5-1,Unknown / Other,Table 5-1,Other,Unknown / National / Other,NO,YES,17,16,11,12,0,2,2,"2021, 2022, 2023, 2024",-
2024,Statistical-Yearbook-2024.xlsx,5-2,Unknown / Other,"Permanent and Seasonal Health Facilities in Hajj Season, 1445H (2024G).",Capacity | Activity,Unknown / National / Other,NO,YES,19,7,4,5,3,2,0,,"permanent and seasonal health facilities in hajj season, h g"
2024,Statistical-Yearbook-2024.xlsx,5-3,Unknown / Other,Allied Health Personnel,Workforce,Unknown / National / Other,NO,YES,15,9,15,,0,6,0,,allied health personnel
2024,Statistical-Yearbook-2024.xlsx,5-4,Unknown / Other,*Given to all arrivalls coming from targeted Countries in Health Requirements and Recommendations,Capacity | Activity,Unknown / National / Other,NO,YES,25,8,4,5,0,2,0,,*given to all arrivalls coming from targeted countries in health requirements and recommendations
2024,Statistical-Yearbook-2024.xlsx,5-5,Unknown / Other,Pilgrims' Visits to PHCs in the Last Five Years,Activity,Health Region,NO,YES,31,7,9,10,4,2,0,,pilgrims' visits to phcs in the last five years
2024,Statistical-Yearbook-2024.xlsx,5-6,Unknown / Other,زيارات الحجاج لأقسام الطوارئ بالمستشفيات في الأعوام الخمسة الأخيرة,Capacity | Activity,Health Region,NO,YES,31,7,9,10,4,2,0,,زيارات الحجاج لأقسام الطوارئ بالمستشفيات في الأعوام الخمسة الأخيرة
2024,Statistical-Yearbook-2024.xlsx,5-7,Unknown / Other,زيارات الحجاج للعيادات الخارجية بالمستشفيات في الأعوام الخمسة الأخيرة,Capacity | Activity,Health Region,NO,YES,31,7,9,10,4,2,0,,زيارات الحجاج للعيادات الخارجية بالمستشفيات في الأعوام الخمسة الأخيرة
2024,Statistical-Yearbook-2024.xlsx,5-8,Unknown / Other,حالات التنويم من الحجاج بأقسام المستشفيات في الأعوام الخمسة الأخيرة,Capacity | Activity,Health Region,NO,YES,31,7,9,10,4,2,0,,حالات التنويم من الحجاج بأقسام المستشفيات في الأعوام الخمسة الأخيرة
2024,Statistical-Yearbook-2024.xlsx,5-9,Unknown / Other,Table 5-9,Other,Health Region,NO,YES,31,7,9,10,4,2,0,,-
2024,Statistical-Yearbook-2024.xlsx,5-10,Unknown / Other,Table 5-10,Other,Health Region,NO,YES,31,7,9,10,4,2,0,,-
2024,Statistical-Yearbook-2024.xlsx,5-11,Unknown / Other,Table 5-11,Other,Health Region,NO,YES,31,7,9,10,4,2,0,,-
2024,Statistical-Yearbook-2024.xlsx,5-12,Unknown / Other,Table 5-12,Activity,Health Region,NO,YES,32,7,9,10,4,2,0,,-
2024,Statistical-Yearbook-2024.xlsx,5-13,Unknown / Other,Table 5-13,Other,Health Region,NO,YES,32,7,9,10,4,2,0,,-
2024,Statistical-Yearbook-2024.xlsx,5-14,Unknown / Other,Table 5-14,Other,Health Region,NO,YES,32,7,9,10,4,2,0,,-
2024,Statistical-Yearbook-2024.xlsx,5-15,Unknown / Other,Table 5-15,Other,Health Region,NO,YES,32,7,9,10,4,2,0,,-
