year_a,workbook_a,sheet_a,title_a,year_b,workbook_b,sheet_b,title_b,topic,similarity_score,manual_validation_required
2022,2022-Chapter-I-Health-Indicators.xlsx,1,Crude Birth Rate /1000 Population,2021,Statistical-Yearbook-2021-Chapter-I-Health-Indicators.xlsx,1,Crude Birth Rate /1000 Population,Population,1.0,YES
2022,2022-Chapter-I-Health-Indicators.xlsx,1,Crude Birth Rate /1000 Population,2023,Statistical-Yearbook-2023.xlsx,1,Crude Birth Rate /1000 Population,Population,1.0,YES
2022,2022-Chapter-I-Health-Indicators.xlsx,1,Crude Birth Rate /1000 Population,2024,Statistical-Yearbook-2024.xlsx,1-1,Crude Birth Rate /1000 Population,Population,1.0,YES
2022,2022-Chapter-I-Health-Indicators.xlsx,2,Crude Death Rate /1000 Population,2021,Statistical-Yearbook-2021-Chapter-I-Health-Indicators.xlsx,2,Crude Death Rate /1000 Population,Population,1.0,YES
2022,2022-Chapter-I-Health-Indicators.xlsx,2,Crude Death Rate /1000 Population,2023,Statistical-Yearbook-2023.xlsx,6,Crude Death Rate /1000 Population,Population,1.0,YES
2022,2022-Chapter-I-Health-Indicators.xlsx,4,"Health Resources Indicators (per 10,000 population) in the Last Five Years",2021,Statistical-Yearbook-2021-Chapter-I-Health-Indicators.xlsx,4,"Health Resources Indicators (per 10,000 population) in the Last Five Years",Population | Capacity | Workforce,1.0,YES
2022,2022-Chapter-I-Health-Indicators.xlsx,4,"Health Resources Indicators (per 10,000 population) in the Last Five Years",2023,Statistical-Yearbook-2023.xlsx,9,"Health Resources Indicators (per 10,000 population) in the Last Five Years",Population | Capacity | Workforce,1.0,YES
2022,2022-Chapter-I-Health-Indicators.xlsx,5,مؤشرات مختارة عن الموارد المتاحة بمستشفيات وزارة الصحة حسب المنطقة الصحية لعام 2022 م,2021,Statistical-Yearbook-2021-Chapter-I-Health-Indicators.xlsx,6,مؤشرات مختارة عن الموارد المتاحة بمستشفيات وزارة الصحة حسب المنطقة الصحية لعام 2021 م,Capacity | Workforce,1.0,YES
2022,2022-Chapter-I-Health-Indicators.xlsx,5,مؤشرات مختارة عن الموارد المتاحة بمستشفيات وزارة الصحة حسب المنطقة الصحية لعام 2022 م,2023,Statistical-Yearbook-2023.xlsx,10,مؤشرات مختارة عن الموارد المتاحة بمستشفيات وزارة الصحة حسب المنطقة الصحية لعام 2023 م,Capacity | Workforce,1.0,YES
2022,2022-Chapter-I-Health-Indicators.xlsx,7,"Incidence Rate of Some Immunization Targeted Diseases (per 100,000 population) in the Last Five Years",2021,Statistical-Yearbook-2021-Chapter-I-Health-Indicators.xlsx,8,"Incidence Rate of Some Immunization Targeted Diseases (per 100,000 population) in the Last Five Years",Population,1.0,YES
2022,2022-Chapter-I-Health-Indicators.xlsx,7,"Incidence Rate of Some Immunization Targeted Diseases (per 100,000 population) in the Last Five Years",2023,Statistical-Yearbook-2023.xlsx,12,"Incidence Rate of Some Immunization Targeted Diseases (per 100,000 population) in the Last Five Years",Population,1.0,YES
2022,2022-Chapter-I-Health-Indicators.xlsx,7,"Incidence Rate of Some Immunization Targeted Diseases (per 100,000 population) in the Last Five Years",2024,Statistical-Yearbook-2024.xlsx,1-11,"Incidence Rate of Some Immunization Targeted Diseases (per 100,000 population) in the Last Five Years",Population,1.0,YES
2022,2022-Chapter-I-Health-Indicators.xlsx,9,2.2.1 Prevalence of stunting (height for age <-2 standard deviation from the median of the World Health Organization (WHO) Child Growth Standards) among children under 5 years of age (%),2021,Statistical-Yearbook-2021-Chapter-I-Health-Indicators.xlsx,10,2.2.1 Prevalence of stunting (height for age <-2 standard deviation from the median of the World Health Organization (WHO) Child Growth Standards) among children under 5 years of age (%),Population | Capacity,1.0,YES
2022,2022-Chapter-I-Health-Indicators.xlsx,10,"Population by Nationality, Gender, and Age groups, 2022G",2021,Statistical-Yearbook-2021-Chapter-I-Health-Indicators.xlsx,11,"Population by Nationality, Gender, and Age groups, 2021G",Population,1.0,YES
2022,2022-Chapter-I-Health-Indicators.xlsx,10,"Population by Nationality, Gender, and Age groups, 2022G",2023,Statistical-Yearbook-2023.xlsx,3,"Population by Nationality, Gender, and Age groups, 2022G",Population,1.0,YES
2022,2022-Chapter-I-Health-Indicators.xlsx,11,"Population By Health Regions and Nationality, 2022G.",2023,Statistical-Yearbook-2023.xlsx,2,"Population By Health Regions and Nationality, 2022G.",Population,1.0,YES
2022,2022-Chapter-I-Health-Indicators.xlsx,12,The indicators of previous years have been recalculated in the statistical yearbook based on the adjustment of the population received from the General Authority for Statistics,2023,Statistical-Yearbook-2023.xlsx,4,The indicators of previous years have been recalculated in the statistical yearbook based on the adjustment of the population received from the General Authority for Statistics,Population,1.0,YES
2022,2022-Chapter-II-Health-Resources.xlsx,2-2,المستشفيات والأسرة بالقطاعات الصحية بالمملكة حسب الجهة ومعدل الأسرة لكل عشرة آلاف من السكان في الأعوام الخمسة الأخيرة,2021,statistical-yearbook-2021-chapter-II-health-resources.xlsx,2-2,المستشفيات والأسرة بالقطاعات الصحية بالمملكة حسب الجهة ومعدل الأسرة لكل عشرة آلاف من السكان في الأعوام الخمسة الأخيرة,Population | Capacity,1.0,YES
2022,2022-Chapter-II-Health-Resources.xlsx,2-2,المستشفيات والأسرة بالقطاعات الصحية بالمملكة حسب الجهة ومعدل الأسرة لكل عشرة آلاف من السكان في الأعوام الخمسة الأخيرة,2023,Statistical-Yearbook-2023.xlsx,2.,المستشفيات والأسرة بالقطاعات الصحية بالمملكة حسب الجهة ومعدل الأسرة لكل عشرة آلاف من السكان في الأعوام الخمسة الأخيرة,Population | Capacity,1.0,YES
2022,2022-Chapter-II-Health-Resources.xlsx,2-2,المستشفيات والأسرة بالقطاعات الصحية بالمملكة حسب الجهة ومعدل الأسرة لكل عشرة آلاف من السكان في الأعوام الخمسة الأخيرة,2024,Statistical-Yearbook-2024.xlsx,2-2,المستشفيات والأسرة بالقطاعات الصحية بالمملكة حسب الجهة ومعدل الأسرة لكل عشرة آلاف من السكان في الأعوام الخمسة الأخيرة,Population | Capacity,1.0,YES
2022,2022-Chapter-II-Health-Resources.xlsx,2-3,المستشفيات والأسرة بالقطاعات الصحية بالمملكة حسب المنطقة الصحية 2022م,2021,statistical-yearbook-2021-chapter-II-health-resources.xlsx,2-3,المستشفيات والأسرة بالقطاعات الصحية بالمملكة حسب المنطقة الصحية 2021م,Capacity,1.0,YES
2022,2022-Chapter-II-Health-Resources.xlsx,2-3,المستشفيات والأسرة بالقطاعات الصحية بالمملكة حسب المنطقة الصحية 2022م,2023,Statistical-Yearbook-2023.xlsx,3.,المستشفيات والأسرة بالقطاعات الصحية بالمملكة حسب المنطقة الصحية 2023م,Capacity,1.0,YES
2022,2022-Chapter-II-Health-Resources.xlsx,2-4,Health Manpower in KSA Health Sectors in the Last Five Years,2021,statistical-yearbook-2021-chapter-II-health-resources.xlsx,2-4,Health Manpower in KSA Health Sectors in the Last Five Years,Workforce,1.0,YES
2022,2022-Chapter-II-Health-Resources.xlsx,2-4,Health Manpower in KSA Health Sectors in the Last Five Years,2023,Statistical-Yearbook-2023.xlsx,4.,Health Manpower in KSA Health Sectors in the Last Five Years,Workforce,1.0,YES
2022,2022-Chapter-II-Health-Resources.xlsx,2-4,Health Manpower in KSA Health Sectors in the Last Five Years,2024,Statistical-Yearbook-2024.xlsx,2-17,Health Manpower in KSA Health Sectors in the Last Five Years,Workforce,1.0,YES
2022,2022-Chapter-II-Health-Resources.xlsx,2-5,"Physicians and Dentists in KSA Health Sectors by Speciality and Professional Categories, 2022G",2021,statistical-yearbook-2021-chapter-II-health-resources.xlsx,2-5,"Physicians and Dentists in KSA Health Sectors by Speciality and Professional Categories, 2021G",Workforce | Activity,1.0,YES
2022,2022-Chapter-II-Health-Resources.xlsx,2-5,"Physicians and Dentists in KSA Health Sectors by Speciality and Professional Categories, 2022G",2023,Statistical-Yearbook-2023.xlsx,5.,"Physicians and Dentists in KSA Health Sectors by Speciality and Professional Categories, 2023G",Workforce | Activity,1.0,YES
2022,2022-Chapter-II-Health-Resources.xlsx,2-5,"Physicians and Dentists in KSA Health Sectors by Speciality and Professional Categories, 2022G",2024,Statistical-Yearbook-2024.xlsx,2-19,"Physicians and Dentists in KSA Health Sectors by Speciality and Professional Categories, 2024G",Workforce | Activity,1.0,YES
2022,2022-Chapter-II-Health-Resources.xlsx,2-6,المرافق الصحية بوزارة الصحة حسب المنطقة الصحية عام 2022م,2021,statistical-yearbook-2021-chapter-II-health-resources.xlsx,2-6,المرافق الصحية بوزارة الصحة حسب المنطقة الصحية عام 2021م,Capacity,1.0,YES
2022,2022-Chapter-II-Health-Resources.xlsx,2-6,المرافق الصحية بوزارة الصحة حسب المنطقة الصحية عام 2022م,2023,Statistical-Yearbook-2023.xlsx,11.,المرافق الصحية بوزارة الصحة حسب المنطقة الصحية عام 2023م,Capacity,1.0,YES
2022,2022-Chapter-II-Health-Resources.xlsx,2-7,القوى العاملة الصحية بوزارة الصحة حسب المنطقة الصحية والفئة والجنس والجنسية عام 2022م,2021,statistical-yearbook-2021-chapter-II-health-resources.xlsx,2-7,القوى العاملة الصحية بوزارة الصحة حسب المنطقة الصحية والفئة والجنس والجنسية عام 2021م,Workforce,1.0,YES
2022,2022-Chapter-II-Health-Resources.xlsx,2-7,القوى العاملة الصحية بوزارة الصحة حسب المنطقة الصحية والفئة والجنس والجنسية عام 2022م,2023,Statistical-Yearbook-2023.xlsx,12.,القوى العاملة الصحية بوزارة الصحة حسب المنطقة الصحية والفئة والجنس والجنسية عام 2023م,Workforce,1.0,YES
2022,2022-Chapter-II-Health-Resources.xlsx,2-8 ,Health Manpower in MoH by Nationality in the Last Five Years,2021,statistical-yearbook-2021-chapter-II-health-resources.xlsx,2-8 ,Health Manpower in MOH by Nationality in the Last Five Years,Workforce,1.0,YES
2022,2022-Chapter-II-Health-Resources.xlsx,2-8 ,Health Manpower in MoH by Nationality in the Last Five Years,2023,Statistical-Yearbook-2023.xlsx,13.,Health Manpower in MoH by Nationality in the Last Five Years,Workforce,1.0,YES
2022,2022-Chapter-II-Health-Resources.xlsx,2-8 ,Health Manpower in MoH by Nationality in the Last Five Years,2024,Statistical-Yearbook-2024.xlsx,2-37,Health Manpower in MoH by Nationality in the Last Five Years,Workforce,1.0,YES
2022,2022-Chapter-II-Health-Resources.xlsx,2-9,"Allied Health Personnel by Speciality, Nationality & Sex, 2022G",2023,Statistical-Yearbook-2023.xlsx,14,"Allied Health Personnel by Speciality, Nationality & Sex, 2023G",Activity,1.0,YES
2022,2022-Chapter-II-Health-Resources.xlsx,2-10,القابلات بمرافق وزارة الصحة حسب المنطقة الصحية عام 2022م,2021,statistical-yearbook-2021-chapter-II-health-resources.xlsx,2-10,القابلات بمرافق وزارة الصحة حسب المنطقة الصحية عام 2021م,Capacity,1.0,YES
2022,2022-Chapter-II-Health-Resources.xlsx,2-10,القابلات بمرافق وزارة الصحة حسب المنطقة الصحية عام 2022م,2023,Statistical-Yearbook-2023.xlsx,15,القابلات بمرافق وزارة الصحة حسب المنطقة الصحية عام 2023م,Capacity,1.0,YES
2022,2022-Chapter-II-Health-Resources.xlsx,2-11,المستشفيات والأسرة بوزارة الصحة حسب المنطقة الصحية في الأعوام الخمسة الأخيرة,2021,statistical-yearbook-2021-chapter-II-health-resources.xlsx,2-11,المستشفيات والأسرة بوزارة الصحة حسب المنطقة الصحية في الأعوام الخمسة الأخيرة,Capacity,1.0,YES
2022,2022-Chapter-II-Health-Resources.xlsx,2-11,المستشفيات والأسرة بوزارة الصحة حسب المنطقة الصحية في الأعوام الخمسة الأخيرة,2023,Statistical-Yearbook-2023.xlsx,16,المستشفيات والأسرة بوزارة الصحة حسب المنطقة الصحية في الأعوام الخمسة الأخيرة,Capacity,1.0,YES
2022,2022-Chapter-II-Health-Resources.xlsx,2-12,مستشفيات وزارة الصحة وعدد الأسرة حسب المنطقة الصحية والتخصص لعام 2022م,2021,statistical-yearbook-2021-chapter-II-health-resources.xlsx,2-12,مستشفيات وزارة الصحة وعدد الأسرة حسب المنطقة الصحية والتخصص لعام 2021م,Capacity,1.0,YES
2022,2022-Chapter-II-Health-Resources.xlsx,2-12,مستشفيات وزارة الصحة وعدد الأسرة حسب المنطقة الصحية والتخصص لعام 2022م,2023,Statistical-Yearbook-2023.xlsx,17,مستشفيات وزارة الصحة وعدد الأسرة حسب المنطقة الصحية والتخصص لعام 2023م,Capacity,1.0,YES
2022,2022-Chapter-II-Health-Resources.xlsx,2-13,مستشفيات وزارة الصحة حسب السعة السريرية والمنطقة الصحية للعام 2022م,2021,statistical-yearbook-2021-chapter-II-health-resources.xlsx,2-13,مستشفيات وزارة الصحة حسب السعة السريرية والمنطقة الصحية للعام 2021م,Capacity,1.0,YES
2022,2022-Chapter-II-Health-Resources.xlsx,2-13,مستشفيات وزارة الصحة حسب السعة السريرية والمنطقة الصحية للعام 2022م,2023,Statistical-Yearbook-2023.xlsx,18,مستشفيات وزارة الصحة حسب السعة السريرية والمنطقة الصحية للعام 2023م,Capacity,1.0,YES
2022,2022-Chapter-II-Health-Resources.xlsx,2.14,الأسرة بمستشفيات وزارة الصحة حسب المنطقة الصحية والتخصص لعام 2022م,2021,statistical-yearbook-2021-chapter-II-health-resources.xlsx,2.14,الأسرة بمستشفيات وزارة الصحة حسب المنطقة الصحية والتخصص لعام 2021م,Capacity | Activity,1.0,YES
2022,2022-Chapter-II-Health-Resources.xlsx,2.14,الأسرة بمستشفيات وزارة الصحة حسب المنطقة الصحية والتخصص لعام 2022م,2023,Statistical-Yearbook-2023.xlsx,19,الأسرة بمستشفيات وزارة الصحة حسب المنطقة الصحية والتخصص لعام 2023م,Capacity | Activity,1.0,YES
2022,2022-Chapter-II-Health-Resources.xlsx,2.15,أسرة العناية المركزة بمستشفيات وزارة الصحة حسب المنطقة الصحية لعام 2022م,2021,statistical-yearbook-2021-chapter-II-health-resources.xlsx,2.15,أسرة العناية المركزة بمستشفيات وزارة الصحة حسب المنطقة الصحية لعام 2021م,Capacity,1.0,YES
2022,2022-Chapter-II-Health-Resources.xlsx,2.15,أسرة العناية المركزة بمستشفيات وزارة الصحة حسب المنطقة الصحية لعام 2022م,2023,Statistical-Yearbook-2023.xlsx,20,أسرة العناية المركزة بمستشفيات وزارة الصحة حسب المنطقة الصحية لعام 2023م,Capacity,1.0,YES
2022,2022-Chapter-II-Health-Resources.xlsx,2.16,أسرة العزل والطوارئ بمستشفيات وزارة الصحة حسب المنطقة الصحية لعام 2022,2021,statistical-yearbook-2021-chapter-II-health-resources.xlsx,2.16,أسرة العزل والطوارئ بمستشفيات وزارة الصحة حسب المنطقة الصحية لعام 2021,Capacity | Activity,1.0,YES
2022,2022-Chapter-II-Health-Resources.xlsx,2.17,"Health Manpower in MoH Hospitals by Nationality, in the last Five Years",2021,statistical-yearbook-2021-chapter-II-health-resources.xlsx,2.17,"Health Manpower in MOH Hospitals by Nationality, in the last Five Years",Capacity | Workforce,1.0,YES
2022,2022-Chapter-II-Health-Resources.xlsx,2.17,"Health Manpower in MoH Hospitals by Nationality, in the last Five Years",2023,Statistical-Yearbook-2023.xlsx,22,"Health Manpower in MoH Hospitals by Nationality, in the last Five Years",Capacity | Workforce,1.0,YES
2022,2022-Chapter-II-Health-Resources.xlsx,2.17,"Health Manpower in MoH Hospitals by Nationality, in the last Five Years",2024,Statistical-Yearbook-2024.xlsx,2-40,"Health Manpower in MoH Hospitals by Nationality, in the last Five Years",Capacity | Workforce,1.0,YES
2022,2022-Chapter-II-Health-Resources.xlsx,2.18,القوى العاملة الصحية بمستشفيات وزارة الصحة حسب المنطقة الصحية والفئة والجنس والجنسية عام 2022م,2021,statistical-yearbook-2021-chapter-II-health-resources.xlsx,2.18,القوى العاملة الصحية بمستشفيات وزارة الصحة حسب المنطقة الصحية والفئة والجنس والجنسية عام 2021م,Capacity | Workforce,1.0,YES
2022,2022-Chapter-II-Health-Resources.xlsx,2.18,القوى العاملة الصحية بمستشفيات وزارة الصحة حسب المنطقة الصحية والفئة والجنس والجنسية عام 2022م,2023,Statistical-Yearbook-2023.xlsx,23,القوى العاملة الصحية بمستشفيات وزارة الصحة حسب المنطقة الصحية والفئة والجنس والجنسية عام 2023م,Capacity | Workforce,1.0,YES
2022,2022-Chapter-II-Health-Resources.xlsx,2.19,"Physicians and Dentists, MoH Hospitals by Speciality, Professional Categories and Health Region, 2022G.",2021,statistical-yearbook-2021-chapter-II-health-resources.xlsx,2.19,"Physicians and Dentists, MOH Hospitals by Speciality, Professional Categories and Health Region, 2021G.",Capacity | Workforce | Activity,1.0,YES
2022,2022-Chapter-II-Health-Resources.xlsx,2.19,"Physicians and Dentists, MoH Hospitals by Speciality, Professional Categories and Health Region, 2022G.",2023,Statistical-Yearbook-2023.xlsx,24,"Physicians and Dentists, MoH Hospitals by Speciality, Professional Categories and Health Region, 2023G.",Capacity | Workforce | Activity,1.0,YES
2022,2022-Chapter-II-Health-Resources.xlsx,2.20,مراكز الرعاية الصحية الأولية بوزارة الصحة حسب المنطقة الصحية في الأعوام الخمسة الأخيرة,2021,statistical-yearbook-2021-chapter-II-health-resources.xlsx,2.20,مراكز الرعاية الصحية الأولية بوزارة الصحة حسب المنطقة الصحية في الأعوام الخمسة الأخيرة,Capacity,1.0,YES
2022,2022-Chapter-II-Health-Resources.xlsx,2.20,مراكز الرعاية الصحية الأولية بوزارة الصحة حسب المنطقة الصحية في الأعوام الخمسة الأخيرة,2023,Statistical-Yearbook-2023.xlsx,25,مراكز الرعاية الصحية الأولية بوزارة الصحة حسب المنطقة الصحية في الأعوام الخمسة الأخيرة,Capacity,1.0,YES
2022,2022-Chapter-II-Health-Resources.xlsx,2.21,"Health Manpower in Primary Health Care Centers, MoH, in the last Five Years",2021,statistical-yearbook-2021-chapter-II-health-resources.xlsx,2.21,"Health Manpower in Primary Health Care Centers, MOH, in the last Five Years",Capacity | Workforce,1.0,YES
2022,2022-Chapter-II-Health-Resources.xlsx,2.21,"Health Manpower in Primary Health Care Centers, MoH, in the last Five Years",2023,Statistical-Yearbook-2023.xlsx,26,"Health Manpower in Primary Health Care Centers, MoH, in the last Five Years",Capacity | Workforce,1.0,YES
2022,2022-Chapter-II-Health-Resources.xlsx,2.21,"Health Manpower in Primary Health Care Centers, MoH, in the last Five Years",2024,Statistical-Yearbook-2024.xlsx,2-42,"Health Manpower in Primary Health Care Centers, MoH, in the last Five Years",Capacity | Workforce,1.0,YES
2022,2022-Chapter-II-Health-Resources.xlsx,2.22,"Physicians and Dentists in MoH Primary Health Care Centers by Speciality and Nationality, in the last Five Years",2021,statistical-yearbook-2021-chapter-II-health-resources.xlsx,2.22,"Physicians and Dentists in MOH Primary Health Care Centers by Speciality and Nationality, in the last Five Years",Capacity | Workforce,1.0,YES
2022,2022-Chapter-II-Health-Resources.xlsx,2.22,"Physicians and Dentists in MoH Primary Health Care Centers by Speciality and Nationality, in the last Five Years",2023,Statistical-Yearbook-2023.xlsx,27,"Physicians and Dentists in MoH Primary Health Care Centers by Speciality and Nationality, in the last Five Years",Capacity | Workforce,1.0,YES
2022,2022-Chapter-II-Health-Resources.xlsx,2.22,"Physicians and Dentists in MoH Primary Health Care Centers by Speciality and Nationality, in the last Five Years",2024,Statistical-Yearbook-2024.xlsx,2-43,"Physicians and Dentists in MoH Primary Health Care Centers by Speciality and Nationality, in the last Five Years",Capacity | Workforce,1.0,YES
2022,2022-Chapter-II-Health-Resources.xlsx,2.23,القوى العاملة الصحية بمراكز الرعاية الصحية الأولية بوزارة الصحة حسب المنطقة الصحية والفئة والجنس والجنسية عام 2022م,2021,statistical-yearbook-2021-chapter-II-health-resources.xlsx,2.23,القوى العاملة الصحية بمراكز الرعاية الصحية الأولية بوزارة الصحة حسب المنطقة الصحية والفئة والجنس والجنسية عام 2021م,Capacity | Workforce,1.0,YES
2022,2022-Chapter-II-Health-Resources.xlsx,2.23,القوى العاملة الصحية بمراكز الرعاية الصحية الأولية بوزارة الصحة حسب المنطقة الصحية والفئة والجنس والجنسية عام 2022م,2023,Statistical-Yearbook-2023.xlsx,28,القوى العاملة الصحية بمراكز الرعاية الصحية الأولية بوزارة الصحة حسب المنطقة الصحية والفئة والجنس والجنسية عام 2023م,Capacity | Workforce,1.0,YES
2022,2022-Chapter-II-Health-Resources.xlsx,2.24,الأطباء بمراكز الرعاية الصحية الأولية بوزارة الصحة حسب التخصصات الرئيسية والجنسية والجنس والمنطقة الصحية عام 2022م.,2021,statistical-yearbook-2021-chapter-II-health-resources.xlsx,2.24,الأطباء بمراكز الرعاية الصحية الأولية بوزارة الصحة حسب التخصصات الرئيسية والجنسية والجنس والمنطقة الصحية عام 2021م.,Capacity | Workforce,1.0,YES
2022,2022-Chapter-II-Health-Resources.xlsx,2.24,الأطباء بمراكز الرعاية الصحية الأولية بوزارة الصحة حسب التخصصات الرئيسية والجنسية والجنس والمنطقة الصحية عام 2022م.,2023,Statistical-Yearbook-2023.xlsx,29,الأطباء بمراكز الرعاية الصحية الأولية بوزارة الصحة حسب التخصصات الرئيسية والجنسية والجنس والمنطقة الصحية عام 2023م.,Capacity | Workforce,1.0,YES
2022,2022-Chapter-II-Health-Resources.xlsx,2.25,"Hospital Beds in Other Governmental Sector by Speciality, 2022G.",2021,statistical-yearbook-2021-chapter-II-health-resources.xlsx,2.25,"Hospital Beds in Other Governmental Sector by Speciality, 2021G.",Capacity | Activity,1.0,YES
2022,2022-Chapter-II-Health-Resources.xlsx,2.25,"Hospital Beds in Other Governmental Sector by Speciality, 2022G.",2023,Statistical-Yearbook-2023.xlsx,30,"Hospital Beds in Other Governmental Sector by Speciality, 2023G.",Capacity | Activity,1.0,YES
2022,2022-Chapter-II-Health-Resources.xlsx,2.25,"Hospital Beds in Other Governmental Sector by Speciality, 2022G.",2024,Statistical-Yearbook-2024.xlsx,2-10,"Hospital Beds in Other Governmental Sector by Speciality, 2024G.",Capacity | Activity,1.0,YES
2022,2022-Chapter-II-Health-Resources.xlsx,2.26,"Health Manpower in Other Governmental Sector by Category,Sex and Nationality, 2022G.",2021,statistical-yearbook-2021-chapter-II-health-resources.xlsx,2.26,"Health Manpower in Other Governmental Sector by Category,Sex and Nationality, 2021G.",Capacity | Workforce,1.0,YES
2022,2022-Chapter-II-Health-Resources.xlsx,2.26,"Health Manpower in Other Governmental Sector by Category,Sex and Nationality, 2022G.",2023,Statistical-Yearbook-2023.xlsx,31,"Health Manpower in Other Governmental Sector by Category,Sex and Nationality, 2023G.",Capacity | Workforce,1.0,YES
2022,2022-Chapter-II-Health-Resources.xlsx,2.27,"Physicians & Dentists in Other Governmental Sector by Speciality and Nationality, 2022G.",2021,statistical-yearbook-2021-chapter-II-health-resources.xlsx,2.27,"Physicians & Dentists in Other Governmental Sector by Speciality and Nationality, 2021G.",Capacity | Workforce | Activity,1.0,YES
2022,2022-Chapter-II-Health-Resources.xlsx,2.27,"Physicians & Dentists in Other Governmental Sector by Speciality and Nationality, 2022G.",2023,Statistical-Yearbook-2023.xlsx,32,"Physicians & Dentists in Other Governmental Sector by Speciality and Nationality, 2023G.",Capacity | Workforce | Activity,1.0,YES
2022,2022-Chapter-II-Health-Resources.xlsx,2.28,"Health Manpower in the Other Governmental Sector by Nationality, in the last Five Years",2021,statistical-yearbook-2021-chapter-II-health-resources.xlsx,2.28,"Health Manpower in the Other Governmental Sector by Nationality, in the last Five Years",Workforce,1.0,YES
2022,2022-Chapter-II-Health-Resources.xlsx,2.28,"Health Manpower in the Other Governmental Sector by Nationality, in the last Five Years",2023,Statistical-Yearbook-2023.xlsx,33,"Health Manpower in the Other Governmental Sector by Nationality, in the last Five Years",Workforce,1.0,YES
2022,2022-Chapter-II-Health-Resources.xlsx,2.28,"Health Manpower in the Other Governmental Sector by Nationality, in the last Five Years",2024,Statistical-Yearbook-2024.xlsx,2-38,"Health Manpower in the Other Governmental Sector by Nationality, in the last Five Years",Workforce,1.0,YES
2022,2022-Chapter-II-Health-Resources.xlsx,2.29,"Private Sector Hospitals, Medical Complexes, Beds and Other Medical Facilities by Health Region, 2022G.",2023,Statistical-Yearbook-2023.xlsx,34,"Private Sector Hospitals, Medical Complexes, Beds and Other Medical Facilities by Health Region, 2023G.",Capacity | Workforce,1.0,YES
2022,2022-Chapter-II-Health-Resources.xlsx,2.30,المستشفيات والأسرة والمجمعات الطبية بالقطاع الخاص حسب المنطقة الصحية في الأعوام الخمسة الأخيرة,2021,statistical-yearbook-2021-chapter-II-health-resources.xlsx,2.30,المستشفيات والأسرة والمجمعات الطبية بالقطاع الخاص حسب المنطقة الصحية في الأعوام الخمسة الأخيرة,Capacity,1.0,YES
2022,2022-Chapter-II-Health-Resources.xlsx,2.30,المستشفيات والأسرة والمجمعات الطبية بالقطاع الخاص حسب المنطقة الصحية في الأعوام الخمسة الأخيرة,2023,Statistical-Yearbook-2023.xlsx,35,المستشفيات والأسرة والمجمعات الطبية بالقطاع الخاص حسب المنطقة الصحية في الأعوام الخمسة الأخيرة,Capacity,1.0,YES
2022,2022-Chapter-II-Health-Resources.xlsx,2.31,"Hospital Beds at Private Sector by Health Region and Speciality , 2022G.",2021,statistical-yearbook-2021-chapter-II-health-resources.xlsx,2.31,"Hospital Beds at Private Sector by Health Region and Speciality , 2021G.",Capacity | Activity,1.0,YES
2022,2022-Chapter-II-Health-Resources.xlsx,2.31,"Hospital Beds at Private Sector by Health Region and Speciality , 2022G.",2023,Statistical-Yearbook-2023.xlsx,36,"Hospital Beds at Private Sector by Health Region and Speciality , 2023G.",Capacity | Activity,1.0,YES
2022,2022-Chapter-II-Health-Resources.xlsx,2.32,"Single Doctor Private Clinics by Health Region and Speciality, 2022G.",2021,statistical-yearbook-2021-chapter-II-health-resources.xlsx,2.32,"Single Doctor Private Clinics by Health Region and Speciality, 2021G.",Workforce | Activity,1.0,YES
2022,2022-Chapter-II-Health-Resources.xlsx,2.32,"Single Doctor Private Clinics by Health Region and Speciality, 2022G.",2023,Statistical-Yearbook-2023.xlsx,37,"Single Doctor Private Clinics by Health Region and Speciality, 2023G.",Workforce | Activity,1.0,YES
2022,2022-Chapter-II-Health-Resources.xlsx,2-33,Health Manpower at Private Sector in the last Five Years,2021,statistical-yearbook-2021-chapter-II-health-resources.xlsx,2-33,Health Manpower at Private Sector in the last Five Years,Workforce,1.0,YES
2022,2022-Chapter-II-Health-Resources.xlsx,2-33,Health Manpower at Private Sector in the last Five Years,2023,Statistical-Yearbook-2023.xlsx,38,Health Manpower at Private Sector in the last Five Years,Workforce,1.0,YES
2022,2022-Chapter-II-Health-Resources.xlsx,2-33,Health Manpower at Private Sector in the last Five Years,2024,Statistical-Yearbook-2024.xlsx,2-39,Health Manpower at Private Sector in the last Five Years,Workforce,1.0,YES
2022,2022-Chapter-II-Health-Resources.xlsx,2.34,"Health Manpower in the Private Sector by Health Region,Category,Sex and Nationality, 2022G",2021,statistical-yearbook-2021-chapter-II-health-resources.xlsx,2.34,"Health Manpower in the Private Sector by Health Region,Category,Sex and Nationality, 2021G",Workforce,1.0,YES
2022,2022-Chapter-II-Health-Resources.xlsx,2.34,"Health Manpower in the Private Sector by Health Region,Category,Sex and Nationality, 2022G",2023,Statistical-Yearbook-2023.xlsx,39,"Health Manpower in the Private Sector by Health Region,Category,Sex and Nationality, 2023G",Workforce,1.0,YES
2022,2022-Chapter-II-Health-Resources.xlsx,2.35,"Health Manpower in Private Sector Hospitals by Health Region,Category,Sex and Nationality, 2022G",2021,statistical-yearbook-2021-chapter-II-health-resources.xlsx,2.35,"Health Manpower in Private Sector Hospitals by Health Region,Category,Sex and Nationality, 2021G",Capacity | Workforce,1.0,YES
2022,2022-Chapter-II-Health-Resources.xlsx,2.35,"Health Manpower in Private Sector Hospitals by Health Region,Category,Sex and Nationality, 2022G",2023,Statistical-Yearbook-2023.xlsx,40,"Health Manpower in Private Sector Hospitals by Health Region,Category,Sex and Nationality, 2023G",Capacity | Workforce,1.0,YES
2022,2022-Chapter-II-Health-Resources.xlsx,2.36,"Health Manpower in Private Sector Medical Complexes by Health Region, Category, Sex and Nationality, 2022G",2023,Statistical-Yearbook-2023.xlsx,41,"Health Manpower in Private Sector Medical Complexes by Health Region, Category, Sex and Nationality, 2023G",Workforce,1.0,YES
2022,2022-Chapter-II-Health-Resources.xlsx,2.37,"Physicians and Dentists in the Private Sector by Speciality, Professional Categories and Health Region, 2022G.",2021,statistical-yearbook-2021-chapter-II-health-resources.xlsx,2.37,"Physicians and Dentists in the Private Sector by Speciality, Professional Categories and Health Region, 2021G.",Workforce | Activity,1.0,YES
2022,2022-Chapter-II-Health-Resources.xlsx,2.37,"Physicians and Dentists in the Private Sector by Speciality, Professional Categories and Health Region, 2022G.",2023,Statistical-Yearbook-2023.xlsx,42,"Physicians and Dentists in the Private Sector by Speciality, Professional Categories and Health Region, 2023G.",Workforce | Activity,1.0,YES
2022,2022-Chapter-II-Health-Resources.xlsx,2.38,"Health Manpower in Private Health Facilities by Facility Classification, Sex and Nationality, 2022G.",2021,statistical-yearbook-2021-chapter-II-health-resources.xlsx,2.38,"Health Manpower in Private Health Facilities by Facility Classification, Sex and Nationality, 2021G.",Capacity | Workforce,1.0,YES
2022,2022-Chapter-II-Health-Resources.xlsx,2.38,"Health Manpower in Private Health Facilities by Facility Classification, Sex and Nationality, 2022G.",2023,Statistical-Yearbook-2023.xlsx,43,"Health Manpower in Private Health Facilities by Facility Classification, Sex and Nationality, 2023G.",Capacity | Workforce,1.0,YES
2022,2022-Chapter-II-Health-Resources.xlsx,2.40,Table 2-40,2021,statistical-yearbook-2021-chapter-IV-health-activities.xlsx,40,Table 4-40,Workforce,1.0,YES
2022,2022-Chapter-II-Health-Resources.xlsx,2.40,Table 2-40,2023,Statistical-Yearbook-2023.xlsx,39.,Table 4-39,Workforce,1.0,YES
2022,2022-Chapter-II-Health-Resources.xlsx,2.40,Table 2-40,2024,Statistical-Yearbook-2024.xlsx,4-49,Table 4-49,Workforce,1.0,YES
2022,2022-Chapter-II-Health-Resources.xlsx,2.43,Prince Mohammad Bin Abdulaziz Hospital,2021,statistical-yearbook-2021-chapter-II-health-resources.xlsx,2.43,Prince Mohammad Bin Abdulaziz Hospital,Capacity,1.0,YES
2022,2022-Chapter-II-Health-Resources.xlsx,2.43,Prince Mohammad Bin Abdulaziz Hospital,2023,Statistical-Yearbook-2023.xlsx,51,Prince Mohammad Bin Abdulaziz Hospital,Capacity,1.0,YES
2022,2022-Chapter-II-Health-Resources.xlsx,2.43,Prince Mohammad Bin Abdulaziz Hospital,2024,Statistical-Yearbook-2024.xlsx,2-58,Prince Mohammad Bin Abdulaziz Hospital,Capacity,1.0,YES
2022,2022-Chapter-II-Health-Resources.xlsx,2.44,"Armed Forces Hospital in the military factories, Al-Kharj",2021,statistical-yearbook-2021-chapter-II-health-resources.xlsx,2.44,"Armed Forces Hospital in the military factories, Al-Kharj",Capacity,1.0,YES
2022,2022-Chapter-II-Health-Resources.xlsx,2.44,"Armed Forces Hospital in the military factories, Al-Kharj",2023,Statistical-Yearbook-2023.xlsx,52,"Armed Forces Hospital in the military factories, Al-Kharj",Capacity,1.0,YES
2022,2022-Chapter-II-Health-Resources.xlsx,2.44,"Armed Forces Hospital in the military factories, Al-Kharj",2024,Statistical-Yearbook-2024.xlsx,2-59,"Armed Forces Hospital in the military factories, Al-Kharj",Capacity,1.0,YES
2022,2022-Chapter-IV-Health-Activities.xlsx,2,زيارات مراجعي الطوارئ المرضية بمستشفيات وزارة الصحة حسب الجنس والجنسية والمنطقة الصحية عام 2022م.,2021,statistical-yearbook-2021-chapter-IV-health-activities.xlsx,2,زيارات مراجعي الطوارئ المرضية بمستشفيات وزارة الصحة حسب الجنس والجنسية والمنطقة الصحية عام 2021م.,Capacity | Activity,1.0,YES
2022,2022-Chapter-IV-Health-Activities.xlsx,2,زيارات مراجعي الطوارئ المرضية بمستشفيات وزارة الصحة حسب الجنس والجنسية والمنطقة الصحية عام 2022م.,2023,Statistical-Yearbook-2023.xlsx,2..,زيارات مراجعي الطوارئ المرضية بمستشفيات وزارة الصحة حسب الجنس والجنسية والمنطقة الصحية عام 2023م.,Capacity | Activity,1.0,YES
2022,2022-Chapter-IV-Health-Activities.xlsx,3,زيارات مراجعي الطوارئ الجراحية بمستشفيات وزارة الصحة حسب الجنس والجنسية والمنطقة الصحية عام 2022م.,2021,statistical-yearbook-2021-chapter-IV-health-activities.xlsx,3,زيارات مراجعي الطوارئ الجراحية بمستشفيات وزارة الصحة حسب الجنس والجنسية والمنطقة الصحية عام 2021م.,Capacity | Activity,1.0,YES
2022,2022-Chapter-IV-Health-Activities.xlsx,3,زيارات مراجعي الطوارئ الجراحية بمستشفيات وزارة الصحة حسب الجنس والجنسية والمنطقة الصحية عام 2022م.,2023,Statistical-Yearbook-2023.xlsx,3..,زيارات مراجعي الطوارئ الجراحية بمستشفيات وزارة الصحة حسب الجنس والجنسية والمنطقة الصحية عام 2023م.,Capacity | Activity,1.0,YES
2022,2022-Chapter-IV-Health-Activities.xlsx,4,زيارات مراجعي العيادات الخارجية بمستشفيات وزارة الصحة حسب الجنس والجنسية والمنطقة الصحية عام 2022م.,2021,statistical-yearbook-2021-chapter-IV-health-activities.xlsx,4,زيارات مراجعي العيادات الخارجية بمستشفيات وزارة الصحة حسب الجنس والجنسية والمنطقة الصحية عام 2021م.,Capacity | Activity,1.0,YES
2022,2022-Chapter-IV-Health-Activities.xlsx,4,زيارات مراجعي العيادات الخارجية بمستشفيات وزارة الصحة حسب الجنس والجنسية والمنطقة الصحية عام 2022م.,2023,Statistical-Yearbook-2023.xlsx,4..,زيارات مراجعي العيادات الخارجية بمستشفيات وزارة الصحة حسب الجنس والجنسية والمنطقة الصحية عام 2023م.,Capacity | Activity,1.0,YES
2022,2022-Chapter-IV-Health-Activities.xlsx,5,زيارات المراجعين للرعاية الصحية الأولية والعيادات الخارجية بمستشفيات وزارة الصحة حسب المنطقة الصحية عام 2022م,2021,statistical-yearbook-2021-chapter-IV-health-activities.xlsx,5,زيارات المراجعين للرعاية الصحية الأولية والعيادات الخارجية بمستشفيات وزارة الصحة حسب المنطقة الصحية عام 2021م,Capacity | Activity,1.0,YES
2022,2022-Chapter-IV-Health-Activities.xlsx,5,زيارات المراجعين للرعاية الصحية الأولية والعيادات الخارجية بمستشفيات وزارة الصحة حسب المنطقة الصحية عام 2022م,2023,Statistical-Yearbook-2023.xlsx,5..,زيارات المراجعين للرعاية الصحية الأولية والعيادات الخارجية بمستشفيات وزارة الصحة حسب المنطقة الصحية عام 2023م,Capacity | Activity,1.0,YES
2022,2022-Chapter-IV-Health-Activities.xlsx,6,زيارات المراجعين لمراكز الرعاية الصحية الأولية والعيادات الخارجية بمستشفيات وزارة الصحة حسب المنطقة الصحية في الأعوام الخمسة الأخيرة,2021,statistical-yearbook-2021-chapter-IV-health-activities.xlsx,6,زيارات المراجعين لمراكز الرعاية الصحية الأولية والعيادات الخارجية بمستشفيات وزارة الصحة حسب المنطقة الصحية في الأعوام الخمسة الأخيرة,Capacity | Activity,1.0,YES
2022,2022-Chapter-IV-Health-Activities.xlsx,6,زيارات المراجعين لمراكز الرعاية الصحية الأولية والعيادات الخارجية بمستشفيات وزارة الصحة حسب المنطقة الصحية في الأعوام الخمسة الأخيرة,2023,Statistical-Yearbook-2023.xlsx,6..,زيارات المراجعين لمراكز الرعاية الصحية الأولية والعيادات الخارجية بمستشفيات وزارة الصحة حسب المنطقة الصحية في الأعوام الخمسة الأخيرة,Capacity | Activity,1.0,YES
2022,2022-Chapter-IV-Health-Activities.xlsx,7,"First Aid Centers and Ambulances of the Saudi Red Crescent Authority by Administrative Region, 2022G.",2021,statistical-yearbook-2021-chapter-IV-health-activities.xlsx,7,"First Aid Centers and Ambulances of the Saudi Red Crescent Authority by Administrative Region, 2021G.",Capacity,1.0,YES
2022,2022-Chapter-IV-Health-Activities.xlsx,7,"First Aid Centers and Ambulances of the Saudi Red Crescent Authority by Administrative Region, 2022G.",2023,Statistical-Yearbook-2023.xlsx,7..,"First Aid Centers and Ambulances of the Saudi Red Crescent Authority by Administrative Region, 2023G.",Capacity,1.0,YES
2022,2022-Chapter-IV-Health-Activities.xlsx,7,"First Aid Centers and Ambulances of the Saudi Red Crescent Authority by Administrative Region, 2022G.",2024,Statistical-Yearbook-2024.xlsx,4-8,"First Aid Centers and Ambulances of the Saudi Red Crescent Authority by Administrative Region, 2024G.",Capacity,1.0,YES
2022,2022-Chapter-IV-Health-Activities.xlsx,8,"Patients and Casualties Offered First Aid and Transported by Saudi Red Crescent Authority Ambulances by Administrative Region and Type of Case, 2022G.",2023,Statistical-Yearbook-2023.xlsx,8..,"Patients and Casualties Offered First Aid and Transported by Saudi Red Crescent Authority Ambulances by Administrative Region and Type of Case, 2023G.",Capacity,1.0,YES
2022,2022-Chapter-IV-Health-Activities.xlsx,8,"Patients and Casualties Offered First Aid and Transported by Saudi Red Crescent Authority Ambulances by Administrative Region and Type of Case, 2022G.",2024,Statistical-Yearbook-2024.xlsx,4-9,"Patients and Casualties Offered First Aid and Transported by Saudi Red Crescent Authority Ambulances by Administrative Region and Type of Case, 2024G.",Capacity,1.0,YES
2022,2022-Chapter-IV-Health-Activities.xlsx,10,"OPD Encounters at Other Governmental Sector Hospitals and Polyclinics by Nationality, 2022G.",2021,statistical-yearbook-2021-chapter-IV-health-activities.xlsx,10,"OPD Encounters at Other Governmental Sector Hospitals and Polyclinics by Nationality, 2021G.",Capacity | Activity,1.0,YES
2022,2022-Chapter-IV-Health-Activities.xlsx,10,"OPD Encounters at Other Governmental Sector Hospitals and Polyclinics by Nationality, 2022G.",2023,Statistical-Yearbook-2023.xlsx,10..,"OPD Encounters at Other Governmental Sector Hospitals and Polyclinics by Nationality, 2023G.",Capacity | Activity,1.0,YES
2022,2022-Chapter-IV-Health-Activities.xlsx,4.11,"Visits to Polyclinics and Hospitals of the Private Sector by Health Region and Nationality, 2021G",2021,statistical-yearbook-2021-chapter-IV-health-activities.xlsx,4.11,"Visits to Polyclinics and Hospitals of the Private Sector by Health Region and Nationality, 2021G",Capacity | Activity,1.0,YES
2022,2022-Chapter-IV-Health-Activities.xlsx,112020,"Health Services in the Private Sector by Health Region and Nationality, 2020G",2021,statistical-yearbook-2021-chapter-IV-health-activities.xlsx,112020,"Health Services in the Private Sector by Health Region and Nationality, 2020G",Activity,1.0,YES
2022,2022-Chapter-IV-Health-Activities.xlsx,112020,"Health Services in the Private Sector by Health Region and Nationality, 2020G",2021,statistical-yearbook-2021-chapter-IV-health-activities.xlsx,11,"Health Services in the Private Sector by Health Region and Nationality, 2021G",Activity,1.0,YES
2022,2022-Chapter-IV-Health-Activities.xlsx,11,"Health Services in the Private Sector by Administrative Regions, 2022G",2023,Statistical-Yearbook-2023.xlsx,11..,"Health Services in the Private Sector by Administrative Regions, 2023G",Activity,1.0,YES
2022,2022-Chapter-IV-Health-Activities.xlsx,12,زيارات المراجعين للقطاعات الصحية بالمملكة ومتوسط عدد الزيارات لكل فرد من السكان في الأعوام الخمسة الأخيرة,2021,statistical-yearbook-2021-chapter-IV-health-activities.xlsx,12,زيارات المراجعين للقطاعات الصحية بالمملكة ومتوسط عدد الزيارات لكل فرد من السكان في الأعوام الخمسة الأخيرة,Population | Activity,1.0,YES
2022,2022-Chapter-IV-Health-Activities.xlsx,12,زيارات المراجعين للقطاعات الصحية بالمملكة ومتوسط عدد الزيارات لكل فرد من السكان في الأعوام الخمسة الأخيرة,2023,Statistical-Yearbook-2023.xlsx,12..,زيارات المراجعين للقطاعات الصحية بالمملكة ومتوسط عدد الزيارات لكل فرد من السكان في الأعوام الخمسة الأخيرة,Population | Activity,1.0,YES
2022,2022-Chapter-IV-Health-Activities.xlsx,12,زيارات المراجعين للقطاعات الصحية بالمملكة ومتوسط عدد الزيارات لكل فرد من السكان في الأعوام الخمسة الأخيرة,2024,Statistical-Yearbook-2024.xlsx,4-15,زيارات المراجعين للقطاعات الصحية بالمملكة ومتوسط عدد الزيارات لكل فرد من السكان في الأعوام الخمسة الأخيرة,Population | Activity,1.0,YES
2022,2022-Chapter-IV-Health-Activities.xlsx,13,زيارات المراجعين لعيادات السكرى بمستشفيات وزارة الصحة حسب الجنس والجنسية والمنطقة الصحية عام 2022م.,2021,statistical-yearbook-2021-chapter-IV-health-activities.xlsx,13,زيارات المراجعين لعيادات السكرى بمستشفيات وزارة الصحة حسب الجنس والجنسية والمنطقة الصحية عام 2021م.,Capacity | Activity,1.0,YES
2022,2022-Chapter-IV-Health-Activities.xlsx,13,زيارات المراجعين لعيادات السكرى بمستشفيات وزارة الصحة حسب الجنس والجنسية والمنطقة الصحية عام 2022م.,2023,Statistical-Yearbook-2023.xlsx,13..,زيارات المراجعين لعيادات السكرى بمستشفيات وزارة الصحة حسب الجنس والجنسية والمنطقة الصحية عام 2023م.,Capacity | Activity,1.0,YES
2022,2022-Chapter-IV-Health-Activities.xlsx,14,"Complications of pregnancy and child birth, MOH Hospitals, 2022G.",2023,Statistical-Yearbook-2023.xlsx,14..,"Complications of pregnancy and child birth, MOH Hospitals, 2023G.",Capacity,1.0,YES
2022,2022-Chapter-IV-Health-Activities.xlsx,14,"Complications of pregnancy and child birth, MOH Hospitals, 2022G.",2024,Statistical-Yearbook-2024.xlsx,4-17,"Complications of pregnancy and child birth, MOH Hospitals, 2024G.",Capacity,1.0,YES
2022,2022-Chapter-IV-Health-Activities.xlsx,15,"Outpatients and Inpatients in Mental Health Departments, MOH, According to Main Disease Groups of ICD-10, 2022G.",2021,statistical-yearbook-2021-chapter-IV-health-activities.xlsx,15,"Outpatients and Inpatients in Mental Health Departments, MOH, According to Main Disease Groups of ICD-10, 2021G.",Activity,1.0,YES
2022,2022-Chapter-IV-Health-Activities.xlsx,15,"Outpatients and Inpatients in Mental Health Departments, MOH, According to Main Disease Groups of ICD-10, 2022G.",2023,Statistical-Yearbook-2023.xlsx,15..,"Outpatients and Inpatients in Mental Health Departments, MOH, According to Main Disease Groups of ICD-10, 2023G.",Activity,1.0,YES
2022,2022-Chapter-IV-Health-Activities.xlsx,15,"Outpatients and Inpatients in Mental Health Departments, MOH, According to Main Disease Groups of ICD-10, 2022G.",2024,Statistical-Yearbook-2024.xlsx,4-18,"Outpatients and Inpatients in Mental Health Departments, MOH, According to Main Disease Groups of ICD-10, 2024G.",Activity,1.0,YES
2022,2022-Chapter-IV-Health-Activities.xlsx,16,زيارات المراجعين لعيادات الأسنان بوزارة الصحة حسب الجنس والجنسية والمنطقة الصحية عام 2022م,2021,statistical-yearbook-2021-chapter-IV-health-activities.xlsx,16,زيارات المراجعين لعيادات الأسنان بوزارة الصحة حسب الجنس والجنسية والمنطقة الصحية عام 2021م,Activity,1.0,YES
2022,2022-Chapter-IV-Health-Activities.xlsx,16,زيارات المراجعين لعيادات الأسنان بوزارة الصحة حسب الجنس والجنسية والمنطقة الصحية عام 2022م,2023,Statistical-Yearbook-2023.xlsx,16..,زيارات المراجعين لعيادات الأسنان بوزارة الصحة حسب الجنس والجنسية والمنطقة الصحية عام 2023م,Activity,1.0,YES
2022,2022-Chapter-IV-Health-Activities.xlsx,17,الخدمات الرئيسية للأسنان بمراكز طب الأسنان بوزارة الصحة حسب نوع الخدمة والمنطقة الصحية عام 2022م.,2021,statistical-yearbook-2021-chapter-IV-health-activities.xlsx,17,الخدمات الرئيسية للأسنان بمراكز طب الأسنان بوزارة الصحة حسب نوع الخدمة والمنطقة الصحية عام 2021م.,Workforce | Activity,1.0,YES
2022,2022-Chapter-IV-Health-Activities.xlsx,17,الخدمات الرئيسية للأسنان بمراكز طب الأسنان بوزارة الصحة حسب نوع الخدمة والمنطقة الصحية عام 2022م.,2023,Statistical-Yearbook-2023.xlsx,17..,الخدمات الرئيسية للأسنان بمراكز طب الأسنان بوزارة الصحة حسب نوع الخدمة والمنطقة الصحية عام 2023م.,Workforce | Activity,1.0,YES
2022,2022-Chapter-IV-Health-Activities.xlsx,18,العمليات الجراحية للفك والأسنان وحالات الخلع بوزارة الصحة حسب المنطقة الصحية عام 2022م.,2021,statistical-yearbook-2021-chapter-IV-health-activities.xlsx,18,العمليات الجراحية للفك والأسنان وحالات الخلع بوزارة الصحة حسب المنطقة الصحية عام 2021م.,Activity,1.0,YES
2022,2022-Chapter-IV-Health-Activities.xlsx,18,العمليات الجراحية للفك والأسنان وحالات الخلع بوزارة الصحة حسب المنطقة الصحية عام 2022م.,2023,Statistical-Yearbook-2023.xlsx,18.,العمليات الجراحية للفك والأسنان وحالات الخلع بوزارة الصحة حسب المنطقة الصحية عام 2023م.,Activity,1.0,YES
2022,2022-Chapter-IV-Health-Activities.xlsx,19,المنومون بمستشفيات وزارة الصحة حسب المنطقة الصحية والجنسية عام 2022م.,2021,statistical-yearbook-2021-chapter-IV-health-activities.xlsx,19,المنومون بمستشفيات وزارة الصحة حسب المنطقة الصحية والجنسية عام 2021م.,Capacity | Activity,1.0,YES
2022,2022-Chapter-IV-Health-Activities.xlsx,19,المنومون بمستشفيات وزارة الصحة حسب المنطقة الصحية والجنسية عام 2022م.,2023,Statistical-Yearbook-2023.xlsx,19.,المنومون بمستشفيات وزارة الصحة حسب المنطقة الصحية والجنسية عام 2023م.,Capacity | Activity,1.0,YES
2022,2022-Chapter-IV-Health-Activities.xlsx,20,المرضى المنومون بمستشفيات الرعاية المديدة وأسرة الرعاية المديدة بالمستشفيات العامة بوزارة الصحة حسب المنطقة الصحية عام 2022م.,2021,statistical-yearbook-2021-chapter-IV-health-activities.xlsx,20,المرضى المنومون بمستشفيات الرعاية المديدة وأسرة الرعاية المديدة بالمستشفيات العامة بوزارة الصحة حسب المنطقة الصحية عام 2021م.,Capacity | Activity,1.0,YES
2022,2022-Chapter-IV-Health-Activities.xlsx,20,المرضى المنومون بمستشفيات الرعاية المديدة وأسرة الرعاية المديدة بالمستشفيات العامة بوزارة الصحة حسب المنطقة الصحية عام 2022م.,2023,Statistical-Yearbook-2023.xlsx,20.,المرضى المنومون بمستشفيات الرعاية المديدة وأسرة الرعاية المديدة بالمستشفيات العامة بوزارة الصحة حسب المنطقة الصحية عام 2023م.,Capacity | Activity,1.0,YES
2022,2022-Chapter-IV-Health-Activities.xlsx,21,المؤشرات المختارة عن خدمات مستشفيات وزارة الصحة (100 سرير فأكثر) حسب المنطقة الصحية عام 2022م.,2021,statistical-yearbook-2021-chapter-IV-health-activities.xlsx,22,المؤشرات المختارة عن خدمات مستشفيات وزارة الصحة (100 سرير فأكثر) حسب المنطقة الصحية عام 2021م.,Capacity,1.0,YES
2022,2022-Chapter-IV-Health-Activities.xlsx,21,المؤشرات المختارة عن خدمات مستشفيات وزارة الصحة (100 سرير فأكثر) حسب المنطقة الصحية عام 2022م.,2023,Statistical-Yearbook-2023.xlsx,21.,المؤشرات المختارة عن خدمات مستشفيات وزارة الصحة (100 سرير فأكثر) حسب المنطقة الصحية عام 2023م.,Capacity,1.0,YES
2022,2022-Chapter-IV-Health-Activities.xlsx,22,بعض المؤشرات المختارة عن خدمات مستشفيات وزارة الصحة (50 سرير) حسب المنطقة الصحية عام 2022م.,2021,statistical-yearbook-2021-chapter-IV-health-activities.xlsx,23,بعض المؤشرات المختارة عن خدمات مستشفيات وزارة الصحة (50 سرير) حسب المنطقة الصحية عام 2021م.,Capacity,1.0,YES
2022,2022-Chapter-IV-Health-Activities.xlsx,22,بعض المؤشرات المختارة عن خدمات مستشفيات وزارة الصحة (50 سرير) حسب المنطقة الصحية عام 2022م.,2023,Statistical-Yearbook-2023.xlsx,22.,بعض المؤشرات المختارة عن خدمات مستشفيات وزارة الصحة (50 سرير) حسب المنطقة الصحية عام 2023م.,Capacity,1.0,YES
2022,2022-Chapter-IV-Health-Activities.xlsx,23,بعض المؤشرات المختارة عن خدمات مستشفيات الصحة النفسية والرعاية المديدة والتأهيل بوزارة الصحة حسب المنطقة الصحية عام 2022م.,2021,statistical-yearbook-2021-chapter-IV-health-activities.xlsx,24,بعض المؤشرات المختارة عن خدمات مستشفيات الصحة النفسية والرعاية المديدة والتأهيل بوزارة الصحة حسب المنطقة الصحية عام 2021م.,Capacity,1.0,YES
2022,2022-Chapter-IV-Health-Activities.xlsx,23,بعض المؤشرات المختارة عن خدمات مستشفيات الصحة النفسية والرعاية المديدة والتأهيل بوزارة الصحة حسب المنطقة الصحية عام 2022م.,2023,Statistical-Yearbook-2023.xlsx,23.,بعض المؤشرات المختارة عن خدمات مستشفيات الصحة النفسية والرعاية المديدة والتأهيل بوزارة الصحة حسب المنطقة الصحية عام 2023م.,Capacity,1.0,YES
2022,2022-Chapter-IV-Health-Activities.xlsx,24,"Inpatients in Other Governmental Sector Hospitals by Nationality, 2022G",2021,statistical-yearbook-2021-chapter-IV-health-activities.xlsx,25,"Inpatients in Other Governmental Sector Hospitals by Nationality, 2021G",Capacity | Activity,1.0,YES
2022,2022-Chapter-IV-Health-Activities.xlsx,24,"Inpatients in Other Governmental Sector Hospitals by Nationality, 2022G",2023,Statistical-Yearbook-2023.xlsx,24.,"Inpatients in Other Governmental Sector Hospitals by Nationality, 2023G",Capacity | Activity,1.0,YES
2022,2022-Chapter-IV-Health-Activities.xlsx,24,"Inpatients in Other Governmental Sector Hospitals by Nationality, 2022G",2024,Statistical-Yearbook-2024.xlsx,4-27,"Inpatients in Other Governmental Sector Hospitals by Nationality, 2024G",Capacity | Activity,1.0,YES
2022,2022-Chapter-IV-Health-Activities.xlsx,25,"Inpatients in Health Sectors Hospitals, KSA in the last Five Years",2021,statistical-yearbook-2021-chapter-IV-health-activities.xlsx,26,"Inpatients in Health Sectors Hospitals, KSA in the last Five Years",Capacity | Activity,1.0,YES
2022,2022-Chapter-IV-Health-Activities.xlsx,25,"Inpatients in Health Sectors Hospitals, KSA in the last Five Years",2023,Statistical-Yearbook-2023.xlsx,25.,"Inpatients in Health Sectors Hospitals, KSA in the last Five Years",Capacity | Activity,1.0,YES
2022,2022-Chapter-IV-Health-Activities.xlsx,25,"Inpatients in Health Sectors Hospitals, KSA in the last Five Years",2024,Statistical-Yearbook-2024.xlsx,4-31,"Inpatients in Health Sectors Hospitals, KSA in the last Five Years",Capacity | Activity,1.0,YES
2022,2022-Chapter-IV-Health-Activities.xlsx,26,الولادات بمستشفيات وزارة الصحة حسب المنطقة الصحية ونوع الولادة عام 2022م.,2021,statistical-yearbook-2021-chapter-IV-health-activities.xlsx,27,الولادات بمستشفيات وزارة الصحة حسب المنطقة الصحية ونوع الولادة عام 2021م.,Capacity,1.0,YES
2022,2022-Chapter-IV-Health-Activities.xlsx,26,الولادات بمستشفيات وزارة الصحة حسب المنطقة الصحية ونوع الولادة عام 2022م.,2023,Statistical-Yearbook-2023.xlsx,26.,الولادات بمستشفيات وزارة الصحة حسب المنطقة الصحية ونوع الولادة عام 2023م.,Capacity,1.0,YES
2022,2022-Chapter-IV-Health-Activities.xlsx,27,"Deliveries at Other Governmental Sector Hospitals by Type of Delivery, 2022G",2023,Statistical-Yearbook-2023.xlsx,27.,"Deliveries at Other Governmental Sector Hospitals by Type of Delivery, 2023G",Capacity,1.0,YES
2022,2022-Chapter-IV-Health-Activities.xlsx,29,"Surgical Interventions at MoH Hospitals by Health Region and Hospital Sections, 2022G.",2021,statistical-yearbook-2021-chapter-IV-health-activities.xlsx,30,"Surgical Interventions at MoH Hospitals by Health Region and Hospital Sections, 2021G.",Capacity | Activity,1.0,YES
2022,2022-Chapter-IV-Health-Activities.xlsx,29,"Surgical Interventions at MoH Hospitals by Health Region and Hospital Sections, 2022G.",2023,Statistical-Yearbook-2023.xlsx,29.,"Surgical Interventions at MoH Hospitals by Health Region and Hospital Sections, 2023G.",Capacity | Activity,1.0,YES
2022,2022-Chapter-IV-Health-Activities.xlsx,30,"Surgical Interventions at Other Governmental Sector Hospitals by Section, 2022G",2021,statistical-yearbook-2021-chapter-IV-health-activities.xlsx,31,"Surgical Interventions at Other Governmental Sector Hospitals by Section, 2021G",Capacity | Activity,1.0,YES
2022,2022-Chapter-IV-Health-Activities.xlsx,30,"Surgical Interventions at Other Governmental Sector Hospitals by Section, 2022G",2023,Statistical-Yearbook-2023.xlsx,30.,"Surgical Interventions at Other Governmental Sector Hospitals by Section, 2023G",Capacity | Activity,1.0,YES
2022,2022-Chapter-IV-Health-Activities.xlsx,30,"Surgical Interventions at Other Governmental Sector Hospitals by Section, 2022G",2024,Statistical-Yearbook-2024.xlsx,4-37,"Surgical Interventions at Other Governmental Sector Hospitals by Section, 2024G",Capacity | Activity,1.0,YES
2022,2022-Chapter-IV-Health-Activities.xlsx,4-32,"Surgical Interventions in the Private Sector by Health Region and Hospital Sections, 2020G.",2021,statistical-yearbook-2021-chapter-IV-health-activities.xlsx,4-32,"Surgical Interventions in the Private Sector by Health Region and Hospital Sections, 2020G.",Capacity | Activity,1.0,YES
2022,2022-Chapter-IV-Health-Activities.xlsx,32ملغى,جراحات اليوم الواحد بوزارة الصحة حسب المنطقة الصحية لعام 2020م.,2021,statistical-yearbook-2021-chapter-IV-health-activities.xlsx,32ملغى,جراحات اليوم الواحد بوزارة الصحة حسب المنطقة الصحية لعام 2020م.,Activity,1.0,YES
2022,2022-Chapter-IV-Health-Activities.xlsx,31,"Main Activities and Services at King Khaled Eye Specialist Hospital, in the last Five Years",2021,statistical-yearbook-2021-chapter-IV-health-activities.xlsx,32,"Main Activities and Services at King Khaled Eye Specialist Hospital, in the last Five Years",Capacity | Activity,1.0,YES
2022,2022-Chapter-IV-Health-Activities.xlsx,31,"Main Activities and Services at King Khaled Eye Specialist Hospital, in the last Five Years",2023,Statistical-Yearbook-2023.xlsx,31.,"Main Activities and Services at King Khaled Eye Specialist Hospital, in the last Five Years",Capacity | Activity,1.0,YES
2022,2022-Chapter-IV-Health-Activities.xlsx,31,"Main Activities and Services at King Khaled Eye Specialist Hospital, in the last Five Years",2024,Statistical-Yearbook-2024.xlsx,4-39,"Main Activities and Services at King Khaled Eye Specialist Hospital, in the last Five Years",Capacity | Activity,1.0,YES
2022,2022-Chapter-IV-Health-Activities.xlsx,32,"Cases of Malignant Tumours Registered at King Faisal Specialist Hospital and Research Center by Site and Sex, 2022G.",2021,statistical-yearbook-2021-chapter-IV-health-activities.xlsx,33,"Cases of Malignant Tumours Registered at King Faisal Specialist Hospital and Research Center by Site and Sex, 2021G.",Capacity,1.0,YES
2022,2022-Chapter-IV-Health-Activities.xlsx,32,"Cases of Malignant Tumours Registered at King Faisal Specialist Hospital and Research Center by Site and Sex, 2022G.",2023,Statistical-Yearbook-2023.xlsx,32.,"Cases of Malignant Tumours Registered at King Faisal Specialist Hospital and Research Center by Site and Sex, 2023G.",Capacity,1.0,YES
2022,2022-Chapter-IV-Health-Activities.xlsx,33,"Cases of Tumours among Children Referred to King Faisal Specialist Hospital by Site, 2022G.",2021,statistical-yearbook-2021-chapter-IV-health-activities.xlsx,34,"Cases of Tumours among Children Referred to King Faisal Specialist Hospital by Site, 2021G.",Capacity,1.0,YES
2022,2022-Chapter-IV-Health-Activities.xlsx,33,"Cases of Tumours among Children Referred to King Faisal Specialist Hospital by Site, 2022G.",2023,Statistical-Yearbook-2023.xlsx,33.,"Cases of Tumours among Children Referred to King Faisal Specialist Hospital by Site, 2023G.",Capacity,1.0,YES
2022,2022-Chapter-IV-Health-Activities.xlsx,33,"Cases of Tumours among Children Referred to King Faisal Specialist Hospital by Site, 2022G.",2024,Statistical-Yearbook-2024.xlsx,4-41,"Cases of Tumours among Children Referred to King Faisal Specialist Hospital by Site, 2024G.",Capacity,1.0,YES
2022,2022-Chapter-IV-Health-Activities.xlsx,35,"Haemodialysis Patients by Health Sector , Sex and Nationality, 2021G.",2021,statistical-yearbook-2021-chapter-IV-health-activities.xlsx,36,"Haemodialysis Patients by Health Sector , Sex and Nationality, 2021G.",Capacity,1.0,YES
2022,2022-Chapter-IV-Health-Activities.xlsx,35,"Haemodialysis Patients by Health Sector , Sex and Nationality, 2021G.",2023,Statistical-Yearbook-2023.xlsx,35.,"Haemodialysis Patients by Health Sector , Sex and Nationality, 2021G.",Capacity,1.0,YES
2022,2022-Chapter-IV-Health-Activities.xlsx,38,King Faisal Specialist Hospital,2021,statistical-yearbook-2021-chapter-IV-health-activities.xlsx,39,King Faisal Specialist Hospital,Capacity,1.0,YES
2022,2022-Chapter-IV-Health-Activities.xlsx,38,King Faisal Specialist Hospital,2021,statistical-yearbook-2021-chapter-IV-health-activities.xlsx,45,King Faisal Specialist Hospital,Capacity,1.0,YES
2022,2022-Chapter-IV-Health-Activities.xlsx,38,King Faisal Specialist Hospital,2023,Statistical-Yearbook-2023.xlsx,38.,King Faisal Specialist Hospital,Capacity,1.0,YES
2022,2022-Chapter-IV-Health-Activities.xlsx,38,King Faisal Specialist Hospital,2023,Statistical-Yearbook-2023.xlsx,44.,King Faisal Specialist Hospital,Capacity,1.0,YES
2022,2022-Chapter-IV-Health-Activities.xlsx,39,Table 4-39,2021,statistical-yearbook-2021-chapter-IV-health-activities.xlsx,40,Table 4-40,Workforce,1.0,YES
2022,2022-Chapter-IV-Health-Activities.xlsx,39,Table 4-39,2023,Statistical-Yearbook-2023.xlsx,39.,Table 4-39,Workforce,1.0,YES
2022,2022-Chapter-IV-Health-Activities.xlsx,39,Table 4-39,2024,Statistical-Yearbook-2024.xlsx,4-49,Table 4-49,Workforce,1.0,YES
2022,2022-Chapter-IV-Health-Activities.xlsx,40,الفحوص المخبرية وعدد مرضى الفحوص الشعاعية بمستشفيات وزارة الصحة حسب المنطقة الصحية عام 2022م.,2021,statistical-yearbook-2021-chapter-IV-health-activities.xlsx,42,الفحوص المخبرية وعدد مرضى الفحوص الشعاعية بمستشفيات وزارة الصحة حسب المنطقة الصحية عام 2021م.,Capacity,1.0,YES
2022,2022-Chapter-IV-Health-Activities.xlsx,40,الفحوص المخبرية وعدد مرضى الفحوص الشعاعية بمستشفيات وزارة الصحة حسب المنطقة الصحية عام 2022م.,2023,Statistical-Yearbook-2023.xlsx,40.,الفحوص المخبرية وعدد مرضى الفحوص الشعاعية بمستشفيات وزارة الصحة حسب المنطقة الصحية عام 2023م.,Capacity,1.0,YES
2022,2022-Chapter-IV-Health-Activities.xlsx,41,"Laboratory investigations at MoH Hospitals by Health Region and Type of investigations, 2022G.",2023,Statistical-Yearbook-2023.xlsx,41.,"Laboratory investigations at MoH Hospitals by Health Region and Type of investigations, 2023G.",Capacity,1.0,YES
2022,2022-Chapter-IV-Health-Activities.xlsx,42,"Laboratory Investigations and Number of Radiology & Physiotherapy patients at MoH Facilities, in the last Five Years",2021,statistical-yearbook-2021-chapter-IV-health-activities.xlsx,44,"Laboratory Investigations and Number of Radiology & Physiotherapy patients at MoH Facilities, in the last Five Years",Activity,1.0,YES
2022,2022-Chapter-IV-Health-Activities.xlsx,42,"Laboratory Investigations and Number of Radiology & Physiotherapy patients at MoH Facilities, in the last Five Years",2023,Statistical-Yearbook-2023.xlsx,43.,"Laboratory Investigations and Number of Radiology & Physiotherapy patients at MoH Facilities, in the last Five Years",Activity,1.0,YES
2022,2022-Chapter-IV-Health-Activities.xlsx,42,"Laboratory Investigations and Number of Radiology & Physiotherapy patients at MoH Facilities, in the last Five Years",2024,Statistical-Yearbook-2024.xlsx,4-55,"Laboratory Investigations and Number of Radiology & Physiotherapy patients at MoH Facilities, in the last Five Years",Activity,1.0,YES
2022,2022-Chapter-IV-Health-Activities.xlsx,43,King Faisal Specialist Hospital,2021,statistical-yearbook-2021-chapter-IV-health-activities.xlsx,39,King Faisal Specialist Hospital,Capacity,1.0,YES
2022,2022-Chapter-IV-Health-Activities.xlsx,43,King Faisal Specialist Hospital,2021,statistical-yearbook-2021-chapter-IV-health-activities.xlsx,45,King Faisal Specialist Hospital,Capacity,1.0,YES
2022,2022-Chapter-IV-Health-Activities.xlsx,43,King Faisal Specialist Hospital,2023,Statistical-Yearbook-2023.xlsx,38.,King Faisal Specialist Hospital,Capacity,1.0,YES
2022,2022-Chapter-IV-Health-Activities.xlsx,43,King Faisal Specialist Hospital,2023,Statistical-Yearbook-2023.xlsx,44.,King Faisal Specialist Hospital,Capacity,1.0,YES
2022,2022-Chapter-IV-Health-Activities.xlsx,45,أنشطة بنوك الدم بوزارة الصحة حسب المنطقة الصحية عام 2022م.,2021,statistical-yearbook-2021-chapter-IV-health-activities.xlsx,47,أنشطة بنوك الدم بوزارة الصحة حسب المنطقة الصحية عام 2021م.,Activity,1.0,YES
2022,2022-Chapter-IV-Health-Activities.xlsx,45,أنشطة بنوك الدم بوزارة الصحة حسب المنطقة الصحية عام 2022م.,2023,Statistical-Yearbook-2023.xlsx,46.,أنشطة بنوك الدم بوزارة الصحة حسب المنطقة الصحية عام 2023م.,Activity,1.0,YES
2022,2022-Chapter-IV-Health-Activities.xlsx,45,أنشطة بنوك الدم بوزارة الصحة حسب المنطقة الصحية عام 2022م.,2024,Statistical-Yearbook-2024.xlsx,4-59,أنشطة بنوك الدم بوزارة الصحة حسب المنطقة الصحية عام 2024م.,Activity,1.0,YES
2022,2022-Chapter-IV-Health-Activities.xlsx,46,Table 4-46,2021,statistical-yearbook-2021-chapter-IV-health-activities.xlsx,48,Table 4-48,Activity,1.0,YES
2022,2022-Chapter-IV-Health-Activities.xlsx,46,Table 4-46,2021,statistical-yearbook-2021-chapter-IV-health-activities.xlsx,54,Table 4-54,Activity,1.0,YES
2022,2022-Chapter-IV-Health-Activities.xlsx,46,Table 4-46,2023,Statistical-Yearbook-2023.xlsx,47.,Table 4-47,Activity,1.0,YES
2022,2022-Chapter-IV-Health-Activities.xlsx,46,Table 4-46,2023,Statistical-Yearbook-2023.xlsx,53.,Table 4-53,Activity,1.0,YES
2022,2022-Chapter-IV-Health-Activities.xlsx,46,Table 4-46,2023,Statistical-Yearbook-2023.xlsx,5-12,Table 5-12,Activity,1.0,YES
2022,2022-Chapter-IV-Health-Activities.xlsx,46,Table 4-46,2024,Statistical-Yearbook-2024.xlsx,4-60,Table 4-60,Activity,1.0,YES
2022,2022-Chapter-IV-Health-Activities.xlsx,46,Table 4-46,2024,Statistical-Yearbook-2024.xlsx,4-64,Table 4-64,Activity,1.0,YES
2022,2022-Chapter-IV-Health-Activities.xlsx,46,Table 4-46,2024,Statistical-Yearbook-2024.xlsx,5-12,Table 5-12,Activity,1.0,YES
2022,2022-Chapter-IV-Health-Activities.xlsx,47,King Faisal Specialist Hospital,2021,statistical-yearbook-2021-chapter-IV-health-activities.xlsx,49,King Faisal Specialist Hospital,Capacity | Activity,1.0,YES
2022,2022-Chapter-IV-Health-Activities.xlsx,47,King Faisal Specialist Hospital,2023,Statistical-Yearbook-2023.xlsx,48.,King Faisal Specialist Hospital,Capacity | Activity,1.0,YES
2022,2022-Chapter-IV-Health-Activities.xlsx,47,King Faisal Specialist Hospital,2024,Statistical-Yearbook-2024.xlsx,4-61,King Faisal Specialist Hospital,Capacity | Activity,1.0,YES
2022,2022-Chapter-IV-Health-Activities.xlsx,51,الحالات التي تمت إحالتها إلى المستشفيات الحكومية العامة أو التخصصية حسب المنطقة المحيلة والمستقبلة عام 2022م.,2021,statistical-yearbook-2021-chapter-IV-health-activities.xlsx,53,الحالات التي تمت إحالتها إلى المستشفيات الحكومية العامة أو التخصصية حسب المنطقة المحيلة والمستقبلة عام 2021م.,Capacity,1.0,YES
2022,2022-Chapter-IV-Health-Activities.xlsx,51,الحالات التي تمت إحالتها إلى المستشفيات الحكومية العامة أو التخصصية حسب المنطقة المحيلة والمستقبلة عام 2022م.,2023,Statistical-Yearbook-2023.xlsx,52.,الحالات التي تمت إحالتها إلى المستشفيات الحكومية العامة أو التخصصية حسب المنطقة المحيلة والمستقبلة عام 2023م.,Capacity,1.0,YES
2022,2022-Chapter-IV-Health-Activities.xlsx,52,Table 4-52,2021,statistical-yearbook-2021-chapter-IV-health-activities.xlsx,48,Table 4-48,Activity,1.0,YES
2022,2022-Chapter-IV-Health-Activities.xlsx,52,Table 4-52,2021,statistical-yearbook-2021-chapter-IV-health-activities.xlsx,54,Table 4-54,Activity,1.0,YES
2022,2022-Chapter-IV-Health-Activities.xlsx,52,Table 4-52,2023,Statistical-Yearbook-2023.xlsx,47.,Table 4-47,Activity,1.0,YES
2022,2022-Chapter-IV-Health-Activities.xlsx,52,Table 4-52,2023,Statistical-Yearbook-2023.xlsx,53.,Table 4-53,Activity,1.0,YES
2022,2022-Chapter-IV-Health-Activities.xlsx,52,Table 4-52,2023,Statistical-Yearbook-2023.xlsx,5-12,Table 5-12,Activity,1.0,YES
2022,2022-Chapter-IV-Health-Activities.xlsx,52,Table 4-52,2024,Statistical-Yearbook-2024.xlsx,4-60,Table 4-60,Activity,1.0,YES
2022,2022-Chapter-IV-Health-Activities.xlsx,52,Table 4-52,2024,Statistical-Yearbook-2024.xlsx,4-64,Table 4-64,Activity,1.0,YES
2022,2022-Chapter-IV-Health-Activities.xlsx,52,Table 4-52,2024,Statistical-Yearbook-2024.xlsx,5-12,Table 5-12,Activity,1.0,YES
2022,2022-Chapter-IV-Health-Activities.xlsx,53,"Cases Referred to Social Service Departements at MOH Hospitals, According to Cause of Social Investigation and Sex, 2022G.",2023,Statistical-Yearbook-2023.xlsx,54,"Cases Referred to Social Service Departements at MOH Hospitals, According to Cause of Social Investigation and Sex, 2023G.",Capacity | Activity,1.0,YES
2022,2022-Chapter-IV-Health-Activities.xlsx,54,عدد الوجبات التقريبي لمستحقي التغذية في مستشفيات وزارة الصحة حسب المنطقة الصحية لعام 2022م.,2021,statistical-yearbook-2021-chapter-IV-health-activities.xlsx,56,عدد الوجبات التقريبي لمستحقي التغذية في مستشفيات وزارة الصحة حسب المنطقة الصحية لعام 2021م.,Capacity | Workforce,1.0,YES
2022,2022-Chapter-IV-Health-Activities.xlsx,54,عدد الوجبات التقريبي لمستحقي التغذية في مستشفيات وزارة الصحة حسب المنطقة الصحية لعام 2022م.,2023,Statistical-Yearbook-2023.xlsx,55,عدد الوجبات التقريبي لمستحقي التغذية في مستشفيات وزارة الصحة حسب المنطقة الصحية لعام 2023م.,Capacity | Workforce,1.0,YES
2022,2022-Chapter-IV-Health-Activities.xlsx,55,عدد المستشفيات المنفذة لبرنامج الرعاية الصحية المنزلية بوزارة الصحة والعاملين وعدد المستفيدين حسب المنطقة الصحية لعام 2022م,2021,statistical-yearbook-2021-chapter-IV-health-activities.xlsx,57,عدد المستشفيات المنفذة لبرنامج الرعاية الصحية المنزلية بوزارة الصحة والعاملين وعدد المستفيدين حسب المنطقة الصحية لعام 2021م,Capacity,1.0,YES
2022,2022-Chapter-IV-Health-Activities.xlsx,55,عدد المستشفيات المنفذة لبرنامج الرعاية الصحية المنزلية بوزارة الصحة والعاملين وعدد المستفيدين حسب المنطقة الصحية لعام 2022م,2023,Statistical-Yearbook-2023.xlsx,56,عدد المستشفيات المنفذة لبرنامج الرعاية الصحية المنزلية بوزارة الصحة والعاملين وعدد المستفيدين حسب المنطقة الصحية لعام 2023م,Capacity,1.0,YES
2022,2022-Chapter-IV-Health-Activities.xlsx,58,"Resources and Activities of Telemedicine at MoH by Health Regions, 2022G",2021,statistical-yearbook-2021-chapter-IV-health-activities.xlsx,60,"Resources and Activities of Telemedicine at MoH by Health Regions, 2021G",Capacity | Activity,1.0,YES
2022,2022-Chapter-IV-Health-Activities.xlsx,58,"Resources and Activities of Telemedicine at MoH by Health Regions, 2022G",2023,Statistical-Yearbook-2023.xlsx,59,"Resources and Activities of Telemedicine at MoH by Health Regions, 2023G",Capacity | Activity,1.0,YES
2022,2022-Chapter-IV-Health-Activities.xlsx,fig1,العيادات الخارجية – متوسط وقت الانتظار للموعد (بالايام),2021,statistical-yearbook-2021-chapter-IV-health-activities.xlsx,fig1,العيادات الخارجية – متوسط وقت الانتظار للموعد (بالايام),Activity,1.0,YES
2022,2022-Chapter-IV-Health-Activities.xlsx,fig1,العيادات الخارجية – متوسط وقت الانتظار للموعد (بالايام),2023,Statistical-Yearbook-2023.xlsx,fig1,العيادات الخارجية – متوسط وقت الانتظار للموعد (بالايام),Activity,1.0,YES
2022,2022-Chapter-IV-Health-Activities.xlsx,fig1,العيادات الخارجية – متوسط وقت الانتظار للموعد (بالايام),2024,Statistical-Yearbook-2024.xlsx,fig1,العيادات الخارجية – متوسط وقت الانتظار للموعد (بالايام),Activity,1.0,YES
2022,2022-Chapter-IV-Health-Activities.xlsx,fig2,قسم الطوارئ – نسبة المرضى الذين انهيت اجراءاتهم خلال 4 ساعات,2021,statistical-yearbook-2021-chapter-IV-health-activities.xlsx,fig2,قسم الطوارئ – نسبة المرضى الذين انهيت اجراءاتهم خلال 4 ساعات,Activity,1.0,YES
2022,2022-Chapter-IV-Health-Activities.xlsx,fig2,قسم الطوارئ – نسبة المرضى الذين انهيت اجراءاتهم خلال 4 ساعات,2023,Statistical-Yearbook-2023.xlsx,fig2,قسم الطوارئ – نسبة المرضى الذين انهيت اجراءاتهم خلال 4 ساعات,Activity,1.0,YES
2022,2022-Chapter-IV-Health-Activities.xlsx,fig2,قسم الطوارئ – نسبة المرضى الذين انهيت اجراءاتهم خلال 4 ساعات,2024,Statistical-Yearbook-2024.xlsx,fig2,قسم الطوارئ – نسبة المرضى الذين انهيت اجراءاتهم خلال 4 ساعات,Activity,1.0,YES
2022,2022-Chapter-IV-Health-Activities.xlsx,fig3,متوسط مدة الإقامة للمرضى داخل المستشفى (بالأيام),2021,statistical-yearbook-2021-chapter-IV-health-activities.xlsx,fig3,متوسط مدة الإقامة للمرضى داخل المستشفى (بالأيام),Capacity,1.0,YES
2022,2022-Chapter-IV-Health-Activities.xlsx,fig3,متوسط مدة الإقامة للمرضى داخل المستشفى (بالأيام),2023,Statistical-Yearbook-2023.xlsx,fig3,متوسط مدة الإقامة للمرضى داخل المستشفى (بالأيام),Capacity,1.0,YES
2022,2022-Chapter-IV-Health-Activities.xlsx,fig3,متوسط مدة الإقامة للمرضى داخل المستشفى (بالأيام),2024,Statistical-Yearbook-2024.xlsx,fig3,متوسط مدة الإقامة للمرضى داخل المستشفى (بالأيام),Capacity,1.0,YES
2022,2022-Chapter-IV-Health-Activities.xlsx,fig5,غرفة العمليات – متوسط وقت انتظار الجراحة (بالأيام),2021,statistical-yearbook-2021-chapter-IV-health-activities.xlsx,fig5,غرفة العمليات – متوسط وقت انتظار الجراحة (بالأيام),Activity,1.0,YES
2022,2022-Chapter-IV-Health-Activities.xlsx,fig5,غرفة العمليات – متوسط وقت انتظار الجراحة (بالأيام),2023,Statistical-Yearbook-2023.xlsx,fig5,غرفة العمليات – متوسط وقت انتظار الجراحة (بالأيام),Activity,1.0,YES
2022,2022-Chapter-IV-Health-Activities.xlsx,fig5,غرفة العمليات – متوسط وقت انتظار الجراحة (بالأيام),2024,Statistical-Yearbook-2024.xlsx,fig5,غرفة العمليات – متوسط وقت انتظار الجراحة (بالأيام),Activity,1.0,YES
2021,Statistical-Yearbook-2021-Chapter-I-Health-Indicators.xlsx,1,Crude Birth Rate /1000 Population,2023,Statistical-Yearbook-2023.xlsx,1,Crude Birth Rate /1000 Population,Population,1.0,YES
2021,Statistical-Yearbook-2021-Chapter-I-Health-Indicators.xlsx,1,Crude Birth Rate /1000 Population,2024,Statistical-Yearbook-2024.xlsx,1-1,Crude Birth Rate /1000 Population,Population,1.0,YES
2021,Statistical-Yearbook-2021-Chapter-I-Health-Indicators.xlsx,2,Crude Death Rate /1000 Population,2023,Statistical-Yearbook-2023.xlsx,6,Crude Death Rate /1000 Population,Population,1.0,YES
2021,Statistical-Yearbook-2021-Chapter-I-Health-Indicators.xlsx,4,"Health Resources Indicators (per 10,000 population) in the Last Five Years",2023,Statistical-Yearbook-2023.xlsx,9,"Health Resources Indicators (per 10,000 population) in the Last Five Years",Population | Capacity | Workforce,1.0,YES
2021,Statistical-Yearbook-2021-Chapter-I-Health-Indicators.xlsx,6,مؤشرات مختارة عن الموارد المتاحة بمستشفيات وزارة الصحة حسب المنطقة الصحية لعام 2021 م,2023,Statistical-Yearbook-2023.xlsx,10,مؤشرات مختارة عن الموارد المتاحة بمستشفيات وزارة الصحة حسب المنطقة الصحية لعام 2023 م,Capacity | Workforce,1.0,YES
2021,Statistical-Yearbook-2021-Chapter-I-Health-Indicators.xlsx,8,"Incidence Rate of Some Immunization Targeted Diseases (per 100,000 population) in the Last Five Years",2023,Statistical-Yearbook-2023.xlsx,12,"Incidence Rate of Some Immunization Targeted Diseases (per 100,000 population) in the Last Five Years",Population,1.0,YES
2021,Statistical-Yearbook-2021-Chapter-I-Health-Indicators.xlsx,8,"Incidence Rate of Some Immunization Targeted Diseases (per 100,000 population) in the Last Five Years",2024,Statistical-Yearbook-2024.xlsx,1-11,"Incidence Rate of Some Immunization Targeted Diseases (per 100,000 population) in the Last Five Years",Population,1.0,YES
2021,Statistical-Yearbook-2021-Chapter-I-Health-Indicators.xlsx,11,"Population by Nationality, Gender, and Age groups, 2021G",2023,Statistical-Yearbook-2023.xlsx,3,"Population by Nationality, Gender, and Age groups, 2022G",Population,1.0,YES
2021,statistical-yearbook-2021-chapter-II-health-resources.xlsx,2-2,المستشفيات والأسرة بالقطاعات الصحية بالمملكة حسب الجهة ومعدل الأسرة لكل عشرة آلاف من السكان في الأعوام الخمسة الأخيرة,2023,Statistical-Yearbook-2023.xlsx,2.,المستشفيات والأسرة بالقطاعات الصحية بالمملكة حسب الجهة ومعدل الأسرة لكل عشرة آلاف من السكان في الأعوام الخمسة الأخيرة,Population | Capacity,1.0,YES
2021,statistical-yearbook-2021-chapter-II-health-resources.xlsx,2-2,المستشفيات والأسرة بالقطاعات الصحية بالمملكة حسب الجهة ومعدل الأسرة لكل عشرة آلاف من السكان في الأعوام الخمسة الأخيرة,2024,Statistical-Yearbook-2024.xlsx,2-2,المستشفيات والأسرة بالقطاعات الصحية بالمملكة حسب الجهة ومعدل الأسرة لكل عشرة آلاف من السكان في الأعوام الخمسة الأخيرة,Population | Capacity,1.0,YES
2021,statistical-yearbook-2021-chapter-II-health-resources.xlsx,2-3,المستشفيات والأسرة بالقطاعات الصحية بالمملكة حسب المنطقة الصحية 2021م,2023,Statistical-Yearbook-2023.xlsx,3.,المستشفيات والأسرة بالقطاعات الصحية بالمملكة حسب المنطقة الصحية 2023م,Capacity,1.0,YES
2021,statistical-yearbook-2021-chapter-II-health-resources.xlsx,2-4,Health Manpower in KSA Health Sectors in the Last Five Years,2023,Statistical-Yearbook-2023.xlsx,4.,Health Manpower in KSA Health Sectors in the Last Five Years,Workforce,1.0,YES
2021,statistical-yearbook-2021-chapter-II-health-resources.xlsx,2-4,Health Manpower in KSA Health Sectors in the Last Five Years,2024,Statistical-Yearbook-2024.xlsx,2-17,Health Manpower in KSA Health Sectors in the Last Five Years,Workforce,1.0,YES
2021,statistical-yearbook-2021-chapter-II-health-resources.xlsx,2-5,"Physicians and Dentists in KSA Health Sectors by Speciality and Professional Categories, 2021G",2023,Statistical-Yearbook-2023.xlsx,5.,"Physicians and Dentists in KSA Health Sectors by Speciality and Professional Categories, 2023G",Workforce | Activity,1.0,YES
2021,statistical-yearbook-2021-chapter-II-health-resources.xlsx,2-5,"Physicians and Dentists in KSA Health Sectors by Speciality and Professional Categories, 2021G",2024,Statistical-Yearbook-2024.xlsx,2-19,"Physicians and Dentists in KSA Health Sectors by Speciality and Professional Categories, 2024G",Workforce | Activity,1.0,YES
2021,statistical-yearbook-2021-chapter-II-health-resources.xlsx,2-6,المرافق الصحية بوزارة الصحة حسب المنطقة الصحية عام 2021م,2023,Statistical-Yearbook-2023.xlsx,11.,المرافق الصحية بوزارة الصحة حسب المنطقة الصحية عام 2023م,Capacity,1.0,YES
2021,statistical-yearbook-2021-chapter-II-health-resources.xlsx,2-7,القوى العاملة الصحية بوزارة الصحة حسب المنطقة الصحية والفئة والجنس والجنسية عام 2021م,2023,Statistical-Yearbook-2023.xlsx,12.,القوى العاملة الصحية بوزارة الصحة حسب المنطقة الصحية والفئة والجنس والجنسية عام 2023م,Workforce,1.0,YES
2021,statistical-yearbook-2021-chapter-II-health-resources.xlsx,2-8 ,Health Manpower in MOH by Nationality in the Last Five Years,2023,Statistical-Yearbook-2023.xlsx,13.,Health Manpower in MoH by Nationality in the Last Five Years,Workforce,1.0,YES
2021,statistical-yearbook-2021-chapter-II-health-resources.xlsx,2-8 ,Health Manpower in MOH by Nationality in the Last Five Years,2024,Statistical-Yearbook-2024.xlsx,2-37,Health Manpower in MoH by Nationality in the Last Five Years,Workforce,1.0,YES
2021,statistical-yearbook-2021-chapter-II-health-resources.xlsx,2-10,القابلات بمرافق وزارة الصحة حسب المنطقة الصحية عام 2021م,2023,Statistical-Yearbook-2023.xlsx,15,القابلات بمرافق وزارة الصحة حسب المنطقة الصحية عام 2023م,Capacity,1.0,YES
2021,statistical-yearbook-2021-chapter-II-health-resources.xlsx,2-11,المستشفيات والأسرة بوزارة الصحة حسب المنطقة الصحية في الأعوام الخمسة الأخيرة,2023,Statistical-Yearbook-2023.xlsx,16,المستشفيات والأسرة بوزارة الصحة حسب المنطقة الصحية في الأعوام الخمسة الأخيرة,Capacity,1.0,YES
2021,statistical-yearbook-2021-chapter-II-health-resources.xlsx,2-12,مستشفيات وزارة الصحة وعدد الأسرة حسب المنطقة الصحية والتخصص لعام 2021م,2023,Statistical-Yearbook-2023.xlsx,17,مستشفيات وزارة الصحة وعدد الأسرة حسب المنطقة الصحية والتخصص لعام 2023م,Capacity,1.0,YES
2021,statistical-yearbook-2021-chapter-II-health-resources.xlsx,2-13,مستشفيات وزارة الصحة حسب السعة السريرية والمنطقة الصحية للعام 2021م,2023,Statistical-Yearbook-2023.xlsx,18,مستشفيات وزارة الصحة حسب السعة السريرية والمنطقة الصحية للعام 2023م,Capacity,1.0,YES
2021,statistical-yearbook-2021-chapter-II-health-resources.xlsx,2.14,الأسرة بمستشفيات وزارة الصحة حسب المنطقة الصحية والتخصص لعام 2021م,2023,Statistical-Yearbook-2023.xlsx,19,الأسرة بمستشفيات وزارة الصحة حسب المنطقة الصحية والتخصص لعام 2023م,Capacity | Activity,1.0,YES
2021,statistical-yearbook-2021-chapter-II-health-resources.xlsx,2.15,أسرة العناية المركزة بمستشفيات وزارة الصحة حسب المنطقة الصحية لعام 2021م,2023,Statistical-Yearbook-2023.xlsx,20,أسرة العناية المركزة بمستشفيات وزارة الصحة حسب المنطقة الصحية لعام 2023م,Capacity,1.0,YES
2021,statistical-yearbook-2021-chapter-II-health-resources.xlsx,2.17,"Health Manpower in MOH Hospitals by Nationality, in the last Five Years",2023,Statistical-Yearbook-2023.xlsx,22,"Health Manpower in MoH Hospitals by Nationality, in the last Five Years",Capacity | Workforce,1.0,YES
2021,statistical-yearbook-2021-chapter-II-health-resources.xlsx,2.17,"Health Manpower in MOH Hospitals by Nationality, in the last Five Years",2024,Statistical-Yearbook-2024.xlsx,2-40,"Health Manpower in MoH Hospitals by Nationality, in the last Five Years",Capacity | Workforce,1.0,YES
2021,statistical-yearbook-2021-chapter-II-health-resources.xlsx,2.18,القوى العاملة الصحية بمستشفيات وزارة الصحة حسب المنطقة الصحية والفئة والجنس والجنسية عام 2021م,2023,Statistical-Yearbook-2023.xlsx,23,القوى العاملة الصحية بمستشفيات وزارة الصحة حسب المنطقة الصحية والفئة والجنس والجنسية عام 2023م,Capacity | Workforce,1.0,YES
2021,statistical-yearbook-2021-chapter-II-health-resources.xlsx,2.19,"Physicians and Dentists, MOH Hospitals by Speciality, Professional Categories and Health Region, 2021G.",2023,Statistical-Yearbook-2023.xlsx,24,"Physicians and Dentists, MoH Hospitals by Speciality, Professional Categories and Health Region, 2023G.",Capacity | Workforce | Activity,1.0,YES
2021,statistical-yearbook-2021-chapter-II-health-resources.xlsx,2.20,مراكز الرعاية الصحية الأولية بوزارة الصحة حسب المنطقة الصحية في الأعوام الخمسة الأخيرة,2023,Statistical-Yearbook-2023.xlsx,25,مراكز الرعاية الصحية الأولية بوزارة الصحة حسب المنطقة الصحية في الأعوام الخمسة الأخيرة,Capacity,1.0,YES
2021,statistical-yearbook-2021-chapter-II-health-resources.xlsx,2.21,"Health Manpower in Primary Health Care Centers, MOH, in the last Five Years",2023,Statistical-Yearbook-2023.xlsx,26,"Health Manpower in Primary Health Care Centers, MoH, in the last Five Years",Capacity | Workforce,1.0,YES
2021,statistical-yearbook-2021-chapter-II-health-resources.xlsx,2.21,"Health Manpower in Primary Health Care Centers, MOH, in the last Five Years",2024,Statistical-Yearbook-2024.xlsx,2-42,"Health Manpower in Primary Health Care Centers, MoH, in the last Five Years",Capacity | Workforce,1.0,YES
2021,statistical-yearbook-2021-chapter-II-health-resources.xlsx,2.22,"Physicians and Dentists in MOH Primary Health Care Centers by Speciality and Nationality, in the last Five Years",2023,Statistical-Yearbook-2023.xlsx,27,"Physicians and Dentists in MoH Primary Health Care Centers by Speciality and Nationality, in the last Five Years",Capacity | Workforce,1.0,YES
2021,statistical-yearbook-2021-chapter-II-health-resources.xlsx,2.22,"Physicians and Dentists in MOH Primary Health Care Centers by Speciality and Nationality, in the last Five Years",2024,Statistical-Yearbook-2024.xlsx,2-43,"Physicians and Dentists in MoH Primary Health Care Centers by Speciality and Nationality, in the last Five Years",Capacity | Workforce,1.0,YES
2021,statistical-yearbook-2021-chapter-II-health-resources.xlsx,2.23,القوى العاملة الصحية بمراكز الرعاية الصحية الأولية بوزارة الصحة حسب المنطقة الصحية والفئة والجنس والجنسية عام 2021م,2023,Statistical-Yearbook-2023.xlsx,28,القوى العاملة الصحية بمراكز الرعاية الصحية الأولية بوزارة الصحة حسب المنطقة الصحية والفئة والجنس والجنسية عام 2023م,Capacity | Workforce,1.0,YES
2021,statistical-yearbook-2021-chapter-II-health-resources.xlsx,2.24,الأطباء بمراكز الرعاية الصحية الأولية بوزارة الصحة حسب التخصصات الرئيسية والجنسية والجنس والمنطقة الصحية عام 2021م.,2023,Statistical-Yearbook-2023.xlsx,29,الأطباء بمراكز الرعاية الصحية الأولية بوزارة الصحة حسب التخصصات الرئيسية والجنسية والجنس والمنطقة الصحية عام 2023م.,Capacity | Workforce,1.0,YES
2021,statistical-yearbook-2021-chapter-II-health-resources.xlsx,2.25,"Hospital Beds in Other Governmental Sector by Speciality, 2021G.",2023,Statistical-Yearbook-2023.xlsx,30,"Hospital Beds in Other Governmental Sector by Speciality, 2023G.",Capacity | Activity,1.0,YES
2021,statistical-yearbook-2021-chapter-II-health-resources.xlsx,2.25,"Hospital Beds in Other Governmental Sector by Speciality, 2021G.",2024,Statistical-Yearbook-2024.xlsx,2-10,"Hospital Beds in Other Governmental Sector by Speciality, 2024G.",Capacity | Activity,1.0,YES
2021,statistical-yearbook-2021-chapter-II-health-resources.xlsx,2.26,"Health Manpower in Other Governmental Sector by Category,Sex and Nationality, 2021G.",2023,Statistical-Yearbook-2023.xlsx,31,"Health Manpower in Other Governmental Sector by Category,Sex and Nationality, 2023G.",Capacity | Workforce,1.0,YES
2021,statistical-yearbook-2021-chapter-II-health-resources.xlsx,2.27,"Physicians & Dentists in Other Governmental Sector by Speciality and Nationality, 2021G.",2023,Statistical-Yearbook-2023.xlsx,32,"Physicians & Dentists in Other Governmental Sector by Speciality and Nationality, 2023G.",Capacity | Workforce | Activity,1.0,YES
2021,statistical-yearbook-2021-chapter-II-health-resources.xlsx,2.28,"Health Manpower in the Other Governmental Sector by Nationality, in the last Five Years",2023,Statistical-Yearbook-2023.xlsx,33,"Health Manpower in the Other Governmental Sector by Nationality, in the last Five Years",Workforce,1.0,YES
2021,statistical-yearbook-2021-chapter-II-health-resources.xlsx,2.28,"Health Manpower in the Other Governmental Sector by Nationality, in the last Five Years",2024,Statistical-Yearbook-2024.xlsx,2-38,"Health Manpower in the Other Governmental Sector by Nationality, in the last Five Years",Workforce,1.0,YES
2021,statistical-yearbook-2021-chapter-II-health-resources.xlsx,2.30,المستشفيات والأسرة والمجمعات الطبية بالقطاع الخاص حسب المنطقة الصحية في الأعوام الخمسة الأخيرة,2023,Statistical-Yearbook-2023.xlsx,35,المستشفيات والأسرة والمجمعات الطبية بالقطاع الخاص حسب المنطقة الصحية في الأعوام الخمسة الأخيرة,Capacity,1.0,YES
2021,statistical-yearbook-2021-chapter-II-health-resources.xlsx,2.31,"Hospital Beds at Private Sector by Health Region and Speciality , 2021G.",2023,Statistical-Yearbook-2023.xlsx,36,"Hospital Beds at Private Sector by Health Region and Speciality , 2023G.",Capacity | Activity,1.0,YES
2021,statistical-yearbook-2021-chapter-II-health-resources.xlsx,2.32,"Single Doctor Private Clinics by Health Region and Speciality, 2021G.",2023,Statistical-Yearbook-2023.xlsx,37,"Single Doctor Private Clinics by Health Region and Speciality, 2023G.",Workforce | Activity,1.0,YES
2021,statistical-yearbook-2021-chapter-II-health-resources.xlsx,2-33,Health Manpower at Private Sector in the last Five Years,2023,Statistical-Yearbook-2023.xlsx,38,Health Manpower at Private Sector in the last Five Years,Workforce,1.0,YES
2021,statistical-yearbook-2021-chapter-II-health-resources.xlsx,2-33,Health Manpower at Private Sector in the last Five Years,2024,Statistical-Yearbook-2024.xlsx,2-39,Health Manpower at Private Sector in the last Five Years,Workforce,1.0,YES
2021,statistical-yearbook-2021-chapter-II-health-resources.xlsx,2.34,"Health Manpower in the Private Sector by Health Region,Category,Sex and Nationality, 2021G",2023,Statistical-Yearbook-2023.xlsx,39,"Health Manpower in the Private Sector by Health Region,Category,Sex and Nationality, 2023G",Workforce,1.0,YES
2021,statistical-yearbook-2021-chapter-II-health-resources.xlsx,2.35,"Health Manpower in Private Sector Hospitals by Health Region,Category,Sex and Nationality, 2021G",2023,Statistical-Yearbook-2023.xlsx,40,"Health Manpower in Private Sector Hospitals by Health Region,Category,Sex and Nationality, 2023G",Capacity | Workforce,1.0,YES
2021,statistical-yearbook-2021-chapter-II-health-resources.xlsx,2.37,"Physicians and Dentists in the Private Sector by Speciality, Professional Categories and Health Region, 2021G.",2023,Statistical-Yearbook-2023.xlsx,42,"Physicians and Dentists in the Private Sector by Speciality, Professional Categories and Health Region, 2023G.",Workforce | Activity,1.0,YES
2021,statistical-yearbook-2021-chapter-II-health-resources.xlsx,2.38,"Health Manpower in Private Health Facilities by Facility Classification, Sex and Nationality, 2021G.",2023,Statistical-Yearbook-2023.xlsx,43,"Health Manpower in Private Health Facilities by Facility Classification, Sex and Nationality, 2023G.",Capacity | Workforce,1.0,YES
2021,statistical-yearbook-2021-chapter-II-health-resources.xlsx,2.39,Table 2-39,2024,Statistical-Yearbook-2024.xlsx,2-16,Table 2-16,Workforce | Activity,1.0,YES
2021,statistical-yearbook-2021-chapter-II-health-resources.xlsx,2.40,Table 2-40,2024,Statistical-Yearbook-2024.xlsx,2-16,Table 2-16,Workforce | Activity,1.0,YES
2021,statistical-yearbook-2021-chapter-II-health-resources.xlsx,2.43,Prince Mohammad Bin Abdulaziz Hospital,2023,Statistical-Yearbook-2023.xlsx,51,Prince Mohammad Bin Abdulaziz Hospital,Capacity,1.0,YES
2021,statistical-yearbook-2021-chapter-II-health-resources.xlsx,2.43,Prince Mohammad Bin Abdulaziz Hospital,2024,Statistical-Yearbook-2024.xlsx,2-58,Prince Mohammad Bin Abdulaziz Hospital,Capacity,1.0,YES
2021,statistical-yearbook-2021-chapter-II-health-resources.xlsx,2.44,"Armed Forces Hospital in the military factories, Al-Kharj",2023,Statistical-Yearbook-2023.xlsx,52,"Armed Forces Hospital in the military factories, Al-Kharj",Capacity,1.0,YES
2021,statistical-yearbook-2021-chapter-II-health-resources.xlsx,2.44,"Armed Forces Hospital in the military factories, Al-Kharj",2024,Statistical-Yearbook-2024.xlsx,2-59,"Armed Forces Hospital in the military factories, Al-Kharj",Capacity,1.0,YES
2021,statistical-yearbook-2021-chapter-IV-health-activities.xlsx,2,زيارات مراجعي الطوارئ المرضية بمستشفيات وزارة الصحة حسب الجنس والجنسية والمنطقة الصحية عام 2021م.,2023,Statistical-Yearbook-2023.xlsx,2..,زيارات مراجعي الطوارئ المرضية بمستشفيات وزارة الصحة حسب الجنس والجنسية والمنطقة الصحية عام 2023م.,Capacity | Activity,1.0,YES
2021,statistical-yearbook-2021-chapter-IV-health-activities.xlsx,3,زيارات مراجعي الطوارئ الجراحية بمستشفيات وزارة الصحة حسب الجنس والجنسية والمنطقة الصحية عام 2021م.,2023,Statistical-Yearbook-2023.xlsx,3..,زيارات مراجعي الطوارئ الجراحية بمستشفيات وزارة الصحة حسب الجنس والجنسية والمنطقة الصحية عام 2023م.,Capacity | Activity,1.0,YES
2021,statistical-yearbook-2021-chapter-IV-health-activities.xlsx,4,زيارات مراجعي العيادات الخارجية بمستشفيات وزارة الصحة حسب الجنس والجنسية والمنطقة الصحية عام 2021م.,2023,Statistical-Yearbook-2023.xlsx,4..,زيارات مراجعي العيادات الخارجية بمستشفيات وزارة الصحة حسب الجنس والجنسية والمنطقة الصحية عام 2023م.,Capacity | Activity,1.0,YES
2021,statistical-yearbook-2021-chapter-IV-health-activities.xlsx,5,زيارات المراجعين للرعاية الصحية الأولية والعيادات الخارجية بمستشفيات وزارة الصحة حسب المنطقة الصحية عام 2021م,2023,Statistical-Yearbook-2023.xlsx,5..,زيارات المراجعين للرعاية الصحية الأولية والعيادات الخارجية بمستشفيات وزارة الصحة حسب المنطقة الصحية عام 2023م,Capacity | Activity,1.0,YES
2021,statistical-yearbook-2021-chapter-IV-health-activities.xlsx,6,زيارات المراجعين لمراكز الرعاية الصحية الأولية والعيادات الخارجية بمستشفيات وزارة الصحة حسب المنطقة الصحية في الأعوام الخمسة الأخيرة,2023,Statistical-Yearbook-2023.xlsx,6..,زيارات المراجعين لمراكز الرعاية الصحية الأولية والعيادات الخارجية بمستشفيات وزارة الصحة حسب المنطقة الصحية في الأعوام الخمسة الأخيرة,Capacity | Activity,1.0,YES
2021,statistical-yearbook-2021-chapter-IV-health-activities.xlsx,7,"First Aid Centers and Ambulances of the Saudi Red Crescent Authority by Administrative Region, 2021G.",2023,Statistical-Yearbook-2023.xlsx,7..,"First Aid Centers and Ambulances of the Saudi Red Crescent Authority by Administrative Region, 2023G.",Capacity,1.0,YES
2021,statistical-yearbook-2021-chapter-IV-health-activities.xlsx,7,"First Aid Centers and Ambulances of the Saudi Red Crescent Authority by Administrative Region, 2021G.",2024,Statistical-Yearbook-2024.xlsx,4-8,"First Aid Centers and Ambulances of the Saudi Red Crescent Authority by Administrative Region, 2024G.",Capacity,1.0,YES
2021,statistical-yearbook-2021-chapter-IV-health-activities.xlsx,10,"OPD Encounters at Other Governmental Sector Hospitals and Polyclinics by Nationality, 2021G.",2023,Statistical-Yearbook-2023.xlsx,10..,"OPD Encounters at Other Governmental Sector Hospitals and Polyclinics by Nationality, 2023G.",Capacity | Activity,1.0,YES
2021,statistical-yearbook-2021-chapter-IV-health-activities.xlsx,12,زيارات المراجعين للقطاعات الصحية بالمملكة ومتوسط عدد الزيارات لكل فرد من السكان في الأعوام الخمسة الأخيرة,2023,Statistical-Yearbook-2023.xlsx,12..,زيارات المراجعين للقطاعات الصحية بالمملكة ومتوسط عدد الزيارات لكل فرد من السكان في الأعوام الخمسة الأخيرة,Population | Activity,1.0,YES
2021,statistical-yearbook-2021-chapter-IV-health-activities.xlsx,12,زيارات المراجعين للقطاعات الصحية بالمملكة ومتوسط عدد الزيارات لكل فرد من السكان في الأعوام الخمسة الأخيرة,2024,Statistical-Yearbook-2024.xlsx,4-15,زيارات المراجعين للقطاعات الصحية بالمملكة ومتوسط عدد الزيارات لكل فرد من السكان في الأعوام الخمسة الأخيرة,Population | Activity,1.0,YES
2021,statistical-yearbook-2021-chapter-IV-health-activities.xlsx,13,زيارات المراجعين لعيادات السكرى بمستشفيات وزارة الصحة حسب الجنس والجنسية والمنطقة الصحية عام 2021م.,2023,Statistical-Yearbook-2023.xlsx,13..,زيارات المراجعين لعيادات السكرى بمستشفيات وزارة الصحة حسب الجنس والجنسية والمنطقة الصحية عام 2023م.,Capacity | Activity,1.0,YES
2021,statistical-yearbook-2021-chapter-IV-health-activities.xlsx,15,"Outpatients and Inpatients in Mental Health Departments, MOH, According to Main Disease Groups of ICD-10, 2021G.",2023,Statistical-Yearbook-2023.xlsx,15..,"Outpatients and Inpatients in Mental Health Departments, MOH, According to Main Disease Groups of ICD-10, 2023G.",Activity,1.0,YES
2021,statistical-yearbook-2021-chapter-IV-health-activities.xlsx,15,"Outpatients and Inpatients in Mental Health Departments, MOH, According to Main Disease Groups of ICD-10, 2021G.",2024,Statistical-Yearbook-2024.xlsx,4-18,"Outpatients and Inpatients in Mental Health Departments, MOH, According to Main Disease Groups of ICD-10, 2024G.",Activity,1.0,YES
2021,statistical-yearbook-2021-chapter-IV-health-activities.xlsx,16,زيارات المراجعين لعيادات الأسنان بوزارة الصحة حسب الجنس والجنسية والمنطقة الصحية عام 2021م,2023,Statistical-Yearbook-2023.xlsx,16..,زيارات المراجعين لعيادات الأسنان بوزارة الصحة حسب الجنس والجنسية والمنطقة الصحية عام 2023م,Activity,1.0,YES
2021,statistical-yearbook-2021-chapter-IV-health-activities.xlsx,17,الخدمات الرئيسية للأسنان بمراكز طب الأسنان بوزارة الصحة حسب نوع الخدمة والمنطقة الصحية عام 2021م.,2023,Statistical-Yearbook-2023.xlsx,17..,الخدمات الرئيسية للأسنان بمراكز طب الأسنان بوزارة الصحة حسب نوع الخدمة والمنطقة الصحية عام 2023م.,Workforce | Activity,1.0,YES
2021,statistical-yearbook-2021-chapter-IV-health-activities.xlsx,18,العمليات الجراحية للفك والأسنان وحالات الخلع بوزارة الصحة حسب المنطقة الصحية عام 2021م.,2023,Statistical-Yearbook-2023.xlsx,18.,العمليات الجراحية للفك والأسنان وحالات الخلع بوزارة الصحة حسب المنطقة الصحية عام 2023م.,Activity,1.0,YES
2021,statistical-yearbook-2021-chapter-IV-health-activities.xlsx,19,المنومون بمستشفيات وزارة الصحة حسب المنطقة الصحية والجنسية عام 2021م.,2023,Statistical-Yearbook-2023.xlsx,19.,المنومون بمستشفيات وزارة الصحة حسب المنطقة الصحية والجنسية عام 2023م.,Capacity | Activity,1.0,YES
2021,statistical-yearbook-2021-chapter-IV-health-activities.xlsx,20,المرضى المنومون بمستشفيات الرعاية المديدة وأسرة الرعاية المديدة بالمستشفيات العامة بوزارة الصحة حسب المنطقة الصحية عام 2021م.,2023,Statistical-Yearbook-2023.xlsx,20.,المرضى المنومون بمستشفيات الرعاية المديدة وأسرة الرعاية المديدة بالمستشفيات العامة بوزارة الصحة حسب المنطقة الصحية عام 2023م.,Capacity | Activity,1.0,YES
2021,statistical-yearbook-2021-chapter-IV-health-activities.xlsx,22,المؤشرات المختارة عن خدمات مستشفيات وزارة الصحة (100 سرير فأكثر) حسب المنطقة الصحية عام 2021م.,2023,Statistical-Yearbook-2023.xlsx,21.,المؤشرات المختارة عن خدمات مستشفيات وزارة الصحة (100 سرير فأكثر) حسب المنطقة الصحية عام 2023م.,Capacity,1.0,YES
2021,statistical-yearbook-2021-chapter-IV-health-activities.xlsx,23,بعض المؤشرات المختارة عن خدمات مستشفيات وزارة الصحة (50 سرير) حسب المنطقة الصحية عام 2021م.,2023,Statistical-Yearbook-2023.xlsx,22.,بعض المؤشرات المختارة عن خدمات مستشفيات وزارة الصحة (50 سرير) حسب المنطقة الصحية عام 2023م.,Capacity,1.0,YES
2021,statistical-yearbook-2021-chapter-IV-health-activities.xlsx,24,بعض المؤشرات المختارة عن خدمات مستشفيات الصحة النفسية والرعاية المديدة والتأهيل بوزارة الصحة حسب المنطقة الصحية عام 2021م.,2023,Statistical-Yearbook-2023.xlsx,23.,بعض المؤشرات المختارة عن خدمات مستشفيات الصحة النفسية والرعاية المديدة والتأهيل بوزارة الصحة حسب المنطقة الصحية عام 2023م.,Capacity,1.0,YES
2021,statistical-yearbook-2021-chapter-IV-health-activities.xlsx,25,"Inpatients in Other Governmental Sector Hospitals by Nationality, 2021G",2023,Statistical-Yearbook-2023.xlsx,24.,"Inpatients in Other Governmental Sector Hospitals by Nationality, 2023G",Capacity | Activity,1.0,YES
2021,statistical-yearbook-2021-chapter-IV-health-activities.xlsx,25,"Inpatients in Other Governmental Sector Hospitals by Nationality, 2021G",2024,Statistical-Yearbook-2024.xlsx,4-27,"Inpatients in Other Governmental Sector Hospitals by Nationality, 2024G",Capacity | Activity,1.0,YES
2021,statistical-yearbook-2021-chapter-IV-health-activities.xlsx,26,"Inpatients in Health Sectors Hospitals, KSA in the last Five Years",2023,Statistical-Yearbook-2023.xlsx,25.,"Inpatients in Health Sectors Hospitals, KSA in the last Five Years",Capacity | Activity,1.0,YES
2021,statistical-yearbook-2021-chapter-IV-health-activities.xlsx,26,"Inpatients in Health Sectors Hospitals, KSA in the last Five Years",2024,Statistical-Yearbook-2024.xlsx,4-31,"Inpatients in Health Sectors Hospitals, KSA in the last Five Years",Capacity | Activity,1.0,YES
2021,statistical-yearbook-2021-chapter-IV-health-activities.xlsx,27,الولادات بمستشفيات وزارة الصحة حسب المنطقة الصحية ونوع الولادة عام 2021م.,2023,Statistical-Yearbook-2023.xlsx,26.,الولادات بمستشفيات وزارة الصحة حسب المنطقة الصحية ونوع الولادة عام 2023م.,Capacity,1.0,YES
2021,statistical-yearbook-2021-chapter-IV-health-activities.xlsx,30,"Surgical Interventions at MoH Hospitals by Health Region and Hospital Sections, 2021G.",2023,Statistical-Yearbook-2023.xlsx,29.,"Surgical Interventions at MoH Hospitals by Health Region and Hospital Sections, 2023G.",Capacity | Activity,1.0,YES
2021,statistical-yearbook-2021-chapter-IV-health-activities.xlsx,31,"Surgical Interventions at Other Governmental Sector Hospitals by Section, 2021G",2023,Statistical-Yearbook-2023.xlsx,30.,"Surgical Interventions at Other Governmental Sector Hospitals by Section, 2023G",Capacity | Activity,1.0,YES
2021,statistical-yearbook-2021-chapter-IV-health-activities.xlsx,31,"Surgical Interventions at Other Governmental Sector Hospitals by Section, 2021G",2024,Statistical-Yearbook-2024.xlsx,4-37,"Surgical Interventions at Other Governmental Sector Hospitals by Section, 2024G",Capacity | Activity,1.0,YES
2021,statistical-yearbook-2021-chapter-IV-health-activities.xlsx,32,"Main Activities and Services at King Khaled Eye Specialist Hospital, in the last Five Years",2023,Statistical-Yearbook-2023.xlsx,31.,"Main Activities and Services at King Khaled Eye Specialist Hospital, in the last Five Years",Capacity | Activity,1.0,YES
2021,statistical-yearbook-2021-chapter-IV-health-activities.xlsx,32,"Main Activities and Services at King Khaled Eye Specialist Hospital, in the last Five Years",2024,Statistical-Yearbook-2024.xlsx,4-39,"Main Activities and Services at King Khaled Eye Specialist Hospital, in the last Five Years",Capacity | Activity,1.0,YES
2021,statistical-yearbook-2021-chapter-IV-health-activities.xlsx,33,"Cases of Malignant Tumours Registered at King Faisal Specialist Hospital and Research Center by Site and Sex, 2021G.",2023,Statistical-Yearbook-2023.xlsx,32.,"Cases of Malignant Tumours Registered at King Faisal Specialist Hospital and Research Center by Site and Sex, 2023G.",Capacity,1.0,YES
2021,statistical-yearbook-2021-chapter-IV-health-activities.xlsx,34,"Cases of Tumours among Children Referred to King Faisal Specialist Hospital by Site, 2021G.",2023,Statistical-Yearbook-2023.xlsx,33.,"Cases of Tumours among Children Referred to King Faisal Specialist Hospital by Site, 2023G.",Capacity,1.0,YES
2021,statistical-yearbook-2021-chapter-IV-health-activities.xlsx,34,"Cases of Tumours among Children Referred to King Faisal Specialist Hospital by Site, 2021G.",2024,Statistical-Yearbook-2024.xlsx,4-41,"Cases of Tumours among Children Referred to King Faisal Specialist Hospital by Site, 2024G.",Capacity,1.0,YES
2021,statistical-yearbook-2021-chapter-IV-health-activities.xlsx,36,"Haemodialysis Patients by Health Sector , Sex and Nationality, 2021G.",2023,Statistical-Yearbook-2023.xlsx,35.,"Haemodialysis Patients by Health Sector , Sex and Nationality, 2021G.",Capacity,1.0,YES
2021,statistical-yearbook-2021-chapter-IV-health-activities.xlsx,39,King Faisal Specialist Hospital,2023,Statistical-Yearbook-2023.xlsx,38.,King Faisal Specialist Hospital,Capacity,1.0,YES
2021,statistical-yearbook-2021-chapter-IV-health-activities.xlsx,39,King Faisal Specialist Hospital,2023,Statistical-Yearbook-2023.xlsx,44.,King Faisal Specialist Hospital,Capacity,1.0,YES
2021,statistical-yearbook-2021-chapter-IV-health-activities.xlsx,40,Table 4-40,2023,Statistical-Yearbook-2023.xlsx,39.,Table 4-39,Workforce,1.0,YES
2021,statistical-yearbook-2021-chapter-IV-health-activities.xlsx,40,Table 4-40,2024,Statistical-Yearbook-2024.xlsx,4-49,Table 4-49,Workforce,1.0,YES
2021,statistical-yearbook-2021-chapter-IV-health-activities.xlsx,42,الفحوص المخبرية وعدد مرضى الفحوص الشعاعية بمستشفيات وزارة الصحة حسب المنطقة الصحية عام 2021م.,2023,Statistical-Yearbook-2023.xlsx,40.,الفحوص المخبرية وعدد مرضى الفحوص الشعاعية بمستشفيات وزارة الصحة حسب المنطقة الصحية عام 2023م.,Capacity,1.0,YES
2021,statistical-yearbook-2021-chapter-IV-health-activities.xlsx,44,"Laboratory Investigations and Number of Radiology & Physiotherapy patients at MoH Facilities, in the last Five Years",2023,Statistical-Yearbook-2023.xlsx,43.,"Laboratory Investigations and Number of Radiology & Physiotherapy patients at MoH Facilities, in the last Five Years",Activity,1.0,YES
2021,statistical-yearbook-2021-chapter-IV-health-activities.xlsx,44,"Laboratory Investigations and Number of Radiology & Physiotherapy patients at MoH Facilities, in the last Five Years",2024,Statistical-Yearbook-2024.xlsx,4-55,"Laboratory Investigations and Number of Radiology & Physiotherapy patients at MoH Facilities, in the last Five Years",Activity,1.0,YES
2021,statistical-yearbook-2021-chapter-IV-health-activities.xlsx,45,King Faisal Specialist Hospital,2023,Statistical-Yearbook-2023.xlsx,38.,King Faisal Specialist Hospital,Capacity,1.0,YES
2021,statistical-yearbook-2021-chapter-IV-health-activities.xlsx,45,King Faisal Specialist Hospital,2023,Statistical-Yearbook-2023.xlsx,44.,King Faisal Specialist Hospital,Capacity,1.0,YES
2021,statistical-yearbook-2021-chapter-IV-health-activities.xlsx,47,أنشطة بنوك الدم بوزارة الصحة حسب المنطقة الصحية عام 2021م.,2023,Statistical-Yearbook-2023.xlsx,46.,أنشطة بنوك الدم بوزارة الصحة حسب المنطقة الصحية عام 2023م.,Activity,1.0,YES
2021,statistical-yearbook-2021-chapter-IV-health-activities.xlsx,47,أنشطة بنوك الدم بوزارة الصحة حسب المنطقة الصحية عام 2021م.,2024,Statistical-Yearbook-2024.xlsx,4-59,أنشطة بنوك الدم بوزارة الصحة حسب المنطقة الصحية عام 2024م.,Activity,1.0,YES
2021,statistical-yearbook-2021-chapter-IV-health-activities.xlsx,48,Table 4-48,2023,Statistical-Yearbook-2023.xlsx,47.,Table 4-47,Activity,1.0,YES
2021,statistical-yearbook-2021-chapter-IV-health-activities.xlsx,48,Table 4-48,2023,Statistical-Yearbook-2023.xlsx,53.,Table 4-53,Activity,1.0,YES
2021,statistical-yearbook-2021-chapter-IV-health-activities.xlsx,48,Table 4-48,2023,Statistical-Yearbook-2023.xlsx,5-12,Table 5-12,Activity,1.0,YES
2021,statistical-yearbook-2021-chapter-IV-health-activities.xlsx,48,Table 4-48,2024,Statistical-Yearbook-2024.xlsx,4-60,Table 4-60,Activity,1.0,YES
2021,statistical-yearbook-2021-chapter-IV-health-activities.xlsx,48,Table 4-48,2024,Statistical-Yearbook-2024.xlsx,4-64,Table 4-64,Activity,1.0,YES
2021,statistical-yearbook-2021-chapter-IV-health-activities.xlsx,48,Table 4-48,2024,Statistical-Yearbook-2024.xlsx,5-12,Table 5-12,Activity,1.0,YES
2021,statistical-yearbook-2021-chapter-IV-health-activities.xlsx,49,King Faisal Specialist Hospital,2023,Statistical-Yearbook-2023.xlsx,48.,King Faisal Specialist Hospital,Capacity | Activity,1.0,YES
2021,statistical-yearbook-2021-chapter-IV-health-activities.xlsx,49,King Faisal Specialist Hospital,2024,Statistical-Yearbook-2024.xlsx,4-61,King Faisal Specialist Hospital,Capacity | Activity,1.0,YES
2021,statistical-yearbook-2021-chapter-IV-health-activities.xlsx,53,الحالات التي تمت إحالتها إلى المستشفيات الحكومية العامة أو التخصصية حسب المنطقة المحيلة والمستقبلة عام 2021م.,2023,Statistical-Yearbook-2023.xlsx,52.,الحالات التي تمت إحالتها إلى المستشفيات الحكومية العامة أو التخصصية حسب المنطقة المحيلة والمستقبلة عام 2023م.,Capacity,1.0,YES
2021,statistical-yearbook-2021-chapter-IV-health-activities.xlsx,54,Table 4-54,2023,Statistical-Yearbook-2023.xlsx,47.,Table 4-47,Activity,1.0,YES
2021,statistical-yearbook-2021-chapter-IV-health-activities.xlsx,54,Table 4-54,2023,Statistical-Yearbook-2023.xlsx,53.,Table 4-53,Activity,1.0,YES
2021,statistical-yearbook-2021-chapter-IV-health-activities.xlsx,54,Table 4-54,2023,Statistical-Yearbook-2023.xlsx,5-12,Table 5-12,Activity,1.0,YES
2021,statistical-yearbook-2021-chapter-IV-health-activities.xlsx,54,Table 4-54,2024,Statistical-Yearbook-2024.xlsx,4-60,Table 4-60,Activity,1.0,YES
2021,statistical-yearbook-2021-chapter-IV-health-activities.xlsx,54,Table 4-54,2024,Statistical-Yearbook-2024.xlsx,4-64,Table 4-64,Activity,1.0,YES
2021,statistical-yearbook-2021-chapter-IV-health-activities.xlsx,54,Table 4-54,2024,Statistical-Yearbook-2024.xlsx,5-12,Table 5-12,Activity,1.0,YES
2021,statistical-yearbook-2021-chapter-IV-health-activities.xlsx,56,عدد الوجبات التقريبي لمستحقي التغذية في مستشفيات وزارة الصحة حسب المنطقة الصحية لعام 2021م.,2023,Statistical-Yearbook-2023.xlsx,55,عدد الوجبات التقريبي لمستحقي التغذية في مستشفيات وزارة الصحة حسب المنطقة الصحية لعام 2023م.,Capacity | Workforce,1.0,YES
2021,statistical-yearbook-2021-chapter-IV-health-activities.xlsx,57,عدد المستشفيات المنفذة لبرنامج الرعاية الصحية المنزلية بوزارة الصحة والعاملين وعدد المستفيدين حسب المنطقة الصحية لعام 2021م,2023,Statistical-Yearbook-2023.xlsx,56,عدد المستشفيات المنفذة لبرنامج الرعاية الصحية المنزلية بوزارة الصحة والعاملين وعدد المستفيدين حسب المنطقة الصحية لعام 2023م,Capacity,1.0,YES
2021,statistical-yearbook-2021-chapter-IV-health-activities.xlsx,60,"Resources and Activities of Telemedicine at MoH by Health Regions, 2021G",2023,Statistical-Yearbook-2023.xlsx,59,"Resources and Activities of Telemedicine at MoH by Health Regions, 2023G",Capacity | Activity,1.0,YES
2021,statistical-yearbook-2021-chapter-IV-health-activities.xlsx,fig1,العيادات الخارجية – متوسط وقت الانتظار للموعد (بالايام),2023,Statistical-Yearbook-2023.xlsx,fig1,العيادات الخارجية – متوسط وقت الانتظار للموعد (بالايام),Activity,1.0,YES
2021,statistical-yearbook-2021-chapter-IV-health-activities.xlsx,fig1,العيادات الخارجية – متوسط وقت الانتظار للموعد (بالايام),2024,Statistical-Yearbook-2024.xlsx,fig1,العيادات الخارجية – متوسط وقت الانتظار للموعد (بالايام),Activity,1.0,YES
2021,statistical-yearbook-2021-chapter-IV-health-activities.xlsx,fig2,قسم الطوارئ – نسبة المرضى الذين انهيت اجراءاتهم خلال 4 ساعات,2023,Statistical-Yearbook-2023.xlsx,fig2,قسم الطوارئ – نسبة المرضى الذين انهيت اجراءاتهم خلال 4 ساعات,Activity,1.0,YES
2021,statistical-yearbook-2021-chapter-IV-health-activities.xlsx,fig2,قسم الطوارئ – نسبة المرضى الذين انهيت اجراءاتهم خلال 4 ساعات,2024,Statistical-Yearbook-2024.xlsx,fig2,قسم الطوارئ – نسبة المرضى الذين انهيت اجراءاتهم خلال 4 ساعات,Activity,1.0,YES
2021,statistical-yearbook-2021-chapter-IV-health-activities.xlsx,fig3,متوسط مدة الإقامة للمرضى داخل المستشفى (بالأيام),2023,Statistical-Yearbook-2023.xlsx,fig3,متوسط مدة الإقامة للمرضى داخل المستشفى (بالأيام),Capacity,1.0,YES
2021,statistical-yearbook-2021-chapter-IV-health-activities.xlsx,fig3,متوسط مدة الإقامة للمرضى داخل المستشفى (بالأيام),2024,Statistical-Yearbook-2024.xlsx,fig3,متوسط مدة الإقامة للمرضى داخل المستشفى (بالأيام),Capacity,1.0,YES
2021,statistical-yearbook-2021-chapter-IV-health-activities.xlsx,fig5,غرفة العمليات – متوسط وقت انتظار الجراحة (بالأيام),2023,Statistical-Yearbook-2023.xlsx,fig5,غرفة العمليات – متوسط وقت انتظار الجراحة (بالأيام),Activity,1.0,YES
2021,statistical-yearbook-2021-chapter-IV-health-activities.xlsx,fig5,غرفة العمليات – متوسط وقت انتظار الجراحة (بالأيام),2024,Statistical-Yearbook-2024.xlsx,fig5,غرفة العمليات – متوسط وقت انتظار الجراحة (بالأيام),Activity,1.0,YES
2023,Statistical-Yearbook-2023.xlsx,1,Crude Birth Rate /1000 Population,2024,Statistical-Yearbook-2024.xlsx,1-1,Crude Birth Rate /1000 Population,Population,1.0,YES
2023,Statistical-Yearbook-2023.xlsx,12,"Incidence Rate of Some Immunization Targeted Diseases (per 100,000 population) in the Last Five Years",2024,Statistical-Yearbook-2024.xlsx,1-11,"Incidence Rate of Some Immunization Targeted Diseases (per 100,000 population) in the Last Five Years",Population,1.0,YES
2023,Statistical-Yearbook-2023.xlsx,13,Proportion of health facilities that have a core set of relevant essential medicines available and affordable on a sustainable basis,2024,Statistical-Yearbook-2024.xlsx,1-12,Proportion of health facilities that have a core set of relevant essential medicines available and affordable on a sustainable basis,Population | Capacity,1.0,YES
2023,Statistical-Yearbook-2023.xlsx,2.,المستشفيات والأسرة بالقطاعات الصحية بالمملكة حسب الجهة ومعدل الأسرة لكل عشرة آلاف من السكان في الأعوام الخمسة الأخيرة,2024,Statistical-Yearbook-2024.xlsx,2-2,المستشفيات والأسرة بالقطاعات الصحية بالمملكة حسب الجهة ومعدل الأسرة لكل عشرة آلاف من السكان في الأعوام الخمسة الأخيرة,Population | Capacity,1.0,YES
2023,Statistical-Yearbook-2023.xlsx,4.,Health Manpower in KSA Health Sectors in the Last Five Years,2024,Statistical-Yearbook-2024.xlsx,2-17,Health Manpower in KSA Health Sectors in the Last Five Years,Workforce,1.0,YES
2023,Statistical-Yearbook-2023.xlsx,5.,"Physicians and Dentists in KSA Health Sectors by Speciality and Professional Categories, 2023G",2024,Statistical-Yearbook-2024.xlsx,2-19,"Physicians and Dentists in KSA Health Sectors by Speciality and Professional Categories, 2024G",Workforce | Activity,1.0,YES
2023,Statistical-Yearbook-2023.xlsx,6.,"Health Manpower in KSA Health Sectors by Category, Sex and Nationality, 2023G",2024,Statistical-Yearbook-2024.xlsx,2-18,"Health Manpower in KSA Health Sectors by Category, Sex and Nationality, 2024G",Workforce,1.0,YES
2023,Statistical-Yearbook-2023.xlsx,7.,"Physicians and Dentists in MoH by Gender, Nationality, Speciality and Professional Categories, 2023G",2024,Statistical-Yearbook-2024.xlsx,2-20,"Physicians and Dentists in MoH by Gender, Nationality, Speciality and Professional Categories, 2024G",Workforce | Activity,1.0,YES
2023,Statistical-Yearbook-2023.xlsx,8.,"Physicians and Dentists in the Other Governmental Sector by Gender, Nationality, Speciality and Professional Categories, 2023G",2024,Statistical-Yearbook-2024.xlsx,2-21,"Physicians and Dentists in the Other Governmental Sector by Gender, Nationality, Speciality and Professional Categories, 2024G",Workforce | Activity,1.0,YES
2023,Statistical-Yearbook-2023.xlsx,9.,"Physicians and Dentists in the Private Sector by Gender, Nationality, Speciality and Professional Categories, 2023G",2024,Statistical-Yearbook-2024.xlsx,2-22,"Physicians and Dentists in the Private Sector by Gender, Nationality, Speciality and Professional Categories, 2024G",Workforce | Activity,1.0,YES
2023,Statistical-Yearbook-2023.xlsx,10.,"Physicians and Dentists in KSA Health Sectors by Gender, Nationality, Speciality and Professional Categories, 2023G",2024,Statistical-Yearbook-2024.xlsx,2-23,"Physicians and Dentists in KSA Health Sectors by Gender, Nationality, Speciality and Professional Categories, 2024G",Workforce | Activity,1.0,YES
2023,Statistical-Yearbook-2023.xlsx,13.,Health Manpower in MoH by Nationality in the Last Five Years,2024,Statistical-Yearbook-2024.xlsx,2-37,Health Manpower in MoH by Nationality in the Last Five Years,Workforce,1.0,YES
2023,Statistical-Yearbook-2023.xlsx,22,"Health Manpower in MoH Hospitals by Nationality, in the last Five Years",2024,Statistical-Yearbook-2024.xlsx,2-40,"Health Manpower in MoH Hospitals by Nationality, in the last Five Years",Capacity | Workforce,1.0,YES
2023,Statistical-Yearbook-2023.xlsx,26,"Health Manpower in Primary Health Care Centers, MoH, in the last Five Years",2024,Statistical-Yearbook-2024.xlsx,2-42,"Health Manpower in Primary Health Care Centers, MoH, in the last Five Years",Capacity | Workforce,1.0,YES
2023,Statistical-Yearbook-2023.xlsx,27,"Physicians and Dentists in MoH Primary Health Care Centers by Speciality and Nationality, in the last Five Years",2024,Statistical-Yearbook-2024.xlsx,2-43,"Physicians and Dentists in MoH Primary Health Care Centers by Speciality and Nationality, in the last Five Years",Capacity | Workforce,1.0,YES
2023,Statistical-Yearbook-2023.xlsx,30,"Hospital Beds in Other Governmental Sector by Speciality, 2023G.",2024,Statistical-Yearbook-2024.xlsx,2-10,"Hospital Beds in Other Governmental Sector by Speciality, 2024G.",Capacity | Activity,1.0,YES
2023,Statistical-Yearbook-2023.xlsx,33,"Health Manpower in the Other Governmental Sector by Nationality, in the last Five Years",2024,Statistical-Yearbook-2024.xlsx,2-38,"Health Manpower in the Other Governmental Sector by Nationality, in the last Five Years",Workforce,1.0,YES
2023,Statistical-Yearbook-2023.xlsx,38,Health Manpower at Private Sector in the last Five Years,2024,Statistical-Yearbook-2024.xlsx,2-39,Health Manpower at Private Sector in the last Five Years,Workforce,1.0,YES
2023,Statistical-Yearbook-2023.xlsx,44,Preventive Medicine & Public Health,2024,Statistical-Yearbook-2024.xlsx,2-49,Preventive Medicine & Public Health,Capacity | Workforce | Activity,1.0,YES
2023,Statistical-Yearbook-2023.xlsx,51,Prince Mohammad Bin Abdulaziz Hospital,2024,Statistical-Yearbook-2024.xlsx,2-58,Prince Mohammad Bin Abdulaziz Hospital,Capacity,1.0,YES
2023,Statistical-Yearbook-2023.xlsx,52,"Armed Forces Hospital in the military factories, Al-Kharj",2024,Statistical-Yearbook-2024.xlsx,2-59,"Armed Forces Hospital in the military factories, Al-Kharj",Capacity,1.0,YES
2023,Statistical-Yearbook-2023.xlsx,53,Dr. Sulaiman Al Habib Hospital for Obstetric and Gynecology,2024,Statistical-Yearbook-2024.xlsx,2-60,Dr. Sulaiman Al Habib Hospital for Obstetric and Gynecology,Capacity | Workforce,1.0,YES
2023,Statistical-Yearbook-2023.xlsx,3-1,Incidence Rate / 100 000 population,2024,Statistical-Yearbook-2024.xlsx,3-1,Incidence Rate / 100 000 population,Population,1.0,YES
2023,Statistical-Yearbook-2023.xlsx,3-6,"Incidence Rate per 100,000 population",2024,Statistical-Yearbook-2024.xlsx,3-6,"Incidence Rate per 100,000 population",Population,1.0,YES
2023,Statistical-Yearbook-2023.xlsx,3-14,معدل الانتشار لكل مائة ألف من السكان,2024,Statistical-Yearbook-2024.xlsx,3-14,معدل الانتشار لكل مائة ألف من السكان,Population,1.0,YES
2023,Statistical-Yearbook-2023.xlsx,3-19,No of visited healthy houses of company workers,2024,Statistical-Yearbook-2024.xlsx,3-19,No of visited healthy houses of company workers,Activity,1.0,YES
2023,Statistical-Yearbook-2023.xlsx,3-21,Incidence Rate of environmental health related diseases for the last five years.,2024,Statistical-Yearbook-2024.xlsx,3-21,Incidence Rate of environmental health related diseases for the last five years.,Population,1.0,YES
2023,Statistical-Yearbook-2023.xlsx,7..,"First Aid Centers and Ambulances of the Saudi Red Crescent Authority by Administrative Region, 2023G.",2024,Statistical-Yearbook-2024.xlsx,4-8,"First Aid Centers and Ambulances of the Saudi Red Crescent Authority by Administrative Region, 2024G.",Capacity,1.0,YES
2023,Statistical-Yearbook-2023.xlsx,8..,"Patients and Casualties Offered First Aid and Transported by Saudi Red Crescent Authority Ambulances by Administrative Region and Type of Case, 2023G.",2024,Statistical-Yearbook-2024.xlsx,4-9,"Patients and Casualties Offered First Aid and Transported by Saudi Red Crescent Authority Ambulances by Administrative Region and Type of Case, 2024G.",Capacity,1.0,YES
2023,Statistical-Yearbook-2023.xlsx,12..,زيارات المراجعين للقطاعات الصحية بالمملكة ومتوسط عدد الزيارات لكل فرد من السكان في الأعوام الخمسة الأخيرة,2024,Statistical-Yearbook-2024.xlsx,4-15,زيارات المراجعين للقطاعات الصحية بالمملكة ومتوسط عدد الزيارات لكل فرد من السكان في الأعوام الخمسة الأخيرة,Population | Activity,1.0,YES
2023,Statistical-Yearbook-2023.xlsx,14..,"Complications of pregnancy and child birth, MOH Hospitals, 2023G.",2024,Statistical-Yearbook-2024.xlsx,4-17,"Complications of pregnancy and child birth, MOH Hospitals, 2024G.",Capacity,1.0,YES
2023,Statistical-Yearbook-2023.xlsx,15..,"Outpatients and Inpatients in Mental Health Departments, MOH, According to Main Disease Groups of ICD-10, 2023G.",2024,Statistical-Yearbook-2024.xlsx,4-18,"Outpatients and Inpatients in Mental Health Departments, MOH, According to Main Disease Groups of ICD-10, 2024G.",Activity,1.0,YES
2023,Statistical-Yearbook-2023.xlsx,24.,"Inpatients in Other Governmental Sector Hospitals by Nationality, 2023G",2024,Statistical-Yearbook-2024.xlsx,4-27,"Inpatients in Other Governmental Sector Hospitals by Nationality, 2024G",Capacity | Activity,1.0,YES
2023,Statistical-Yearbook-2023.xlsx,25.,"Inpatients in Health Sectors Hospitals, KSA in the last Five Years",2024,Statistical-Yearbook-2024.xlsx,4-31,"Inpatients in Health Sectors Hospitals, KSA in the last Five Years",Capacity | Activity,1.0,YES
2023,Statistical-Yearbook-2023.xlsx,30.,"Surgical Interventions at Other Governmental Sector Hospitals by Section, 2023G",2024,Statistical-Yearbook-2024.xlsx,4-37,"Surgical Interventions at Other Governmental Sector Hospitals by Section, 2024G",Capacity | Activity,1.0,YES
2023,Statistical-Yearbook-2023.xlsx,31.,"Main Activities and Services at King Khaled Eye Specialist Hospital, in the last Five Years",2024,Statistical-Yearbook-2024.xlsx,4-39,"Main Activities and Services at King Khaled Eye Specialist Hospital, in the last Five Years",Capacity | Activity,1.0,YES
2023,Statistical-Yearbook-2023.xlsx,33.,"Cases of Tumours among Children Referred to King Faisal Specialist Hospital by Site, 2023G.",2024,Statistical-Yearbook-2024.xlsx,4-41,"Cases of Tumours among Children Referred to King Faisal Specialist Hospital by Site, 2024G.",Capacity,1.0,YES
2023,Statistical-Yearbook-2023.xlsx,39.,Table 4-39,2024,Statistical-Yearbook-2024.xlsx,4-49,Table 4-49,Workforce,1.0,YES
2023,Statistical-Yearbook-2023.xlsx,42.,"Diagnostic Radiology Investigations at MoH Hospitals by Type of Investigation, 2023G.",2024,Statistical-Yearbook-2024.xlsx,4-53,"Diagnostic Radiology Investigations at MoH Hospitals by Type of Investigation, 2024G.",Capacity,1.0,YES
2023,Statistical-Yearbook-2023.xlsx,43.,"Laboratory Investigations and Number of Radiology & Physiotherapy patients at MoH Facilities, in the last Five Years",2024,Statistical-Yearbook-2024.xlsx,4-55,"Laboratory Investigations and Number of Radiology & Physiotherapy patients at MoH Facilities, in the last Five Years",Activity,1.0,YES
2023,Statistical-Yearbook-2023.xlsx,46.,أنشطة بنوك الدم بوزارة الصحة حسب المنطقة الصحية عام 2023م.,2024,Statistical-Yearbook-2024.xlsx,4-59,أنشطة بنوك الدم بوزارة الصحة حسب المنطقة الصحية عام 2024م.,Activity,1.0,YES
2023,Statistical-Yearbook-2023.xlsx,47.,Table 4-47,2024,Statistical-Yearbook-2024.xlsx,4-60,Table 4-60,Activity,1.0,YES
2023,Statistical-Yearbook-2023.xlsx,47.,Table 4-47,2024,Statistical-Yearbook-2024.xlsx,4-64,Table 4-64,Activity,1.0,YES
2023,Statistical-Yearbook-2023.xlsx,47.,Table 4-47,2024,Statistical-Yearbook-2024.xlsx,5-12,Table 5-12,Activity,1.0,YES
2023,Statistical-Yearbook-2023.xlsx,48.,King Faisal Specialist Hospital,2024,Statistical-Yearbook-2024.xlsx,4-61,King Faisal Specialist Hospital,Capacity | Activity,1.0,YES
2023,Statistical-Yearbook-2023.xlsx,53.,Table 4-53,2024,Statistical-Yearbook-2024.xlsx,4-60,Table 4-60,Activity,1.0,YES
2023,Statistical-Yearbook-2023.xlsx,53.,Table 4-53,2024,Statistical-Yearbook-2024.xlsx,4-64,Table 4-64,Activity,1.0,YES
2023,Statistical-Yearbook-2023.xlsx,53.,Table 4-53,2024,Statistical-Yearbook-2024.xlsx,5-12,Table 5-12,Activity,1.0,YES
2023,Statistical-Yearbook-2023.xlsx,fig1,العيادات الخارجية – متوسط وقت الانتظار للموعد (بالايام),2024,Statistical-Yearbook-2024.xlsx,fig1,العيادات الخارجية – متوسط وقت الانتظار للموعد (بالايام),Activity,1.0,YES
2023,Statistical-Yearbook-2023.xlsx,fig2,قسم الطوارئ – نسبة المرضى الذين انهيت اجراءاتهم خلال 4 ساعات,2024,Statistical-Yearbook-2024.xlsx,fig2,قسم الطوارئ – نسبة المرضى الذين انهيت اجراءاتهم خلال 4 ساعات,Activity,1.0,YES
2023,Statistical-Yearbook-2023.xlsx,fig3,متوسط مدة الإقامة للمرضى داخل المستشفى (بالأيام),2024,Statistical-Yearbook-2024.xlsx,fig3,متوسط مدة الإقامة للمرضى داخل المستشفى (بالأيام),Capacity,1.0,YES
2023,Statistical-Yearbook-2023.xlsx,fig5,غرفة العمليات – متوسط وقت انتظار الجراحة (بالأيام),2024,Statistical-Yearbook-2024.xlsx,fig5,غرفة العمليات – متوسط وقت انتظار الجراحة (بالأيام),Activity,1.0,YES
2023,Statistical-Yearbook-2023.xlsx,5-2,"Permanent and Seasonal Health Facilities in Hajj Season, 1444H (2023G).",2024,Statistical-Yearbook-2024.xlsx,5-2,"Permanent and Seasonal Health Facilities in Hajj Season, 1445H (2024G).",Capacity | Activity,1.0,YES
2023,Statistical-Yearbook-2023.xlsx,5-3,Allied Health Personnel,2024,Statistical-Yearbook-2024.xlsx,5-3,Allied Health Personnel,Workforce,1.0,YES
2023,Statistical-Yearbook-2023.xlsx,5-4,*Given to all arrivalls coming from targeted Countries in Health Requirements and Recommendations,2024,Statistical-Yearbook-2024.xlsx,5-4,*Given to all arrivalls coming from targeted Countries in Health Requirements and Recommendations,Capacity | Activity,1.0,YES
2023,Statistical-Yearbook-2023.xlsx,5-5,Pilgrims' Visits to PHCs in the Last Five Years,2024,Statistical-Yearbook-2024.xlsx,5-5,Pilgrims' Visits to PHCs in the Last Five Years,Activity,1.0,YES
2023,Statistical-Yearbook-2023.xlsx,5-6,زيارات الحجاج لأقسام الطوارئ بالمستشفيات في الأعوام الخمسة الأخيرة,2024,Statistical-Yearbook-2024.xlsx,5-6,زيارات الحجاج لأقسام الطوارئ بالمستشفيات في الأعوام الخمسة الأخيرة,Capacity | Activity,1.0,YES
2023,Statistical-Yearbook-2023.xlsx,5-7,زيارات الحجاج للعيادات الخارجية بالمستشفيات في الأعوام الخمسة الأخيرة,2024,Statistical-Yearbook-2024.xlsx,5-7,زيارات الحجاج للعيادات الخارجية بالمستشفيات في الأعوام الخمسة الأخيرة,Capacity | Activity,1.0,YES
2023,Statistical-Yearbook-2023.xlsx,5-8,حالات التنويم من الحجاج بأقسام المستشفيات في الأعوام الخمسة الأخيرة,2024,Statistical-Yearbook-2024.xlsx,5-8,حالات التنويم من الحجاج بأقسام المستشفيات في الأعوام الخمسة الأخيرة,Capacity | Activity,1.0,YES
2023,Statistical-Yearbook-2023.xlsx,5-12,Table 5-12,2024,Statistical-Yearbook-2024.xlsx,4-60,Table 4-60,Activity,1.0,YES
2023,Statistical-Yearbook-2023.xlsx,5-12,Table 5-12,2024,Statistical-Yearbook-2024.xlsx,4-64,Table 4-64,Activity,1.0,YES
2023,Statistical-Yearbook-2023.xlsx,5-12,Table 5-12,2024,Statistical-Yearbook-2024.xlsx,5-12,Table 5-12,Activity,1.0,YES
2022,2022-Chapter-IV-Health-Activities.xlsx,6,زيارات المراجعين لمراكز الرعاية الصحية الأولية والعيادات الخارجية بمستشفيات وزارة الصحة حسب المنطقة الصحية في الأعوام الخمسة الأخيرة,2024,Statistical-Yearbook-2024.xlsx,4-7,زيارات المراجعين لمراكز الرعاية الصحية الأولية والعيادات الخارجية بمستشفيات وزارة الصحة حسب المنطقة الإدارية في الأعوام الخمسة الأخيرة,Capacity | Activity,0.941,YES
2021,statistical-yearbook-2021-chapter-IV-health-activities.xlsx,6,زيارات المراجعين لمراكز الرعاية الصحية الأولية والعيادات الخارجية بمستشفيات وزارة الصحة حسب المنطقة الصحية في الأعوام الخمسة الأخيرة,2024,Statistical-Yearbook-2024.xlsx,4-7,زيارات المراجعين لمراكز الرعاية الصحية الأولية والعيادات الخارجية بمستشفيات وزارة الصحة حسب المنطقة الإدارية في الأعوام الخمسة الأخيرة,Capacity | Activity,0.941,YES
2023,Statistical-Yearbook-2023.xlsx,6..,زيارات المراجعين لمراكز الرعاية الصحية الأولية والعيادات الخارجية بمستشفيات وزارة الصحة حسب المنطقة الصحية في الأعوام الخمسة الأخيرة,2024,Statistical-Yearbook-2024.xlsx,4-7,زيارات المراجعين لمراكز الرعاية الصحية الأولية والعيادات الخارجية بمستشفيات وزارة الصحة حسب المنطقة الإدارية في الأعوام الخمسة الأخيرة,Capacity | Activity,0.941,YES
2022,2022-Chapter-IV-Health-Activities.xlsx,32,"Cases of Malignant Tumours Registered at King Faisal Specialist Hospital and Research Center by Site and Sex, 2022G.",2024,Statistical-Yearbook-2024.xlsx,4-40,"Cases of Malignant Tumours Registered at King Faisal Specialist Hospital and Research Center by Site and Gender, 2024G.",Capacity,0.889,YES
2021,statistical-yearbook-2021-chapter-IV-health-activities.xlsx,33,"Cases of Malignant Tumours Registered at King Faisal Specialist Hospital and Research Center by Site and Sex, 2021G.",2024,Statistical-Yearbook-2024.xlsx,4-40,"Cases of Malignant Tumours Registered at King Faisal Specialist Hospital and Research Center by Site and Gender, 2024G.",Capacity,0.889,YES
2023,Statistical-Yearbook-2023.xlsx,32.,"Cases of Malignant Tumours Registered at King Faisal Specialist Hospital and Research Center by Site and Sex, 2023G.",2024,Statistical-Yearbook-2024.xlsx,4-40,"Cases of Malignant Tumours Registered at King Faisal Specialist Hospital and Research Center by Site and Gender, 2024G.",Capacity,0.889,YES
2022,2022-Chapter-IV-Health-Activities.xlsx,53,"Cases Referred to Social Service Departements at MOH Hospitals, According to Cause of Social Investigation and Sex, 2022G.",2024,Statistical-Yearbook-2024.xlsx,4-65,"Cases Referred to Social Service Departements at MOH Hospitals, According to Cause of Social Investigation and Gender, 2024G.",Capacity | Activity,0.882,YES
2023,Statistical-Yearbook-2023.xlsx,54,"Cases Referred to Social Service Departements at MOH Hospitals, According to Cause of Social Investigation and Sex, 2023G.",2024,Statistical-Yearbook-2024.xlsx,4-65,"Cases Referred to Social Service Departements at MOH Hospitals, According to Cause of Social Investigation and Gender, 2024G.",Capacity | Activity,0.882,YES
2022,2022-Chapter-IV-Health-Activities.xlsx,20,المرضى المنومون بمستشفيات الرعاية المديدة وأسرة الرعاية المديدة بالمستشفيات العامة بوزارة الصحة حسب المنطقة الصحية عام 2022م.,2024,Statistical-Yearbook-2024.xlsx,4-24,المرضى المنومون بمستشفيات الرعاية المديدة وأسرة الرعاية المديدة بالمستشفيات العامة بوزارة الصحة حسب التجمعات الصحية عام 2024م.,Capacity | Activity,0.867,YES
2021,statistical-yearbook-2021-chapter-IV-health-activities.xlsx,20,المرضى المنومون بمستشفيات الرعاية المديدة وأسرة الرعاية المديدة بالمستشفيات العامة بوزارة الصحة حسب المنطقة الصحية عام 2021م.,2024,Statistical-Yearbook-2024.xlsx,4-24,المرضى المنومون بمستشفيات الرعاية المديدة وأسرة الرعاية المديدة بالمستشفيات العامة بوزارة الصحة حسب التجمعات الصحية عام 2024م.,Capacity | Activity,0.867,YES
2023,Statistical-Yearbook-2023.xlsx,20.,المرضى المنومون بمستشفيات الرعاية المديدة وأسرة الرعاية المديدة بالمستشفيات العامة بوزارة الصحة حسب المنطقة الصحية عام 2023م.,2024,Statistical-Yearbook-2024.xlsx,4-24,المرضى المنومون بمستشفيات الرعاية المديدة وأسرة الرعاية المديدة بالمستشفيات العامة بوزارة الصحة حسب التجمعات الصحية عام 2024م.,Capacity | Activity,0.867,YES
2022,2022-Chapter-I-Health-Indicators.xlsx,8,The indicators of previous years have been recalculated based on the adjustment of the population received from the General Authority for Statistics,2023,Statistical-Yearbook-2023.xlsx,4,The indicators of previous years have been recalculated in the statistical yearbook based on the adjustment of the population received from the General Authority for Statistics,Population,0.857,YES
2022,2022-Chapter-II-Health-Resources.xlsx,2-5,"Physicians and Dentists in KSA Health Sectors by Speciality and Professional Categories, 2022G",2023,Statistical-Yearbook-2023.xlsx,10.,"Physicians and Dentists in KSA Health Sectors by Gender, Nationality, Speciality and Professional Categories, 2023G",Workforce | Activity,0.857,YES
2022,2022-Chapter-II-Health-Resources.xlsx,2-5,"Physicians and Dentists in KSA Health Sectors by Speciality and Professional Categories, 2022G",2024,Statistical-Yearbook-2024.xlsx,2-23,"Physicians and Dentists in KSA Health Sectors by Gender, Nationality, Speciality and Professional Categories, 2024G",Workforce | Activity,0.857,YES
2022,2022-Chapter-IV-Health-Activities.xlsx,8,"Patients and Casualties Offered First Aid and Transported by Saudi Red Crescent Authority Ambulances by Administrative Region and Type of Case, 2022G.",2021,statistical-yearbook-2021-chapter-IV-health-activities.xlsx,8,"Patients and Casualties Offered First Aid and Transported by Saudi Red Crescent Authority Ambulances by Administrative Region and Type of Case , 2021G.",Capacity,0.857,YES
2022,2022-Chapter-IV-Health-Activities.xlsx,41,"Laboratory investigations at MoH Hospitals by Health Region and Type of investigations, 2022G.",2021,statistical-yearbook-2021-chapter-IV-health-activities.xlsx,43,"Laboratory investigations in MoH Hospitals by Health Region and Type of investigations, 2020G.",Capacity,0.857,YES
2021,statistical-yearbook-2021-chapter-II-health-resources.xlsx,2-5,"Physicians and Dentists in KSA Health Sectors by Speciality and Professional Categories, 2021G",2023,Statistical-Yearbook-2023.xlsx,10.,"Physicians and Dentists in KSA Health Sectors by Gender, Nationality, Speciality and Professional Categories, 2023G",Workforce | Activity,0.857,YES
2021,statistical-yearbook-2021-chapter-II-health-resources.xlsx,2-5,"Physicians and Dentists in KSA Health Sectors by Speciality and Professional Categories, 2021G",2024,Statistical-Yearbook-2024.xlsx,2-23,"Physicians and Dentists in KSA Health Sectors by Gender, Nationality, Speciality and Professional Categories, 2024G",Workforce | Activity,0.857,YES
2021,statistical-yearbook-2021-chapter-IV-health-activities.xlsx,8,"Patients and Casualties Offered First Aid and Transported by Saudi Red Crescent Authority Ambulances by Administrative Region and Type of Case , 2021G.",2023,Statistical-Yearbook-2023.xlsx,8..,"Patients and Casualties Offered First Aid and Transported by Saudi Red Crescent Authority Ambulances by Administrative Region and Type of Case, 2023G.",Capacity,0.857,YES
2021,statistical-yearbook-2021-chapter-IV-health-activities.xlsx,8,"Patients and Casualties Offered First Aid and Transported by Saudi Red Crescent Authority Ambulances by Administrative Region and Type of Case , 2021G.",2024,Statistical-Yearbook-2024.xlsx,4-9,"Patients and Casualties Offered First Aid and Transported by Saudi Red Crescent Authority Ambulances by Administrative Region and Type of Case, 2024G.",Capacity,0.857,YES
2021,statistical-yearbook-2021-chapter-IV-health-activities.xlsx,43,"Laboratory investigations in MoH Hospitals by Health Region and Type of investigations, 2020G.",2023,Statistical-Yearbook-2023.xlsx,41.,"Laboratory investigations at MoH Hospitals by Health Region and Type of investigations, 2023G.",Capacity,0.857,YES
2023,Statistical-Yearbook-2023.xlsx,5.,"Physicians and Dentists in KSA Health Sectors by Speciality and Professional Categories, 2023G",2024,Statistical-Yearbook-2024.xlsx,2-23,"Physicians and Dentists in KSA Health Sectors by Gender, Nationality, Speciality and Professional Categories, 2024G",Workforce | Activity,0.857,YES
2023,Statistical-Yearbook-2023.xlsx,10.,"Physicians and Dentists in KSA Health Sectors by Gender, Nationality, Speciality and Professional Categories, 2023G",2024,Statistical-Yearbook-2024.xlsx,2-19,"Physicians and Dentists in KSA Health Sectors by Speciality and Professional Categories, 2024G",Workforce | Activity,0.857,YES
2022,2022-Chapter-II-Health-Resources.xlsx,2.38,"Health Manpower in Private Health Facilities by Facility Classification, Sex and Nationality, 2022G.",2024,Statistical-Yearbook-2024.xlsx,2-48,"Health Manpower in Private Health Facilities by Facility Classification, Gender and Nationality, 2024G.",Capacity | Workforce,0.846,YES
2022,2022-Chapter-IV-Health-Activities.xlsx,2,زيارات مراجعي الطوارئ المرضية بمستشفيات وزارة الصحة حسب الجنس والجنسية والمنطقة الصحية عام 2022م.,2021,statistical-yearbook-2021-chapter-IV-health-activities.xlsx,3,زيارات مراجعي الطوارئ الجراحية بمستشفيات وزارة الصحة حسب الجنس والجنسية والمنطقة الصحية عام 2021م.,Capacity | Activity,0.846,YES
2022,2022-Chapter-IV-Health-Activities.xlsx,2,زيارات مراجعي الطوارئ المرضية بمستشفيات وزارة الصحة حسب الجنس والجنسية والمنطقة الصحية عام 2022م.,2023,Statistical-Yearbook-2023.xlsx,3..,زيارات مراجعي الطوارئ الجراحية بمستشفيات وزارة الصحة حسب الجنس والجنسية والمنطقة الصحية عام 2023م.,Capacity | Activity,0.846,YES
2022,2022-Chapter-IV-Health-Activities.xlsx,3,زيارات مراجعي الطوارئ الجراحية بمستشفيات وزارة الصحة حسب الجنس والجنسية والمنطقة الصحية عام 2022م.,2021,statistical-yearbook-2021-chapter-IV-health-activities.xlsx,2,زيارات مراجعي الطوارئ المرضية بمستشفيات وزارة الصحة حسب الجنس والجنسية والمنطقة الصحية عام 2021م.,Capacity | Activity,0.846,YES
2022,2022-Chapter-IV-Health-Activities.xlsx,3,زيارات مراجعي الطوارئ الجراحية بمستشفيات وزارة الصحة حسب الجنس والجنسية والمنطقة الصحية عام 2022م.,2023,Statistical-Yearbook-2023.xlsx,2..,زيارات مراجعي الطوارئ المرضية بمستشفيات وزارة الصحة حسب الجنس والجنسية والمنطقة الصحية عام 2023م.,Capacity | Activity,0.846,YES
2022,2022-Chapter-IV-Health-Activities.xlsx,21,المؤشرات المختارة عن خدمات مستشفيات وزارة الصحة (100 سرير فأكثر) حسب المنطقة الصحية عام 2022م.,2021,statistical-yearbook-2021-chapter-IV-health-activities.xlsx,23,بعض المؤشرات المختارة عن خدمات مستشفيات وزارة الصحة (50 سرير) حسب المنطقة الصحية عام 2021م.,Capacity,0.846,YES
2022,2022-Chapter-IV-Health-Activities.xlsx,21,المؤشرات المختارة عن خدمات مستشفيات وزارة الصحة (100 سرير فأكثر) حسب المنطقة الصحية عام 2022م.,2023,Statistical-Yearbook-2023.xlsx,22.,بعض المؤشرات المختارة عن خدمات مستشفيات وزارة الصحة (50 سرير) حسب المنطقة الصحية عام 2023م.,Capacity,0.846,YES
2022,2022-Chapter-IV-Health-Activities.xlsx,22,بعض المؤشرات المختارة عن خدمات مستشفيات وزارة الصحة (50 سرير) حسب المنطقة الصحية عام 2022م.,2021,statistical-yearbook-2021-chapter-IV-health-activities.xlsx,22,المؤشرات المختارة عن خدمات مستشفيات وزارة الصحة (100 سرير فأكثر) حسب المنطقة الصحية عام 2021م.,Capacity,0.846,YES
2022,2022-Chapter-IV-Health-Activities.xlsx,22,بعض المؤشرات المختارة عن خدمات مستشفيات وزارة الصحة (50 سرير) حسب المنطقة الصحية عام 2022م.,2023,Statistical-Yearbook-2023.xlsx,21.,المؤشرات المختارة عن خدمات مستشفيات وزارة الصحة (100 سرير فأكثر) حسب المنطقة الصحية عام 2023م.,Capacity,0.846,YES
2022,2022-Chapter-IV-Health-Activities.xlsx,29,"Surgical Interventions at MoH Hospitals by Health Region and Hospital Sections, 2022G.",2024,Statistical-Yearbook-2024.xlsx,4-36,"Surgical Interventions at MoH Hospitals by Health Clusters and Hospital Sections, 2024G.",Capacity | Activity,0.846,YES
2021,statistical-yearbook-2021-chapter-II-health-resources.xlsx,2.38,"Health Manpower in Private Health Facilities by Facility Classification, Sex and Nationality, 2021G.",2024,Statistical-Yearbook-2024.xlsx,2-48,"Health Manpower in Private Health Facilities by Facility Classification, Gender and Nationality, 2024G.",Capacity | Workforce,0.846,YES
2021,statistical-yearbook-2021-chapter-IV-health-activities.xlsx,2,زيارات مراجعي الطوارئ المرضية بمستشفيات وزارة الصحة حسب الجنس والجنسية والمنطقة الصحية عام 2021م.,2023,Statistical-Yearbook-2023.xlsx,3..,زيارات مراجعي الطوارئ الجراحية بمستشفيات وزارة الصحة حسب الجنس والجنسية والمنطقة الصحية عام 2023م.,Capacity | Activity,0.846,YES
2021,statistical-yearbook-2021-chapter-IV-health-activities.xlsx,3,زيارات مراجعي الطوارئ الجراحية بمستشفيات وزارة الصحة حسب الجنس والجنسية والمنطقة الصحية عام 2021م.,2023,Statistical-Yearbook-2023.xlsx,2..,زيارات مراجعي الطوارئ المرضية بمستشفيات وزارة الصحة حسب الجنس والجنسية والمنطقة الصحية عام 2023م.,Capacity | Activity,0.846,YES
2021,statistical-yearbook-2021-chapter-IV-health-activities.xlsx,22,المؤشرات المختارة عن خدمات مستشفيات وزارة الصحة (100 سرير فأكثر) حسب المنطقة الصحية عام 2021م.,2023,Statistical-Yearbook-2023.xlsx,22.,بعض المؤشرات المختارة عن خدمات مستشفيات وزارة الصحة (50 سرير) حسب المنطقة الصحية عام 2023م.,Capacity,0.846,YES
2021,statistical-yearbook-2021-chapter-IV-health-activities.xlsx,23,بعض المؤشرات المختارة عن خدمات مستشفيات وزارة الصحة (50 سرير) حسب المنطقة الصحية عام 2021م.,2023,Statistical-Yearbook-2023.xlsx,21.,المؤشرات المختارة عن خدمات مستشفيات وزارة الصحة (100 سرير فأكثر) حسب المنطقة الصحية عام 2023م.,Capacity,0.846,YES
2021,statistical-yearbook-2021-chapter-IV-health-activities.xlsx,30,"Surgical Interventions at MoH Hospitals by Health Region and Hospital Sections, 2021G.",2024,Statistical-Yearbook-2024.xlsx,4-36,"Surgical Interventions at MoH Hospitals by Health Clusters and Hospital Sections, 2024G.",Capacity | Activity,0.846,YES
2023,Statistical-Yearbook-2023.xlsx,43,"Health Manpower in Private Health Facilities by Facility Classification, Sex and Nationality, 2023G.",2024,Statistical-Yearbook-2024.xlsx,2-48,"Health Manpower in Private Health Facilities by Facility Classification, Gender and Nationality, 2024G.",Capacity | Workforce,0.846,YES
2023,Statistical-Yearbook-2023.xlsx,29.,"Surgical Interventions at MoH Hospitals by Health Region and Hospital Sections, 2023G.",2024,Statistical-Yearbook-2024.xlsx,4-36,"Surgical Interventions at MoH Hospitals by Health Clusters and Hospital Sections, 2024G.",Capacity | Activity,0.846,YES
2022,2022-Chapter-IV-Health-Activities.xlsx,53,"Cases Referred to Social Service Departements at MOH Hospitals, According to Cause of Social Investigation and Sex, 2022G.",2021,statistical-yearbook-2021-chapter-IV-health-activities.xlsx,55,"Cases Referred to Social Service Departements at MOH Hospitals , According to Cause of Social Investigation and Sex, 2021G.",Capacity | Activity,0.833,YES
2021,statistical-yearbook-2021-chapter-IV-health-activities.xlsx,55,"Cases Referred to Social Service Departements at MOH Hospitals , According to Cause of Social Investigation and Sex, 2021G.",2023,Statistical-Yearbook-2023.xlsx,54,"Cases Referred to Social Service Departements at MOH Hospitals, According to Cause of Social Investigation and Sex, 2023G.",Capacity | Activity,0.833,YES
2022,2022-Chapter-IV-Health-Activities.xlsx,55,عدد المستشفيات المنفذة لبرنامج الرعاية الصحية المنزلية بوزارة الصحة والعاملين وعدد المستفيدين حسب المنطقة الصحية لعام 2022م,2024,Statistical-Yearbook-2024.xlsx,4-67,عدد المستشفيات المنفذة لبرنامج الرعاية الصحية المنزلية بوزارة الصحة والعاملين وعدد المستفيدين حسب فروع الوزارة لعام 2024م,Capacity,0.824,YES
2021,statistical-yearbook-2021-chapter-IV-health-activities.xlsx,57,عدد المستشفيات المنفذة لبرنامج الرعاية الصحية المنزلية بوزارة الصحة والعاملين وعدد المستفيدين حسب المنطقة الصحية لعام 2021م,2024,Statistical-Yearbook-2024.xlsx,4-67,عدد المستشفيات المنفذة لبرنامج الرعاية الصحية المنزلية بوزارة الصحة والعاملين وعدد المستفيدين حسب فروع الوزارة لعام 2024م,Capacity,0.824,YES
2023,Statistical-Yearbook-2023.xlsx,56,عدد المستشفيات المنفذة لبرنامج الرعاية الصحية المنزلية بوزارة الصحة والعاملين وعدد المستفيدين حسب المنطقة الصحية لعام 2023م,2024,Statistical-Yearbook-2024.xlsx,4-67,عدد المستشفيات المنفذة لبرنامج الرعاية الصحية المنزلية بوزارة الصحة والعاملين وعدد المستفيدين حسب فروع الوزارة لعام 2024م,Capacity,0.824,YES
2023,Statistical-Yearbook-2023.xlsx,8.,"Physicians and Dentists in the Other Governmental Sector by Gender, Nationality, Speciality and Professional Categories, 2023G",2024,Statistical-Yearbook-2024.xlsx,2-22,"Physicians and Dentists in the Private Sector by Gender, Nationality, Speciality and Professional Categories, 2024G",Workforce | Activity,0.812,YES
2023,Statistical-Yearbook-2023.xlsx,9.,"Physicians and Dentists in the Private Sector by Gender, Nationality, Speciality and Professional Categories, 2023G",2024,Statistical-Yearbook-2024.xlsx,2-21,"Physicians and Dentists in the Other Governmental Sector by Gender, Nationality, Speciality and Professional Categories, 2024G",Workforce | Activity,0.812,YES
2022,2022-Chapter-II-Health-Resources.xlsx,2-12,مستشفيات وزارة الصحة وعدد الأسرة حسب المنطقة الصحية والتخصص لعام 2022م,2024,Statistical-Yearbook-2024.xlsx,2-7,مستشفيات وزارة الصحة وعدد الأسرة حسب التجمعات الصحية والتخصص لعام 2024م,Capacity,0.8,YES
2021,statistical-yearbook-2021-chapter-II-health-resources.xlsx,2-12,مستشفيات وزارة الصحة وعدد الأسرة حسب المنطقة الصحية والتخصص لعام 2021م,2024,Statistical-Yearbook-2024.xlsx,2-7,مستشفيات وزارة الصحة وعدد الأسرة حسب التجمعات الصحية والتخصص لعام 2024م,Capacity,0.8,YES
2023,Statistical-Yearbook-2023.xlsx,17,مستشفيات وزارة الصحة وعدد الأسرة حسب المنطقة الصحية والتخصص لعام 2023م,2024,Statistical-Yearbook-2024.xlsx,2-7,مستشفيات وزارة الصحة وعدد الأسرة حسب التجمعات الصحية والتخصص لعام 2024م,Capacity,0.8,YES
2022,2022-Chapter-II-Health-Resources.xlsx,2.29,"Private Sector Hospitals, Medical Complexes, Beds and Other Medical Facilities by Health Region, 2022G.",2021,statistical-yearbook-2021-chapter-II-health-resources.xlsx,2.29,"Private Sector Hospitals, Medical Complexes, Beds and Other Medical Facilities,by Health Region, 2021G.",Capacity | Workforce,0.786,YES
2021,statistical-yearbook-2021-chapter-II-health-resources.xlsx,2.29,"Private Sector Hospitals, Medical Complexes, Beds and Other Medical Facilities,by Health Region, 2021G.",2023,Statistical-Yearbook-2023.xlsx,34,"Private Sector Hospitals, Medical Complexes, Beds and Other Medical Facilities by Health Region, 2023G.",Capacity | Workforce,0.786,YES
2022,2022-Chapter-I-Health-Indicators.xlsx,10,"Population by Nationality, Gender, and Age groups, 2022G",2024,Statistical-Yearbook-2024.xlsx,1-3,"Population by Nationality, Gender, and Age group, 2024G",Population,0.778,YES
2022,2022-Chapter-I-Health-Indicators.xlsx,10,"Population by Nationality, Gender, and Age groups, 2022G",2024,Statistical-Yearbook-2024.xlsx,1-4,"Population by Nationality, Gender, and Age group, 2023G",Population,0.778,YES
2021,Statistical-Yearbook-2021-Chapter-I-Health-Indicators.xlsx,11,"Population by Nationality, Gender, and Age groups, 2021G",2024,Statistical-Yearbook-2024.xlsx,1-3,"Population by Nationality, Gender, and Age group, 2024G",Population,0.778,YES
2021,Statistical-Yearbook-2021-Chapter-I-Health-Indicators.xlsx,11,"Population by Nationality, Gender, and Age groups, 2021G",2024,Statistical-Yearbook-2024.xlsx,1-4,"Population by Nationality, Gender, and Age group, 2023G",Population,0.778,YES
2023,Statistical-Yearbook-2023.xlsx,3,"Population by Nationality, Gender, and Age groups, 2022G",2024,Statistical-Yearbook-2024.xlsx,1-3,"Population by Nationality, Gender, and Age group, 2024G",Population,0.778,YES
2023,Statistical-Yearbook-2023.xlsx,3,"Population by Nationality, Gender, and Age groups, 2022G",2024,Statistical-Yearbook-2024.xlsx,1-4,"Population by Nationality, Gender, and Age group, 2023G",Population,0.778,YES
2022,2022-Chapter-II-Health-Resources.xlsx,2.34,"Health Manpower in the Private Sector by Health Region,Category,Sex and Nationality, 2022G",2021,statistical-yearbook-2021-chapter-II-health-resources.xlsx,2.36,"Health Manpower in Private Sector Medical Complexes by Health Region,Category,Sex and Nationality, 2021G",Workforce,0.769,YES
2022,2022-Chapter-IV-Health-Activities.xlsx,27,"Deliveries at Other Governmental Sector Hospitals by Type of Delivery, 2022G",2021,statistical-yearbook-2021-chapter-IV-health-activities.xlsx,28,"Deliveries at Other Governmental Sector Hospitals by Type of Delivery , 2021G",Capacity,0.769,YES
2021,statistical-yearbook-2021-chapter-II-health-resources.xlsx,2.36,"Health Manpower in Private Sector Medical Complexes by Health Region,Category,Sex and Nationality, 2021G",2023,Statistical-Yearbook-2023.xlsx,39,"Health Manpower in the Private Sector by Health Region,Category,Sex and Nationality, 2023G",Workforce,0.769,YES
2021,statistical-yearbook-2021-chapter-IV-health-activities.xlsx,28,"Deliveries at Other Governmental Sector Hospitals by Type of Delivery , 2021G",2023,Statistical-Yearbook-2023.xlsx,27.,"Deliveries at Other Governmental Sector Hospitals by Type of Delivery, 2023G",Capacity,0.769,YES
2021,statistical-yearbook-2021-chapter-IV-health-activities.xlsx,55,"Cases Referred to Social Service Departements at MOH Hospitals , According to Cause of Social Investigation and Sex, 2021G.",2024,Statistical-Yearbook-2024.xlsx,4-65,"Cases Referred to Social Service Departements at MOH Hospitals, According to Cause of Social Investigation and Gender, 2024G.",Capacity | Activity,0.737,YES
2022,2022-Chapter-II-Health-Resources.xlsx,2.36,"Health Manpower in Private Sector Medical Complexes by Health Region, Category, Sex and Nationality, 2022G",2021,statistical-yearbook-2021-chapter-II-health-resources.xlsx,2.36,"Health Manpower in Private Sector Medical Complexes by Health Region,Category,Sex and Nationality, 2021G",Workforce,0.733,YES
2022,2022-Chapter-IV-Health-Activities.xlsx,41,"Laboratory investigations at MoH Hospitals by Health Region and Type of investigations, 2022G.",2024,Statistical-Yearbook-2024.xlsx,4-51,"Laboratory Investigations at MoH Hospitals by Health Cluster and Type of Investigation, 2024G.",Capacity,0.733,YES
2021,statistical-yearbook-2021-chapter-II-health-resources.xlsx,2.36,"Health Manpower in Private Sector Medical Complexes by Health Region,Category,Sex and Nationality, 2021G",2023,Statistical-Yearbook-2023.xlsx,41,"Health Manpower in Private Sector Medical Complexes by Health Region, Category, Sex and Nationality, 2023G",Workforce,0.733,YES
2023,Statistical-Yearbook-2023.xlsx,7.,"Physicians and Dentists in MoH by Gender, Nationality, Speciality and Professional Categories, 2023G",2024,Statistical-Yearbook-2024.xlsx,2-22,"Physicians and Dentists in the Private Sector by Gender, Nationality, Speciality and Professional Categories, 2024G",Workforce | Activity,0.733,YES
2023,Statistical-Yearbook-2023.xlsx,7.,"Physicians and Dentists in MoH by Gender, Nationality, Speciality and Professional Categories, 2023G",2024,Statistical-Yearbook-2024.xlsx,2-23,"Physicians and Dentists in KSA Health Sectors by Gender, Nationality, Speciality and Professional Categories, 2024G",Workforce | Activity,0.733,YES
2023,Statistical-Yearbook-2023.xlsx,9.,"Physicians and Dentists in the Private Sector by Gender, Nationality, Speciality and Professional Categories, 2023G",2024,Statistical-Yearbook-2024.xlsx,2-20,"Physicians and Dentists in MoH by Gender, Nationality, Speciality and Professional Categories, 2024G",Workforce | Activity,0.733,YES
2023,Statistical-Yearbook-2023.xlsx,10.,"Physicians and Dentists in KSA Health Sectors by Gender, Nationality, Speciality and Professional Categories, 2023G",2024,Statistical-Yearbook-2024.xlsx,2-20,"Physicians and Dentists in MoH by Gender, Nationality, Speciality and Professional Categories, 2024G",Workforce | Activity,0.733,YES
2023,Statistical-Yearbook-2023.xlsx,41.,"Laboratory investigations at MoH Hospitals by Health Region and Type of investigations, 2023G.",2024,Statistical-Yearbook-2024.xlsx,4-51,"Laboratory Investigations at MoH Hospitals by Health Cluster and Type of Investigation, 2024G.",Capacity,0.733,YES
2022,2022-Chapter-II-Health-Resources.xlsx,2-9,"Allied Health Personnel by Speciality, Nationality & Sex, 2022G",2021,statistical-yearbook-2021-chapter-II-health-resources.xlsx,2-9,"Allied Health Personnel by Speciality , Nationality & Sex, 2021G",Activity,0.727,YES
2022,2022-Chapter-II-Health-Resources.xlsx,2-9,"Allied Health Personnel by Speciality, Nationality & Sex, 2022G",2024,Statistical-Yearbook-2024.xlsx,2-33,"MoH Allied Health Personnel by Speciality, Nationality & Gender, 2024G",Activity,0.727,YES
2022,2022-Chapter-IV-Health-Activities.xlsx,14,"Complications of pregnancy and child birth, MOH Hospitals, 2022G.",2021,statistical-yearbook-2021-chapter-IV-health-activities.xlsx,14,"Complications of pregnancy and child birth , MOH Hospitals, 2021G.",Capacity,0.727,YES
2021,statistical-yearbook-2021-chapter-II-health-resources.xlsx,2-9,"Allied Health Personnel by Speciality , Nationality & Sex, 2021G",2023,Statistical-Yearbook-2023.xlsx,14,"Allied Health Personnel by Speciality, Nationality & Sex, 2023G",Activity,0.727,YES
2021,statistical-yearbook-2021-chapter-IV-health-activities.xlsx,14,"Complications of pregnancy and child birth , MOH Hospitals, 2021G.",2023,Statistical-Yearbook-2023.xlsx,14..,"Complications of pregnancy and child birth, MOH Hospitals, 2023G.",Capacity,0.727,YES
2021,statistical-yearbook-2021-chapter-IV-health-activities.xlsx,14,"Complications of pregnancy and child birth , MOH Hospitals, 2021G.",2024,Statistical-Yearbook-2024.xlsx,4-17,"Complications of pregnancy and child birth, MOH Hospitals, 2024G.",Capacity,0.727,YES
2023,Statistical-Yearbook-2023.xlsx,14,"Allied Health Personnel by Speciality, Nationality & Sex, 2023G",2024,Statistical-Yearbook-2024.xlsx,2-33,"MoH Allied Health Personnel by Speciality, Nationality & Gender, 2024G",Activity,0.727,YES
2022,2022-Chapter-II-Health-Resources.xlsx,2.27,"Physicians & Dentists in Other Governmental Sector by Speciality and Nationality, 2022G.",2024,Statistical-Yearbook-2024.xlsx,2-32,"Physicians and Dentists in Other Governmental Sector by Speciality and Professional Categories, 2024G.",Capacity | Workforce | Activity,0.714,YES
2022,2022-Chapter-IV-Health-Activities.xlsx,2,زيارات مراجعي الطوارئ المرضية بمستشفيات وزارة الصحة حسب الجنس والجنسية والمنطقة الصحية عام 2022م.,2021,statistical-yearbook-2021-chapter-IV-health-activities.xlsx,4,زيارات مراجعي العيادات الخارجية بمستشفيات وزارة الصحة حسب الجنس والجنسية والمنطقة الصحية عام 2021م.,Capacity | Activity,0.714,YES
2022,2022-Chapter-IV-Health-Activities.xlsx,2,زيارات مراجعي الطوارئ المرضية بمستشفيات وزارة الصحة حسب الجنس والجنسية والمنطقة الصحية عام 2022م.,2023,Statistical-Yearbook-2023.xlsx,4..,زيارات مراجعي العيادات الخارجية بمستشفيات وزارة الصحة حسب الجنس والجنسية والمنطقة الصحية عام 2023م.,Capacity | Activity,0.714,YES
2022,2022-Chapter-IV-Health-Activities.xlsx,3,زيارات مراجعي الطوارئ الجراحية بمستشفيات وزارة الصحة حسب الجنس والجنسية والمنطقة الصحية عام 2022م.,2021,statistical-yearbook-2021-chapter-IV-health-activities.xlsx,4,زيارات مراجعي العيادات الخارجية بمستشفيات وزارة الصحة حسب الجنس والجنسية والمنطقة الصحية عام 2021م.,Capacity | Activity,0.714,YES
2022,2022-Chapter-IV-Health-Activities.xlsx,3,زيارات مراجعي الطوارئ الجراحية بمستشفيات وزارة الصحة حسب الجنس والجنسية والمنطقة الصحية عام 2022م.,2023,Statistical-Yearbook-2023.xlsx,4..,زيارات مراجعي العيادات الخارجية بمستشفيات وزارة الصحة حسب الجنس والجنسية والمنطقة الصحية عام 2023م.,Capacity | Activity,0.714,YES
2022,2022-Chapter-IV-Health-Activities.xlsx,4,زيارات مراجعي العيادات الخارجية بمستشفيات وزارة الصحة حسب الجنس والجنسية والمنطقة الصحية عام 2022م.,2021,statistical-yearbook-2021-chapter-IV-health-activities.xlsx,2,زيارات مراجعي الطوارئ المرضية بمستشفيات وزارة الصحة حسب الجنس والجنسية والمنطقة الصحية عام 2021م.,Capacity | Activity,0.714,YES
2022,2022-Chapter-IV-Health-Activities.xlsx,4,زيارات مراجعي العيادات الخارجية بمستشفيات وزارة الصحة حسب الجنس والجنسية والمنطقة الصحية عام 2022م.,2021,statistical-yearbook-2021-chapter-IV-health-activities.xlsx,3,زيارات مراجعي الطوارئ الجراحية بمستشفيات وزارة الصحة حسب الجنس والجنسية والمنطقة الصحية عام 2021م.,Capacity | Activity,0.714,YES
2022,2022-Chapter-IV-Health-Activities.xlsx,4,زيارات مراجعي العيادات الخارجية بمستشفيات وزارة الصحة حسب الجنس والجنسية والمنطقة الصحية عام 2022م.,2023,Statistical-Yearbook-2023.xlsx,2..,زيارات مراجعي الطوارئ المرضية بمستشفيات وزارة الصحة حسب الجنس والجنسية والمنطقة الصحية عام 2023م.,Capacity | Activity,0.714,YES
2022,2022-Chapter-IV-Health-Activities.xlsx,4,زيارات مراجعي العيادات الخارجية بمستشفيات وزارة الصحة حسب الجنس والجنسية والمنطقة الصحية عام 2022م.,2023,Statistical-Yearbook-2023.xlsx,3..,زيارات مراجعي الطوارئ الجراحية بمستشفيات وزارة الصحة حسب الجنس والجنسية والمنطقة الصحية عام 2023م.,Capacity | Activity,0.714,YES
2021,statistical-yearbook-2021-chapter-II-health-resources.xlsx,2.27,"Physicians & Dentists in Other Governmental Sector by Speciality and Nationality, 2021G.",2024,Statistical-Yearbook-2024.xlsx,2-32,"Physicians and Dentists in Other Governmental Sector by Speciality and Professional Categories, 2024G.",Capacity | Workforce | Activity,0.714,YES
2021,statistical-yearbook-2021-chapter-IV-health-activities.xlsx,2,زيارات مراجعي الطوارئ المرضية بمستشفيات وزارة الصحة حسب الجنس والجنسية والمنطقة الصحية عام 2021م.,2023,Statistical-Yearbook-2023.xlsx,4..,زيارات مراجعي العيادات الخارجية بمستشفيات وزارة الصحة حسب الجنس والجنسية والمنطقة الصحية عام 2023م.,Capacity | Activity,0.714,YES
2021,statistical-yearbook-2021-chapter-IV-health-activities.xlsx,3,زيارات مراجعي الطوارئ الجراحية بمستشفيات وزارة الصحة حسب الجنس والجنسية والمنطقة الصحية عام 2021م.,2023,Statistical-Yearbook-2023.xlsx,4..,زيارات مراجعي العيادات الخارجية بمستشفيات وزارة الصحة حسب الجنس والجنسية والمنطقة الصحية عام 2023م.,Capacity | Activity,0.714,YES
2021,statistical-yearbook-2021-chapter-IV-health-activities.xlsx,4,زيارات مراجعي العيادات الخارجية بمستشفيات وزارة الصحة حسب الجنس والجنسية والمنطقة الصحية عام 2021م.,2023,Statistical-Yearbook-2023.xlsx,2..,زيارات مراجعي الطوارئ المرضية بمستشفيات وزارة الصحة حسب الجنس والجنسية والمنطقة الصحية عام 2023م.,Capacity | Activity,0.714,YES
2021,statistical-yearbook-2021-chapter-IV-health-activities.xlsx,4,زيارات مراجعي العيادات الخارجية بمستشفيات وزارة الصحة حسب الجنس والجنسية والمنطقة الصحية عام 2021م.,2023,Statistical-Yearbook-2023.xlsx,3..,زيارات مراجعي الطوارئ الجراحية بمستشفيات وزارة الصحة حسب الجنس والجنسية والمنطقة الصحية عام 2023م.,Capacity | Activity,0.714,YES
2023,Statistical-Yearbook-2023.xlsx,32,"Physicians & Dentists in Other Governmental Sector by Speciality and Nationality, 2023G.",2024,Statistical-Yearbook-2024.xlsx,2-32,"Physicians and Dentists in Other Governmental Sector by Speciality and Professional Categories, 2024G.",Capacity | Workforce | Activity,0.714,YES
2023,Statistical-Yearbook-2023.xlsx,7.,"Physicians and Dentists in MoH by Gender, Nationality, Speciality and Professional Categories, 2023G",2024,Statistical-Yearbook-2024.xlsx,2-21,"Physicians and Dentists in the Other Governmental Sector by Gender, Nationality, Speciality and Professional Categories, 2024G",Workforce | Activity,0.688,YES
2023,Statistical-Yearbook-2023.xlsx,8.,"Physicians and Dentists in the Other Governmental Sector by Gender, Nationality, Speciality and Professional Categories, 2023G",2024,Statistical-Yearbook-2024.xlsx,2-20,"Physicians and Dentists in MoH by Gender, Nationality, Speciality and Professional Categories, 2024G",Workforce | Activity,0.688,YES
2022,2022-Chapter-II-Health-Resources.xlsx,2.37,"Physicians and Dentists in the Private Sector by Speciality, Professional Categories and Health Region, 2022G.",2024,Statistical-Yearbook-2024.xlsx,2-31,"Physicians and Dentists in the Private Sector by Speciality, Professional Categories in MoH Branches & Offices, 2024G",Workforce | Activity,0.667,YES
2021,statistical-yearbook-2021-chapter-II-health-resources.xlsx,2.37,"Physicians and Dentists in the Private Sector by Speciality, Professional Categories and Health Region, 2021G.",2024,Statistical-Yearbook-2024.xlsx,2-31,"Physicians and Dentists in the Private Sector by Speciality, Professional Categories in MoH Branches & Offices, 2024G",Workforce | Activity,0.667,YES
2023,Statistical-Yearbook-2023.xlsx,42,"Physicians and Dentists in the Private Sector by Speciality, Professional Categories and Health Region, 2023G.",2024,Statistical-Yearbook-2024.xlsx,2-31,"Physicians and Dentists in the Private Sector by Speciality, Professional Categories in MoH Branches & Offices, 2024G",Workforce | Activity,0.667,YES
2022,2022-Chapter-II-Health-Resources.xlsx,2.29,"Private Sector Hospitals, Medical Complexes, Beds and Other Medical Facilities by Health Region, 2022G.",2024,Statistical-Yearbook-2024.xlsx,2-14,"Private Sector Hospitals, Medical Complexes, Beds and Other Medical Facilities by MoH Branches & Offices, 2024G.",Capacity | Workforce,0.647,YES
2023,Statistical-Yearbook-2023.xlsx,9.,"Physicians and Dentists in the Private Sector by Gender, Nationality, Speciality and Professional Categories, 2023G",2024,Statistical-Yearbook-2024.xlsx,2-23,"Physicians and Dentists in KSA Health Sectors by Gender, Nationality, Speciality and Professional Categories, 2024G",Workforce | Activity,0.647,YES
2023,Statistical-Yearbook-2023.xlsx,10.,"Physicians and Dentists in KSA Health Sectors by Gender, Nationality, Speciality and Professional Categories, 2023G",2024,Statistical-Yearbook-2024.xlsx,2-22,"Physicians and Dentists in the Private Sector by Gender, Nationality, Speciality and Professional Categories, 2024G",Workforce | Activity,0.647,YES
2023,Statistical-Yearbook-2023.xlsx,34,"Private Sector Hospitals, Medical Complexes, Beds and Other Medical Facilities by Health Region, 2023G.",2024,Statistical-Yearbook-2024.xlsx,2-14,"Private Sector Hospitals, Medical Complexes, Beds and Other Medical Facilities by MoH Branches & Offices, 2024G.",Capacity | Workforce,0.647,YES
2023,Statistical-Yearbook-2023.xlsx,5-6,زيارات الحجاج لأقسام الطوارئ بالمستشفيات في الأعوام الخمسة الأخيرة,2024,Statistical-Yearbook-2024.xlsx,5-7,زيارات الحجاج للعيادات الخارجية بالمستشفيات في الأعوام الخمسة الأخيرة,Capacity | Activity,0.636,YES
2023,Statistical-Yearbook-2023.xlsx,5-7,زيارات الحجاج للعيادات الخارجية بالمستشفيات في الأعوام الخمسة الأخيرة,2024,Statistical-Yearbook-2024.xlsx,5-6,زيارات الحجاج لأقسام الطوارئ بالمستشفيات في الأعوام الخمسة الأخيرة,Capacity | Activity,0.636,YES
2022,2022-Chapter-II-Health-Resources.xlsx,2.18,القوى العاملة الصحية بمستشفيات وزارة الصحة حسب المنطقة الصحية والفئة والجنس والجنسية عام 2022م,2021,statistical-yearbook-2021-chapter-II-health-resources.xlsx,2.23,القوى العاملة الصحية بمراكز الرعاية الصحية الأولية بوزارة الصحة حسب المنطقة الصحية والفئة والجنس والجنسية عام 2021م,Capacity | Workforce,0.625,YES
2022,2022-Chapter-II-Health-Resources.xlsx,2.18,القوى العاملة الصحية بمستشفيات وزارة الصحة حسب المنطقة الصحية والفئة والجنس والجنسية عام 2022م,2023,Statistical-Yearbook-2023.xlsx,28,القوى العاملة الصحية بمراكز الرعاية الصحية الأولية بوزارة الصحة حسب المنطقة الصحية والفئة والجنس والجنسية عام 2023م,Capacity | Workforce,0.625,YES
2022,2022-Chapter-II-Health-Resources.xlsx,2.23,القوى العاملة الصحية بمراكز الرعاية الصحية الأولية بوزارة الصحة حسب المنطقة الصحية والفئة والجنس والجنسية عام 2022م,2021,statistical-yearbook-2021-chapter-II-health-resources.xlsx,2.18,القوى العاملة الصحية بمستشفيات وزارة الصحة حسب المنطقة الصحية والفئة والجنس والجنسية عام 2021م,Capacity | Workforce,0.625,YES
2022,2022-Chapter-II-Health-Resources.xlsx,2.23,القوى العاملة الصحية بمراكز الرعاية الصحية الأولية بوزارة الصحة حسب المنطقة الصحية والفئة والجنس والجنسية عام 2022م,2023,Statistical-Yearbook-2023.xlsx,23,القوى العاملة الصحية بمستشفيات وزارة الصحة حسب المنطقة الصحية والفئة والجنس والجنسية عام 2023م,Capacity | Workforce,0.625,YES
2022,2022-Chapter-II-Health-Resources.xlsx,2.30,المستشفيات والأسرة والمجمعات الطبية بالقطاع الخاص حسب المنطقة الصحية في الأعوام الخمسة الأخيرة,2024,Statistical-Yearbook-2024.xlsx,2-15,المستشفيات والأسرة والمجمعات الطبية بالقطاع الخاص حسب فروع ومكاتب وزارة الصحة في الأعوام الخمسة الأخيرة,Capacity,0.625,YES
2021,statistical-yearbook-2021-chapter-II-health-resources.xlsx,2.18,القوى العاملة الصحية بمستشفيات وزارة الصحة حسب المنطقة الصحية والفئة والجنس والجنسية عام 2021م,2023,Statistical-Yearbook-2023.xlsx,28,القوى العاملة الصحية بمراكز الرعاية الصحية الأولية بوزارة الصحة حسب المنطقة الصحية والفئة والجنس والجنسية عام 2023م,Capacity | Workforce,0.625,YES
2021,statistical-yearbook-2021-chapter-II-health-resources.xlsx,2.23,القوى العاملة الصحية بمراكز الرعاية الصحية الأولية بوزارة الصحة حسب المنطقة الصحية والفئة والجنس والجنسية عام 2021م,2023,Statistical-Yearbook-2023.xlsx,23,القوى العاملة الصحية بمستشفيات وزارة الصحة حسب المنطقة الصحية والفئة والجنس والجنسية عام 2023م,Capacity | Workforce,0.625,YES
2021,statistical-yearbook-2021-chapter-II-health-resources.xlsx,2.30,المستشفيات والأسرة والمجمعات الطبية بالقطاع الخاص حسب المنطقة الصحية في الأعوام الخمسة الأخيرة,2024,Statistical-Yearbook-2024.xlsx,2-15,المستشفيات والأسرة والمجمعات الطبية بالقطاع الخاص حسب فروع ومكاتب وزارة الصحة في الأعوام الخمسة الأخيرة,Capacity,0.625,YES
2021,statistical-yearbook-2021-chapter-IV-health-activities.xlsx,43,"Laboratory investigations in MoH Hospitals by Health Region and Type of investigations, 2020G.",2024,Statistical-Yearbook-2024.xlsx,4-51,"Laboratory Investigations at MoH Hospitals by Health Cluster and Type of Investigation, 2024G.",Capacity,0.625,YES
2023,Statistical-Yearbook-2023.xlsx,35,المستشفيات والأسرة والمجمعات الطبية بالقطاع الخاص حسب المنطقة الصحية في الأعوام الخمسة الأخيرة,2024,Statistical-Yearbook-2024.xlsx,2-15,المستشفيات والأسرة والمجمعات الطبية بالقطاع الخاص حسب فروع ومكاتب وزارة الصحة في الأعوام الخمسة الأخيرة,Capacity,0.625,YES
2022,2022-Chapter-II-Health-Resources.xlsx,2-9,"Allied Health Personnel by Speciality, Nationality & Sex, 2022G",2024,Statistical-Yearbook-2024.xlsx,2-36,"Allied Health Personnel in all Health Sectors by Speciality, Nationality & Gender, 2024G",Activity,0.615,YES
2022,2022-Chapter-II-Health-Resources.xlsx,2-11,المستشفيات والأسرة بوزارة الصحة حسب المنطقة الصحية في الأعوام الخمسة الأخيرة,2021,statistical-yearbook-2021-chapter-II-health-resources.xlsx,2.20,مراكز الرعاية الصحية الأولية بوزارة الصحة حسب المنطقة الصحية في الأعوام الخمسة الأخيرة,Capacity,0.615,YES
2022,2022-Chapter-II-Health-Resources.xlsx,2-11,المستشفيات والأسرة بوزارة الصحة حسب المنطقة الصحية في الأعوام الخمسة الأخيرة,2023,Statistical-Yearbook-2023.xlsx,25,مراكز الرعاية الصحية الأولية بوزارة الصحة حسب المنطقة الصحية في الأعوام الخمسة الأخيرة,Capacity,0.615,YES
2022,2022-Chapter-II-Health-Resources.xlsx,2-11,المستشفيات والأسرة بوزارة الصحة حسب المنطقة الصحية في الأعوام الخمسة الأخيرة,2024,Statistical-Yearbook-2024.xlsx,2-6,المستشفيات والأسرة بوزارة الصحة حسب فروع ومكاتب وزارة الصحة في الأعوام الخمسة الأخيرة,Capacity,0.615,YES
2022,2022-Chapter-II-Health-Resources.xlsx,2.20,مراكز الرعاية الصحية الأولية بوزارة الصحة حسب المنطقة الصحية في الأعوام الخمسة الأخيرة,2021,statistical-yearbook-2021-chapter-II-health-resources.xlsx,2-11,المستشفيات والأسرة بوزارة الصحة حسب المنطقة الصحية في الأعوام الخمسة الأخيرة,Capacity,0.615,YES
2022,2022-Chapter-II-Health-Resources.xlsx,2.20,مراكز الرعاية الصحية الأولية بوزارة الصحة حسب المنطقة الصحية في الأعوام الخمسة الأخيرة,2023,Statistical-Yearbook-2023.xlsx,16,المستشفيات والأسرة بوزارة الصحة حسب المنطقة الصحية في الأعوام الخمسة الأخيرة,Capacity,0.615,YES
2022,2022-Chapter-IV-Health-Activities.xlsx,112020,"Health Services in the Private Sector by Health Region and Nationality, 2020G",2023,Statistical-Yearbook-2023.xlsx,11..,"Health Services in the Private Sector by Administrative Regions, 2023G",Activity,0.615,YES
2022,2022-Chapter-IV-Health-Activities.xlsx,11,"Health Services in the Private Sector by Administrative Regions, 2022G",2021,statistical-yearbook-2021-chapter-IV-health-activities.xlsx,112020,"Health Services in the Private Sector by Health Region and Nationality, 2020G",Activity,0.615,YES
2022,2022-Chapter-IV-Health-Activities.xlsx,11,"Health Services in the Private Sector by Administrative Regions, 2022G",2021,statistical-yearbook-2021-chapter-IV-health-activities.xlsx,11,"Health Services in the Private Sector by Health Region and Nationality, 2021G",Activity,0.615,YES
2021,statistical-yearbook-2021-chapter-II-health-resources.xlsx,2-11,المستشفيات والأسرة بوزارة الصحة حسب المنطقة الصحية في الأعوام الخمسة الأخيرة,2023,Statistical-Yearbook-2023.xlsx,25,مراكز الرعاية الصحية الأولية بوزارة الصحة حسب المنطقة الصحية في الأعوام الخمسة الأخيرة,Capacity,0.615,YES
2021,statistical-yearbook-2021-chapter-II-health-resources.xlsx,2-11,المستشفيات والأسرة بوزارة الصحة حسب المنطقة الصحية في الأعوام الخمسة الأخيرة,2024,Statistical-Yearbook-2024.xlsx,2-6,المستشفيات والأسرة بوزارة الصحة حسب فروع ومكاتب وزارة الصحة في الأعوام الخمسة الأخيرة,Capacity,0.615,YES
2021,statistical-yearbook-2021-chapter-II-health-resources.xlsx,2.20,مراكز الرعاية الصحية الأولية بوزارة الصحة حسب المنطقة الصحية في الأعوام الخمسة الأخيرة,2023,Statistical-Yearbook-2023.xlsx,16,المستشفيات والأسرة بوزارة الصحة حسب المنطقة الصحية في الأعوام الخمسة الأخيرة,Capacity,0.615,YES
2021,statistical-yearbook-2021-chapter-IV-health-activities.xlsx,112020,"Health Services in the Private Sector by Health Region and Nationality, 2020G",2023,Statistical-Yearbook-2023.xlsx,11..,"Health Services in the Private Sector by Administrative Regions, 2023G",Activity,0.615,YES
2021,statistical-yearbook-2021-chapter-IV-health-activities.xlsx,11,"Health Services in the Private Sector by Health Region and Nationality, 2021G",2023,Statistical-Yearbook-2023.xlsx,11..,"Health Services in the Private Sector by Administrative Regions, 2023G",Activity,0.615,YES
2023,Statistical-Yearbook-2023.xlsx,14,"Allied Health Personnel by Speciality, Nationality & Sex, 2023G",2024,Statistical-Yearbook-2024.xlsx,2-36,"Allied Health Personnel in all Health Sectors by Speciality, Nationality & Gender, 2024G",Activity,0.615,YES
2023,Statistical-Yearbook-2023.xlsx,16,المستشفيات والأسرة بوزارة الصحة حسب المنطقة الصحية في الأعوام الخمسة الأخيرة,2024,Statistical-Yearbook-2024.xlsx,2-6,المستشفيات والأسرة بوزارة الصحة حسب فروع ومكاتب وزارة الصحة في الأعوام الخمسة الأخيرة,Capacity,0.615,YES
2023,Statistical-Yearbook-2023.xlsx,8.,"Physicians and Dentists in the Other Governmental Sector by Gender, Nationality, Speciality and Professional Categories, 2023G",2024,Statistical-Yearbook-2024.xlsx,2-23,"Physicians and Dentists in KSA Health Sectors by Gender, Nationality, Speciality and Professional Categories, 2024G",Workforce | Activity,0.611,YES
2023,Statistical-Yearbook-2023.xlsx,10.,"Physicians and Dentists in KSA Health Sectors by Gender, Nationality, Speciality and Professional Categories, 2023G",2024,Statistical-Yearbook-2024.xlsx,2-21,"Physicians and Dentists in the Other Governmental Sector by Gender, Nationality, Speciality and Professional Categories, 2024G",Workforce | Activity,0.611,YES
2022,2022-Chapter-I-Health-Indicators.xlsx,1,Crude Birth Rate /1000 Population,2021,Statistical-Yearbook-2021-Chapter-I-Health-Indicators.xlsx,2,Crude Death Rate /1000 Population,Population,0.6,YES
2022,2022-Chapter-I-Health-Indicators.xlsx,1,Crude Birth Rate /1000 Population,2023,Statistical-Yearbook-2023.xlsx,6,Crude Death Rate /1000 Population,Population,0.6,YES
2022,2022-Chapter-I-Health-Indicators.xlsx,2,Crude Death Rate /1000 Population,2021,Statistical-Yearbook-2021-Chapter-I-Health-Indicators.xlsx,1,Crude Birth Rate /1000 Population,Population,0.6,YES
2022,2022-Chapter-I-Health-Indicators.xlsx,2,Crude Death Rate /1000 Population,2023,Statistical-Yearbook-2023.xlsx,1,Crude Birth Rate /1000 Population,Population,0.6,YES
2022,2022-Chapter-I-Health-Indicators.xlsx,2,Crude Death Rate /1000 Population,2024,Statistical-Yearbook-2024.xlsx,1-1,Crude Birth Rate /1000 Population,Population,0.6,YES
2022,2022-Chapter-II-Health-Resources.xlsx,2-5,"Physicians and Dentists in KSA Health Sectors by Speciality and Professional Categories, 2022G",2023,Statistical-Yearbook-2023.xlsx,7.,"Physicians and Dentists in MoH by Gender, Nationality, Speciality and Professional Categories, 2023G",Workforce | Activity,0.6,YES
2022,2022-Chapter-II-Health-Resources.xlsx,2-5,"Physicians and Dentists in KSA Health Sectors by Speciality and Professional Categories, 2022G",2024,Statistical-Yearbook-2024.xlsx,2-20,"Physicians and Dentists in MoH by Gender, Nationality, Speciality and Professional Categories, 2024G",Workforce | Activity,0.6,YES
2022,2022-Chapter-II-Health-Resources.xlsx,2.14,الأسرة بمستشفيات وزارة الصحة حسب المنطقة الصحية والتخصص لعام 2022م,2021,statistical-yearbook-2021-chapter-IV-health-activities.xlsx,19,المنومون بمستشفيات وزارة الصحة حسب المنطقة الصحية والجنسية عام 2021م.,Capacity | Activity,0.6,YES
2022,2022-Chapter-II-Health-Resources.xlsx,2.14,الأسرة بمستشفيات وزارة الصحة حسب المنطقة الصحية والتخصص لعام 2022م,2023,Statistical-Yearbook-2023.xlsx,21,أسرة الطوارئ بمستشفيات وزارة الصحة حسب المنطقة الصحية لعام 2023م,Capacity | Activity,0.6,YES
2022,2022-Chapter-II-Health-Resources.xlsx,2.14,الأسرة بمستشفيات وزارة الصحة حسب المنطقة الصحية والتخصص لعام 2022م,2023,Statistical-Yearbook-2023.xlsx,19.,المنومون بمستشفيات وزارة الصحة حسب المنطقة الصحية والجنسية عام 2023م.,Capacity | Activity,0.6,YES
2022,2022-Chapter-II-Health-Resources.xlsx,2.14,الأسرة بمستشفيات وزارة الصحة حسب المنطقة الصحية والتخصص لعام 2022م,2024,Statistical-Yearbook-2024.xlsx,2-9,الأسرة بمستشفيات وزارة الصحة حسب التجمع الصحي والتخصص لعام 2024م,Capacity | Activity,0.6,YES
2022,2022-Chapter-II-Health-Resources.xlsx,2.16,أسرة العزل والطوارئ بمستشفيات وزارة الصحة حسب المنطقة الصحية لعام 2022,2023,Statistical-Yearbook-2023.xlsx,21,أسرة الطوارئ بمستشفيات وزارة الصحة حسب المنطقة الصحية لعام 2023م,Capacity | Activity,0.6,YES
2022,2022-Chapter-IV-Health-Activities.xlsx,2,زيارات مراجعي الطوارئ المرضية بمستشفيات وزارة الصحة حسب الجنس والجنسية والمنطقة الصحية عام 2022م.,2021,statistical-yearbook-2021-chapter-IV-health-activities.xlsx,13,زيارات المراجعين لعيادات السكرى بمستشفيات وزارة الصحة حسب الجنس والجنسية والمنطقة الصحية عام 2021م.,Capacity | Activity,0.6,YES
2022,2022-Chapter-IV-Health-Activities.xlsx,2,زيارات مراجعي الطوارئ المرضية بمستشفيات وزارة الصحة حسب الجنس والجنسية والمنطقة الصحية عام 2022م.,2023,Statistical-Yearbook-2023.xlsx,13..,زيارات المراجعين لعيادات السكرى بمستشفيات وزارة الصحة حسب الجنس والجنسية والمنطقة الصحية عام 2023م.,Capacity | Activity,0.6,YES
2022,2022-Chapter-IV-Health-Activities.xlsx,3,زيارات مراجعي الطوارئ الجراحية بمستشفيات وزارة الصحة حسب الجنس والجنسية والمنطقة الصحية عام 2022م.,2021,statistical-yearbook-2021-chapter-IV-health-activities.xlsx,13,زيارات المراجعين لعيادات السكرى بمستشفيات وزارة الصحة حسب الجنس والجنسية والمنطقة الصحية عام 2021م.,Capacity | Activity,0.6,YES
2022,2022-Chapter-IV-Health-Activities.xlsx,3,زيارات مراجعي الطوارئ الجراحية بمستشفيات وزارة الصحة حسب الجنس والجنسية والمنطقة الصحية عام 2022م.,2023,Statistical-Yearbook-2023.xlsx,13..,زيارات المراجعين لعيادات السكرى بمستشفيات وزارة الصحة حسب الجنس والجنسية والمنطقة الصحية عام 2023م.,Capacity | Activity,0.6,YES
2022,2022-Chapter-IV-Health-Activities.xlsx,4,زيارات مراجعي العيادات الخارجية بمستشفيات وزارة الصحة حسب الجنس والجنسية والمنطقة الصحية عام 2022م.,2021,statistical-yearbook-2021-chapter-IV-health-activities.xlsx,13,زيارات المراجعين لعيادات السكرى بمستشفيات وزارة الصحة حسب الجنس والجنسية والمنطقة الصحية عام 2021م.,Capacity | Activity,0.6,YES
2022,2022-Chapter-IV-Health-Activities.xlsx,4,زيارات مراجعي العيادات الخارجية بمستشفيات وزارة الصحة حسب الجنس والجنسية والمنطقة الصحية عام 2022م.,2023,Statistical-Yearbook-2023.xlsx,13..,زيارات المراجعين لعيادات السكرى بمستشفيات وزارة الصحة حسب الجنس والجنسية والمنطقة الصحية عام 2023م.,Capacity | Activity,0.6,YES
2022,2022-Chapter-IV-Health-Activities.xlsx,13,زيارات المراجعين لعيادات السكرى بمستشفيات وزارة الصحة حسب الجنس والجنسية والمنطقة الصحية عام 2022م.,2021,statistical-yearbook-2021-chapter-IV-health-activities.xlsx,2,زيارات مراجعي الطوارئ المرضية بمستشفيات وزارة الصحة حسب الجنس والجنسية والمنطقة الصحية عام 2021م.,Capacity | Activity,0.6,YES
2022,2022-Chapter-IV-Health-Activities.xlsx,13,زيارات المراجعين لعيادات السكرى بمستشفيات وزارة الصحة حسب الجنس والجنسية والمنطقة الصحية عام 2022م.,2021,statistical-yearbook-2021-chapter-IV-health-activities.xlsx,3,زيارات مراجعي الطوارئ الجراحية بمستشفيات وزارة الصحة حسب الجنس والجنسية والمنطقة الصحية عام 2021م.,Capacity | Activity,0.6,YES
2022,2022-Chapter-IV-Health-Activities.xlsx,13,زيارات المراجعين لعيادات السكرى بمستشفيات وزارة الصحة حسب الجنس والجنسية والمنطقة الصحية عام 2022م.,2021,statistical-yearbook-2021-chapter-IV-health-activities.xlsx,4,زيارات مراجعي العيادات الخارجية بمستشفيات وزارة الصحة حسب الجنس والجنسية والمنطقة الصحية عام 2021م.,Capacity | Activity,0.6,YES
2022,2022-Chapter-IV-Health-Activities.xlsx,13,زيارات المراجعين لعيادات السكرى بمستشفيات وزارة الصحة حسب الجنس والجنسية والمنطقة الصحية عام 2022م.,2023,Statistical-Yearbook-2023.xlsx,2..,زيارات مراجعي الطوارئ المرضية بمستشفيات وزارة الصحة حسب الجنس والجنسية والمنطقة الصحية عام 2023م.,Capacity | Activity,0.6,YES
2022,2022-Chapter-IV-Health-Activities.xlsx,13,زيارات المراجعين لعيادات السكرى بمستشفيات وزارة الصحة حسب الجنس والجنسية والمنطقة الصحية عام 2022م.,2023,Statistical-Yearbook-2023.xlsx,3..,زيارات مراجعي الطوارئ الجراحية بمستشفيات وزارة الصحة حسب الجنس والجنسية والمنطقة الصحية عام 2023م.,Capacity | Activity,0.6,YES
2022,2022-Chapter-IV-Health-Activities.xlsx,13,زيارات المراجعين لعيادات السكرى بمستشفيات وزارة الصحة حسب الجنس والجنسية والمنطقة الصحية عام 2022م.,2023,Statistical-Yearbook-2023.xlsx,4..,زيارات مراجعي العيادات الخارجية بمستشفيات وزارة الصحة حسب الجنس والجنسية والمنطقة الصحية عام 2023م.,Capacity | Activity,0.6,YES
2022,2022-Chapter-IV-Health-Activities.xlsx,19,المنومون بمستشفيات وزارة الصحة حسب المنطقة الصحية والجنسية عام 2022م.,2021,statistical-yearbook-2021-chapter-II-health-resources.xlsx,2.14,الأسرة بمستشفيات وزارة الصحة حسب المنطقة الصحية والتخصص لعام 2021م,Capacity | Activity,0.6,YES
2022,2022-Chapter-IV-Health-Activities.xlsx,19,المنومون بمستشفيات وزارة الصحة حسب المنطقة الصحية والجنسية عام 2022م.,2023,Statistical-Yearbook-2023.xlsx,19,الأسرة بمستشفيات وزارة الصحة حسب المنطقة الصحية والتخصص لعام 2023م,Capacity | Activity,0.6,YES
2022,2022-Chapter-IV-Health-Activities.xlsx,19,المنومون بمستشفيات وزارة الصحة حسب المنطقة الصحية والجنسية عام 2022م.,2023,Statistical-Yearbook-2023.xlsx,21,أسرة الطوارئ بمستشفيات وزارة الصحة حسب المنطقة الصحية لعام 2023م,Capacity | Activity,0.6,YES
2022,2022-Chapter-IV-Health-Activities.xlsx,40,الفحوص المخبرية وعدد مرضى الفحوص الشعاعية بمستشفيات وزارة الصحة حسب المنطقة الصحية عام 2022م.,2021,statistical-yearbook-2021-chapter-IV-health-activities.xlsx,41,الفحوص المخبرية وعدد مرضى الفحوص الشعاعية بمراكز الرعاية الصحية الأولية بوزارة الصحة حسب المنطقة الصحية عام 2021م.,Capacity,0.6,YES
2021,Statistical-Yearbook-2021-Chapter-I-Health-Indicators.xlsx,1,Crude Birth Rate /1000 Population,2023,Statistical-Yearbook-2023.xlsx,6,Crude Death Rate /1000 Population,Population,0.6,YES
2021,Statistical-Yearbook-2021-Chapter-I-Health-Indicators.xlsx,2,Crude Death Rate /1000 Population,2023,Statistical-Yearbook-2023.xlsx,1,Crude Birth Rate /1000 Population,Population,0.6,YES
2021,Statistical-Yearbook-2021-Chapter-I-Health-Indicators.xlsx,2,Crude Death Rate /1000 Population,2024,Statistical-Yearbook-2024.xlsx,1-1,Crude Birth Rate /1000 Population,Population,0.6,YES
2021,statistical-yearbook-2021-chapter-II-health-resources.xlsx,2-5,"Physicians and Dentists in KSA Health Sectors by Speciality and Professional Categories, 2021G",2023,Statistical-Yearbook-2023.xlsx,7.,"Physicians and Dentists in MoH by Gender, Nationality, Speciality and Professional Categories, 2023G",Workforce | Activity,0.6,YES
2021,statistical-yearbook-2021-chapter-II-health-resources.xlsx,2-5,"Physicians and Dentists in KSA Health Sectors by Speciality and Professional Categories, 2021G",2024,Statistical-Yearbook-2024.xlsx,2-20,"Physicians and Dentists in MoH by Gender, Nationality, Speciality and Professional Categories, 2024G",Workforce | Activity,0.6,YES
2021,statistical-yearbook-2021-chapter-II-health-resources.xlsx,2.14,الأسرة بمستشفيات وزارة الصحة حسب المنطقة الصحية والتخصص لعام 2021م,2023,Statistical-Yearbook-2023.xlsx,21,أسرة الطوارئ بمستشفيات وزارة الصحة حسب المنطقة الصحية لعام 2023م,Capacity | Activity,0.6,YES
2021,statistical-yearbook-2021-chapter-II-health-resources.xlsx,2.14,الأسرة بمستشفيات وزارة الصحة حسب المنطقة الصحية والتخصص لعام 2021م,2023,Statistical-Yearbook-2023.xlsx,19.,المنومون بمستشفيات وزارة الصحة حسب المنطقة الصحية والجنسية عام 2023م.,Capacity | Activity,0.6,YES
2021,statistical-yearbook-2021-chapter-II-health-resources.xlsx,2.14,الأسرة بمستشفيات وزارة الصحة حسب المنطقة الصحية والتخصص لعام 2021م,2024,Statistical-Yearbook-2024.xlsx,2-9,الأسرة بمستشفيات وزارة الصحة حسب التجمع الصحي والتخصص لعام 2024م,Capacity | Activity,0.6,YES
2021,statistical-yearbook-2021-chapter-II-health-resources.xlsx,2.16,أسرة العزل والطوارئ بمستشفيات وزارة الصحة حسب المنطقة الصحية لعام 2021,2023,Statistical-Yearbook-2023.xlsx,21,أسرة الطوارئ بمستشفيات وزارة الصحة حسب المنطقة الصحية لعام 2023م,Capacity | Activity,0.6,YES
2021,statistical-yearbook-2021-chapter-IV-health-activities.xlsx,2,زيارات مراجعي الطوارئ المرضية بمستشفيات وزارة الصحة حسب الجنس والجنسية والمنطقة الصحية عام 2021م.,2023,Statistical-Yearbook-2023.xlsx,13..,زيارات المراجعين لعيادات السكرى بمستشفيات وزارة الصحة حسب الجنس والجنسية والمنطقة الصحية عام 2023م.,Capacity | Activity,0.6,YES
2021,statistical-yearbook-2021-chapter-IV-health-activities.xlsx,3,زيارات مراجعي الطوارئ الجراحية بمستشفيات وزارة الصحة حسب الجنس والجنسية والمنطقة الصحية عام 2021م.,2023,Statistical-Yearbook-2023.xlsx,13..,زيارات المراجعين لعيادات السكرى بمستشفيات وزارة الصحة حسب الجنس والجنسية والمنطقة الصحية عام 2023م.,Capacity | Activity,0.6,YES
2021,statistical-yearbook-2021-chapter-IV-health-activities.xlsx,4,زيارات مراجعي العيادات الخارجية بمستشفيات وزارة الصحة حسب الجنس والجنسية والمنطقة الصحية عام 2021م.,2023,Statistical-Yearbook-2023.xlsx,13..,زيارات المراجعين لعيادات السكرى بمستشفيات وزارة الصحة حسب الجنس والجنسية والمنطقة الصحية عام 2023م.,Capacity | Activity,0.6,YES
2021,statistical-yearbook-2021-chapter-IV-health-activities.xlsx,13,زيارات المراجعين لعيادات السكرى بمستشفيات وزارة الصحة حسب الجنس والجنسية والمنطقة الصحية عام 2021م.,2023,Statistical-Yearbook-2023.xlsx,2..,زيارات مراجعي الطوارئ المرضية بمستشفيات وزارة الصحة حسب الجنس والجنسية والمنطقة الصحية عام 2023م.,Capacity | Activity,0.6,YES
2021,statistical-yearbook-2021-chapter-IV-health-activities.xlsx,13,زيارات المراجعين لعيادات السكرى بمستشفيات وزارة الصحة حسب الجنس والجنسية والمنطقة الصحية عام 2021م.,2023,Statistical-Yearbook-2023.xlsx,3..,زيارات مراجعي الطوارئ الجراحية بمستشفيات وزارة الصحة حسب الجنس والجنسية والمنطقة الصحية عام 2023م.,Capacity | Activity,0.6,YES
2021,statistical-yearbook-2021-chapter-IV-health-activities.xlsx,13,زيارات المراجعين لعيادات السكرى بمستشفيات وزارة الصحة حسب الجنس والجنسية والمنطقة الصحية عام 2021م.,2023,Statistical-Yearbook-2023.xlsx,4..,زيارات مراجعي العيادات الخارجية بمستشفيات وزارة الصحة حسب الجنس والجنسية والمنطقة الصحية عام 2023م.,Capacity | Activity,0.6,YES
2021,statistical-yearbook-2021-chapter-IV-health-activities.xlsx,19,المنومون بمستشفيات وزارة الصحة حسب المنطقة الصحية والجنسية عام 2021م.,2023,Statistical-Yearbook-2023.xlsx,19,الأسرة بمستشفيات وزارة الصحة حسب المنطقة الصحية والتخصص لعام 2023م,Capacity | Activity,0.6,YES
2021,statistical-yearbook-2021-chapter-IV-health-activities.xlsx,19,المنومون بمستشفيات وزارة الصحة حسب المنطقة الصحية والجنسية عام 2021م.,2023,Statistical-Yearbook-2023.xlsx,21,أسرة الطوارئ بمستشفيات وزارة الصحة حسب المنطقة الصحية لعام 2023م,Capacity | Activity,0.6,YES
2021,statistical-yearbook-2021-chapter-IV-health-activities.xlsx,41,الفحوص المخبرية وعدد مرضى الفحوص الشعاعية بمراكز الرعاية الصحية الأولية بوزارة الصحة حسب المنطقة الصحية عام 2021م.,2023,Statistical-Yearbook-2023.xlsx,40.,الفحوص المخبرية وعدد مرضى الفحوص الشعاعية بمستشفيات وزارة الصحة حسب المنطقة الصحية عام 2023م.,Capacity,0.6,YES
2023,Statistical-Yearbook-2023.xlsx,6,Crude Death Rate /1000 Population,2024,Statistical-Yearbook-2024.xlsx,1-1,Crude Birth Rate /1000 Population,Population,0.6,YES
2023,Statistical-Yearbook-2023.xlsx,5.,"Physicians and Dentists in KSA Health Sectors by Speciality and Professional Categories, 2023G",2024,Statistical-Yearbook-2024.xlsx,2-20,"Physicians and Dentists in MoH by Gender, Nationality, Speciality and Professional Categories, 2024G",Workforce | Activity,0.6,YES
2023,Statistical-Yearbook-2023.xlsx,7.,"Physicians and Dentists in MoH by Gender, Nationality, Speciality and Professional Categories, 2023G",2024,Statistical-Yearbook-2024.xlsx,2-19,"Physicians and Dentists in KSA Health Sectors by Speciality and Professional Categories, 2024G",Workforce | Activity,0.6,YES
2023,Statistical-Yearbook-2023.xlsx,19,الأسرة بمستشفيات وزارة الصحة حسب المنطقة الصحية والتخصص لعام 2023م,2024,Statistical-Yearbook-2024.xlsx,2-9,الأسرة بمستشفيات وزارة الصحة حسب التجمع الصحي والتخصص لعام 2024م,Capacity | Activity,0.6,YES
2023,Statistical-Yearbook-2023.xlsx,3-1,Incidence Rate / 100 000 population,2024,Statistical-Yearbook-2024.xlsx,3-6,"Incidence Rate per 100,000 population",Population,0.6,YES
2023,Statistical-Yearbook-2023.xlsx,3-6,"Incidence Rate per 100,000 population",2024,Statistical-Yearbook-2024.xlsx,3-1,Incidence Rate / 100 000 population,Population,0.6,YES
2023,Statistical-Yearbook-2023.xlsx,42.,"Diagnostic Radiology Investigations at MoH Hospitals by Type of Investigation, 2023G.",2024,Statistical-Yearbook-2024.xlsx,4-51,"Laboratory Investigations at MoH Hospitals by Health Cluster and Type of Investigation, 2024G.",Capacity,0.6,YES
2022,2022-Chapter-IV-Health-Activities.xlsx,22,بعض المؤشرات المختارة عن خدمات مستشفيات وزارة الصحة (50 سرير) حسب المنطقة الصحية عام 2022م.,2021,statistical-yearbook-2021-chapter-IV-health-activities.xlsx,24,بعض المؤشرات المختارة عن خدمات مستشفيات الصحة النفسية والرعاية المديدة والتأهيل بوزارة الصحة حسب المنطقة الصحية عام 2021م.,Capacity,0.588,YES
2022,2022-Chapter-IV-Health-Activities.xlsx,22,بعض المؤشرات المختارة عن خدمات مستشفيات وزارة الصحة (50 سرير) حسب المنطقة الصحية عام 2022م.,2023,Statistical-Yearbook-2023.xlsx,23.,بعض المؤشرات المختارة عن خدمات مستشفيات الصحة النفسية والرعاية المديدة والتأهيل بوزارة الصحة حسب المنطقة الصحية عام 2023م.,Capacity,0.588,YES
2022,2022-Chapter-IV-Health-Activities.xlsx,23,بعض المؤشرات المختارة عن خدمات مستشفيات الصحة النفسية والرعاية المديدة والتأهيل بوزارة الصحة حسب المنطقة الصحية عام 2022م.,2021,statistical-yearbook-2021-chapter-IV-health-activities.xlsx,23,بعض المؤشرات المختارة عن خدمات مستشفيات وزارة الصحة (50 سرير) حسب المنطقة الصحية عام 2021م.,Capacity,0.588,YES
2022,2022-Chapter-IV-Health-Activities.xlsx,23,بعض المؤشرات المختارة عن خدمات مستشفيات الصحة النفسية والرعاية المديدة والتأهيل بوزارة الصحة حسب المنطقة الصحية عام 2022م.,2023,Statistical-Yearbook-2023.xlsx,22.,بعض المؤشرات المختارة عن خدمات مستشفيات وزارة الصحة (50 سرير) حسب المنطقة الصحية عام 2023م.,Capacity,0.588,YES
2021,statistical-yearbook-2021-chapter-IV-health-activities.xlsx,23,بعض المؤشرات المختارة عن خدمات مستشفيات وزارة الصحة (50 سرير) حسب المنطقة الصحية عام 2021م.,2023,Statistical-Yearbook-2023.xlsx,23.,بعض المؤشرات المختارة عن خدمات مستشفيات الصحة النفسية والرعاية المديدة والتأهيل بوزارة الصحة حسب المنطقة الصحية عام 2023م.,Capacity,0.588,YES
2021,statistical-yearbook-2021-chapter-IV-health-activities.xlsx,24,بعض المؤشرات المختارة عن خدمات مستشفيات الصحة النفسية والرعاية المديدة والتأهيل بوزارة الصحة حسب المنطقة الصحية عام 2021م.,2023,Statistical-Yearbook-2023.xlsx,22.,بعض المؤشرات المختارة عن خدمات مستشفيات وزارة الصحة (50 سرير) حسب المنطقة الصحية عام 2023م.,Capacity,0.588,YES
2022,2022-Chapter-II-Health-Resources.xlsx,2-4,Health Manpower in KSA Health Sectors in the Last Five Years,2021,statistical-yearbook-2021-chapter-II-health-resources.xlsx,2-8 ,Health Manpower in MOH by Nationality in the Last Five Years,Workforce,0.583,YES
2022,2022-Chapter-II-Health-Resources.xlsx,2-4,Health Manpower in KSA Health Sectors in the Last Five Years,2021,statistical-yearbook-2021-chapter-II-health-resources.xlsx,2-33,Health Manpower at Private Sector in the last Five Years,Workforce,0.583,YES
2022,2022-Chapter-II-Health-Resources.xlsx,2-4,Health Manpower in KSA Health Sectors in the Last Five Years,2023,Statistical-Yearbook-2023.xlsx,13.,Health Manpower in MoH by Nationality in the Last Five Years,Workforce,0.583,YES
2022,2022-Chapter-II-Health-Resources.xlsx,2-4,Health Manpower in KSA Health Sectors in the Last Five Years,2023,Statistical-Yearbook-2023.xlsx,38,Health Manpower at Private Sector in the last Five Years,Workforce,0.583,YES
2022,2022-Chapter-II-Health-Resources.xlsx,2-4,Health Manpower in KSA Health Sectors in the Last Five Years,2024,Statistical-Yearbook-2024.xlsx,2-37,Health Manpower in MoH by Nationality in the Last Five Years,Workforce,0.583,YES
2022,2022-Chapter-II-Health-Resources.xlsx,2-4,Health Manpower in KSA Health Sectors in the Last Five Years,2024,Statistical-Yearbook-2024.xlsx,2-39,Health Manpower at Private Sector in the last Five Years,Workforce,0.583,YES
2022,2022-Chapter-II-Health-Resources.xlsx,2-8 ,Health Manpower in MoH by Nationality in the Last Five Years,2021,statistical-yearbook-2021-chapter-II-health-resources.xlsx,2-4,Health Manpower in KSA Health Sectors in the Last Five Years,Workforce,0.583,YES
2022,2022-Chapter-II-Health-Resources.xlsx,2-8 ,Health Manpower in MoH by Nationality in the Last Five Years,2023,Statistical-Yearbook-2023.xlsx,4.,Health Manpower in KSA Health Sectors in the Last Five Years,Workforce,0.583,YES
2022,2022-Chapter-II-Health-Resources.xlsx,2-8 ,Health Manpower in MoH by Nationality in the Last Five Years,2024,Statistical-Yearbook-2024.xlsx,2-17,Health Manpower in KSA Health Sectors in the Last Five Years,Workforce,0.583,YES
2022,2022-Chapter-II-Health-Resources.xlsx,2-33,Health Manpower at Private Sector in the last Five Years,2021,statistical-yearbook-2021-chapter-II-health-resources.xlsx,2-4,Health Manpower in KSA Health Sectors in the Last Five Years,Workforce,0.583,YES
2022,2022-Chapter-II-Health-Resources.xlsx,2-33,Health Manpower at Private Sector in the last Five Years,2023,Statistical-Yearbook-2023.xlsx,4.,Health Manpower in KSA Health Sectors in the Last Five Years,Workforce,0.583,YES
2022,2022-Chapter-II-Health-Resources.xlsx,2-33,Health Manpower at Private Sector in the last Five Years,2024,Statistical-Yearbook-2024.xlsx,2-17,Health Manpower in KSA Health Sectors in the Last Five Years,Workforce,0.583,YES
2021,statistical-yearbook-2021-chapter-II-health-resources.xlsx,2-4,Health Manpower in KSA Health Sectors in the Last Five Years,2023,Statistical-Yearbook-2023.xlsx,13.,Health Manpower in MoH by Nationality in the Last Five Years,Workforce,0.583,YES
2021,statistical-yearbook-2021-chapter-II-health-resources.xlsx,2-4,Health Manpower in KSA Health Sectors in the Last Five Years,2023,Statistical-Yearbook-2023.xlsx,38,Health Manpower at Private Sector in the last Five Years,Workforce,0.583,YES
2021,statistical-yearbook-2021-chapter-II-health-resources.xlsx,2-4,Health Manpower in KSA Health Sectors in the Last Five Years,2024,Statistical-Yearbook-2024.xlsx,2-37,Health Manpower in MoH by Nationality in the Last Five Years,Workforce,0.583,YES
2021,statistical-yearbook-2021-chapter-II-health-resources.xlsx,2-4,Health Manpower in KSA Health Sectors in the Last Five Years,2024,Statistical-Yearbook-2024.xlsx,2-39,Health Manpower at Private Sector in the last Five Years,Workforce,0.583,YES
2021,statistical-yearbook-2021-chapter-II-health-resources.xlsx,2-8 ,Health Manpower in MOH by Nationality in the Last Five Years,2023,Statistical-Yearbook-2023.xlsx,4.,Health Manpower in KSA Health Sectors in the Last Five Years,Workforce,0.583,YES
2021,statistical-yearbook-2021-chapter-II-health-resources.xlsx,2-8 ,Health Manpower in MOH by Nationality in the Last Five Years,2024,Statistical-Yearbook-2024.xlsx,2-17,Health Manpower in KSA Health Sectors in the Last Five Years,Workforce,0.583,YES
2021,statistical-yearbook-2021-chapter-II-health-resources.xlsx,2-33,Health Manpower at Private Sector in the last Five Years,2023,Statistical-Yearbook-2023.xlsx,4.,Health Manpower in KSA Health Sectors in the Last Five Years,Workforce,0.583,YES
2021,statistical-yearbook-2021-chapter-II-health-resources.xlsx,2-33,Health Manpower at Private Sector in the last Five Years,2024,Statistical-Yearbook-2024.xlsx,2-17,Health Manpower in KSA Health Sectors in the Last Five Years,Workforce,0.583,YES
2023,Statistical-Yearbook-2023.xlsx,4.,Health Manpower in KSA Health Sectors in the Last Five Years,2024,Statistical-Yearbook-2024.xlsx,2-37,Health Manpower in MoH by Nationality in the Last Five Years,Workforce,0.583,YES
2023,Statistical-Yearbook-2023.xlsx,4.,Health Manpower in KSA Health Sectors in the Last Five Years,2024,Statistical-Yearbook-2024.xlsx,2-39,Health Manpower at Private Sector in the last Five Years,Workforce,0.583,YES
2023,Statistical-Yearbook-2023.xlsx,13.,Health Manpower in MoH by Nationality in the Last Five Years,2024,Statistical-Yearbook-2024.xlsx,2-17,Health Manpower in KSA Health Sectors in the Last Five Years,Workforce,0.583,YES
2023,Statistical-Yearbook-2023.xlsx,38,Health Manpower at Private Sector in the last Five Years,2024,Statistical-Yearbook-2024.xlsx,2-17,Health Manpower in KSA Health Sectors in the Last Five Years,Workforce,0.583,YES
2022,2022-Chapter-II-Health-Resources.xlsx,2-8 ,Health Manpower in MoH by Nationality in the Last Five Years,2021,statistical-yearbook-2021-chapter-II-health-resources.xlsx,2.28,"Health Manpower in the Other Governmental Sector by Nationality, in the last Five Years",Workforce,0.571,YES
2022,2022-Chapter-II-Health-Resources.xlsx,2-8 ,Health Manpower in MoH by Nationality in the Last Five Years,2023,Statistical-Yearbook-2023.xlsx,33,"Health Manpower in the Other Governmental Sector by Nationality, in the last Five Years",Workforce,0.571,YES
2022,2022-Chapter-II-Health-Resources.xlsx,2-8 ,Health Manpower in MoH by Nationality in the Last Five Years,2024,Statistical-Yearbook-2024.xlsx,2-38,"Health Manpower in the Other Governmental Sector by Nationality, in the last Five Years",Workforce,0.571,YES
2022,2022-Chapter-II-Health-Resources.xlsx,2-9,"Allied Health Personnel by Speciality, Nationality & Sex, 2022G",2024,Statistical-Yearbook-2024.xlsx,2-35,"Allied Health Personnel in the Private Sector by Speciality, Nationality & Gender, 2024G",Activity,0.571,YES
2022,2022-Chapter-II-Health-Resources.xlsx,2-11,المستشفيات والأسرة بوزارة الصحة حسب المنطقة الصحية في الأعوام الخمسة الأخيرة,2021,statistical-yearbook-2021-chapter-II-health-resources.xlsx,2.30,المستشفيات والأسرة والمجمعات الطبية بالقطاع الخاص حسب المنطقة الصحية في الأعوام الخمسة الأخيرة,Capacity,0.571,YES
2022,2022-Chapter-II-Health-Resources.xlsx,2-11,المستشفيات والأسرة بوزارة الصحة حسب المنطقة الصحية في الأعوام الخمسة الأخيرة,2023,Statistical-Yearbook-2023.xlsx,35,المستشفيات والأسرة والمجمعات الطبية بالقطاع الخاص حسب المنطقة الصحية في الأعوام الخمسة الأخيرة,Capacity,0.571,YES
2022,2022-Chapter-II-Health-Resources.xlsx,2.26,"Health Manpower in Other Governmental Sector by Category,Sex and Nationality, 2022G.",2021,statistical-yearbook-2021-chapter-II-health-resources.xlsx,2.35,"Health Manpower in Private Sector Hospitals by Health Region,Category,Sex and Nationality, 2021G",Capacity | Workforce,0.571,YES
2022,2022-Chapter-II-Health-Resources.xlsx,2.26,"Health Manpower in Other Governmental Sector by Category,Sex and Nationality, 2022G.",2023,Statistical-Yearbook-2023.xlsx,40,"Health Manpower in Private Sector Hospitals by Health Region,Category,Sex and Nationality, 2023G",Capacity | Workforce,0.571,YES
2022,2022-Chapter-II-Health-Resources.xlsx,2.28,"Health Manpower in the Other Governmental Sector by Nationality, in the last Five Years",2021,statistical-yearbook-2021-chapter-II-health-resources.xlsx,2-8 ,Health Manpower in MOH by Nationality in the Last Five Years,Workforce,0.571,YES
2022,2022-Chapter-II-Health-Resources.xlsx,2.28,"Health Manpower in the Other Governmental Sector by Nationality, in the last Five Years",2021,statistical-yearbook-2021-chapter-II-health-resources.xlsx,2-33,Health Manpower at Private Sector in the last Five Years,Workforce,0.571,YES
2022,2022-Chapter-II-Health-Resources.xlsx,2.28,"Health Manpower in the Other Governmental Sector by Nationality, in the last Five Years",2023,Statistical-Yearbook-2023.xlsx,13.,Health Manpower in MoH by Nationality in the Last Five Years,Workforce,0.571,YES
2022,2022-Chapter-II-Health-Resources.xlsx,2.28,"Health Manpower in the Other Governmental Sector by Nationality, in the last Five Years",2023,Statistical-Yearbook-2023.xlsx,38,Health Manpower at Private Sector in the last Five Years,Workforce,0.571,YES
2022,2022-Chapter-II-Health-Resources.xlsx,2.28,"Health Manpower in the Other Governmental Sector by Nationality, in the last Five Years",2024,Statistical-Yearbook-2024.xlsx,2-37,Health Manpower in MoH by Nationality in the Last Five Years,Workforce,0.571,YES
2022,2022-Chapter-II-Health-Resources.xlsx,2.28,"Health Manpower in the Other Governmental Sector by Nationality, in the last Five Years",2024,Statistical-Yearbook-2024.xlsx,2-39,Health Manpower at Private Sector in the last Five Years,Workforce,0.571,YES
2022,2022-Chapter-II-Health-Resources.xlsx,2.30,المستشفيات والأسرة والمجمعات الطبية بالقطاع الخاص حسب المنطقة الصحية في الأعوام الخمسة الأخيرة,2021,statistical-yearbook-2021-chapter-II-health-resources.xlsx,2-11,المستشفيات والأسرة بوزارة الصحة حسب المنطقة الصحية في الأعوام الخمسة الأخيرة,Capacity,0.571,YES
2022,2022-Chapter-II-Health-Resources.xlsx,2.30,المستشفيات والأسرة والمجمعات الطبية بالقطاع الخاص حسب المنطقة الصحية في الأعوام الخمسة الأخيرة,2023,Statistical-Yearbook-2023.xlsx,16,المستشفيات والأسرة بوزارة الصحة حسب المنطقة الصحية في الأعوام الخمسة الأخيرة,Capacity,0.571,YES
2022,2022-Chapter-II-Health-Resources.xlsx,2-33,Health Manpower at Private Sector in the last Five Years,2021,statistical-yearbook-2021-chapter-II-health-resources.xlsx,2.28,"Health Manpower in the Other Governmental Sector by Nationality, in the last Five Years",Workforce,0.571,YES
2022,2022-Chapter-II-Health-Resources.xlsx,2-33,Health Manpower at Private Sector in the last Five Years,2023,Statistical-Yearbook-2023.xlsx,33,"Health Manpower in the Other Governmental Sector by Nationality, in the last Five Years",Workforce,0.571,YES
2022,2022-Chapter-II-Health-Resources.xlsx,2-33,Health Manpower at Private Sector in the last Five Years,2024,Statistical-Yearbook-2024.xlsx,2-38,"Health Manpower in the Other Governmental Sector by Nationality, in the last Five Years",Workforce,0.571,YES
2022,2022-Chapter-II-Health-Resources.xlsx,2.35,"Health Manpower in Private Sector Hospitals by Health Region,Category,Sex and Nationality, 2022G",2021,statistical-yearbook-2021-chapter-II-health-resources.xlsx,2.26,"Health Manpower in Other Governmental Sector by Category,Sex and Nationality, 2021G.",Capacity | Workforce,0.571,YES
2022,2022-Chapter-II-Health-Resources.xlsx,2.35,"Health Manpower in Private Sector Hospitals by Health Region,Category,Sex and Nationality, 2022G",2023,Statistical-Yearbook-2023.xlsx,31,"Health Manpower in Other Governmental Sector by Category,Sex and Nationality, 2023G.",Capacity | Workforce,0.571,YES
2021,statistical-yearbook-2021-chapter-II-health-resources.xlsx,2-8 ,Health Manpower in MOH by Nationality in the Last Five Years,2023,Statistical-Yearbook-2023.xlsx,33,"Health Manpower in the Other Governmental Sector by Nationality, in the last Five Years",Workforce,0.571,YES
2021,statistical-yearbook-2021-chapter-II-health-resources.xlsx,2-8 ,Health Manpower in MOH by Nationality in the Last Five Years,2024,Statistical-Yearbook-2024.xlsx,2-38,"Health Manpower in the Other Governmental Sector by Nationality, in the last Five Years",Workforce,0.571,YES
2021,statistical-yearbook-2021-chapter-II-health-resources.xlsx,2-11,المستشفيات والأسرة بوزارة الصحة حسب المنطقة الصحية في الأعوام الخمسة الأخيرة,2023,Statistical-Yearbook-2023.xlsx,35,المستشفيات والأسرة والمجمعات الطبية بالقطاع الخاص حسب المنطقة الصحية في الأعوام الخمسة الأخيرة,Capacity,0.571,YES
2021,statistical-yearbook-2021-chapter-II-health-resources.xlsx,2.26,"Health Manpower in Other Governmental Sector by Category,Sex and Nationality, 2021G.",2023,Statistical-Yearbook-2023.xlsx,40,"Health Manpower in Private Sector Hospitals by Health Region,Category,Sex and Nationality, 2023G",Capacity | Workforce,0.571,YES
2021,statistical-yearbook-2021-chapter-II-health-resources.xlsx,2.28,"Health Manpower in the Other Governmental Sector by Nationality, in the last Five Years",2023,Statistical-Yearbook-2023.xlsx,13.,Health Manpower in MoH by Nationality in the Last Five Years,Workforce,0.571,YES
2021,statistical-yearbook-2021-chapter-II-health-resources.xlsx,2.28,"Health Manpower in the Other Governmental Sector by Nationality, in the last Five Years",2023,Statistical-Yearbook-2023.xlsx,38,Health Manpower at Private Sector in the last Five Years,Workforce,0.571,YES
2021,statistical-yearbook-2021-chapter-II-health-resources.xlsx,2.28,"Health Manpower in the Other Governmental Sector by Nationality, in the last Five Years",2024,Statistical-Yearbook-2024.xlsx,2-37,Health Manpower in MoH by Nationality in the Last Five Years,Workforce,0.571,YES
2021,statistical-yearbook-2021-chapter-II-health-resources.xlsx,2.28,"Health Manpower in the Other Governmental Sector by Nationality, in the last Five Years",2024,Statistical-Yearbook-2024.xlsx,2-39,Health Manpower at Private Sector in the last Five Years,Workforce,0.571,YES
2021,statistical-yearbook-2021-chapter-II-health-resources.xlsx,2.30,المستشفيات والأسرة والمجمعات الطبية بالقطاع الخاص حسب المنطقة الصحية في الأعوام الخمسة الأخيرة,2023,Statistical-Yearbook-2023.xlsx,16,المستشفيات والأسرة بوزارة الصحة حسب المنطقة الصحية في الأعوام الخمسة الأخيرة,Capacity,0.571,YES
2021,statistical-yearbook-2021-chapter-II-health-resources.xlsx,2-33,Health Manpower at Private Sector in the last Five Years,2023,Statistical-Yearbook-2023.xlsx,33,"Health Manpower in the Other Governmental Sector by Nationality, in the last Five Years",Workforce,0.571,YES
2021,statistical-yearbook-2021-chapter-II-health-resources.xlsx,2-33,Health Manpower at Private Sector in the last Five Years,2024,Statistical-Yearbook-2024.xlsx,2-38,"Health Manpower in the Other Governmental Sector by Nationality, in the last Five Years",Workforce,0.571,YES
2021,statistical-yearbook-2021-chapter-II-health-resources.xlsx,2.35,"Health Manpower in Private Sector Hospitals by Health Region,Category,Sex and Nationality, 2021G",2023,Statistical-Yearbook-2023.xlsx,31,"Health Manpower in Other Governmental Sector by Category,Sex and Nationality, 2023G.",Capacity | Workforce,0.571,YES
2023,Statistical-Yearbook-2023.xlsx,13.,Health Manpower in MoH by Nationality in the Last Five Years,2024,Statistical-Yearbook-2024.xlsx,2-38,"Health Manpower in the Other Governmental Sector by Nationality, in the last Five Years",Workforce,0.571,YES
2023,Statistical-Yearbook-2023.xlsx,14,"Allied Health Personnel by Speciality, Nationality & Sex, 2023G",2024,Statistical-Yearbook-2024.xlsx,2-35,"Allied Health Personnel in the Private Sector by Speciality, Nationality & Gender, 2024G",Activity,0.571,YES
2023,Statistical-Yearbook-2023.xlsx,33,"Health Manpower in the Other Governmental Sector by Nationality, in the last Five Years",2024,Statistical-Yearbook-2024.xlsx,2-37,Health Manpower in MoH by Nationality in the Last Five Years,Workforce,0.571,YES
2023,Statistical-Yearbook-2023.xlsx,33,"Health Manpower in the Other Governmental Sector by Nationality, in the last Five Years",2024,Statistical-Yearbook-2024.xlsx,2-39,Health Manpower at Private Sector in the last Five Years,Workforce,0.571,YES
2023,Statistical-Yearbook-2023.xlsx,38,Health Manpower at Private Sector in the last Five Years,2024,Statistical-Yearbook-2024.xlsx,2-38,"Health Manpower in the Other Governmental Sector by Nationality, in the last Five Years",Workforce,0.571,YES
2022,2022-Chapter-II-Health-Resources.xlsx,2.34,"Health Manpower in the Private Sector by Health Region,Category,Sex and Nationality, 2022G",2023,Statistical-Yearbook-2023.xlsx,41,"Health Manpower in Private Sector Medical Complexes by Health Region, Category, Sex and Nationality, 2023G",Workforce,0.562,YES
2022,2022-Chapter-II-Health-Resources.xlsx,2.36,"Health Manpower in Private Sector Medical Complexes by Health Region, Category, Sex and Nationality, 2022G",2021,statistical-yearbook-2021-chapter-II-health-resources.xlsx,2.34,"Health Manpower in the Private Sector by Health Region,Category,Sex and Nationality, 2021G",Workforce,0.562,YES
2022,2022-Chapter-II-Health-Resources.xlsx,2.36,"Health Manpower in Private Sector Medical Complexes by Health Region, Category, Sex and Nationality, 2022G",2023,Statistical-Yearbook-2023.xlsx,6.,"Health Manpower in KSA Health Sectors by Category, Sex and Nationality, 2023G",Workforce,0.562,YES
2022,2022-Chapter-II-Health-Resources.xlsx,2.36,"Health Manpower in Private Sector Medical Complexes by Health Region, Category, Sex and Nationality, 2022G",2023,Statistical-Yearbook-2023.xlsx,39,"Health Manpower in the Private Sector by Health Region,Category,Sex and Nationality, 2023G",Workforce,0.562,YES
2022,2022-Chapter-II-Health-Resources.xlsx,2.36,"Health Manpower in Private Sector Medical Complexes by Health Region, Category, Sex and Nationality, 2022G",2024,Statistical-Yearbook-2024.xlsx,2-18,"Health Manpower in KSA Health Sectors by Category, Sex and Nationality, 2024G",Workforce,0.562,YES
2022,2022-Chapter-IV-Health-Activities.xlsx,29,"Surgical Interventions at MoH Hospitals by Health Region and Hospital Sections, 2022G.",2021,statistical-yearbook-2021-chapter-IV-health-activities.xlsx,4-32,"Surgical Interventions in the Private Sector by Health Region and Hospital Sections, 2020G.",Capacity | Activity,0.562,YES
2022,2022-Chapter-IV-Health-Activities.xlsx,4-32,"Surgical Interventions in the Private Sector by Health Region and Hospital Sections, 2020G.",2021,statistical-yearbook-2021-chapter-IV-health-activities.xlsx,30,"Surgical Interventions at MoH Hospitals by Health Region and Hospital Sections, 2021G.",Capacity | Activity,0.562,YES
2022,2022-Chapter-IV-Health-Activities.xlsx,4-32,"Surgical Interventions in the Private Sector by Health Region and Hospital Sections, 2020G.",2023,Statistical-Yearbook-2023.xlsx,29.,"Surgical Interventions at MoH Hospitals by Health Region and Hospital Sections, 2023G.",Capacity | Activity,0.562,YES
2021,statistical-yearbook-2021-chapter-II-health-resources.xlsx,2.34,"Health Manpower in the Private Sector by Health Region,Category,Sex and Nationality, 2021G",2023,Statistical-Yearbook-2023.xlsx,41,"Health Manpower in Private Sector Medical Complexes by Health Region, Category, Sex and Nationality, 2023G",Workforce,0.562,YES
2021,statistical-yearbook-2021-chapter-IV-health-activities.xlsx,4-32,"Surgical Interventions in the Private Sector by Health Region and Hospital Sections, 2020G.",2023,Statistical-Yearbook-2023.xlsx,29.,"Surgical Interventions at MoH Hospitals by Health Region and Hospital Sections, 2023G.",Capacity | Activity,0.562,YES
2023,Statistical-Yearbook-2023.xlsx,41,"Health Manpower in Private Sector Medical Complexes by Health Region, Category, Sex and Nationality, 2023G",2024,Statistical-Yearbook-2024.xlsx,2-18,"Health Manpower in KSA Health Sectors by Category, Sex and Nationality, 2024G",Workforce,0.562,YES
2022,2022-Chapter-II-Health-Resources.xlsx,2.37,"Physicians and Dentists in the Private Sector by Speciality, Professional Categories and Health Region, 2022G.",2023,Statistical-Yearbook-2023.xlsx,9.,"Physicians and Dentists in the Private Sector by Gender, Nationality, Speciality and Professional Categories, 2023G",Workforce | Activity,0.556,YES
2022,2022-Chapter-II-Health-Resources.xlsx,2.37,"Physicians and Dentists in the Private Sector by Speciality, Professional Categories and Health Region, 2022G.",2024,Statistical-Yearbook-2024.xlsx,2-22,"Physicians and Dentists in the Private Sector by Gender, Nationality, Speciality and Professional Categories, 2024G",Workforce | Activity,0.556,YES
2022,2022-Chapter-IV-Health-Activities.xlsx,5,زيارات المراجعين للرعاية الصحية الأولية والعيادات الخارجية بمستشفيات وزارة الصحة حسب المنطقة الصحية عام 2022م,2021,statistical-yearbook-2021-chapter-IV-health-activities.xlsx,6,زيارات المراجعين لمراكز الرعاية الصحية الأولية والعيادات الخارجية بمستشفيات وزارة الصحة حسب المنطقة الصحية في الأعوام الخمسة الأخيرة,Capacity | Activity,0.556,YES
2022,2022-Chapter-IV-Health-Activities.xlsx,5,زيارات المراجعين للرعاية الصحية الأولية والعيادات الخارجية بمستشفيات وزارة الصحة حسب المنطقة الصحية عام 2022م,2023,Statistical-Yearbook-2023.xlsx,6..,زيارات المراجعين لمراكز الرعاية الصحية الأولية والعيادات الخارجية بمستشفيات وزارة الصحة حسب المنطقة الصحية في الأعوام الخمسة الأخيرة,Capacity | Activity,0.556,YES
2022,2022-Chapter-IV-Health-Activities.xlsx,6,زيارات المراجعين لمراكز الرعاية الصحية الأولية والعيادات الخارجية بمستشفيات وزارة الصحة حسب المنطقة الصحية في الأعوام الخمسة الأخيرة,2021,statistical-yearbook-2021-chapter-IV-health-activities.xlsx,5,زيارات المراجعين للرعاية الصحية الأولية والعيادات الخارجية بمستشفيات وزارة الصحة حسب المنطقة الصحية عام 2021م,Capacity | Activity,0.556,YES
2022,2022-Chapter-IV-Health-Activities.xlsx,6,زيارات المراجعين لمراكز الرعاية الصحية الأولية والعيادات الخارجية بمستشفيات وزارة الصحة حسب المنطقة الصحية في الأعوام الخمسة الأخيرة,2023,Statistical-Yearbook-2023.xlsx,5..,زيارات المراجعين للرعاية الصحية الأولية والعيادات الخارجية بمستشفيات وزارة الصحة حسب المنطقة الصحية عام 2023م,Capacity | Activity,0.556,YES
2021,statistical-yearbook-2021-chapter-II-health-resources.xlsx,2.37,"Physicians and Dentists in the Private Sector by Speciality, Professional Categories and Health Region, 2021G.",2023,Statistical-Yearbook-2023.xlsx,9.,"Physicians and Dentists in the Private Sector by Gender, Nationality, Speciality and Professional Categories, 2023G",Workforce | Activity,0.556,YES
2021,statistical-yearbook-2021-chapter-II-health-resources.xlsx,2.37,"Physicians and Dentists in the Private Sector by Speciality, Professional Categories and Health Region, 2021G.",2024,Statistical-Yearbook-2024.xlsx,2-22,"Physicians and Dentists in the Private Sector by Gender, Nationality, Speciality and Professional Categories, 2024G",Workforce | Activity,0.556,YES
2021,statistical-yearbook-2021-chapter-IV-health-activities.xlsx,5,زيارات المراجعين للرعاية الصحية الأولية والعيادات الخارجية بمستشفيات وزارة الصحة حسب المنطقة الصحية عام 2021م,2023,Statistical-Yearbook-2023.xlsx,6..,زيارات المراجعين لمراكز الرعاية الصحية الأولية والعيادات الخارجية بمستشفيات وزارة الصحة حسب المنطقة الصحية في الأعوام الخمسة الأخيرة,Capacity | Activity,0.556,YES
2021,statistical-yearbook-2021-chapter-IV-health-activities.xlsx,6,زيارات المراجعين لمراكز الرعاية الصحية الأولية والعيادات الخارجية بمستشفيات وزارة الصحة حسب المنطقة الصحية في الأعوام الخمسة الأخيرة,2023,Statistical-Yearbook-2023.xlsx,5..,زيارات المراجعين للرعاية الصحية الأولية والعيادات الخارجية بمستشفيات وزارة الصحة حسب المنطقة الصحية عام 2023م,Capacity | Activity,0.556,YES
2023,Statistical-Yearbook-2023.xlsx,42,"Physicians and Dentists in the Private Sector by Speciality, Professional Categories and Health Region, 2023G.",2024,Statistical-Yearbook-2024.xlsx,2-22,"Physicians and Dentists in the Private Sector by Gender, Nationality, Speciality and Professional Categories, 2024G",Workforce | Activity,0.556,YES
2022,2022-Chapter-II-Health-Resources.xlsx,2.36,"Health Manpower in Private Sector Medical Complexes by Health Region, Category, Sex and Nationality, 2022G",2024,Statistical-Yearbook-2024.xlsx,2-47,"Health Manpower in Private Sector Medical Complexes by Category, Gender and Nationality in MoH Branches & Offices, 2024G",Workforce,0.55,YES
2023,Statistical-Yearbook-2023.xlsx,41,"Health Manpower in Private Sector Medical Complexes by Health Region, Category, Sex and Nationality, 2023G",2024,Statistical-Yearbook-2024.xlsx,2-47,"Health Manpower in Private Sector Medical Complexes by Category, Gender and Nationality in MoH Branches & Offices, 2024G",Workforce,0.55,YES
2022,2022-Chapter-II-Health-Resources.xlsx,2-3,المستشفيات والأسرة بالقطاعات الصحية بالمملكة حسب المنطقة الصحية 2022م,2024,Statistical-Yearbook-2024.xlsx,2-3,المستشفيات والأسرة بالقطاعات الصحية بالمملكة حسب فروع ومكاتب وزارة الصحة 2024م,Capacity,0.545,YES
2022,2022-Chapter-IV-Health-Activities.xlsx,7,"First Aid Centers and Ambulances of the Saudi Red Crescent Authority by Administrative Region, 2022G.",2023,Statistical-Yearbook-2023.xlsx,8..,"Patients and Casualties Offered First Aid and Transported by Saudi Red Crescent Authority Ambulances by Administrative Region and Type of Case, 2023G.",Capacity,0.545,YES
2022,2022-Chapter-IV-Health-Activities.xlsx,7,"First Aid Centers and Ambulances of the Saudi Red Crescent Authority by Administrative Region, 2022G.",2024,Statistical-Yearbook-2024.xlsx,4-9,"Patients and Casualties Offered First Aid and Transported by Saudi Red Crescent Authority Ambulances by Administrative Region and Type of Case, 2024G.",Capacity,0.545,YES
2022,2022-Chapter-IV-Health-Activities.xlsx,8,"Patients and Casualties Offered First Aid and Transported by Saudi Red Crescent Authority Ambulances by Administrative Region and Type of Case, 2022G.",2021,statistical-yearbook-2021-chapter-IV-health-activities.xlsx,7,"First Aid Centers and Ambulances of the Saudi Red Crescent Authority by Administrative Region, 2021G.",Capacity,0.545,YES
2022,2022-Chapter-IV-Health-Activities.xlsx,8,"Patients and Casualties Offered First Aid and Transported by Saudi Red Crescent Authority Ambulances by Administrative Region and Type of Case, 2022G.",2023,Statistical-Yearbook-2023.xlsx,7..,"First Aid Centers and Ambulances of the Saudi Red Crescent Authority by Administrative Region, 2023G.",Capacity,0.545,YES
2022,2022-Chapter-IV-Health-Activities.xlsx,8,"Patients and Casualties Offered First Aid and Transported by Saudi Red Crescent Authority Ambulances by Administrative Region and Type of Case, 2022G.",2024,Statistical-Yearbook-2024.xlsx,4-8,"First Aid Centers and Ambulances of the Saudi Red Crescent Authority by Administrative Region, 2024G.",Capacity,0.545,YES
2021,statistical-yearbook-2021-chapter-II-health-resources.xlsx,2-3,المستشفيات والأسرة بالقطاعات الصحية بالمملكة حسب المنطقة الصحية 2021م,2024,Statistical-Yearbook-2024.xlsx,2-3,المستشفيات والأسرة بالقطاعات الصحية بالمملكة حسب فروع ومكاتب وزارة الصحة 2024م,Capacity,0.545,YES
2021,statistical-yearbook-2021-chapter-IV-health-activities.xlsx,7,"First Aid Centers and Ambulances of the Saudi Red Crescent Authority by Administrative Region, 2021G.",2023,Statistical-Yearbook-2023.xlsx,8..,"Patients and Casualties Offered First Aid and Transported by Saudi Red Crescent Authority Ambulances by Administrative Region and Type of Case, 2023G.",Capacity,0.545,YES
2021,statistical-yearbook-2021-chapter-IV-health-activities.xlsx,7,"First Aid Centers and Ambulances of the Saudi Red Crescent Authority by Administrative Region, 2021G.",2024,Statistical-Yearbook-2024.xlsx,4-9,"Patients and Casualties Offered First Aid and Transported by Saudi Red Crescent Authority Ambulances by Administrative Region and Type of Case, 2024G.",Capacity,0.545,YES
2023,Statistical-Yearbook-2023.xlsx,3.,المستشفيات والأسرة بالقطاعات الصحية بالمملكة حسب المنطقة الصحية 2023م,2024,Statistical-Yearbook-2024.xlsx,2-3,المستشفيات والأسرة بالقطاعات الصحية بالمملكة حسب فروع ومكاتب وزارة الصحة 2024م,Capacity,0.545,YES
2023,Statistical-Yearbook-2023.xlsx,7..,"First Aid Centers and Ambulances of the Saudi Red Crescent Authority by Administrative Region, 2023G.",2024,Statistical-Yearbook-2024.xlsx,4-9,"Patients and Casualties Offered First Aid and Transported by Saudi Red Crescent Authority Ambulances by Administrative Region and Type of Case, 2024G.",Capacity,0.545,YES
2023,Statistical-Yearbook-2023.xlsx,8..,"Patients and Casualties Offered First Aid and Transported by Saudi Red Crescent Authority Ambulances by Administrative Region and Type of Case, 2023G.",2024,Statistical-Yearbook-2024.xlsx,4-8,"First Aid Centers and Ambulances of the Saudi Red Crescent Authority by Administrative Region, 2024G.",Capacity,0.545,YES
2022,2022-Chapter-II-Health-Resources.xlsx,2-8 ,Health Manpower in MoH by Nationality in the Last Five Years,2021,statistical-yearbook-2021-chapter-II-health-resources.xlsx,2-33,Health Manpower at Private Sector in the last Five Years,Workforce,0.538,YES
2022,2022-Chapter-II-Health-Resources.xlsx,2-8 ,Health Manpower in MoH by Nationality in the Last Five Years,2023,Statistical-Yearbook-2023.xlsx,38,Health Manpower at Private Sector in the last Five Years,Workforce,0.538,YES
2022,2022-Chapter-II-Health-Resources.xlsx,2-8 ,Health Manpower in MoH by Nationality in the Last Five Years,2024,Statistical-Yearbook-2024.xlsx,2-39,Health Manpower at Private Sector in the last Five Years,Workforce,0.538,YES
2022,2022-Chapter-II-Health-Resources.xlsx,2-33,Health Manpower at Private Sector in the last Five Years,2021,statistical-yearbook-2021-chapter-II-health-resources.xlsx,2-8 ,Health Manpower in MOH by Nationality in the Last Five Years,Workforce,0.538,YES
2022,2022-Chapter-II-Health-Resources.xlsx,2-33,Health Manpower at Private Sector in the last Five Years,2023,Statistical-Yearbook-2023.xlsx,13.,Health Manpower in MoH by Nationality in the Last Five Years,Workforce,0.538,YES
2022,2022-Chapter-II-Health-Resources.xlsx,2-33,Health Manpower at Private Sector in the last Five Years,2024,Statistical-Yearbook-2024.xlsx,2-37,Health Manpower in MoH by Nationality in the Last Five Years,Workforce,0.538,YES
2021,statistical-yearbook-2021-chapter-II-health-resources.xlsx,2-8 ,Health Manpower in MOH by Nationality in the Last Five Years,2023,Statistical-Yearbook-2023.xlsx,38,Health Manpower at Private Sector in the last Five Years,Workforce,0.538,YES
2021,statistical-yearbook-2021-chapter-II-health-resources.xlsx,2-8 ,Health Manpower in MOH by Nationality in the Last Five Years,2024,Statistical-Yearbook-2024.xlsx,2-39,Health Manpower at Private Sector in the last Five Years,Workforce,0.538,YES
2021,statistical-yearbook-2021-chapter-II-health-resources.xlsx,2-9,"Allied Health Personnel by Speciality , Nationality & Sex, 2021G",2024,Statistical-Yearbook-2024.xlsx,2-33,"MoH Allied Health Personnel by Speciality, Nationality & Gender, 2024G",Activity,0.538,YES
2021,statistical-yearbook-2021-chapter-II-health-resources.xlsx,2-33,Health Manpower at Private Sector in the last Five Years,2023,Statistical-Yearbook-2023.xlsx,13.,Health Manpower in MoH by Nationality in the Last Five Years,Workforce,0.538,YES
2021,statistical-yearbook-2021-chapter-II-health-resources.xlsx,2-33,Health Manpower at Private Sector in the last Five Years,2024,Statistical-Yearbook-2024.xlsx,2-37,Health Manpower in MoH by Nationality in the Last Five Years,Workforce,0.538,YES
2023,Statistical-Yearbook-2023.xlsx,13.,Health Manpower in MoH by Nationality in the Last Five Years,2024,Statistical-Yearbook-2024.xlsx,2-39,Health Manpower at Private Sector in the last Five Years,Workforce,0.538,YES
2023,Statistical-Yearbook-2023.xlsx,38,Health Manpower at Private Sector in the last Five Years,2024,Statistical-Yearbook-2024.xlsx,2-37,Health Manpower in MoH by Nationality in the Last Five Years,Workforce,0.538,YES
2022,2022-Chapter-II-Health-Resources.xlsx,2-9,"Allied Health Personnel by Speciality, Nationality & Sex, 2022G",2024,Statistical-Yearbook-2024.xlsx,2-34,"Allied Health Personnel in the Other Governmental Sector by Speciality, Nationality & Gender, 2024G",Activity,0.533,YES
2022,2022-Chapter-II-Health-Resources.xlsx,2.34,"Health Manpower in the Private Sector by Health Region,Category,Sex and Nationality, 2022G",2024,Statistical-Yearbook-2024.xlsx,2-28,"Health Manpower in Other Governmental Sector by Category, Gender and Nationality, 2024G",Workforce,0.533,YES
2022,2022-Chapter-II-Health-Resources.xlsx,2.35,"Health Manpower in Private Sector Hospitals by Health Region,Category,Sex and Nationality, 2022G",2021,statistical-yearbook-2021-chapter-II-health-resources.xlsx,2.38,"Health Manpower in Private Health Facilities by Facility Classification, Sex and Nationality, 2021G.",Capacity | Workforce,0.533,YES
2022,2022-Chapter-II-Health-Resources.xlsx,2.35,"Health Manpower in Private Sector Hospitals by Health Region,Category,Sex and Nationality, 2022G",2023,Statistical-Yearbook-2023.xlsx,43,"Health Manpower in Private Health Facilities by Facility Classification, Sex and Nationality, 2023G.",Capacity | Workforce,0.533,YES
2022,2022-Chapter-II-Health-Resources.xlsx,2.35,"Health Manpower in Private Sector Hospitals by Health Region,Category,Sex and Nationality, 2022G",2024,Statistical-Yearbook-2024.xlsx,2-48,"Health Manpower in Private Health Facilities by Facility Classification, Gender and Nationality, 2024G.",Capacity | Workforce,0.533,YES
2022,2022-Chapter-II-Health-Resources.xlsx,2.38,"Health Manpower in Private Health Facilities by Facility Classification, Sex and Nationality, 2022G.",2021,statistical-yearbook-2021-chapter-II-health-resources.xlsx,2.35,"Health Manpower in Private Sector Hospitals by Health Region,Category,Sex and Nationality, 2021G",Capacity | Workforce,0.533,YES
2022,2022-Chapter-II-Health-Resources.xlsx,2.38,"Health Manpower in Private Health Facilities by Facility Classification, Sex and Nationality, 2022G.",2023,Statistical-Yearbook-2023.xlsx,40,"Health Manpower in Private Sector Hospitals by Health Region,Category,Sex and Nationality, 2023G",Capacity | Workforce,0.533,YES
2021,statistical-yearbook-2021-chapter-II-health-resources.xlsx,2.34,"Health Manpower in the Private Sector by Health Region,Category,Sex and Nationality, 2021G",2024,Statistical-Yearbook-2024.xlsx,2-28,"Health Manpower in Other Governmental Sector by Category, Gender and Nationality, 2024G",Workforce,0.533,YES
2021,statistical-yearbook-2021-chapter-II-health-resources.xlsx,2.35,"Health Manpower in Private Sector Hospitals by Health Region,Category,Sex and Nationality, 2021G",2023,Statistical-Yearbook-2023.xlsx,43,"Health Manpower in Private Health Facilities by Facility Classification, Sex and Nationality, 2023G.",Capacity | Workforce,0.533,YES
2021,statistical-yearbook-2021-chapter-II-health-resources.xlsx,2.35,"Health Manpower in Private Sector Hospitals by Health Region,Category,Sex and Nationality, 2021G",2024,Statistical-Yearbook-2024.xlsx,2-48,"Health Manpower in Private Health Facilities by Facility Classification, Gender and Nationality, 2024G.",Capacity | Workforce,0.533,YES
2021,statistical-yearbook-2021-chapter-II-health-resources.xlsx,2.38,"Health Manpower in Private Health Facilities by Facility Classification, Sex and Nationality, 2021G.",2023,Statistical-Yearbook-2023.xlsx,40,"Health Manpower in Private Sector Hospitals by Health Region,Category,Sex and Nationality, 2023G",Capacity | Workforce,0.533,YES
2023,Statistical-Yearbook-2023.xlsx,6.,"Health Manpower in KSA Health Sectors by Category, Sex and Nationality, 2023G",2024,Statistical-Yearbook-2024.xlsx,2-28,"Health Manpower in Other Governmental Sector by Category, Gender and Nationality, 2024G",Workforce,0.533,YES
2023,Statistical-Yearbook-2023.xlsx,14,"Allied Health Personnel by Speciality, Nationality & Sex, 2023G",2024,Statistical-Yearbook-2024.xlsx,2-34,"Allied Health Personnel in the Other Governmental Sector by Speciality, Nationality & Gender, 2024G",Activity,0.533,YES
2023,Statistical-Yearbook-2023.xlsx,39,"Health Manpower in the Private Sector by Health Region,Category,Sex and Nationality, 2023G",2024,Statistical-Yearbook-2024.xlsx,2-28,"Health Manpower in Other Governmental Sector by Category, Gender and Nationality, 2024G",Workforce,0.533,YES
2023,Statistical-Yearbook-2023.xlsx,40,"Health Manpower in Private Sector Hospitals by Health Region,Category,Sex and Nationality, 2023G",2024,Statistical-Yearbook-2024.xlsx,2-48,"Health Manpower in Private Health Facilities by Facility Classification, Gender and Nationality, 2024G.",Capacity | Workforce,0.533,YES
2022,2022-Chapter-II-Health-Resources.xlsx,2-5,"Physicians and Dentists in KSA Health Sectors by Speciality and Professional Categories, 2022G",2023,Statistical-Yearbook-2023.xlsx,9.,"Physicians and Dentists in the Private Sector by Gender, Nationality, Speciality and Professional Categories, 2023G",Workforce | Activity,0.529,YES
2022,2022-Chapter-II-Health-Resources.xlsx,2-5,"Physicians and Dentists in KSA Health Sectors by Speciality and Professional Categories, 2022G",2024,Statistical-Yearbook-2024.xlsx,2-22,"Physicians and Dentists in the Private Sector by Gender, Nationality, Speciality and Professional Categories, 2024G",Workforce | Activity,0.529,YES
2022,2022-Chapter-II-Health-Resources.xlsx,2.36,"Health Manpower in Private Sector Medical Complexes by Health Region, Category, Sex and Nationality, 2022G",2024,Statistical-Yearbook-2024.xlsx,2-28,"Health Manpower in Other Governmental Sector by Category, Gender and Nationality, 2024G",Workforce,0.529,YES
2021,statistical-yearbook-2021-chapter-II-health-resources.xlsx,2-5,"Physicians and Dentists in KSA Health Sectors by Speciality and Professional Categories, 2021G",2023,Statistical-Yearbook-2023.xlsx,9.,"Physicians and Dentists in the Private Sector by Gender, Nationality, Speciality and Professional Categories, 2023G",Workforce | Activity,0.529,YES
2021,statistical-yearbook-2021-chapter-II-health-resources.xlsx,2-5,"Physicians and Dentists in KSA Health Sectors by Speciality and Professional Categories, 2021G",2024,Statistical-Yearbook-2024.xlsx,2-22,"Physicians and Dentists in the Private Sector by Gender, Nationality, Speciality and Professional Categories, 2024G",Workforce | Activity,0.529,YES
2023,Statistical-Yearbook-2023.xlsx,5.,"Physicians and Dentists in KSA Health Sectors by Speciality and Professional Categories, 2023G",2024,Statistical-Yearbook-2024.xlsx,2-22,"Physicians and Dentists in the Private Sector by Gender, Nationality, Speciality and Professional Categories, 2024G",Workforce | Activity,0.529,YES
2023,Statistical-Yearbook-2023.xlsx,9.,"Physicians and Dentists in the Private Sector by Gender, Nationality, Speciality and Professional Categories, 2023G",2024,Statistical-Yearbook-2024.xlsx,2-19,"Physicians and Dentists in KSA Health Sectors by Speciality and Professional Categories, 2024G",Workforce | Activity,0.529,YES
2023,Statistical-Yearbook-2023.xlsx,41,"Health Manpower in Private Sector Medical Complexes by Health Region, Category, Sex and Nationality, 2023G",2024,Statistical-Yearbook-2024.xlsx,2-28,"Health Manpower in Other Governmental Sector by Category, Gender and Nationality, 2024G",Workforce,0.529,YES
2022,2022-Chapter-IV-Health-Activities.xlsx,5,زيارات المراجعين للرعاية الصحية الأولية والعيادات الخارجية بمستشفيات وزارة الصحة حسب المنطقة الصحية عام 2022م,2024,Statistical-Yearbook-2024.xlsx,4-7,زيارات المراجعين لمراكز الرعاية الصحية الأولية والعيادات الخارجية بمستشفيات وزارة الصحة حسب المنطقة الإدارية في الأعوام الخمسة الأخيرة,Capacity | Activity,0.526,YES
2021,statistical-yearbook-2021-chapter-II-health-resources.xlsx,2.36,"Health Manpower in Private Sector Medical Complexes by Health Region,Category,Sex and Nationality, 2021G",2024,Statistical-Yearbook-2024.xlsx,2-47,"Health Manpower in Private Sector Medical Complexes by Category, Gender and Nationality in MoH Branches & Offices, 2024G",Workforce,0.526,YES
2021,statistical-yearbook-2021-chapter-IV-health-activities.xlsx,5,زيارات المراجعين للرعاية الصحية الأولية والعيادات الخارجية بمستشفيات وزارة الصحة حسب المنطقة الصحية عام 2021م,2024,Statistical-Yearbook-2024.xlsx,4-7,زيارات المراجعين لمراكز الرعاية الصحية الأولية والعيادات الخارجية بمستشفيات وزارة الصحة حسب المنطقة الإدارية في الأعوام الخمسة الأخيرة,Capacity | Activity,0.526,YES
2023,Statistical-Yearbook-2023.xlsx,5..,زيارات المراجعين للرعاية الصحية الأولية والعيادات الخارجية بمستشفيات وزارة الصحة حسب المنطقة الصحية عام 2023م,2024,Statistical-Yearbook-2024.xlsx,4-7,زيارات المراجعين لمراكز الرعاية الصحية الأولية والعيادات الخارجية بمستشفيات وزارة الصحة حسب المنطقة الإدارية في الأعوام الخمسة الأخيرة,Capacity | Activity,0.526,YES
2022,2022-Chapter-IV-Health-Activities.xlsx,7,"First Aid Centers and Ambulances of the Saudi Red Crescent Authority by Administrative Region, 2022G.",2021,statistical-yearbook-2021-chapter-IV-health-activities.xlsx,8,"Patients and Casualties Offered First Aid and Transported by Saudi Red Crescent Authority Ambulances by Administrative Region and Type of Case , 2021G.",Capacity,0.522,YES
2021,statistical-yearbook-2021-chapter-IV-health-activities.xlsx,8,"Patients and Casualties Offered First Aid and Transported by Saudi Red Crescent Authority Ambulances by Administrative Region and Type of Case , 2021G.",2023,Statistical-Yearbook-2023.xlsx,7..,"First Aid Centers and Ambulances of the Saudi Red Crescent Authority by Administrative Region, 2023G.",Capacity,0.522,YES
2021,statistical-yearbook-2021-chapter-IV-health-activities.xlsx,8,"Patients and Casualties Offered First Aid and Transported by Saudi Red Crescent Authority Ambulances by Administrative Region and Type of Case , 2021G.",2024,Statistical-Yearbook-2024.xlsx,4-8,"First Aid Centers and Ambulances of the Saudi Red Crescent Authority by Administrative Region, 2024G.",Capacity,0.522,YES
2022,2022-Chapter-I-Health-Indicators.xlsx,10,"Population by Nationality, Gender, and Age groups, 2022G",2023,Statistical-Yearbook-2023.xlsx,2,"Population By Health Regions and Nationality, 2022G.",Population,0.5,YES
2022,2022-Chapter-I-Health-Indicators.xlsx,11,"Population By Health Regions and Nationality, 2022G.",2021,Statistical-Yearbook-2021-Chapter-I-Health-Indicators.xlsx,11,"Population by Nationality, Gender, and Age groups, 2021G",Population,0.5,YES
2022,2022-Chapter-I-Health-Indicators.xlsx,11,"Population By Health Regions and Nationality, 2022G.",2023,Statistical-Yearbook-2023.xlsx,3,"Population by Nationality, Gender, and Age groups, 2022G",Population,0.5,YES
2022,2022-Chapter-I-Health-Indicators.xlsx,11,"Population By Health Regions and Nationality, 2022G.",2024,Statistical-Yearbook-2024.xlsx,1-3,"Population by Nationality, Gender, and Age group, 2024G",Population,0.5,YES
2022,2022-Chapter-I-Health-Indicators.xlsx,11,"Population By Health Regions and Nationality, 2022G.",2024,Statistical-Yearbook-2024.xlsx,1-4,"Population by Nationality, Gender, and Age group, 2023G",Population,0.5,YES
2022,2022-Chapter-II-Health-Resources.xlsx,2-4,Health Manpower in KSA Health Sectors in the Last Five Years,2021,statistical-yearbook-2021-chapter-II-health-resources.xlsx,2.28,"Health Manpower in the Other Governmental Sector by Nationality, in the last Five Years",Workforce,0.5,YES
2022,2022-Chapter-II-Health-Resources.xlsx,2-4,Health Manpower in KSA Health Sectors in the Last Five Years,2023,Statistical-Yearbook-2023.xlsx,33,"Health Manpower in the Other Governmental Sector by Nationality, in the last Five Years",Workforce,0.5,YES
2022,2022-Chapter-II-Health-Resources.xlsx,2-4,Health Manpower in KSA Health Sectors in the Last Five Years,2024,Statistical-Yearbook-2024.xlsx,2-38,"Health Manpower in the Other Governmental Sector by Nationality, in the last Five Years",Workforce,0.5,YES
2022,2022-Chapter-II-Health-Resources.xlsx,2-5,"Physicians and Dentists in KSA Health Sectors by Speciality and Professional Categories, 2022G",2023,Statistical-Yearbook-2023.xlsx,8.,"Physicians and Dentists in the Other Governmental Sector by Gender, Nationality, Speciality and Professional Categories, 2023G",Workforce | Activity,0.5,YES
2022,2022-Chapter-II-Health-Resources.xlsx,2-5,"Physicians and Dentists in KSA Health Sectors by Speciality and Professional Categories, 2022G",2024,Statistical-Yearbook-2024.xlsx,2-21,"Physicians and Dentists in the Other Governmental Sector by Gender, Nationality, Speciality and Professional Categories, 2024G",Workforce | Activity,0.5,YES
2022,2022-Chapter-II-Health-Resources.xlsx,2.15,أسرة العناية المركزة بمستشفيات وزارة الصحة حسب المنطقة الصحية لعام 2022م,2021,statistical-yearbook-2021-chapter-IV-health-activities.xlsx,27,الولادات بمستشفيات وزارة الصحة حسب المنطقة الصحية ونوع الولادة عام 2021م.,Capacity,0.5,YES
2022,2022-Chapter-II-Health-Resources.xlsx,2.15,أسرة العناية المركزة بمستشفيات وزارة الصحة حسب المنطقة الصحية لعام 2022م,2023,Statistical-Yearbook-2023.xlsx,26.,الولادات بمستشفيات وزارة الصحة حسب المنطقة الصحية ونوع الولادة عام 2023م.,Capacity,0.5,YES
2022,2022-Chapter-II-Health-Resources.xlsx,2.17,"Health Manpower in MoH Hospitals by Nationality, in the last Five Years",2021,statistical-yearbook-2021-chapter-II-health-resources.xlsx,2.22,"Physicians and Dentists in MOH Primary Health Care Centers by Speciality and Nationality, in the last Five Years",Capacity | Workforce,0.5,YES
2022,2022-Chapter-II-Health-Resources.xlsx,2.17,"Health Manpower in MoH Hospitals by Nationality, in the last Five Years",2023,Statistical-Yearbook-2023.xlsx,27,"Physicians and Dentists in MoH Primary Health Care Centers by Speciality and Nationality, in the last Five Years",Capacity | Workforce,0.5,YES
2022,2022-Chapter-II-Health-Resources.xlsx,2.17,"Health Manpower in MoH Hospitals by Nationality, in the last Five Years",2024,Statistical-Yearbook-2024.xlsx,2-43,"Physicians and Dentists in MoH Primary Health Care Centers by Speciality and Nationality, in the last Five Years",Capacity | Workforce,0.5,YES
2022,2022-Chapter-II-Health-Resources.xlsx,2.22,"Physicians and Dentists in MoH Primary Health Care Centers by Speciality and Nationality, in the last Five Years",2021,statistical-yearbook-2021-chapter-II-health-resources.xlsx,2.17,"Health Manpower in MOH Hospitals by Nationality, in the last Five Years",Capacity | Workforce,0.5,YES
2022,2022-Chapter-II-Health-Resources.xlsx,2.22,"Physicians and Dentists in MoH Primary Health Care Centers by Speciality and Nationality, in the last Five Years",2023,Statistical-Yearbook-2023.xlsx,22,"Health Manpower in MoH Hospitals by Nationality, in the last Five Years",Capacity | Workforce,0.5,YES
2022,2022-Chapter-II-Health-Resources.xlsx,2.22,"Physicians and Dentists in MoH Primary Health Care Centers by Speciality and Nationality, in the last Five Years",2024,Statistical-Yearbook-2024.xlsx,2-40,"Health Manpower in MoH Hospitals by Nationality, in the last Five Years",Capacity | Workforce,0.5,YES
2022,2022-Chapter-II-Health-Resources.xlsx,2.23,القوى العاملة الصحية بمراكز الرعاية الصحية الأولية بوزارة الصحة حسب المنطقة الصحية والفئة والجنس والجنسية عام 2022م,2021,statistical-yearbook-2021-chapter-II-health-resources.xlsx,2.24,الأطباء بمراكز الرعاية الصحية الأولية بوزارة الصحة حسب التخصصات الرئيسية والجنسية والجنس والمنطقة الصحية عام 2021م.,Capacity | Workforce,0.5,YES
2022,2022-Chapter-II-Health-Resources.xlsx,2.23,القوى العاملة الصحية بمراكز الرعاية الصحية الأولية بوزارة الصحة حسب المنطقة الصحية والفئة والجنس والجنسية عام 2022م,2023,Statistical-Yearbook-2023.xlsx,29,الأطباء بمراكز الرعاية الصحية الأولية بوزارة الصحة حسب التخصصات الرئيسية والجنسية والجنس والمنطقة الصحية عام 2023م.,Capacity | Workforce,0.5,YES
2022,2022-Chapter-II-Health-Resources.xlsx,2.24,الأطباء بمراكز الرعاية الصحية الأولية بوزارة الصحة حسب التخصصات الرئيسية والجنسية والجنس والمنطقة الصحية عام 2022م.,2021,statistical-yearbook-2021-chapter-II-health-resources.xlsx,2.23,القوى العاملة الصحية بمراكز الرعاية الصحية الأولية بوزارة الصحة حسب المنطقة الصحية والفئة والجنس والجنسية عام 2021م,Capacity | Workforce,0.5,YES
2022,2022-Chapter-II-Health-Resources.xlsx,2.24,الأطباء بمراكز الرعاية الصحية الأولية بوزارة الصحة حسب التخصصات الرئيسية والجنسية والجنس والمنطقة الصحية عام 2022م.,2023,Statistical-Yearbook-2023.xlsx,28,القوى العاملة الصحية بمراكز الرعاية الصحية الأولية بوزارة الصحة حسب المنطقة الصحية والفئة والجنس والجنسية عام 2023م,Capacity | Workforce,0.5,YES
2022,2022-Chapter-II-Health-Resources.xlsx,2.25,"Hospital Beds in Other Governmental Sector by Speciality, 2022G.",2021,statistical-yearbook-2021-chapter-IV-health-activities.xlsx,25,"Inpatients in Other Governmental Sector Hospitals by Nationality, 2021G",Capacity | Activity,0.5,YES
2022,2022-Chapter-II-Health-Resources.xlsx,2.25,"Hospital Beds in Other Governmental Sector by Speciality, 2022G.",2023,Statistical-Yearbook-2023.xlsx,24.,"Inpatients in Other Governmental Sector Hospitals by Nationality, 2023G",Capacity | Activity,0.5,YES
2022,2022-Chapter-II-Health-Resources.xlsx,2.25,"Hospital Beds in Other Governmental Sector by Speciality, 2022G.",2024,Statistical-Yearbook-2024.xlsx,4-27,"Inpatients in Other Governmental Sector Hospitals by Nationality, 2024G",Capacity | Activity,0.5,YES
2022,2022-Chapter-II-Health-Resources.xlsx,2.28,"Health Manpower in the Other Governmental Sector by Nationality, in the last Five Years",2021,statistical-yearbook-2021-chapter-II-health-resources.xlsx,2-4,Health Manpower in KSA Health Sectors in the Last Five Years,Workforce,0.5,YES
2022,2022-Chapter-II-Health-Resources.xlsx,2.28,"Health Manpower in the Other Governmental Sector by Nationality, in the last Five Years",2023,Statistical-Yearbook-2023.xlsx,4.,Health Manpower in KSA Health Sectors in the Last Five Years,Workforce,0.5,YES
2022,2022-Chapter-II-Health-Resources.xlsx,2.28,"Health Manpower in the Other Governmental Sector by Nationality, in the last Five Years",2024,Statistical-Yearbook-2024.xlsx,2-17,Health Manpower in KSA Health Sectors in the Last Five Years,Workforce,0.5,YES
2022,2022-Chapter-II-Health-Resources.xlsx,2.28,"Health Manpower in the Other Governmental Sector by Nationality, in the last Five Years",2024,Statistical-Yearbook-2024.xlsx,2-28,"Health Manpower in Other Governmental Sector by Category, Gender and Nationality, 2024G",Workforce,0.5,YES
2022,2022-Chapter-II-Health-Resources.xlsx,2.34,"Health Manpower in the Private Sector by Health Region,Category,Sex and Nationality, 2022G",2024,Statistical-Yearbook-2024.xlsx,2-26,"Health Manpower in the Private Sector by Category, Gender and Nationality in MoH Branches & Offices, 2024G",Workforce,0.5,YES
2022,2022-Chapter-II-Health-Resources.xlsx,2.35,"Health Manpower in Private Sector Hospitals by Health Region,Category,Sex and Nationality, 2022G",2024,Statistical-Yearbook-2024.xlsx,2-46,"Health Manpower in Private Sector Hospitals by Category, Gender and Nationality in MoH Branches & Offices, 2024G",Capacity | Workforce,0.5,YES
2022,2022-Chapter-IV-Health-Activities.xlsx,10,"OPD Encounters at Other Governmental Sector Hospitals and Polyclinics by Nationality, 2022G.",2021,statistical-yearbook-2021-chapter-IV-health-activities.xlsx,25,"Inpatients in Other Governmental Sector Hospitals by Nationality, 2021G",Capacity | Activity,0.5,YES
2022,2022-Chapter-IV-Health-Activities.xlsx,10,"OPD Encounters at Other Governmental Sector Hospitals and Polyclinics by Nationality, 2022G.",2023,Statistical-Yearbook-2023.xlsx,24.,"Inpatients in Other Governmental Sector Hospitals by Nationality, 2023G",Capacity | Activity,0.5,YES
2022,2022-Chapter-IV-Health-Activities.xlsx,10,"OPD Encounters at Other Governmental Sector Hospitals and Polyclinics by Nationality, 2022G.",2024,Statistical-Yearbook-2024.xlsx,4-27,"Inpatients in Other Governmental Sector Hospitals by Nationality, 2024G",Capacity | Activity,0.5,YES
2022,2022-Chapter-IV-Health-Activities.xlsx,21,المؤشرات المختارة عن خدمات مستشفيات وزارة الصحة (100 سرير فأكثر) حسب المنطقة الصحية عام 2022م.,2021,statistical-yearbook-2021-chapter-IV-health-activities.xlsx,24,بعض المؤشرات المختارة عن خدمات مستشفيات الصحة النفسية والرعاية المديدة والتأهيل بوزارة الصحة حسب المنطقة الصحية عام 2021م.,Capacity,0.5,YES
2022,2022-Chapter-IV-Health-Activities.xlsx,21,المؤشرات المختارة عن خدمات مستشفيات وزارة الصحة (100 سرير فأكثر) حسب المنطقة الصحية عام 2022م.,2023,Statistical-Yearbook-2023.xlsx,23.,بعض المؤشرات المختارة عن خدمات مستشفيات الصحة النفسية والرعاية المديدة والتأهيل بوزارة الصحة حسب المنطقة الصحية عام 2023م.,Capacity,0.5,YES
2022,2022-Chapter-IV-Health-Activities.xlsx,23,بعض المؤشرات المختارة عن خدمات مستشفيات الصحة النفسية والرعاية المديدة والتأهيل بوزارة الصحة حسب المنطقة الصحية عام 2022م.,2021,statistical-yearbook-2021-chapter-IV-health-activities.xlsx,22,المؤشرات المختارة عن خدمات مستشفيات وزارة الصحة (100 سرير فأكثر) حسب المنطقة الصحية عام 2021م.,Capacity,0.5,YES
2022,2022-Chapter-IV-Health-Activities.xlsx,23,بعض المؤشرات المختارة عن خدمات مستشفيات الصحة النفسية والرعاية المديدة والتأهيل بوزارة الصحة حسب المنطقة الصحية عام 2022م.,2023,Statistical-Yearbook-2023.xlsx,21.,المؤشرات المختارة عن خدمات مستشفيات وزارة الصحة (100 سرير فأكثر) حسب المنطقة الصحية عام 2023م.,Capacity,0.5,YES
2022,2022-Chapter-IV-Health-Activities.xlsx,24,"Inpatients in Other Governmental Sector Hospitals by Nationality, 2022G",2021,statistical-yearbook-2021-chapter-II-health-resources.xlsx,2.25,"Hospital Beds in Other Governmental Sector by Speciality, 2021G.",Capacity | Activity,0.5,YES
2022,2022-Chapter-IV-Health-Activities.xlsx,24,"Inpatients in Other Governmental Sector Hospitals by Nationality, 2022G",2021,statistical-yearbook-2021-chapter-IV-health-activities.xlsx,10,"OPD Encounters at Other Governmental Sector Hospitals and Polyclinics by Nationality, 2021G.",Capacity | Activity,0.5,YES
2022,2022-Chapter-IV-Health-Activities.xlsx,24,"Inpatients in Other Governmental Sector Hospitals by Nationality, 2022G",2023,Statistical-Yearbook-2023.xlsx,30,"Hospital Beds in Other Governmental Sector by Speciality, 2023G.",Capacity | Activity,0.5,YES
2022,2022-Chapter-IV-Health-Activities.xlsx,24,"Inpatients in Other Governmental Sector Hospitals by Nationality, 2022G",2023,Statistical-Yearbook-2023.xlsx,10..,"OPD Encounters at Other Governmental Sector Hospitals and Polyclinics by Nationality, 2023G.",Capacity | Activity,0.5,YES
2022,2022-Chapter-IV-Health-Activities.xlsx,24,"Inpatients in Other Governmental Sector Hospitals by Nationality, 2022G",2024,Statistical-Yearbook-2024.xlsx,2-10,"Hospital Beds in Other Governmental Sector by Speciality, 2024G.",Capacity | Activity,0.5,YES
2022,2022-Chapter-IV-Health-Activities.xlsx,26,الولادات بمستشفيات وزارة الصحة حسب المنطقة الصحية ونوع الولادة عام 2022م.,2021,statistical-yearbook-2021-chapter-II-health-resources.xlsx,2.15,أسرة العناية المركزة بمستشفيات وزارة الصحة حسب المنطقة الصحية لعام 2021م,Capacity,0.5,YES
2022,2022-Chapter-IV-Health-Activities.xlsx,26,الولادات بمستشفيات وزارة الصحة حسب المنطقة الصحية ونوع الولادة عام 2022م.,2023,Statistical-Yearbook-2023.xlsx,20,أسرة العناية المركزة بمستشفيات وزارة الصحة حسب المنطقة الصحية لعام 2023م,Capacity,0.5,YES
2022,2022-Chapter-IV-Health-Activities.xlsx,38,King Faisal Specialist Hospital,2024,Statistical-Yearbook-2024.xlsx,4-46,King Khalid Eye Specialist Hospital,Capacity,0.5,YES
2022,2022-Chapter-IV-Health-Activities.xlsx,38,King Faisal Specialist Hospital,2024,Statistical-Yearbook-2024.xlsx,4-56,King Khalid Eye Specialist Hospital,Capacity,0.5,YES
2022,2022-Chapter-IV-Health-Activities.xlsx,41,"Laboratory investigations at MoH Hospitals by Health Region and Type of investigations, 2022G.",2023,Statistical-Yearbook-2023.xlsx,42.,"Diagnostic Radiology Investigations at MoH Hospitals by Type of Investigation, 2023G.",Capacity,0.5,YES
2022,2022-Chapter-IV-Health-Activities.xlsx,41,"Laboratory investigations at MoH Hospitals by Health Region and Type of investigations, 2022G.",2024,Statistical-Yearbook-2024.xlsx,2-12,"Intensive Care Beds at MoH Hospitals By Health Cluster and Type of Intensive Care Bed, 2024G",Capacity,0.5,YES
2022,2022-Chapter-IV-Health-Activities.xlsx,41,"Laboratory investigations at MoH Hospitals by Health Region and Type of investigations, 2022G.",2024,Statistical-Yearbook-2024.xlsx,4-53,"Diagnostic Radiology Investigations at MoH Hospitals by Type of Investigation, 2024G.",Capacity,0.5,YES
2022,2022-Chapter-IV-Health-Activities.xlsx,43,King Faisal Specialist Hospital,2024,Statistical-Yearbook-2024.xlsx,4-46,King Khalid Eye Specialist Hospital,Capacity,0.5,YES
2022,2022-Chapter-IV-Health-Activities.xlsx,43,King Faisal Specialist Hospital,2024,Statistical-Yearbook-2024.xlsx,4-56,King Khalid Eye Specialist Hospital,Capacity,0.5,YES
2022,2022-Chapter-IV-Health-Activities.xlsx,47,King Faisal Specialist Hospital,2024,Statistical-Yearbook-2024.xlsx,4-11,King Khalid Eye Specialist Hospital,Capacity | Activity,0.5,YES
2021,Statistical-Yearbook-2021-Chapter-I-Health-Indicators.xlsx,11,"Population by Nationality, Gender, and Age groups, 2021G",2023,Statistical-Yearbook-2023.xlsx,2,"Population By Health Regions and Nationality, 2022G.",Population,0.5,YES
2021,statistical-yearbook-2021-chapter-II-health-resources.xlsx,2-4,Health Manpower in KSA Health Sectors in the Last Five Years,2023,Statistical-Yearbook-2023.xlsx,33,"Health Manpower in the Other Governmental Sector by Nationality, in the last Five Years",Workforce,0.5,YES
2021,statistical-yearbook-2021-chapter-II-health-resources.xlsx,2-4,Health Manpower in KSA Health Sectors in the Last Five Years,2024,Statistical-Yearbook-2024.xlsx,2-38,"Health Manpower in the Other Governmental Sector by Nationality, in the last Five Years",Workforce,0.5,YES
2021,statistical-yearbook-2021-chapter-II-health-resources.xlsx,2-5,"Physicians and Dentists in KSA Health Sectors by Speciality and Professional Categories, 2021G",2023,Statistical-Yearbook-2023.xlsx,8.,"Physicians and Dentists in the Other Governmental Sector by Gender, Nationality, Speciality and Professional Categories, 2023G",Workforce | Activity,0.5,YES
2021,statistical-yearbook-2021-chapter-II-health-resources.xlsx,2-5,"Physicians and Dentists in KSA Health Sectors by Speciality and Professional Categories, 2021G",2024,Statistical-Yearbook-2024.xlsx,2-21,"Physicians and Dentists in the Other Governmental Sector by Gender, Nationality, Speciality and Professional Categories, 2024G",Workforce | Activity,0.5,YES
2021,statistical-yearbook-2021-chapter-II-health-resources.xlsx,2.15,أسرة العناية المركزة بمستشفيات وزارة الصحة حسب المنطقة الصحية لعام 2021م,2023,Statistical-Yearbook-2023.xlsx,26.,الولادات بمستشفيات وزارة الصحة حسب المنطقة الصحية ونوع الولادة عام 2023م.,Capacity,0.5,YES
2021,statistical-yearbook-2021-chapter-II-health-resources.xlsx,2.17,"Health Manpower in MOH Hospitals by Nationality, in the last Five Years",2023,Statistical-Yearbook-2023.xlsx,27,"Physicians and Dentists in MoH Primary Health Care Centers by Speciality and Nationality, in the last Five Years",Capacity | Workforce,0.5,YES
2021,statistical-yearbook-2021-chapter-II-health-resources.xlsx,2.17,"Health Manpower in MOH Hospitals by Nationality, in the last Five Years",2024,Statistical-Yearbook-2024.xlsx,2-43,"Physicians and Dentists in MoH Primary Health Care Centers by Speciality and Nationality, in the last Five Years",Capacity | Workforce,0.5,YES
2021,statistical-yearbook-2021-chapter-II-health-resources.xlsx,2.22,"Physicians and Dentists in MOH Primary Health Care Centers by Speciality and Nationality, in the last Five Years",2023,Statistical-Yearbook-2023.xlsx,22,"Health Manpower in MoH Hospitals by Nationality, in the last Five Years",Capacity | Workforce,0.5,YES
2021,statistical-yearbook-2021-chapter-II-health-resources.xlsx,2.22,"Physicians and Dentists in MOH Primary Health Care Centers by Speciality and Nationality, in the last Five Years",2024,Statistical-Yearbook-2024.xlsx,2-40,"Health Manpower in MoH Hospitals by Nationality, in the last Five Years",Capacity | Workforce,0.5,YES
2021,statistical-yearbook-2021-chapter-II-health-resources.xlsx,2.23,القوى العاملة الصحية بمراكز الرعاية الصحية الأولية بوزارة الصحة حسب المنطقة الصحية والفئة والجنس والجنسية عام 2021م,2023,Statistical-Yearbook-2023.xlsx,29,الأطباء بمراكز الرعاية الصحية الأولية بوزارة الصحة حسب التخصصات الرئيسية والجنسية والجنس والمنطقة الصحية عام 2023م.,Capacity | Workforce,0.5,YES
2021,statistical-yearbook-2021-chapter-II-health-resources.xlsx,2.24,الأطباء بمراكز الرعاية الصحية الأولية بوزارة الصحة حسب التخصصات الرئيسية والجنسية والجنس والمنطقة الصحية عام 2021م.,2023,Statistical-Yearbook-2023.xlsx,28,القوى العاملة الصحية بمراكز الرعاية الصحية الأولية بوزارة الصحة حسب المنطقة الصحية والفئة والجنس والجنسية عام 2023م,Capacity | Workforce,0.5,YES
2021,statistical-yearbook-2021-chapter-II-health-resources.xlsx,2.25,"Hospital Beds in Other Governmental Sector by Speciality, 2021G.",2023,Statistical-Yearbook-2023.xlsx,24.,"Inpatients in Other Governmental Sector Hospitals by Nationality, 2023G",Capacity | Activity,0.5,YES
2021,statistical-yearbook-2021-chapter-II-health-resources.xlsx,2.25,"Hospital Beds in Other Governmental Sector by Speciality, 2021G.",2024,Statistical-Yearbook-2024.xlsx,4-27,"Inpatients in Other Governmental Sector Hospitals by Nationality, 2024G",Capacity | Activity,0.5,YES
2021,statistical-yearbook-2021-chapter-II-health-resources.xlsx,2.28,"Health Manpower in the Other Governmental Sector by Nationality, in the last Five Years",2023,Statistical-Yearbook-2023.xlsx,4.,Health Manpower in KSA Health Sectors in the Last Five Years,Workforce,0.5,YES
2021,statistical-yearbook-2021-chapter-II-health-resources.xlsx,2.28,"Health Manpower in the Other Governmental Sector by Nationality, in the last Five Years",2024,Statistical-Yearbook-2024.xlsx,2-17,Health Manpower in KSA Health Sectors in the Last Five Years,Workforce,0.5,YES
2021,statistical-yearbook-2021-chapter-II-health-resources.xlsx,2.28,"Health Manpower in the Other Governmental Sector by Nationality, in the last Five Years",2024,Statistical-Yearbook-2024.xlsx,2-28,"Health Manpower in Other Governmental Sector by Category, Gender and Nationality, 2024G",Workforce,0.5,YES
2021,statistical-yearbook-2021-chapter-II-health-resources.xlsx,2.29,"Private Sector Hospitals, Medical Complexes, Beds and Other Medical Facilities,by Health Region, 2021G.",2024,Statistical-Yearbook-2024.xlsx,2-14,"Private Sector Hospitals, Medical Complexes, Beds and Other Medical Facilities by MoH Branches & Offices, 2024G.",Capacity | Workforce,0.5,YES
2021,statistical-yearbook-2021-chapter-II-health-resources.xlsx,2.34,"Health Manpower in the Private Sector by Health Region,Category,Sex and Nationality, 2021G",2024,Statistical-Yearbook-2024.xlsx,2-26,"Health Manpower in the Private Sector by Category, Gender and Nationality in MoH Branches & Offices, 2024G",Workforce,0.5,YES
2021,statistical-yearbook-2021-chapter-II-health-resources.xlsx,2.35,"Health Manpower in Private Sector Hospitals by Health Region,Category,Sex and Nationality, 2021G",2024,Statistical-Yearbook-2024.xlsx,2-46,"Health Manpower in Private Sector Hospitals by Category, Gender and Nationality in MoH Branches & Offices, 2024G",Capacity | Workforce,0.5,YES
2021,statistical-yearbook-2021-chapter-II-health-resources.xlsx,2.36,"Health Manpower in Private Sector Medical Complexes by Health Region,Category,Sex and Nationality, 2021G",2024,Statistical-Yearbook-2024.xlsx,2-28,"Health Manpower in Other Governmental Sector by Category, Gender and Nationality, 2024G",Workforce,0.5,YES
2021,statistical-yearbook-2021-chapter-IV-health-activities.xlsx,10,"OPD Encounters at Other Governmental Sector Hospitals and Polyclinics by Nationality, 2021G.",2023,Statistical-Yearbook-2023.xlsx,24.,"Inpatients in Other Governmental Sector Hospitals by Nationality, 2023G",Capacity | Activity,0.5,YES
2021,statistical-yearbook-2021-chapter-IV-health-activities.xlsx,10,"OPD Encounters at Other Governmental Sector Hospitals and Polyclinics by Nationality, 2021G.",2024,Statistical-Yearbook-2024.xlsx,4-27,"Inpatients in Other Governmental Sector Hospitals by Nationality, 2024G",Capacity | Activity,0.5,YES
2021,statistical-yearbook-2021-chapter-IV-health-activities.xlsx,22,المؤشرات المختارة عن خدمات مستشفيات وزارة الصحة (100 سرير فأكثر) حسب المنطقة الصحية عام 2021م.,2023,Statistical-Yearbook-2023.xlsx,23.,بعض المؤشرات المختارة عن خدمات مستشفيات الصحة النفسية والرعاية المديدة والتأهيل بوزارة الصحة حسب المنطقة الصحية عام 2023م.,Capacity,0.5,YES
2021,statistical-yearbook-2021-chapter-IV-health-activities.xlsx,24,بعض المؤشرات المختارة عن خدمات مستشفيات الصحة النفسية والرعاية المديدة والتأهيل بوزارة الصحة حسب المنطقة الصحية عام 2021م.,2023,Statistical-Yearbook-2023.xlsx,21.,المؤشرات المختارة عن خدمات مستشفيات وزارة الصحة (100 سرير فأكثر) حسب المنطقة الصحية عام 2023م.,Capacity,0.5,YES
2021,statistical-yearbook-2021-chapter-IV-health-activities.xlsx,25,"Inpatients in Other Governmental Sector Hospitals by Nationality, 2021G",2023,Statistical-Yearbook-2023.xlsx,30,"Hospital Beds in Other Governmental Sector by Speciality, 2023G.",Capacity | Activity,0.5,YES
2021,statistical-yearbook-2021-chapter-IV-health-activities.xlsx,25,"Inpatients in Other Governmental Sector Hospitals by Nationality, 2021G",2023,Statistical-Yearbook-2023.xlsx,10..,"OPD Encounters at Other Governmental Sector Hospitals and Polyclinics by Nationality, 2023G.",Capacity | Activity,0.5,YES
2021,statistical-yearbook-2021-chapter-IV-health-activities.xlsx,25,"Inpatients in Other Governmental Sector Hospitals by Nationality, 2021G",2024,Statistical-Yearbook-2024.xlsx,2-10,"Hospital Beds in Other Governmental Sector by Speciality, 2024G.",Capacity | Activity,0.5,YES
2021,statistical-yearbook-2021-chapter-IV-health-activities.xlsx,27,الولادات بمستشفيات وزارة الصحة حسب المنطقة الصحية ونوع الولادة عام 2021م.,2023,Statistical-Yearbook-2023.xlsx,20,أسرة العناية المركزة بمستشفيات وزارة الصحة حسب المنطقة الصحية لعام 2023م,Capacity,0.5,YES
2021,statistical-yearbook-2021-chapter-IV-health-activities.xlsx,39,King Faisal Specialist Hospital,2024,Statistical-Yearbook-2024.xlsx,4-46,King Khalid Eye Specialist Hospital,Capacity,0.5,YES
2021,statistical-yearbook-2021-chapter-IV-health-activities.xlsx,39,King Faisal Specialist Hospital,2024,Statistical-Yearbook-2024.xlsx,4-56,King Khalid Eye Specialist Hospital,Capacity,0.5,YES
2021,statistical-yearbook-2021-chapter-IV-health-activities.xlsx,45,King Faisal Specialist Hospital,2024,Statistical-Yearbook-2024.xlsx,4-46,King Khalid Eye Specialist Hospital,Capacity,0.5,YES
2021,statistical-yearbook-2021-chapter-IV-health-activities.xlsx,45,King Faisal Specialist Hospital,2024,Statistical-Yearbook-2024.xlsx,4-56,King Khalid Eye Specialist Hospital,Capacity,0.5,YES
2021,statistical-yearbook-2021-chapter-IV-health-activities.xlsx,49,King Faisal Specialist Hospital,2024,Statistical-Yearbook-2024.xlsx,4-11,King Khalid Eye Specialist Hospital,Capacity | Activity,0.5,YES
2023,Statistical-Yearbook-2023.xlsx,2,"Population By Health Regions and Nationality, 2022G.",2024,Statistical-Yearbook-2024.xlsx,1-3,"Population by Nationality, Gender, and Age group, 2024G",Population,0.5,YES
2023,Statistical-Yearbook-2023.xlsx,2,"Population By Health Regions and Nationality, 2022G.",2024,Statistical-Yearbook-2024.xlsx,1-4,"Population by Nationality, Gender, and Age group, 2023G",Population,0.5,YES
2023,Statistical-Yearbook-2023.xlsx,4.,Health Manpower in KSA Health Sectors in the Last Five Years,2024,Statistical-Yearbook-2024.xlsx,2-38,"Health Manpower in the Other Governmental Sector by Nationality, in the last Five Years",Workforce,0.5,YES
2023,Statistical-Yearbook-2023.xlsx,5.,"Physicians and Dentists in KSA Health Sectors by Speciality and Professional Categories, 2023G",2024,Statistical-Yearbook-2024.xlsx,2-21,"Physicians and Dentists in the Other Governmental Sector by Gender, Nationality, Speciality and Professional Categories, 2024G",Workforce | Activity,0.5,YES
2023,Statistical-Yearbook-2023.xlsx,6.,"Health Manpower in KSA Health Sectors by Category, Sex and Nationality, 2023G",2024,Statistical-Yearbook-2024.xlsx,2-24,"Health Manpower in MoH Branches & Offices by Category, Gender and Nationality, 2024G",Workforce,0.5,YES
2023,Statistical-Yearbook-2023.xlsx,6.,"Health Manpower in KSA Health Sectors by Category, Sex and Nationality, 2023G",2024,Statistical-Yearbook-2024.xlsx,2-27,"Health Manpower in all KSA Health Sectors by Category, Gender and Nationality in MoH Branches & Offices, 2024G",Workforce,0.5,YES
2023,Statistical-Yearbook-2023.xlsx,8.,"Physicians and Dentists in the Other Governmental Sector by Gender, Nationality, Speciality and Professional Categories, 2023G",2024,Statistical-Yearbook-2024.xlsx,2-19,"Physicians and Dentists in KSA Health Sectors by Speciality and Professional Categories, 2024G",Workforce | Activity,0.5,YES
2023,Statistical-Yearbook-2023.xlsx,9.,"Physicians and Dentists in the Private Sector by Gender, Nationality, Speciality and Professional Categories, 2023G",2024,Statistical-Yearbook-2024.xlsx,2-31,"Physicians and Dentists in the Private Sector by Speciality, Professional Categories in MoH Branches & Offices, 2024G",Workforce | Activity,0.5,YES
2023,Statistical-Yearbook-2023.xlsx,22,"Health Manpower in MoH Hospitals by Nationality, in the last Five Years",2024,Statistical-Yearbook-2024.xlsx,2-43,"Physicians and Dentists in MoH Primary Health Care Centers by Speciality and Nationality, in the last Five Years",Capacity | Workforce,0.5,YES
2023,Statistical-Yearbook-2023.xlsx,27,"Physicians and Dentists in MoH Primary Health Care Centers by Speciality and Nationality, in the last Five Years",2024,Statistical-Yearbook-2024.xlsx,2-40,"Health Manpower in MoH Hospitals by Nationality, in the last Five Years",Capacity | Workforce,0.5,YES
2023,Statistical-Yearbook-2023.xlsx,30,"Hospital Beds in Other Governmental Sector by Speciality, 2023G.",2024,Statistical-Yearbook-2024.xlsx,4-27,"Inpatients in Other Governmental Sector Hospitals by Nationality, 2024G",Capacity | Activity,0.5,YES
2023,Statistical-Yearbook-2023.xlsx,33,"Health Manpower in the Other Governmental Sector by Nationality, in the last Five Years",2024,Statistical-Yearbook-2024.xlsx,2-17,Health Manpower in KSA Health Sectors in the Last Five Years,Workforce,0.5,YES
2023,Statistical-Yearbook-2023.xlsx,33,"Health Manpower in the Other Governmental Sector by Nationality, in the last Five Years",2024,Statistical-Yearbook-2024.xlsx,2-28,"Health Manpower in Other Governmental Sector by Category, Gender and Nationality, 2024G",Workforce,0.5,YES
2023,Statistical-Yearbook-2023.xlsx,39,"Health Manpower in the Private Sector by Health Region,Category,Sex and Nationality, 2023G",2024,Statistical-Yearbook-2024.xlsx,2-26,"Health Manpower in the Private Sector by Category, Gender and Nationality in MoH Branches & Offices, 2024G",Workforce,0.5,YES
2023,Statistical-Yearbook-2023.xlsx,40,"Health Manpower in Private Sector Hospitals by Health Region,Category,Sex and Nationality, 2023G",2024,Statistical-Yearbook-2024.xlsx,2-46,"Health Manpower in Private Sector Hospitals by Category, Gender and Nationality in MoH Branches & Offices, 2024G",Capacity | Workforce,0.5,YES
2023,Statistical-Yearbook-2023.xlsx,10..,"OPD Encounters at Other Governmental Sector Hospitals and Polyclinics by Nationality, 2023G.",2024,Statistical-Yearbook-2024.xlsx,4-27,"Inpatients in Other Governmental Sector Hospitals by Nationality, 2024G",Capacity | Activity,0.5,YES
2023,Statistical-Yearbook-2023.xlsx,24.,"Inpatients in Other Governmental Sector Hospitals by Nationality, 2023G",2024,Statistical-Yearbook-2024.xlsx,2-10,"Hospital Beds in Other Governmental Sector by Speciality, 2024G.",Capacity | Activity,0.5,YES
2023,Statistical-Yearbook-2023.xlsx,38.,King Faisal Specialist Hospital,2024,Statistical-Yearbook-2024.xlsx,4-46,King Khalid Eye Specialist Hospital,Capacity,0.5,YES
2023,Statistical-Yearbook-2023.xlsx,38.,King Faisal Specialist Hospital,2024,Statistical-Yearbook-2024.xlsx,4-56,King Khalid Eye Specialist Hospital,Capacity,0.5,YES
2023,Statistical-Yearbook-2023.xlsx,41.,"Laboratory investigations at MoH Hospitals by Health Region and Type of investigations, 2023G.",2024,Statistical-Yearbook-2024.xlsx,2-12,"Intensive Care Beds at MoH Hospitals By Health Cluster and Type of Intensive Care Bed, 2024G",Capacity,0.5,YES
2023,Statistical-Yearbook-2023.xlsx,41.,"Laboratory investigations at MoH Hospitals by Health Region and Type of investigations, 2023G.",2024,Statistical-Yearbook-2024.xlsx,4-53,"Diagnostic Radiology Investigations at MoH Hospitals by Type of Investigation, 2024G.",Capacity,0.5,YES
2023,Statistical-Yearbook-2023.xlsx,44.,King Faisal Specialist Hospital,2024,Statistical-Yearbook-2024.xlsx,4-46,King Khalid Eye Specialist Hospital,Capacity,0.5,YES
2023,Statistical-Yearbook-2023.xlsx,44.,King Faisal Specialist Hospital,2024,Statistical-Yearbook-2024.xlsx,4-56,King Khalid Eye Specialist Hospital,Capacity,0.5,YES
2023,Statistical-Yearbook-2023.xlsx,48.,King Faisal Specialist Hospital,2024,Statistical-Yearbook-2024.xlsx,4-11,King Khalid Eye Specialist Hospital,Capacity | Activity,0.5,YES
2023,Statistical-Yearbook-2023.xlsx,8.,"Physicians and Dentists in the Other Governmental Sector by Gender, Nationality, Speciality and Professional Categories, 2023G",2024,Statistical-Yearbook-2024.xlsx,2-30,"Other Governmental Sector' Physicians and Dentists by Speciality and Professional Categories in MoH Branches & Facilities, 2024G.",Workforce | Activity,0.476,YES
2023,Statistical-Yearbook-2023.xlsx,7.,"Physicians and Dentists in MoH by Gender, Nationality, Speciality and Professional Categories, 2023G",2024,Statistical-Yearbook-2024.xlsx,2-30,"Other Governmental Sector' Physicians and Dentists by Speciality and Professional Categories in MoH Branches & Facilities, 2024G.",Workforce | Activity,0.474,YES
2022,2022-Chapter-II-Health-Resources.xlsx,2.31,"Hospital Beds at Private Sector by Health Region and Speciality , 2022G.",2021,statistical-yearbook-2021-chapter-IV-health-activities.xlsx,4-32,"Surgical Interventions in the Private Sector by Health Region and Hospital Sections, 2020G.",Capacity | Activity,0.471,YES
2022,2022-Chapter-II-Health-Resources.xlsx,2.31,"Hospital Beds at Private Sector by Health Region and Speciality , 2022G.",2024,Statistical-Yearbook-2024.xlsx,2-11,"Hospital Beds at Private Sector by MoH Branches & Offices and Speciality, 2024G.",Capacity | Activity,0.471,YES
2022,2022-Chapter-IV-Health-Activities.xlsx,4-32,"Surgical Interventions in the Private Sector by Health Region and Hospital Sections, 2020G.",2021,statistical-yearbook-2021-chapter-II-health-resources.xlsx,2.31,"Hospital Beds at Private Sector by Health Region and Speciality , 2021G.",Capacity | Activity,0.471,YES
2022,2022-Chapter-IV-Health-Activities.xlsx,4-32,"Surgical Interventions in the Private Sector by Health Region and Hospital Sections, 2020G.",2023,Statistical-Yearbook-2023.xlsx,36,"Hospital Beds at Private Sector by Health Region and Speciality , 2023G.",Capacity | Activity,0.471,YES
2022,2022-Chapter-IV-Health-Activities.xlsx,4-32,"Surgical Interventions in the Private Sector by Health Region and Hospital Sections, 2020G.",2024,Statistical-Yearbook-2024.xlsx,4-36,"Surgical Interventions at MoH Hospitals by Health Clusters and Hospital Sections, 2024G.",Capacity | Activity,0.471,YES
2021,statistical-yearbook-2021-chapter-II-health-resources.xlsx,2.31,"Hospital Beds at Private Sector by Health Region and Speciality , 2021G.",2024,Statistical-Yearbook-2024.xlsx,2-11,"Hospital Beds at Private Sector by MoH Branches & Offices and Speciality, 2024G.",Capacity | Activity,0.471,YES
2021,statistical-yearbook-2021-chapter-IV-health-activities.xlsx,4-32,"Surgical Interventions in the Private Sector by Health Region and Hospital Sections, 2020G.",2023,Statistical-Yearbook-2023.xlsx,36,"Hospital Beds at Private Sector by Health Region and Speciality , 2023G.",Capacity | Activity,0.471,YES
2021,statistical-yearbook-2021-chapter-IV-health-activities.xlsx,4-32,"Surgical Interventions in the Private Sector by Health Region and Hospital Sections, 2020G.",2024,Statistical-Yearbook-2024.xlsx,4-36,"Surgical Interventions at MoH Hospitals by Health Clusters and Hospital Sections, 2024G.",Capacity | Activity,0.471,YES
2023,Statistical-Yearbook-2023.xlsx,36,"Hospital Beds at Private Sector by Health Region and Speciality , 2023G.",2024,Statistical-Yearbook-2024.xlsx,2-11,"Hospital Beds at Private Sector by MoH Branches & Offices and Speciality, 2024G.",Capacity | Activity,0.471,YES
2022,2022-Chapter-II-Health-Resources.xlsx,2.17,"Health Manpower in MoH Hospitals by Nationality, in the last Five Years",2021,statistical-yearbook-2021-chapter-II-health-resources.xlsx,2.21,"Health Manpower in Primary Health Care Centers, MOH, in the last Five Years",Capacity | Workforce,0.467,YES
2022,2022-Chapter-II-Health-Resources.xlsx,2.17,"Health Manpower in MoH Hospitals by Nationality, in the last Five Years",2023,Statistical-Yearbook-2023.xlsx,26,"Health Manpower in Primary Health Care Centers, MoH, in the last Five Years",Capacity | Workforce,0.467,YES
2022,2022-Chapter-II-Health-Resources.xlsx,2.17,"Health Manpower in MoH Hospitals by Nationality, in the last Five Years",2024,Statistical-Yearbook-2024.xlsx,2-42,"Health Manpower in Primary Health Care Centers, MoH, in the last Five Years",Capacity | Workforce,0.467,YES
2022,2022-Chapter-II-Health-Resources.xlsx,2.21,"Health Manpower in Primary Health Care Centers, MoH, in the last Five Years",2021,statistical-yearbook-2021-chapter-II-health-resources.xlsx,2.17,"Health Manpower in MOH Hospitals by Nationality, in the last Five Years",Capacity | Workforce,0.467,YES
2022,2022-Chapter-II-Health-Resources.xlsx,2.21,"Health Manpower in Primary Health Care Centers, MoH, in the last Five Years",2023,Statistical-Yearbook-2023.xlsx,22,"Health Manpower in MoH Hospitals by Nationality, in the last Five Years",Capacity | Workforce,0.467,YES
2022,2022-Chapter-II-Health-Resources.xlsx,2.21,"Health Manpower in Primary Health Care Centers, MoH, in the last Five Years",2024,Statistical-Yearbook-2024.xlsx,2-40,"Health Manpower in MoH Hospitals by Nationality, in the last Five Years",Capacity | Workforce,0.467,YES
2022,2022-Chapter-II-Health-Resources.xlsx,2.34,"Health Manpower in the Private Sector by Health Region,Category,Sex and Nationality, 2022G",2023,Statistical-Yearbook-2023.xlsx,6.,"Health Manpower in KSA Health Sectors by Category, Sex and Nationality, 2023G",Workforce,0.467,YES
2022,2022-Chapter-II-Health-Resources.xlsx,2.34,"Health Manpower in the Private Sector by Health Region,Category,Sex and Nationality, 2022G",2024,Statistical-Yearbook-2024.xlsx,2-18,"Health Manpower in KSA Health Sectors by Category, Sex and Nationality, 2024G",Workforce,0.467,YES
2022,2022-Chapter-IV-Health-Activities.xlsx,10,"OPD Encounters at Other Governmental Sector Hospitals and Polyclinics by Nationality, 2022G.",2021,statistical-yearbook-2021-chapter-IV-health-activities.xlsx,31,"Surgical Interventions at Other Governmental Sector Hospitals by Section, 2021G",Capacity | Activity,0.467,YES
2022,2022-Chapter-IV-Health-Activities.xlsx,10,"OPD Encounters at Other Governmental Sector Hospitals and Polyclinics by Nationality, 2022G.",2023,Statistical-Yearbook-2023.xlsx,30.,"Surgical Interventions at Other Governmental Sector Hospitals by Section, 2023G",Capacity | Activity,0.467,YES
2022,2022-Chapter-IV-Health-Activities.xlsx,10,"OPD Encounters at Other Governmental Sector Hospitals and Polyclinics by Nationality, 2022G.",2024,Statistical-Yearbook-2024.xlsx,4-37,"Surgical Interventions at Other Governmental Sector Hospitals by Section, 2024G",Capacity | Activity,0.467,YES
2022,2022-Chapter-IV-Health-Activities.xlsx,30,"Surgical Interventions at Other Governmental Sector Hospitals by Section, 2022G",2021,statistical-yearbook-2021-chapter-IV-health-activities.xlsx,10,"OPD Encounters at Other Governmental Sector Hospitals and Polyclinics by Nationality, 2021G.",Capacity | Activity,0.467,YES
2022,2022-Chapter-IV-Health-Activities.xlsx,30,"Surgical Interventions at Other Governmental Sector Hospitals by Section, 2022G",2023,Statistical-Yearbook-2023.xlsx,10..,"OPD Encounters at Other Governmental Sector Hospitals and Polyclinics by Nationality, 2023G.",Capacity | Activity,0.467,YES
2021,statistical-yearbook-2021-chapter-II-health-resources.xlsx,2-9,"Allied Health Personnel by Speciality , Nationality & Sex, 2021G",2024,Statistical-Yearbook-2024.xlsx,2-36,"Allied Health Personnel in all Health Sectors by Speciality, Nationality & Gender, 2024G",Activity,0.467,YES
2021,statistical-yearbook-2021-chapter-II-health-resources.xlsx,2.17,"Health Manpower in MOH Hospitals by Nationality, in the last Five Years",2023,Statistical-Yearbook-2023.xlsx,26,"Health Manpower in Primary Health Care Centers, MoH, in the last Five Years",Capacity | Workforce,0.467,YES
2021,statistical-yearbook-2021-chapter-II-health-resources.xlsx,2.17,"Health Manpower in MOH Hospitals by Nationality, in the last Five Years",2024,Statistical-Yearbook-2024.xlsx,2-42,"Health Manpower in Primary Health Care Centers, MoH, in the last Five Years",Capacity | Workforce,0.467,YES
2021,statistical-yearbook-2021-chapter-II-health-resources.xlsx,2.21,"Health Manpower in Primary Health Care Centers, MOH, in the last Five Years",2023,Statistical-Yearbook-2023.xlsx,22,"Health Manpower in MoH Hospitals by Nationality, in the last Five Years",Capacity | Workforce,0.467,YES
2021,statistical-yearbook-2021-chapter-II-health-resources.xlsx,2.21,"Health Manpower in Primary Health Care Centers, MOH, in the last Five Years",2024,Statistical-Yearbook-2024.xlsx,2-40,"Health Manpower in MoH Hospitals by Nationality, in the last Five Years",Capacity | Workforce,0.467,YES
2021,statistical-yearbook-2021-chapter-II-health-resources.xlsx,2.34,"Health Manpower in the Private Sector by Health Region,Category,Sex and Nationality, 2021G",2023,Statistical-Yearbook-2023.xlsx,6.,"Health Manpower in KSA Health Sectors by Category, Sex and Nationality, 2023G",Workforce,0.467,YES
2021,statistical-yearbook-2021-chapter-II-health-resources.xlsx,2.34,"Health Manpower in the Private Sector by Health Region,Category,Sex and Nationality, 2021G",2024,Statistical-Yearbook-2024.xlsx,2-18,"Health Manpower in KSA Health Sectors by Category, Sex and Nationality, 2024G",Workforce,0.467,YES
2021,statistical-yearbook-2021-chapter-IV-health-activities.xlsx,10,"OPD Encounters at Other Governmental Sector Hospitals and Polyclinics by Nationality, 2021G.",2023,Statistical-Yearbook-2023.xlsx,30.,"Surgical Interventions at Other Governmental Sector Hospitals by Section, 2023G",Capacity | Activity,0.467,YES
2021,statistical-yearbook-2021-chapter-IV-health-activities.xlsx,10,"OPD Encounters at Other Governmental Sector Hospitals and Polyclinics by Nationality, 2021G.",2024,Statistical-Yearbook-2024.xlsx,4-37,"Surgical Interventions at Other Governmental Sector Hospitals by Section, 2024G",Capacity | Activity,0.467,YES
2021,statistical-yearbook-2021-chapter-IV-health-activities.xlsx,31,"Surgical Interventions at Other Governmental Sector Hospitals by Section, 2021G",2023,Statistical-Yearbook-2023.xlsx,10..,"OPD Encounters at Other Governmental Sector Hospitals and Polyclinics by Nationality, 2023G.",Capacity | Activity,0.467,YES
2023,Statistical-Yearbook-2023.xlsx,22,"Health Manpower in MoH Hospitals by Nationality, in the last Five Years",2024,Statistical-Yearbook-2024.xlsx,2-42,"Health Manpower in Primary Health Care Centers, MoH, in the last Five Years",Capacity | Workforce,0.467,YES
2023,Statistical-Yearbook-2023.xlsx,26,"Health Manpower in Primary Health Care Centers, MoH, in the last Five Years",2024,Statistical-Yearbook-2024.xlsx,2-40,"Health Manpower in MoH Hospitals by Nationality, in the last Five Years",Capacity | Workforce,0.467,YES
2023,Statistical-Yearbook-2023.xlsx,39,"Health Manpower in the Private Sector by Health Region,Category,Sex and Nationality, 2023G",2024,Statistical-Yearbook-2024.xlsx,2-18,"Health Manpower in KSA Health Sectors by Category, Sex and Nationality, 2024G",Workforce,0.467,YES
2023,Statistical-Yearbook-2023.xlsx,10..,"OPD Encounters at Other Governmental Sector Hospitals and Polyclinics by Nationality, 2023G.",2024,Statistical-Yearbook-2024.xlsx,4-37,"Surgical Interventions at Other Governmental Sector Hospitals by Section, 2024G",Capacity | Activity,0.467,YES
2022,2022-Chapter-IV-Health-Activities.xlsx,24,"Inpatients in Other Governmental Sector Hospitals by Nationality, 2022G",2021,statistical-yearbook-2021-chapter-IV-health-activities.xlsx,31,"Surgical Interventions at Other Governmental Sector Hospitals by Section, 2021G",Capacity | Activity,0.462,YES
2022,2022-Chapter-IV-Health-Activities.xlsx,24,"Inpatients in Other Governmental Sector Hospitals by Nationality, 2022G",2023,Statistical-Yearbook-2023.xlsx,30.,"Surgical Interventions at Other Governmental Sector Hospitals by Section, 2023G",Capacity | Activity,0.462,YES
2022,2022-Chapter-IV-Health-Activities.xlsx,24,"Inpatients in Other Governmental Sector Hospitals by Nationality, 2022G",2024,Statistical-Yearbook-2024.xlsx,4-37,"Surgical Interventions at Other Governmental Sector Hospitals by Section, 2024G",Capacity | Activity,0.462,YES
2022,2022-Chapter-IV-Health-Activities.xlsx,30,"Surgical Interventions at Other Governmental Sector Hospitals by Section, 2022G",2021,statistical-yearbook-2021-chapter-IV-health-activities.xlsx,25,"Inpatients in Other Governmental Sector Hospitals by Nationality, 2021G",Capacity | Activity,0.462,YES
2022,2022-Chapter-IV-Health-Activities.xlsx,30,"Surgical Interventions at Other Governmental Sector Hospitals by Section, 2022G",2023,Statistical-Yearbook-2023.xlsx,24.,"Inpatients in Other Governmental Sector Hospitals by Nationality, 2023G",Capacity | Activity,0.462,YES
2022,2022-Chapter-IV-Health-Activities.xlsx,30,"Surgical Interventions at Other Governmental Sector Hospitals by Section, 2022G",2024,Statistical-Yearbook-2024.xlsx,4-27,"Inpatients in Other Governmental Sector Hospitals by Nationality, 2024G",Capacity | Activity,0.462,YES
2021,statistical-yearbook-2021-chapter-IV-health-activities.xlsx,25,"Inpatients in Other Governmental Sector Hospitals by Nationality, 2021G",2023,Statistical-Yearbook-2023.xlsx,30.,"Surgical Interventions at Other Governmental Sector Hospitals by Section, 2023G",Capacity | Activity,0.462,YES
2021,statistical-yearbook-2021-chapter-IV-health-activities.xlsx,25,"Inpatients in Other Governmental Sector Hospitals by Nationality, 2021G",2024,Statistical-Yearbook-2024.xlsx,4-37,"Surgical Interventions at Other Governmental Sector Hospitals by Section, 2024G",Capacity | Activity,0.462,YES
2021,statistical-yearbook-2021-chapter-IV-health-activities.xlsx,31,"Surgical Interventions at Other Governmental Sector Hospitals by Section, 2021G",2023,Statistical-Yearbook-2023.xlsx,24.,"Inpatients in Other Governmental Sector Hospitals by Nationality, 2023G",Capacity | Activity,0.462,YES
2021,statistical-yearbook-2021-chapter-IV-health-activities.xlsx,31,"Surgical Interventions at Other Governmental Sector Hospitals by Section, 2021G",2024,Statistical-Yearbook-2024.xlsx,4-27,"Inpatients in Other Governmental Sector Hospitals by Nationality, 2024G",Capacity | Activity,0.462,YES
2023,Statistical-Yearbook-2023.xlsx,24.,"Inpatients in Other Governmental Sector Hospitals by Nationality, 2023G",2024,Statistical-Yearbook-2024.xlsx,4-37,"Surgical Interventions at Other Governmental Sector Hospitals by Section, 2024G",Capacity | Activity,0.462,YES
2023,Statistical-Yearbook-2023.xlsx,30.,"Surgical Interventions at Other Governmental Sector Hospitals by Section, 2023G",2024,Statistical-Yearbook-2024.xlsx,4-27,"Inpatients in Other Governmental Sector Hospitals by Nationality, 2024G",Capacity | Activity,0.462,YES
2022,2022-Chapter-II-Health-Resources.xlsx,2-10,القابلات بمرافق وزارة الصحة حسب المنطقة الصحية عام 2022م,2021,statistical-yearbook-2021-chapter-II-health-resources.xlsx,2-12,مستشفيات وزارة الصحة وعدد الأسرة حسب المنطقة الصحية والتخصص لعام 2021م,Capacity,0.455,YES
2022,2022-Chapter-II-Health-Resources.xlsx,2-10,القابلات بمرافق وزارة الصحة حسب المنطقة الصحية عام 2022م,2021,statistical-yearbook-2021-chapter-II-health-resources.xlsx,2.15,أسرة العناية المركزة بمستشفيات وزارة الصحة حسب المنطقة الصحية لعام 2021م,Capacity,0.455,YES
2022,2022-Chapter-II-Health-Resources.xlsx,2-10,القابلات بمرافق وزارة الصحة حسب المنطقة الصحية عام 2022م,2021,statistical-yearbook-2021-chapter-IV-health-activities.xlsx,27,الولادات بمستشفيات وزارة الصحة حسب المنطقة الصحية ونوع الولادة عام 2021م.,Capacity,0.455,YES
2022,2022-Chapter-II-Health-Resources.xlsx,2-10,القابلات بمرافق وزارة الصحة حسب المنطقة الصحية عام 2022م,2023,Statistical-Yearbook-2023.xlsx,17,مستشفيات وزارة الصحة وعدد الأسرة حسب المنطقة الصحية والتخصص لعام 2023م,Capacity,0.455,YES
2022,2022-Chapter-II-Health-Resources.xlsx,2-10,القابلات بمرافق وزارة الصحة حسب المنطقة الصحية عام 2022م,2023,Statistical-Yearbook-2023.xlsx,20,أسرة العناية المركزة بمستشفيات وزارة الصحة حسب المنطقة الصحية لعام 2023م,Capacity,0.455,YES
2022,2022-Chapter-II-Health-Resources.xlsx,2-10,القابلات بمرافق وزارة الصحة حسب المنطقة الصحية عام 2022م,2023,Statistical-Yearbook-2023.xlsx,26.,الولادات بمستشفيات وزارة الصحة حسب المنطقة الصحية ونوع الولادة عام 2023م.,Capacity,0.455,YES
2022,2022-Chapter-II-Health-Resources.xlsx,2-12,مستشفيات وزارة الصحة وعدد الأسرة حسب المنطقة الصحية والتخصص لعام 2022م,2021,statistical-yearbook-2021-chapter-II-health-resources.xlsx,2-10,القابلات بمرافق وزارة الصحة حسب المنطقة الصحية عام 2021م,Capacity,0.455,YES
2022,2022-Chapter-II-Health-Resources.xlsx,2-12,مستشفيات وزارة الصحة وعدد الأسرة حسب المنطقة الصحية والتخصص لعام 2022م,2023,Statistical-Yearbook-2023.xlsx,15,القابلات بمرافق وزارة الصحة حسب المنطقة الصحية عام 2023م,Capacity,0.455,YES
2022,2022-Chapter-II-Health-Resources.xlsx,2.14,الأسرة بمستشفيات وزارة الصحة حسب المنطقة الصحية والتخصص لعام 2022م,2021,statistical-yearbook-2021-chapter-II-health-resources.xlsx,2.16,أسرة العزل والطوارئ بمستشفيات وزارة الصحة حسب المنطقة الصحية لعام 2021,Capacity | Activity,0.455,YES
2022,2022-Chapter-II-Health-Resources.xlsx,2.15,أسرة العناية المركزة بمستشفيات وزارة الصحة حسب المنطقة الصحية لعام 2022م,2021,statistical-yearbook-2021-chapter-II-health-resources.xlsx,2-10,القابلات بمرافق وزارة الصحة حسب المنطقة الصحية عام 2021م,Capacity,0.455,YES
2022,2022-Chapter-II-Health-Resources.xlsx,2.15,أسرة العناية المركزة بمستشفيات وزارة الصحة حسب المنطقة الصحية لعام 2022م,2023,Statistical-Yearbook-2023.xlsx,15,القابلات بمرافق وزارة الصحة حسب المنطقة الصحية عام 2023م,Capacity,0.455,YES
2022,2022-Chapter-II-Health-Resources.xlsx,2.16,أسرة العزل والطوارئ بمستشفيات وزارة الصحة حسب المنطقة الصحية لعام 2022,2021,statistical-yearbook-2021-chapter-II-health-resources.xlsx,2.14,الأسرة بمستشفيات وزارة الصحة حسب المنطقة الصحية والتخصص لعام 2021م,Capacity | Activity,0.455,YES
2022,2022-Chapter-II-Health-Resources.xlsx,2.16,أسرة العزل والطوارئ بمستشفيات وزارة الصحة حسب المنطقة الصحية لعام 2022,2021,statistical-yearbook-2021-chapter-IV-health-activities.xlsx,19,المنومون بمستشفيات وزارة الصحة حسب المنطقة الصحية والجنسية عام 2021م.,Capacity | Activity,0.455,YES
2022,2022-Chapter-II-Health-Resources.xlsx,2.16,أسرة العزل والطوارئ بمستشفيات وزارة الصحة حسب المنطقة الصحية لعام 2022,2023,Statistical-Yearbook-2023.xlsx,19,الأسرة بمستشفيات وزارة الصحة حسب المنطقة الصحية والتخصص لعام 2023م,Capacity | Activity,0.455,YES
2022,2022-Chapter-II-Health-Resources.xlsx,2.16,أسرة العزل والطوارئ بمستشفيات وزارة الصحة حسب المنطقة الصحية لعام 2022,2023,Statistical-Yearbook-2023.xlsx,19.,المنومون بمستشفيات وزارة الصحة حسب المنطقة الصحية والجنسية عام 2023م.,Capacity | Activity,0.455,YES
2022,2022-Chapter-IV-Health-Activities.xlsx,19,المنومون بمستشفيات وزارة الصحة حسب المنطقة الصحية والجنسية عام 2022م.,2021,statistical-yearbook-2021-chapter-II-health-resources.xlsx,2.16,أسرة العزل والطوارئ بمستشفيات وزارة الصحة حسب المنطقة الصحية لعام 2021,Capacity | Activity,0.455,YES
2022,2022-Chapter-IV-Health-Activities.xlsx,26,الولادات بمستشفيات وزارة الصحة حسب المنطقة الصحية ونوع الولادة عام 2022م.,2021,statistical-yearbook-2021-chapter-II-health-resources.xlsx,2-10,القابلات بمرافق وزارة الصحة حسب المنطقة الصحية عام 2021م,Capacity,0.455,YES
2022,2022-Chapter-IV-Health-Activities.xlsx,26,الولادات بمستشفيات وزارة الصحة حسب المنطقة الصحية ونوع الولادة عام 2022م.,2023,Statistical-Yearbook-2023.xlsx,15,القابلات بمرافق وزارة الصحة حسب المنطقة الصحية عام 2023م,Capacity,0.455,YES
2022,2022-Chapter-IV-Health-Activities.xlsx,32ملغى,جراحات اليوم الواحد بوزارة الصحة حسب المنطقة الصحية لعام 2020م.,2021,statistical-yearbook-2021-chapter-IV-health-activities.xlsx,47,أنشطة بنوك الدم بوزارة الصحة حسب المنطقة الصحية عام 2021م.,Activity,0.455,YES
2022,2022-Chapter-IV-Health-Activities.xlsx,32ملغى,جراحات اليوم الواحد بوزارة الصحة حسب المنطقة الصحية لعام 2020م.,2023,Statistical-Yearbook-2023.xlsx,46.,أنشطة بنوك الدم بوزارة الصحة حسب المنطقة الصحية عام 2023م.,Activity,0.455,YES
2022,2022-Chapter-IV-Health-Activities.xlsx,32ملغى,جراحات اليوم الواحد بوزارة الصحة حسب المنطقة الصحية لعام 2020م.,2024,Statistical-Yearbook-2024.xlsx,4-59,أنشطة بنوك الدم بوزارة الصحة حسب المنطقة الصحية عام 2024م.,Activity,0.455,YES
2022,2022-Chapter-IV-Health-Activities.xlsx,45,أنشطة بنوك الدم بوزارة الصحة حسب المنطقة الصحية عام 2022م.,2021,statistical-yearbook-2021-chapter-IV-health-activities.xlsx,32ملغى,جراحات اليوم الواحد بوزارة الصحة حسب المنطقة الصحية لعام 2020م.,Activity,0.455,YES
2021,statistical-yearbook-2021-chapter-II-health-resources.xlsx,2-10,القابلات بمرافق وزارة الصحة حسب المنطقة الصحية عام 2021م,2023,Statistical-Yearbook-2023.xlsx,17,مستشفيات وزارة الصحة وعدد الأسرة حسب المنطقة الصحية والتخصص لعام 2023م,Capacity,0.455,YES
2021,statistical-yearbook-2021-chapter-II-health-resources.xlsx,2-10,القابلات بمرافق وزارة الصحة حسب المنطقة الصحية عام 2021م,2023,Statistical-Yearbook-2023.xlsx,20,أسرة العناية المركزة بمستشفيات وزارة الصحة حسب المنطقة الصحية لعام 2023م,Capacity,0.455,YES
2021,statistical-yearbook-2021-chapter-II-health-resources.xlsx,2-10,القابلات بمرافق وزارة الصحة حسب المنطقة الصحية عام 2021م,2023,Statistical-Yearbook-2023.xlsx,26.,الولادات بمستشفيات وزارة الصحة حسب المنطقة الصحية ونوع الولادة عام 2023م.,Capacity,0.455,YES
2021,statistical-yearbook-2021-chapter-II-health-resources.xlsx,2-12,مستشفيات وزارة الصحة وعدد الأسرة حسب المنطقة الصحية والتخصص لعام 2021م,2023,Statistical-Yearbook-2023.xlsx,15,القابلات بمرافق وزارة الصحة حسب المنطقة الصحية عام 2023م,Capacity,0.455,YES
2021,statistical-yearbook-2021-chapter-II-health-resources.xlsx,2.15,أسرة العناية المركزة بمستشفيات وزارة الصحة حسب المنطقة الصحية لعام 2021م,2023,Statistical-Yearbook-2023.xlsx,15,القابلات بمرافق وزارة الصحة حسب المنطقة الصحية عام 2023م,Capacity,0.455,YES
2021,statistical-yearbook-2021-chapter-II-health-resources.xlsx,2.16,أسرة العزل والطوارئ بمستشفيات وزارة الصحة حسب المنطقة الصحية لعام 2021,2023,Statistical-Yearbook-2023.xlsx,19,الأسرة بمستشفيات وزارة الصحة حسب المنطقة الصحية والتخصص لعام 2023م,Capacity | Activity,0.455,YES
2021,statistical-yearbook-2021-chapter-II-health-resources.xlsx,2.16,أسرة العزل والطوارئ بمستشفيات وزارة الصحة حسب المنطقة الصحية لعام 2021,2023,Statistical-Yearbook-2023.xlsx,19.,المنومون بمستشفيات وزارة الصحة حسب المنطقة الصحية والجنسية عام 2023م.,Capacity | Activity,0.455,YES
2021,statistical-yearbook-2021-chapter-IV-health-activities.xlsx,27,الولادات بمستشفيات وزارة الصحة حسب المنطقة الصحية ونوع الولادة عام 2021م.,2023,Statistical-Yearbook-2023.xlsx,15,القابلات بمرافق وزارة الصحة حسب المنطقة الصحية عام 2023م,Capacity,0.455,YES
2021,statistical-yearbook-2021-chapter-IV-health-activities.xlsx,32ملغى,جراحات اليوم الواحد بوزارة الصحة حسب المنطقة الصحية لعام 2020م.,2023,Statistical-Yearbook-2023.xlsx,46.,أنشطة بنوك الدم بوزارة الصحة حسب المنطقة الصحية عام 2023م.,Activity,0.455,YES
2021,statistical-yearbook-2021-chapter-IV-health-activities.xlsx,32ملغى,جراحات اليوم الواحد بوزارة الصحة حسب المنطقة الصحية لعام 2020م.,2024,Statistical-Yearbook-2024.xlsx,4-59,أنشطة بنوك الدم بوزارة الصحة حسب المنطقة الصحية عام 2024م.,Activity,0.455,YES
2022,2022-Chapter-II-Health-Resources.xlsx,2.37,"Physicians and Dentists in the Private Sector by Speciality, Professional Categories and Health Region, 2022G.",2023,Statistical-Yearbook-2023.xlsx,8.,"Physicians and Dentists in the Other Governmental Sector by Gender, Nationality, Speciality and Professional Categories, 2023G",Workforce | Activity,0.45,YES
2022,2022-Chapter-II-Health-Resources.xlsx,2.37,"Physicians and Dentists in the Private Sector by Speciality, Professional Categories and Health Region, 2022G.",2024,Statistical-Yearbook-2024.xlsx,2-21,"Physicians and Dentists in the Other Governmental Sector by Gender, Nationality, Speciality and Professional Categories, 2024G",Workforce | Activity,0.45,YES
2021,statistical-yearbook-2021-chapter-II-health-resources.xlsx,2.37,"Physicians and Dentists in the Private Sector by Speciality, Professional Categories and Health Region, 2021G.",2023,Statistical-Yearbook-2023.xlsx,8.,"Physicians and Dentists in the Other Governmental Sector by Gender, Nationality, Speciality and Professional Categories, 2023G",Workforce | Activity,0.45,YES
2021,statistical-yearbook-2021-chapter-II-health-resources.xlsx,2.37,"Physicians and Dentists in the Private Sector by Speciality, Professional Categories and Health Region, 2021G.",2024,Statistical-Yearbook-2024.xlsx,2-21,"Physicians and Dentists in the Other Governmental Sector by Gender, Nationality, Speciality and Professional Categories, 2024G",Workforce | Activity,0.45,YES
2023,Statistical-Yearbook-2023.xlsx,42,"Physicians and Dentists in the Private Sector by Speciality, Professional Categories and Health Region, 2023G.",2024,Statistical-Yearbook-2024.xlsx,2-21,"Physicians and Dentists in the Other Governmental Sector by Gender, Nationality, Speciality and Professional Categories, 2024G",Workforce | Activity,0.45,YES
2022,2022-Chapter-II-Health-Resources.xlsx,2-5,"Physicians and Dentists in KSA Health Sectors by Speciality and Professional Categories, 2022G",2021,statistical-yearbook-2021-chapter-II-health-resources.xlsx,2.37,"Physicians and Dentists in the Private Sector by Speciality, Professional Categories and Health Region, 2021G.",Workforce | Activity,0.444,YES
2022,2022-Chapter-II-Health-Resources.xlsx,2-5,"Physicians and Dentists in KSA Health Sectors by Speciality and Professional Categories, 2022G",2023,Statistical-Yearbook-2023.xlsx,42,"Physicians and Dentists in the Private Sector by Speciality, Professional Categories and Health Region, 2023G.",Workforce | Activity,0.444,YES
2022,2022-Chapter-II-Health-Resources.xlsx,2-6,المرافق الصحية بوزارة الصحة حسب المنطقة الصحية عام 2022م,2021,statistical-yearbook-2021-chapter-II-health-resources.xlsx,2-10,القابلات بمرافق وزارة الصحة حسب المنطقة الصحية عام 2021م,Capacity,0.444,YES
2022,2022-Chapter-II-Health-Resources.xlsx,2-6,المرافق الصحية بوزارة الصحة حسب المنطقة الصحية عام 2022م,2023,Statistical-Yearbook-2023.xlsx,15,القابلات بمرافق وزارة الصحة حسب المنطقة الصحية عام 2023م,Capacity,0.444,YES
2022,2022-Chapter-II-Health-Resources.xlsx,2-10,القابلات بمرافق وزارة الصحة حسب المنطقة الصحية عام 2022م,2021,statistical-yearbook-2021-chapter-II-health-resources.xlsx,2-6,المرافق الصحية بوزارة الصحة حسب المنطقة الصحية عام 2021م,Capacity,0.444,YES
2022,2022-Chapter-II-Health-Resources.xlsx,2-10,القابلات بمرافق وزارة الصحة حسب المنطقة الصحية عام 2022م,2023,Statistical-Yearbook-2023.xlsx,11.,المرافق الصحية بوزارة الصحة حسب المنطقة الصحية عام 2023م,Capacity,0.444,YES
2022,2022-Chapter-II-Health-Resources.xlsx,2.37,"Physicians and Dentists in the Private Sector by Speciality, Professional Categories and Health Region, 2022G.",2021,statistical-yearbook-2021-chapter-II-health-resources.xlsx,2-5,"Physicians and Dentists in KSA Health Sectors by Speciality and Professional Categories, 2021G",Workforce | Activity,0.444,YES
2022,2022-Chapter-II-Health-Resources.xlsx,2.37,"Physicians and Dentists in the Private Sector by Speciality, Professional Categories and Health Region, 2022G.",2023,Statistical-Yearbook-2023.xlsx,5.,"Physicians and Dentists in KSA Health Sectors by Speciality and Professional Categories, 2023G",Workforce | Activity,0.444,YES
2022,2022-Chapter-II-Health-Resources.xlsx,2.37,"Physicians and Dentists in the Private Sector by Speciality, Professional Categories and Health Region, 2022G.",2024,Statistical-Yearbook-2024.xlsx,2-19,"Physicians and Dentists in KSA Health Sectors by Speciality and Professional Categories, 2024G",Workforce | Activity,0.444,YES
2021,statistical-yearbook-2021-chapter-II-health-resources.xlsx,2-5,"Physicians and Dentists in KSA Health Sectors by Speciality and Professional Categories, 2021G",2023,Statistical-Yearbook-2023.xlsx,42,"Physicians and Dentists in the Private Sector by Speciality, Professional Categories and Health Region, 2023G.",Workforce | Activity,0.444,YES
2021,statistical-yearbook-2021-chapter-II-health-resources.xlsx,2-6,المرافق الصحية بوزارة الصحة حسب المنطقة الصحية عام 2021م,2023,Statistical-Yearbook-2023.xlsx,15,القابلات بمرافق وزارة الصحة حسب المنطقة الصحية عام 2023م,Capacity,0.444,YES
2021,statistical-yearbook-2021-chapter-II-health-resources.xlsx,2-10,القابلات بمرافق وزارة الصحة حسب المنطقة الصحية عام 2021م,2023,Statistical-Yearbook-2023.xlsx,11.,المرافق الصحية بوزارة الصحة حسب المنطقة الصحية عام 2023م,Capacity,0.444,YES
2021,statistical-yearbook-2021-chapter-II-health-resources.xlsx,2.37,"Physicians and Dentists in the Private Sector by Speciality, Professional Categories and Health Region, 2021G.",2023,Statistical-Yearbook-2023.xlsx,5.,"Physicians and Dentists in KSA Health Sectors by Speciality and Professional Categories, 2023G",Workforce | Activity,0.444,YES
2021,statistical-yearbook-2021-chapter-II-health-resources.xlsx,2.37,"Physicians and Dentists in the Private Sector by Speciality, Professional Categories and Health Region, 2021G.",2024,Statistical-Yearbook-2024.xlsx,2-19,"Physicians and Dentists in KSA Health Sectors by Speciality and Professional Categories, 2024G",Workforce | Activity,0.444,YES
2023,Statistical-Yearbook-2023.xlsx,42,"Physicians and Dentists in the Private Sector by Speciality, Professional Categories and Health Region, 2023G.",2024,Statistical-Yearbook-2024.xlsx,2-19,"Physicians and Dentists in KSA Health Sectors by Speciality and Professional Categories, 2024G",Workforce | Activity,0.444,YES
2022,2022-Chapter-II-Health-Resources.xlsx,2.26,"Health Manpower in Other Governmental Sector by Category,Sex and Nationality, 2022G.",2021,statistical-yearbook-2021-chapter-II-health-resources.xlsx,2.38,"Health Manpower in Private Health Facilities by Facility Classification, Sex and Nationality, 2021G.",Capacity | Workforce,0.438,YES
2022,2022-Chapter-II-Health-Resources.xlsx,2.26,"Health Manpower in Other Governmental Sector by Category,Sex and Nationality, 2022G.",2023,Statistical-Yearbook-2023.xlsx,43,"Health Manpower in Private Health Facilities by Facility Classification, Sex and Nationality, 2023G.",Capacity | Workforce,0.438,YES
2022,2022-Chapter-II-Health-Resources.xlsx,2.26,"Health Manpower in Other Governmental Sector by Category,Sex and Nationality, 2022G.",2024,Statistical-Yearbook-2024.xlsx,2-48,"Health Manpower in Private Health Facilities by Facility Classification, Gender and Nationality, 2024G.",Capacity | Workforce,0.438,YES
2022,2022-Chapter-II-Health-Resources.xlsx,2.28,"Health Manpower in the Other Governmental Sector by Nationality, in the last Five Years",2021,statistical-yearbook-2021-chapter-II-health-resources.xlsx,2.34,"Health Manpower in the Private Sector by Health Region,Category,Sex and Nationality, 2021G",Workforce,0.438,YES
2022,2022-Chapter-II-Health-Resources.xlsx,2.28,"Health Manpower in the Other Governmental Sector by Nationality, in the last Five Years",2023,Statistical-Yearbook-2023.xlsx,39,"Health Manpower in the Private Sector by Health Region,Category,Sex and Nationality, 2023G",Workforce,0.438,YES
2022,2022-Chapter-II-Health-Resources.xlsx,2.34,"Health Manpower in the Private Sector by Health Region,Category,Sex and Nationality, 2022G",2021,statistical-yearbook-2021-chapter-II-health-resources.xlsx,2.28,"Health Manpower in the Other Governmental Sector by Nationality, in the last Five Years",Workforce,0.438,YES
2022,2022-Chapter-II-Health-Resources.xlsx,2.34,"Health Manpower in the Private Sector by Health Region,Category,Sex and Nationality, 2022G",2023,Statistical-Yearbook-2023.xlsx,33,"Health Manpower in the Other Governmental Sector by Nationality, in the last Five Years",Workforce,0.438,YES
2022,2022-Chapter-II-Health-Resources.xlsx,2.34,"Health Manpower in the Private Sector by Health Region,Category,Sex and Nationality, 2022G",2024,Statistical-Yearbook-2024.xlsx,2-38,"Health Manpower in the Other Governmental Sector by Nationality, in the last Five Years",Workforce,0.438,YES
2022,2022-Chapter-II-Health-Resources.xlsx,2.38,"Health Manpower in Private Health Facilities by Facility Classification, Sex and Nationality, 2022G.",2021,statistical-yearbook-2021-chapter-II-health-resources.xlsx,2.26,"Health Manpower in Other Governmental Sector by Category,Sex and Nationality, 2021G.",Capacity | Workforce,0.438,YES
2022,2022-Chapter-II-Health-Resources.xlsx,2.38,"Health Manpower in Private Health Facilities by Facility Classification, Sex and Nationality, 2022G.",2023,Statistical-Yearbook-2023.xlsx,31,"Health Manpower in Other Governmental Sector by Category,Sex and Nationality, 2023G.",Capacity | Workforce,0.438,YES
2022,2022-Chapter-IV-Health-Activities.xlsx,11,"Health Services in the Private Sector by Administrative Regions, 2022G",2024,Statistical-Yearbook-2024.xlsx,2-35,"Allied Health Personnel in the Private Sector by Speciality, Nationality & Gender, 2024G",Activity,0.438,YES
2022,2022-Chapter-IV-Health-Activities.xlsx,29,"Surgical Interventions at MoH Hospitals by Health Region and Hospital Sections, 2022G.",2024,Statistical-Yearbook-2024.xlsx,4-22,"Admissions at MoH Hospitals by Health Clusters, Gender and Nationality, 2024G.",Capacity | Activity,0.438,YES
2021,statistical-yearbook-2021-chapter-II-health-resources.xlsx,2-9,"Allied Health Personnel by Speciality , Nationality & Sex, 2021G",2024,Statistical-Yearbook-2024.xlsx,2-35,"Allied Health Personnel in the Private Sector by Speciality, Nationality & Gender, 2024G",Activity,0.438,YES
2021,statistical-yearbook-2021-chapter-II-health-resources.xlsx,2.26,"Health Manpower in Other Governmental Sector by Category,Sex and Nationality, 2021G.",2023,Statistical-Yearbook-2023.xlsx,43,"Health Manpower in Private Health Facilities by Facility Classification, Sex and Nationality, 2023G.",Capacity | Workforce,0.438,YES
2021,statistical-yearbook-2021-chapter-II-health-resources.xlsx,2.26,"Health Manpower in Other Governmental Sector by Category,Sex and Nationality, 2021G.",2024,Statistical-Yearbook-2024.xlsx,2-48,"Health Manpower in Private Health Facilities by Facility Classification, Gender and Nationality, 2024G.",Capacity | Workforce,0.438,YES
2021,statistical-yearbook-2021-chapter-II-health-resources.xlsx,2.28,"Health Manpower in the Other Governmental Sector by Nationality, in the last Five Years",2023,Statistical-Yearbook-2023.xlsx,39,"Health Manpower in the Private Sector by Health Region,Category,Sex and Nationality, 2023G",Workforce,0.438,YES
2021,statistical-yearbook-2021-chapter-II-health-resources.xlsx,2.34,"Health Manpower in the Private Sector by Health Region,Category,Sex and Nationality, 2021G",2023,Statistical-Yearbook-2023.xlsx,33,"Health Manpower in the Other Governmental Sector by Nationality, in the last Five Years",Workforce,0.438,YES
2021,statistical-yearbook-2021-chapter-II-health-resources.xlsx,2.34,"Health Manpower in the Private Sector by Health Region,Category,Sex and Nationality, 2021G",2024,Statistical-Yearbook-2024.xlsx,2-38,"Health Manpower in the Other Governmental Sector by Nationality, in the last Five Years",Workforce,0.438,YES
2021,statistical-yearbook-2021-chapter-II-health-resources.xlsx,2.36,"Health Manpower in Private Sector Medical Complexes by Health Region,Category,Sex and Nationality, 2021G",2023,Statistical-Yearbook-2023.xlsx,6.,"Health Manpower in KSA Health Sectors by Category, Sex and Nationality, 2023G",Workforce,0.438,YES
2021,statistical-yearbook-2021-chapter-II-health-resources.xlsx,2.36,"Health Manpower in Private Sector Medical Complexes by Health Region,Category,Sex and Nationality, 2021G",2024,Statistical-Yearbook-2024.xlsx,2-18,"Health Manpower in KSA Health Sectors by Category, Sex and Nationality, 2024G",Workforce,0.438,YES
2021,statistical-yearbook-2021-chapter-II-health-resources.xlsx,2.38,"Health Manpower in Private Health Facilities by Facility Classification, Sex and Nationality, 2021G.",2023,Statistical-Yearbook-2023.xlsx,31,"Health Manpower in Other Governmental Sector by Category,Sex and Nationality, 2023G.",Capacity | Workforce,0.438,YES
2021,statistical-yearbook-2021-chapter-IV-health-activities.xlsx,30,"Surgical Interventions at MoH Hospitals by Health Region and Hospital Sections, 2021G.",2024,Statistical-Yearbook-2024.xlsx,4-22,"Admissions at MoH Hospitals by Health Clusters, Gender and Nationality, 2024G.",Capacity | Activity,0.438,YES
2023,Statistical-Yearbook-2023.xlsx,31,"Health Manpower in Other Governmental Sector by Category,Sex and Nationality, 2023G.",2024,Statistical-Yearbook-2024.xlsx,2-48,"Health Manpower in Private Health Facilities by Facility Classification, Gender and Nationality, 2024G.",Capacity | Workforce,0.438,YES
2023,Statistical-Yearbook-2023.xlsx,39,"Health Manpower in the Private Sector by Health Region,Category,Sex and Nationality, 2023G",2024,Statistical-Yearbook-2024.xlsx,2-38,"Health Manpower in the Other Governmental Sector by Nationality, in the last Five Years",Workforce,0.438,YES
2023,Statistical-Yearbook-2023.xlsx,11..,"Health Services in the Private Sector by Administrative Regions, 2023G",2024,Statistical-Yearbook-2024.xlsx,2-35,"Allied Health Personnel in the Private Sector by Speciality, Nationality & Gender, 2024G",Activity,0.438,YES
2023,Statistical-Yearbook-2023.xlsx,29.,"Surgical Interventions at MoH Hospitals by Health Region and Hospital Sections, 2023G.",2024,Statistical-Yearbook-2024.xlsx,4-22,"Admissions at MoH Hospitals by Health Clusters, Gender and Nationality, 2024G.",Capacity | Activity,0.438,YES
2022,2022-Chapter-II-Health-Resources.xlsx,2-12,مستشفيات وزارة الصحة وعدد الأسرة حسب المنطقة الصحية والتخصص لعام 2022م,2021,statistical-yearbook-2021-chapter-IV-health-activities.xlsx,42,الفحوص المخبرية وعدد مرضى الفحوص الشعاعية بمستشفيات وزارة الصحة حسب المنطقة الصحية عام 2021م.,Capacity,0.429,YES
2022,2022-Chapter-II-Health-Resources.xlsx,2-12,مستشفيات وزارة الصحة وعدد الأسرة حسب المنطقة الصحية والتخصص لعام 2022م,2023,Statistical-Yearbook-2023.xlsx,40.,الفحوص المخبرية وعدد مرضى الفحوص الشعاعية بمستشفيات وزارة الصحة حسب المنطقة الصحية عام 2023م.,Capacity,0.429,YES
2022,2022-Chapter-II-Health-Resources.xlsx,2.14,الأسرة بمستشفيات وزارة الصحة حسب المنطقة الصحية والتخصص لعام 2022م,2021,statistical-yearbook-2021-chapter-IV-health-activities.xlsx,5,زيارات المراجعين للرعاية الصحية الأولية والعيادات الخارجية بمستشفيات وزارة الصحة حسب المنطقة الصحية عام 2021م,Capacity | Activity,0.429,YES
2022,2022-Chapter-II-Health-Resources.xlsx,2.14,الأسرة بمستشفيات وزارة الصحة حسب المنطقة الصحية والتخصص لعام 2022م,2023,Statistical-Yearbook-2023.xlsx,5..,زيارات المراجعين للرعاية الصحية الأولية والعيادات الخارجية بمستشفيات وزارة الصحة حسب المنطقة الصحية عام 2023م,Capacity | Activity,0.429,YES
2022,2022-Chapter-II-Health-Resources.xlsx,2.15,أسرة العناية المركزة بمستشفيات وزارة الصحة حسب المنطقة الصحية لعام 2022م,2021,statistical-yearbook-2021-chapter-IV-health-activities.xlsx,42,الفحوص المخبرية وعدد مرضى الفحوص الشعاعية بمستشفيات وزارة الصحة حسب المنطقة الصحية عام 2021م.,Capacity,0.429,YES
2022,2022-Chapter-II-Health-Resources.xlsx,2.15,أسرة العناية المركزة بمستشفيات وزارة الصحة حسب المنطقة الصحية لعام 2022م,2023,Statistical-Yearbook-2023.xlsx,40.,الفحوص المخبرية وعدد مرضى الفحوص الشعاعية بمستشفيات وزارة الصحة حسب المنطقة الصحية عام 2023م.,Capacity,0.429,YES
2022,2022-Chapter-II-Health-Resources.xlsx,2.36,"Health Manpower in Private Sector Medical Complexes by Health Region, Category, Sex and Nationality, 2022G",2024,Statistical-Yearbook-2024.xlsx,2-26,"Health Manpower in the Private Sector by Category, Gender and Nationality in MoH Branches & Offices, 2024G",Workforce,0.429,YES
2022,2022-Chapter-IV-Health-Activities.xlsx,2,زيارات مراجعي الطوارئ المرضية بمستشفيات وزارة الصحة حسب الجنس والجنسية والمنطقة الصحية عام 2022م.,2021,statistical-yearbook-2021-chapter-IV-health-activities.xlsx,19,المنومون بمستشفيات وزارة الصحة حسب المنطقة الصحية والجنسية عام 2021م.,Capacity | Activity,0.429,YES
2022,2022-Chapter-IV-Health-Activities.xlsx,2,زيارات مراجعي الطوارئ المرضية بمستشفيات وزارة الصحة حسب الجنس والجنسية والمنطقة الصحية عام 2022م.,2023,Statistical-Yearbook-2023.xlsx,21,أسرة الطوارئ بمستشفيات وزارة الصحة حسب المنطقة الصحية لعام 2023م,Capacity | Activity,0.429,YES
2022,2022-Chapter-IV-Health-Activities.xlsx,2,زيارات مراجعي الطوارئ المرضية بمستشفيات وزارة الصحة حسب الجنس والجنسية والمنطقة الصحية عام 2022م.,2023,Statistical-Yearbook-2023.xlsx,19.,المنومون بمستشفيات وزارة الصحة حسب المنطقة الصحية والجنسية عام 2023م.,Capacity | Activity,0.429,YES
2022,2022-Chapter-IV-Health-Activities.xlsx,3,زيارات مراجعي الطوارئ الجراحية بمستشفيات وزارة الصحة حسب الجنس والجنسية والمنطقة الصحية عام 2022م.,2021,statistical-yearbook-2021-chapter-IV-health-activities.xlsx,19,المنومون بمستشفيات وزارة الصحة حسب المنطقة الصحية والجنسية عام 2021م.,Capacity | Activity,0.429,YES
2022,2022-Chapter-IV-Health-Activities.xlsx,3,زيارات مراجعي الطوارئ الجراحية بمستشفيات وزارة الصحة حسب الجنس والجنسية والمنطقة الصحية عام 2022م.,2023,Statistical-Yearbook-2023.xlsx,21,أسرة الطوارئ بمستشفيات وزارة الصحة حسب المنطقة الصحية لعام 2023م,Capacity | Activity,0.429,YES
2022,2022-Chapter-IV-Health-Activities.xlsx,3,زيارات مراجعي الطوارئ الجراحية بمستشفيات وزارة الصحة حسب الجنس والجنسية والمنطقة الصحية عام 2022م.,2023,Statistical-Yearbook-2023.xlsx,19.,المنومون بمستشفيات وزارة الصحة حسب المنطقة الصحية والجنسية عام 2023م.,Capacity | Activity,0.429,YES
2022,2022-Chapter-IV-Health-Activities.xlsx,4,زيارات مراجعي العيادات الخارجية بمستشفيات وزارة الصحة حسب الجنس والجنسية والمنطقة الصحية عام 2022م.,2021,statistical-yearbook-2021-chapter-IV-health-activities.xlsx,19,المنومون بمستشفيات وزارة الصحة حسب المنطقة الصحية والجنسية عام 2021م.,Capacity | Activity,0.429,YES
2022,2022-Chapter-IV-Health-Activities.xlsx,4,زيارات مراجعي العيادات الخارجية بمستشفيات وزارة الصحة حسب الجنس والجنسية والمنطقة الصحية عام 2022م.,2023,Statistical-Yearbook-2023.xlsx,19.,المنومون بمستشفيات وزارة الصحة حسب المنطقة الصحية والجنسية عام 2023م.,Capacity | Activity,0.429,YES
2022,2022-Chapter-IV-Health-Activities.xlsx,5,زيارات المراجعين للرعاية الصحية الأولية والعيادات الخارجية بمستشفيات وزارة الصحة حسب المنطقة الصحية عام 2022م,2021,statistical-yearbook-2021-chapter-II-health-resources.xlsx,2.14,الأسرة بمستشفيات وزارة الصحة حسب المنطقة الصحية والتخصص لعام 2021م,Capacity | Activity,0.429,YES
2022,2022-Chapter-IV-Health-Activities.xlsx,5,زيارات المراجعين للرعاية الصحية الأولية والعيادات الخارجية بمستشفيات وزارة الصحة حسب المنطقة الصحية عام 2022م,2021,statistical-yearbook-2021-chapter-IV-health-activities.xlsx,19,المنومون بمستشفيات وزارة الصحة حسب المنطقة الصحية والجنسية عام 2021م.,Capacity | Activity,0.429,YES
2022,2022-Chapter-IV-Health-Activities.xlsx,5,زيارات المراجعين للرعاية الصحية الأولية والعيادات الخارجية بمستشفيات وزارة الصحة حسب المنطقة الصحية عام 2022م,2023,Statistical-Yearbook-2023.xlsx,19,الأسرة بمستشفيات وزارة الصحة حسب المنطقة الصحية والتخصص لعام 2023م,Capacity | Activity,0.429,YES
2022,2022-Chapter-IV-Health-Activities.xlsx,5,زيارات المراجعين للرعاية الصحية الأولية والعيادات الخارجية بمستشفيات وزارة الصحة حسب المنطقة الصحية عام 2022م,2023,Statistical-Yearbook-2023.xlsx,21,أسرة الطوارئ بمستشفيات وزارة الصحة حسب المنطقة الصحية لعام 2023م,Capacity | Activity,0.429,YES
2022,2022-Chapter-IV-Health-Activities.xlsx,5,زيارات المراجعين للرعاية الصحية الأولية والعيادات الخارجية بمستشفيات وزارة الصحة حسب المنطقة الصحية عام 2022م,2023,Statistical-Yearbook-2023.xlsx,19.,المنومون بمستشفيات وزارة الصحة حسب المنطقة الصحية والجنسية عام 2023م.,Capacity | Activity,0.429,YES
2022,2022-Chapter-IV-Health-Activities.xlsx,13,زيارات المراجعين لعيادات السكرى بمستشفيات وزارة الصحة حسب الجنس والجنسية والمنطقة الصحية عام 2022م.,2021,statistical-yearbook-2021-chapter-IV-health-activities.xlsx,19,المنومون بمستشفيات وزارة الصحة حسب المنطقة الصحية والجنسية عام 2021م.,Capacity | Activity,0.429,YES
2022,2022-Chapter-IV-Health-Activities.xlsx,13,زيارات المراجعين لعيادات السكرى بمستشفيات وزارة الصحة حسب الجنس والجنسية والمنطقة الصحية عام 2022م.,2023,Statistical-Yearbook-2023.xlsx,19.,المنومون بمستشفيات وزارة الصحة حسب المنطقة الصحية والجنسية عام 2023م.,Capacity | Activity,0.429,YES
2022,2022-Chapter-IV-Health-Activities.xlsx,19,المنومون بمستشفيات وزارة الصحة حسب المنطقة الصحية والجنسية عام 2022م.,2021,statistical-yearbook-2021-chapter-IV-health-activities.xlsx,2,زيارات مراجعي الطوارئ المرضية بمستشفيات وزارة الصحة حسب الجنس والجنسية والمنطقة الصحية عام 2021م.,Capacity | Activity,0.429,YES
2022,2022-Chapter-IV-Health-Activities.xlsx,19,المنومون بمستشفيات وزارة الصحة حسب المنطقة الصحية والجنسية عام 2022م.,2021,statistical-yearbook-2021-chapter-IV-health-activities.xlsx,3,زيارات مراجعي الطوارئ الجراحية بمستشفيات وزارة الصحة حسب الجنس والجنسية والمنطقة الصحية عام 2021م.,Capacity | Activity,0.429,YES
2022,2022-Chapter-IV-Health-Activities.xlsx,19,المنومون بمستشفيات وزارة الصحة حسب المنطقة الصحية والجنسية عام 2022م.,2021,statistical-yearbook-2021-chapter-IV-health-activities.xlsx,4,زيارات مراجعي العيادات الخارجية بمستشفيات وزارة الصحة حسب الجنس والجنسية والمنطقة الصحية عام 2021م.,Capacity | Activity,0.429,YES
2022,2022-Chapter-IV-Health-Activities.xlsx,19,المنومون بمستشفيات وزارة الصحة حسب المنطقة الصحية والجنسية عام 2022م.,2021,statistical-yearbook-2021-chapter-IV-health-activities.xlsx,5,زيارات المراجعين للرعاية الصحية الأولية والعيادات الخارجية بمستشفيات وزارة الصحة حسب المنطقة الصحية عام 2021م,Capacity | Activity,0.429,YES
2022,2022-Chapter-IV-Health-Activities.xlsx,19,المنومون بمستشفيات وزارة الصحة حسب المنطقة الصحية والجنسية عام 2022م.,2021,statistical-yearbook-2021-chapter-IV-health-activities.xlsx,13,زيارات المراجعين لعيادات السكرى بمستشفيات وزارة الصحة حسب الجنس والجنسية والمنطقة الصحية عام 2021م.,Capacity | Activity,0.429,YES
2022,2022-Chapter-IV-Health-Activities.xlsx,19,المنومون بمستشفيات وزارة الصحة حسب المنطقة الصحية والجنسية عام 2022م.,2023,Statistical-Yearbook-2023.xlsx,2..,زيارات مراجعي الطوارئ المرضية بمستشفيات وزارة الصحة حسب الجنس والجنسية والمنطقة الصحية عام 2023م.,Capacity | Activity,0.429,YES
2022,2022-Chapter-IV-Health-Activities.xlsx,19,المنومون بمستشفيات وزارة الصحة حسب المنطقة الصحية والجنسية عام 2022م.,2023,Statistical-Yearbook-2023.xlsx,3..,زيارات مراجعي الطوارئ الجراحية بمستشفيات وزارة الصحة حسب الجنس والجنسية والمنطقة الصحية عام 2023م.,Capacity | Activity,0.429,YES
2022,2022-Chapter-IV-Health-Activities.xlsx,19,المنومون بمستشفيات وزارة الصحة حسب المنطقة الصحية والجنسية عام 2022م.,2023,Statistical-Yearbook-2023.xlsx,4..,زيارات مراجعي العيادات الخارجية بمستشفيات وزارة الصحة حسب الجنس والجنسية والمنطقة الصحية عام 2023م.,Capacity | Activity,0.429,YES
2022,2022-Chapter-IV-Health-Activities.xlsx,19,المنومون بمستشفيات وزارة الصحة حسب المنطقة الصحية والجنسية عام 2022م.,2023,Statistical-Yearbook-2023.xlsx,5..,زيارات المراجعين للرعاية الصحية الأولية والعيادات الخارجية بمستشفيات وزارة الصحة حسب المنطقة الصحية عام 2023م,Capacity | Activity,0.429,YES
2022,2022-Chapter-IV-Health-Activities.xlsx,19,المنومون بمستشفيات وزارة الصحة حسب المنطقة الصحية والجنسية عام 2022م.,2023,Statistical-Yearbook-2023.xlsx,13..,زيارات المراجعين لعيادات السكرى بمستشفيات وزارة الصحة حسب الجنس والجنسية والمنطقة الصحية عام 2023م.,Capacity | Activity,0.429,YES
2022,2022-Chapter-IV-Health-Activities.xlsx,26,الولادات بمستشفيات وزارة الصحة حسب المنطقة الصحية ونوع الولادة عام 2022م.,2021,statistical-yearbook-2021-chapter-IV-health-activities.xlsx,42,الفحوص المخبرية وعدد مرضى الفحوص الشعاعية بمستشفيات وزارة الصحة حسب المنطقة الصحية عام 2021م.,Capacity,0.429,YES
2022,2022-Chapter-IV-Health-Activities.xlsx,26,الولادات بمستشفيات وزارة الصحة حسب المنطقة الصحية ونوع الولادة عام 2022م.,2023,Statistical-Yearbook-2023.xlsx,40.,الفحوص المخبرية وعدد مرضى الفحوص الشعاعية بمستشفيات وزارة الصحة حسب المنطقة الصحية عام 2023م.,Capacity,0.429,YES
2022,2022-Chapter-IV-Health-Activities.xlsx,40,الفحوص المخبرية وعدد مرضى الفحوص الشعاعية بمستشفيات وزارة الصحة حسب المنطقة الصحية عام 2022م.,2021,statistical-yearbook-2021-chapter-II-health-resources.xlsx,2-12,مستشفيات وزارة الصحة وعدد الأسرة حسب المنطقة الصحية والتخصص لعام 2021م,Capacity,0.429,YES
2022,2022-Chapter-IV-Health-Activities.xlsx,40,الفحوص المخبرية وعدد مرضى الفحوص الشعاعية بمستشفيات وزارة الصحة حسب المنطقة الصحية عام 2022م.,2021,statistical-yearbook-2021-chapter-II-health-resources.xlsx,2.15,أسرة العناية المركزة بمستشفيات وزارة الصحة حسب المنطقة الصحية لعام 2021م,Capacity,0.429,YES
2022,2022-Chapter-IV-Health-Activities.xlsx,40,الفحوص المخبرية وعدد مرضى الفحوص الشعاعية بمستشفيات وزارة الصحة حسب المنطقة الصحية عام 2022م.,2021,statistical-yearbook-2021-chapter-IV-health-activities.xlsx,27,الولادات بمستشفيات وزارة الصحة حسب المنطقة الصحية ونوع الولادة عام 2021م.,Capacity,0.429,YES
2022,2022-Chapter-IV-Health-Activities.xlsx,40,الفحوص المخبرية وعدد مرضى الفحوص الشعاعية بمستشفيات وزارة الصحة حسب المنطقة الصحية عام 2022م.,2023,Statistical-Yearbook-2023.xlsx,17,مستشفيات وزارة الصحة وعدد الأسرة حسب المنطقة الصحية والتخصص لعام 2023م,Capacity,0.429,YES
2022,2022-Chapter-IV-Health-Activities.xlsx,40,الفحوص المخبرية وعدد مرضى الفحوص الشعاعية بمستشفيات وزارة الصحة حسب المنطقة الصحية عام 2022م.,2023,Statistical-Yearbook-2023.xlsx,20,أسرة العناية المركزة بمستشفيات وزارة الصحة حسب المنطقة الصحية لعام 2023م,Capacity,0.429,YES
2022,2022-Chapter-IV-Health-Activities.xlsx,40,الفحوص المخبرية وعدد مرضى الفحوص الشعاعية بمستشفيات وزارة الصحة حسب المنطقة الصحية عام 2022م.,2023,Statistical-Yearbook-2023.xlsx,26.,الولادات بمستشفيات وزارة الصحة حسب المنطقة الصحية ونوع الولادة عام 2023م.,Capacity,0.429,YES
2021,Statistical-Yearbook-2021-Chapter-I-Health-Indicators.xlsx,9,"RTA Injuries per 100,000 Population",2023,Statistical-Yearbook-2023.xlsx,3-6,"Incidence Rate per 100,000 population",Population,0.429,YES
2021,Statistical-Yearbook-2021-Chapter-I-Health-Indicators.xlsx,9,"RTA Injuries per 100,000 Population",2024,Statistical-Yearbook-2024.xlsx,3-6,"Incidence Rate per 100,000 population",Population,0.429,YES
2021,statistical-yearbook-2021-chapter-II-health-resources.xlsx,2-12,مستشفيات وزارة الصحة وعدد الأسرة حسب المنطقة الصحية والتخصص لعام 2021م,2023,Statistical-Yearbook-2023.xlsx,40.,الفحوص المخبرية وعدد مرضى الفحوص الشعاعية بمستشفيات وزارة الصحة حسب المنطقة الصحية عام 2023م.,Capacity,0.429,YES
2021,statistical-yearbook-2021-chapter-II-health-resources.xlsx,2.14,الأسرة بمستشفيات وزارة الصحة حسب المنطقة الصحية والتخصص لعام 2021م,2023,Statistical-Yearbook-2023.xlsx,5..,زيارات المراجعين للرعاية الصحية الأولية والعيادات الخارجية بمستشفيات وزارة الصحة حسب المنطقة الصحية عام 2023م,Capacity | Activity,0.429,YES
2021,statistical-yearbook-2021-chapter-II-health-resources.xlsx,2.15,أسرة العناية المركزة بمستشفيات وزارة الصحة حسب المنطقة الصحية لعام 2021م,2023,Statistical-Yearbook-2023.xlsx,40.,الفحوص المخبرية وعدد مرضى الفحوص الشعاعية بمستشفيات وزارة الصحة حسب المنطقة الصحية عام 2023م.,Capacity,0.429,YES
2021,statistical-yearbook-2021-chapter-IV-health-activities.xlsx,2,زيارات مراجعي الطوارئ المرضية بمستشفيات وزارة الصحة حسب الجنس والجنسية والمنطقة الصحية عام 2021م.,2023,Statistical-Yearbook-2023.xlsx,21,أسرة الطوارئ بمستشفيات وزارة الصحة حسب المنطقة الصحية لعام 2023م,Capacity | Activity,0.429,YES
2021,statistical-yearbook-2021-chapter-IV-health-activities.xlsx,2,زيارات مراجعي الطوارئ المرضية بمستشفيات وزارة الصحة حسب الجنس والجنسية والمنطقة الصحية عام 2021م.,2023,Statistical-Yearbook-2023.xlsx,19.,المنومون بمستشفيات وزارة الصحة حسب المنطقة الصحية والجنسية عام 2023م.,Capacity | Activity,0.429,YES
2021,statistical-yearbook-2021-chapter-IV-health-activities.xlsx,3,زيارات مراجعي الطوارئ الجراحية بمستشفيات وزارة الصحة حسب الجنس والجنسية والمنطقة الصحية عام 2021م.,2023,Statistical-Yearbook-2023.xlsx,21,أسرة الطوارئ بمستشفيات وزارة الصحة حسب المنطقة الصحية لعام 2023م,Capacity | Activity,0.429,YES
2021,statistical-yearbook-2021-chapter-IV-health-activities.xlsx,3,زيارات مراجعي الطوارئ الجراحية بمستشفيات وزارة الصحة حسب الجنس والجنسية والمنطقة الصحية عام 2021م.,2023,Statistical-Yearbook-2023.xlsx,19.,المنومون بمستشفيات وزارة الصحة حسب المنطقة الصحية والجنسية عام 2023م.,Capacity | Activity,0.429,YES
2021,statistical-yearbook-2021-chapter-IV-health-activities.xlsx,4,زيارات مراجعي العيادات الخارجية بمستشفيات وزارة الصحة حسب الجنس والجنسية والمنطقة الصحية عام 2021م.,2023,Statistical-Yearbook-2023.xlsx,19.,المنومون بمستشفيات وزارة الصحة حسب المنطقة الصحية والجنسية عام 2023م.,Capacity | Activity,0.429,YES
2021,statistical-yearbook-2021-chapter-IV-health-activities.xlsx,5,زيارات المراجعين للرعاية الصحية الأولية والعيادات الخارجية بمستشفيات وزارة الصحة حسب المنطقة الصحية عام 2021م,2023,Statistical-Yearbook-2023.xlsx,19,الأسرة بمستشفيات وزارة الصحة حسب المنطقة الصحية والتخصص لعام 2023م,Capacity | Activity,0.429,YES
2021,statistical-yearbook-2021-chapter-IV-health-activities.xlsx,5,زيارات المراجعين للرعاية الصحية الأولية والعيادات الخارجية بمستشفيات وزارة الصحة حسب المنطقة الصحية عام 2021م,2023,Statistical-Yearbook-2023.xlsx,21,أسرة الطوارئ بمستشفيات وزارة الصحة حسب المنطقة الصحية لعام 2023م,Capacity | Activity,0.429,YES
2021,statistical-yearbook-2021-chapter-IV-health-activities.xlsx,5,زيارات المراجعين للرعاية الصحية الأولية والعيادات الخارجية بمستشفيات وزارة الصحة حسب المنطقة الصحية عام 2021م,2023,Statistical-Yearbook-2023.xlsx,19.,المنومون بمستشفيات وزارة الصحة حسب المنطقة الصحية والجنسية عام 2023م.,Capacity | Activity,0.429,YES
2021,statistical-yearbook-2021-chapter-IV-health-activities.xlsx,13,زيارات المراجعين لعيادات السكرى بمستشفيات وزارة الصحة حسب الجنس والجنسية والمنطقة الصحية عام 2021م.,2023,Statistical-Yearbook-2023.xlsx,19.,المنومون بمستشفيات وزارة الصحة حسب المنطقة الصحية والجنسية عام 2023م.,Capacity | Activity,0.429,YES
2021,statistical-yearbook-2021-chapter-IV-health-activities.xlsx,19,المنومون بمستشفيات وزارة الصحة حسب المنطقة الصحية والجنسية عام 2021م.,2023,Statistical-Yearbook-2023.xlsx,2..,زيارات مراجعي الطوارئ المرضية بمستشفيات وزارة الصحة حسب الجنس والجنسية والمنطقة الصحية عام 2023م.,Capacity | Activity,0.429,YES
2021,statistical-yearbook-2021-chapter-IV-health-activities.xlsx,19,المنومون بمستشفيات وزارة الصحة حسب المنطقة الصحية والجنسية عام 2021م.,2023,Statistical-Yearbook-2023.xlsx,3..,زيارات مراجعي الطوارئ الجراحية بمستشفيات وزارة الصحة حسب الجنس والجنسية والمنطقة الصحية عام 2023م.,Capacity | Activity,0.429,YES
2021,statistical-yearbook-2021-chapter-IV-health-activities.xlsx,19,المنومون بمستشفيات وزارة الصحة حسب المنطقة الصحية والجنسية عام 2021م.,2023,Statistical-Yearbook-2023.xlsx,4..,زيارات مراجعي العيادات الخارجية بمستشفيات وزارة الصحة حسب الجنس والجنسية والمنطقة الصحية عام 2023م.,Capacity | Activity,0.429,YES
2021,statistical-yearbook-2021-chapter-IV-health-activities.xlsx,19,المنومون بمستشفيات وزارة الصحة حسب المنطقة الصحية والجنسية عام 2021م.,2023,Statistical-Yearbook-2023.xlsx,5..,زيارات المراجعين للرعاية الصحية الأولية والعيادات الخارجية بمستشفيات وزارة الصحة حسب المنطقة الصحية عام 2023م,Capacity | Activity,0.429,YES
2021,statistical-yearbook-2021-chapter-IV-health-activities.xlsx,19,المنومون بمستشفيات وزارة الصحة حسب المنطقة الصحية والجنسية عام 2021م.,2023,Statistical-Yearbook-2023.xlsx,13..,زيارات المراجعين لعيادات السكرى بمستشفيات وزارة الصحة حسب الجنس والجنسية والمنطقة الصحية عام 2023م.,Capacity | Activity,0.429,YES
2021,statistical-yearbook-2021-chapter-IV-health-activities.xlsx,27,الولادات بمستشفيات وزارة الصحة حسب المنطقة الصحية ونوع الولادة عام 2021م.,2023,Statistical-Yearbook-2023.xlsx,40.,الفحوص المخبرية وعدد مرضى الفحوص الشعاعية بمستشفيات وزارة الصحة حسب المنطقة الصحية عام 2023م.,Capacity,0.429,YES
2021,statistical-yearbook-2021-chapter-IV-health-activities.xlsx,42,الفحوص المخبرية وعدد مرضى الفحوص الشعاعية بمستشفيات وزارة الصحة حسب المنطقة الصحية عام 2021م.,2023,Statistical-Yearbook-2023.xlsx,17,مستشفيات وزارة الصحة وعدد الأسرة حسب المنطقة الصحية والتخصص لعام 2023م,Capacity,0.429,YES
2021,statistical-yearbook-2021-chapter-IV-health-activities.xlsx,42,الفحوص المخبرية وعدد مرضى الفحوص الشعاعية بمستشفيات وزارة الصحة حسب المنطقة الصحية عام 2021م.,2023,Statistical-Yearbook-2023.xlsx,20,أسرة العناية المركزة بمستشفيات وزارة الصحة حسب المنطقة الصحية لعام 2023م,Capacity,0.429,YES
2021,statistical-yearbook-2021-chapter-IV-health-activities.xlsx,42,الفحوص المخبرية وعدد مرضى الفحوص الشعاعية بمستشفيات وزارة الصحة حسب المنطقة الصحية عام 2021م.,2023,Statistical-Yearbook-2023.xlsx,26.,الولادات بمستشفيات وزارة الصحة حسب المنطقة الصحية ونوع الولادة عام 2023م.,Capacity,0.429,YES
2023,Statistical-Yearbook-2023.xlsx,41,"Health Manpower in Private Sector Medical Complexes by Health Region, Category, Sex and Nationality, 2023G",2024,Statistical-Yearbook-2024.xlsx,2-26,"Health Manpower in the Private Sector by Category, Gender and Nationality in MoH Branches & Offices, 2024G",Workforce,0.429,YES
2022,2022-Chapter-I-Health-Indicators.xlsx,7,"Incidence Rate of Some Immunization Targeted Diseases (per 100,000 population) in the Last Five Years",2023,Statistical-Yearbook-2023.xlsx,3-21,Incidence Rate of environmental health related diseases for the last five years.,Population,0.421,YES
2022,2022-Chapter-I-Health-Indicators.xlsx,7,"Incidence Rate of Some Immunization Targeted Diseases (per 100,000 population) in the Last Five Years",2024,Statistical-Yearbook-2024.xlsx,3-21,Incidence Rate of environmental health related diseases for the last five years.,Population,0.421,YES
2022,2022-Chapter-II-Health-Resources.xlsx,2.21,"Health Manpower in Primary Health Care Centers, MoH, in the last Five Years",2021,statistical-yearbook-2021-chapter-II-health-resources.xlsx,2.22,"Physicians and Dentists in MOH Primary Health Care Centers by Speciality and Nationality, in the last Five Years",Capacity | Workforce,0.421,YES
2022,2022-Chapter-II-Health-Resources.xlsx,2.21,"Health Manpower in Primary Health Care Centers, MoH, in the last Five Years",2023,Statistical-Yearbook-2023.xlsx,27,"Physicians and Dentists in MoH Primary Health Care Centers by Speciality and Nationality, in the last Five Years",Capacity | Workforce,0.421,YES
2022,2022-Chapter-II-Health-Resources.xlsx,2.21,"Health Manpower in Primary Health Care Centers, MoH, in the last Five Years",2024,Statistical-Yearbook-2024.xlsx,2-43,"Physicians and Dentists in MoH Primary Health Care Centers by Speciality and Nationality, in the last Five Years",Capacity | Workforce,0.421,YES
2022,2022-Chapter-II-Health-Resources.xlsx,2.22,"Physicians and Dentists in MoH Primary Health Care Centers by Speciality and Nationality, in the last Five Years",2021,statistical-yearbook-2021-chapter-II-health-resources.xlsx,2.21,"Health Manpower in Primary Health Care Centers, MOH, in the last Five Years",Capacity | Workforce,0.421,YES
2022,2022-Chapter-II-Health-Resources.xlsx,2.22,"Physicians and Dentists in MoH Primary Health Care Centers by Speciality and Nationality, in the last Five Years",2023,Statistical-Yearbook-2023.xlsx,26,"Health Manpower in Primary Health Care Centers, MoH, in the last Five Years",Capacity | Workforce,0.421,YES
2022,2022-Chapter-II-Health-Resources.xlsx,2.22,"Physicians and Dentists in MoH Primary Health Care Centers by Speciality and Nationality, in the last Five Years",2024,Statistical-Yearbook-2024.xlsx,2-42,"Health Manpower in Primary Health Care Centers, MoH, in the last Five Years",Capacity | Workforce,0.421,YES
2022,2022-Chapter-II-Health-Resources.xlsx,2.36,"Health Manpower in Private Sector Medical Complexes by Health Region, Category, Sex and Nationality, 2022G",2024,Statistical-Yearbook-2024.xlsx,2-24,"Health Manpower in MoH Branches & Offices by Category, Gender and Nationality, 2024G",Workforce,0.421,YES
2022,2022-Chapter-II-Health-Resources.xlsx,2.37,"Physicians and Dentists in the Private Sector by Speciality, Professional Categories and Health Region, 2022G.",2024,Statistical-Yearbook-2024.xlsx,2-29,"Physicians and Dentists, MoH Facilities by Speciality, Professional Categories in MoH Branches& Offices, 2024G.",Workforce | Activity,0.421,YES
2022,2022-Chapter-IV-Health-Activities.xlsx,4.11,"Visits to Polyclinics and Hospitals of the Private Sector by Health Region and Nationality, 2021G",2021,statistical-yearbook-2021-chapter-IV-health-activities.xlsx,4-32,"Surgical Interventions in the Private Sector by Health Region and Hospital Sections, 2020G.",Capacity | Activity,0.421,YES
2022,2022-Chapter-IV-Health-Activities.xlsx,4-32,"Surgical Interventions in the Private Sector by Health Region and Hospital Sections, 2020G.",2021,statistical-yearbook-2021-chapter-IV-health-activities.xlsx,4.11,"Visits to Polyclinics and Hospitals of the Private Sector by Health Region and Nationality, 2021G",Capacity | Activity,0.421,YES
2021,Statistical-Yearbook-2021-Chapter-I-Health-Indicators.xlsx,8,"Incidence Rate of Some Immunization Targeted Diseases (per 100,000 population) in the Last Five Years",2023,Statistical-Yearbook-2023.xlsx,3-21,Incidence Rate of environmental health related diseases for the last five years.,Population,0.421,YES
2021,Statistical-Yearbook-2021-Chapter-I-Health-Indicators.xlsx,8,"Incidence Rate of Some Immunization Targeted Diseases (per 100,000 population) in the Last Five Years",2024,Statistical-Yearbook-2024.xlsx,3-21,Incidence Rate of environmental health related diseases for the last five years.,Population,0.421,YES
2021,statistical-yearbook-2021-chapter-II-health-resources.xlsx,2.21,"Health Manpower in Primary Health Care Centers, MOH, in the last Five Years",2023,Statistical-Yearbook-2023.xlsx,27,"Physicians and Dentists in MoH Primary Health Care Centers by Speciality and Nationality, in the last Five Years",Capacity | Workforce,0.421,YES
2021,statistical-yearbook-2021-chapter-II-health-resources.xlsx,2.21,"Health Manpower in Primary Health Care Centers, MOH, in the last Five Years",2024,Statistical-Yearbook-2024.xlsx,2-43,"Physicians and Dentists in MoH Primary Health Care Centers by Speciality and Nationality, in the last Five Years",Capacity | Workforce,0.421,YES
2021,statistical-yearbook-2021-chapter-II-health-resources.xlsx,2.22,"Physicians and Dentists in MOH Primary Health Care Centers by Speciality and Nationality, in the last Five Years",2023,Statistical-Yearbook-2023.xlsx,26,"Health Manpower in Primary Health Care Centers, MoH, in the last Five Years",Capacity | Workforce,0.421,YES
2021,statistical-yearbook-2021-chapter-II-health-resources.xlsx,2.22,"Physicians and Dentists in MOH Primary Health Care Centers by Speciality and Nationality, in the last Five Years",2024,Statistical-Yearbook-2024.xlsx,2-42,"Health Manpower in Primary Health Care Centers, MoH, in the last Five Years",Capacity | Workforce,0.421,YES
2021,statistical-yearbook-2021-chapter-II-health-resources.xlsx,2.37,"Physicians and Dentists in the Private Sector by Speciality, Professional Categories and Health Region, 2021G.",2024,Statistical-Yearbook-2024.xlsx,2-29,"Physicians and Dentists, MoH Facilities by Speciality, Professional Categories in MoH Branches& Offices, 2024G.",Workforce | Activity,0.421,YES
2021,statistical-yearbook-2021-chapter-IV-health-activities.xlsx,43,"Laboratory investigations in MoH Hospitals by Health Region and Type of investigations, 2020G.",2024,Statistical-Yearbook-2024.xlsx,2-12,"Intensive Care Beds at MoH Hospitals By Health Cluster and Type of Intensive Care Bed, 2024G",Capacity,0.421,YES
2023,Statistical-Yearbook-2023.xlsx,12,"Incidence Rate of Some Immunization Targeted Diseases (per 100,000 population) in the Last Five Years",2024,Statistical-Yearbook-2024.xlsx,3-21,Incidence Rate of environmental health related diseases for the last five years.,Population,0.421,YES
2023,Statistical-Yearbook-2023.xlsx,26,"Health Manpower in Primary Health Care Centers, MoH, in the last Five Years",2024,Statistical-Yearbook-2024.xlsx,2-43,"Physicians and Dentists in MoH Primary Health Care Centers by Speciality and Nationality, in the last Five Years",Capacity | Workforce,0.421,YES
2023,Statistical-Yearbook-2023.xlsx,27,"Physicians and Dentists in MoH Primary Health Care Centers by Speciality and Nationality, in the last Five Years",2024,Statistical-Yearbook-2024.xlsx,2-42,"Health Manpower in Primary Health Care Centers, MoH, in the last Five Years",Capacity | Workforce,0.421,YES
2023,Statistical-Yearbook-2023.xlsx,41,"Health Manpower in Private Sector Medical Complexes by Health Region, Category, Sex and Nationality, 2023G",2024,Statistical-Yearbook-2024.xlsx,2-24,"Health Manpower in MoH Branches & Offices by Category, Gender and Nationality, 2024G",Workforce,0.421,YES
2023,Statistical-Yearbook-2023.xlsx,42,"Physicians and Dentists in the Private Sector by Speciality, Professional Categories and Health Region, 2023G.",2024,Statistical-Yearbook-2024.xlsx,2-29,"Physicians and Dentists, MoH Facilities by Speciality, Professional Categories in MoH Branches& Offices, 2024G.",Workforce | Activity,0.421,YES
2023,Statistical-Yearbook-2023.xlsx,3-21,Incidence Rate of environmental health related diseases for the last five years.,2024,Statistical-Yearbook-2024.xlsx,1-11,"Incidence Rate of Some Immunization Targeted Diseases (per 100,000 population) in the Last Five Years",Population,0.421,YES
2022,2022-Chapter-II-Health-Resources.xlsx,2-11,المستشفيات والأسرة بوزارة الصحة حسب المنطقة الصحية في الأعوام الخمسة الأخيرة,2024,Statistical-Yearbook-2024.xlsx,2-15,المستشفيات والأسرة والمجمعات الطبية بالقطاع الخاص حسب فروع ومكاتب وزارة الصحة في الأعوام الخمسة الأخيرة,Capacity,0.412,YES
2022,2022-Chapter-II-Health-Resources.xlsx,2.31,"Hospital Beds at Private Sector by Health Region and Speciality , 2022G.",2021,statistical-yearbook-2021-chapter-IV-health-activities.xlsx,30,"Surgical Interventions at MoH Hospitals by Health Region and Hospital Sections, 2021G.",Capacity | Activity,0.412,YES
2022,2022-Chapter-II-Health-Resources.xlsx,2.31,"Hospital Beds at Private Sector by Health Region and Speciality , 2022G.",2023,Statistical-Yearbook-2023.xlsx,29.,"Surgical Interventions at MoH Hospitals by Health Region and Hospital Sections, 2023G.",Capacity | Activity,0.412,YES
2022,2022-Chapter-II-Health-Resources.xlsx,2.34,"Health Manpower in the Private Sector by Health Region,Category,Sex and Nationality, 2022G",2024,Statistical-Yearbook-2024.xlsx,2-24,"Health Manpower in MoH Branches & Offices by Category, Gender and Nationality, 2024G",Workforce,0.412,YES
2022,2022-Chapter-IV-Health-Activities.xlsx,4,زيارات مراجعي العيادات الخارجية بمستشفيات وزارة الصحة حسب الجنس والجنسية والمنطقة الصحية عام 2022م.,2021,statistical-yearbook-2021-chapter-IV-health-activities.xlsx,5,زيارات المراجعين للرعاية الصحية الأولية والعيادات الخارجية بمستشفيات وزارة الصحة حسب المنطقة الصحية عام 2021م,Capacity | Activity,0.412,YES
2022,2022-Chapter-IV-Health-Activities.xlsx,4,زيارات مراجعي العيادات الخارجية بمستشفيات وزارة الصحة حسب الجنس والجنسية والمنطقة الصحية عام 2022م.,2023,Statistical-Yearbook-2023.xlsx,5..,زيارات المراجعين للرعاية الصحية الأولية والعيادات الخارجية بمستشفيات وزارة الصحة حسب المنطقة الصحية عام 2023م,Capacity | Activity,0.412,YES
2022,2022-Chapter-IV-Health-Activities.xlsx,5,زيارات المراجعين للرعاية الصحية الأولية والعيادات الخارجية بمستشفيات وزارة الصحة حسب المنطقة الصحية عام 2022م,2021,statistical-yearbook-2021-chapter-IV-health-activities.xlsx,4,زيارات مراجعي العيادات الخارجية بمستشفيات وزارة الصحة حسب الجنس والجنسية والمنطقة الصحية عام 2021م.,Capacity | Activity,0.412,YES
2022,2022-Chapter-IV-Health-Activities.xlsx,5,زيارات المراجعين للرعاية الصحية الأولية والعيادات الخارجية بمستشفيات وزارة الصحة حسب المنطقة الصحية عام 2022م,2021,statistical-yearbook-2021-chapter-IV-health-activities.xlsx,13,زيارات المراجعين لعيادات السكرى بمستشفيات وزارة الصحة حسب الجنس والجنسية والمنطقة الصحية عام 2021م.,Capacity | Activity,0.412,YES
2022,2022-Chapter-IV-Health-Activities.xlsx,5,زيارات المراجعين للرعاية الصحية الأولية والعيادات الخارجية بمستشفيات وزارة الصحة حسب المنطقة الصحية عام 2022م,2023,Statistical-Yearbook-2023.xlsx,4..,زيارات مراجعي العيادات الخارجية بمستشفيات وزارة الصحة حسب الجنس والجنسية والمنطقة الصحية عام 2023م.,Capacity | Activity,0.412,YES
2022,2022-Chapter-IV-Health-Activities.xlsx,5,زيارات المراجعين للرعاية الصحية الأولية والعيادات الخارجية بمستشفيات وزارة الصحة حسب المنطقة الصحية عام 2022م,2023,Statistical-Yearbook-2023.xlsx,13..,زيارات المراجعين لعيادات السكرى بمستشفيات وزارة الصحة حسب الجنس والجنسية والمنطقة الصحية عام 2023م.,Capacity | Activity,0.412,YES
2022,2022-Chapter-IV-Health-Activities.xlsx,112020,"Health Services in the Private Sector by Health Region and Nationality, 2020G",2024,Statistical-Yearbook-2024.xlsx,2-35,"Allied Health Personnel in the Private Sector by Speciality, Nationality & Gender, 2024G",Activity,0.412,YES
2022,2022-Chapter-IV-Health-Activities.xlsx,13,زيارات المراجعين لعيادات السكرى بمستشفيات وزارة الصحة حسب الجنس والجنسية والمنطقة الصحية عام 2022م.,2021,statistical-yearbook-2021-chapter-IV-health-activities.xlsx,5,زيارات المراجعين للرعاية الصحية الأولية والعيادات الخارجية بمستشفيات وزارة الصحة حسب المنطقة الصحية عام 2021م,Capacity | Activity,0.412,YES
2022,2022-Chapter-IV-Health-Activities.xlsx,13,زيارات المراجعين لعيادات السكرى بمستشفيات وزارة الصحة حسب الجنس والجنسية والمنطقة الصحية عام 2022م.,2023,Statistical-Yearbook-2023.xlsx,5..,زيارات المراجعين للرعاية الصحية الأولية والعيادات الخارجية بمستشفيات وزارة الصحة حسب المنطقة الصحية عام 2023م,Capacity | Activity,0.412,YES
2022,2022-Chapter-IV-Health-Activities.xlsx,29,"Surgical Interventions at MoH Hospitals by Health Region and Hospital Sections, 2022G.",2021,statistical-yearbook-2021-chapter-II-health-resources.xlsx,2.31,"Hospital Beds at Private Sector by Health Region and Speciality , 2021G.",Capacity | Activity,0.412,YES
2022,2022-Chapter-IV-Health-Activities.xlsx,29,"Surgical Interventions at MoH Hospitals by Health Region and Hospital Sections, 2022G.",2023,Statistical-Yearbook-2023.xlsx,36,"Hospital Beds at Private Sector by Health Region and Speciality , 2023G.",Capacity | Activity,0.412,YES
2021,statistical-yearbook-2021-chapter-II-health-resources.xlsx,2-9,"Allied Health Personnel by Speciality , Nationality & Sex, 2021G",2024,Statistical-Yearbook-2024.xlsx,2-34,"Allied Health Personnel in the Other Governmental Sector by Speciality, Nationality & Gender, 2024G",Activity,0.412,YES
2021,statistical-yearbook-2021-chapter-II-health-resources.xlsx,2-11,المستشفيات والأسرة بوزارة الصحة حسب المنطقة الصحية في الأعوام الخمسة الأخيرة,2024,Statistical-Yearbook-2024.xlsx,2-15,المستشفيات والأسرة والمجمعات الطبية بالقطاع الخاص حسب فروع ومكاتب وزارة الصحة في الأعوام الخمسة الأخيرة,Capacity,0.412,YES
2021,statistical-yearbook-2021-chapter-II-health-resources.xlsx,2.31,"Hospital Beds at Private Sector by Health Region and Speciality , 2021G.",2023,Statistical-Yearbook-2023.xlsx,29.,"Surgical Interventions at MoH Hospitals by Health Region and Hospital Sections, 2023G.",Capacity | Activity,0.412,YES
2021,statistical-yearbook-2021-chapter-II-health-resources.xlsx,2.34,"Health Manpower in the Private Sector by Health Region,Category,Sex and Nationality, 2021G",2024,Statistical-Yearbook-2024.xlsx,2-24,"Health Manpower in MoH Branches & Offices by Category, Gender and Nationality, 2024G",Workforce,0.412,YES
2021,statistical-yearbook-2021-chapter-IV-health-activities.xlsx,4,زيارات مراجعي العيادات الخارجية بمستشفيات وزارة الصحة حسب الجنس والجنسية والمنطقة الصحية عام 2021م.,2023,Statistical-Yearbook-2023.xlsx,5..,زيارات المراجعين للرعاية الصحية الأولية والعيادات الخارجية بمستشفيات وزارة الصحة حسب المنطقة الصحية عام 2023م,Capacity | Activity,0.412,YES
2021,statistical-yearbook-2021-chapter-IV-health-activities.xlsx,5,زيارات المراجعين للرعاية الصحية الأولية والعيادات الخارجية بمستشفيات وزارة الصحة حسب المنطقة الصحية عام 2021م,2023,Statistical-Yearbook-2023.xlsx,4..,زيارات مراجعي العيادات الخارجية بمستشفيات وزارة الصحة حسب الجنس والجنسية والمنطقة الصحية عام 2023م.,Capacity | Activity,0.412,YES
2021,statistical-yearbook-2021-chapter-IV-health-activities.xlsx,5,زيارات المراجعين للرعاية الصحية الأولية والعيادات الخارجية بمستشفيات وزارة الصحة حسب المنطقة الصحية عام 2021م,2023,Statistical-Yearbook-2023.xlsx,13..,زيارات المراجعين لعيادات السكرى بمستشفيات وزارة الصحة حسب الجنس والجنسية والمنطقة الصحية عام 2023م.,Capacity | Activity,0.412,YES
2021,statistical-yearbook-2021-chapter-IV-health-activities.xlsx,112020,"Health Services in the Private Sector by Health Region and Nationality, 2020G",2024,Statistical-Yearbook-2024.xlsx,2-35,"Allied Health Personnel in the Private Sector by Speciality, Nationality & Gender, 2024G",Activity,0.412,YES
2021,statistical-yearbook-2021-chapter-IV-health-activities.xlsx,11,"Health Services in the Private Sector by Health Region and Nationality, 2021G",2024,Statistical-Yearbook-2024.xlsx,2-35,"Allied Health Personnel in the Private Sector by Speciality, Nationality & Gender, 2024G",Activity,0.412,YES
2021,statistical-yearbook-2021-chapter-IV-health-activities.xlsx,13,زيارات المراجعين لعيادات السكرى بمستشفيات وزارة الصحة حسب الجنس والجنسية والمنطقة الصحية عام 2021م.,2023,Statistical-Yearbook-2023.xlsx,5..,زيارات المراجعين للرعاية الصحية الأولية والعيادات الخارجية بمستشفيات وزارة الصحة حسب المنطقة الصحية عام 2023م,Capacity | Activity,0.412,YES
2021,statistical-yearbook-2021-chapter-IV-health-activities.xlsx,30,"Surgical Interventions at MoH Hospitals by Health Region and Hospital Sections, 2021G.",2023,Statistical-Yearbook-2023.xlsx,36,"Hospital Beds at Private Sector by Health Region and Speciality , 2023G.",Capacity | Activity,0.412,YES
2021,statistical-yearbook-2021-chapter-IV-health-activities.xlsx,43,"Laboratory investigations in MoH Hospitals by Health Region and Type of investigations, 2020G.",2023,Statistical-Yearbook-2023.xlsx,42.,"Diagnostic Radiology Investigations at MoH Hospitals by Type of Investigation, 2023G.",Capacity,0.412,YES
2021,statistical-yearbook-2021-chapter-IV-health-activities.xlsx,43,"Laboratory investigations in MoH Hospitals by Health Region and Type of investigations, 2020G.",2024,Statistical-Yearbook-2024.xlsx,4-53,"Diagnostic Radiology Investigations at MoH Hospitals by Type of Investigation, 2024G.",Capacity,0.412,YES
2023,Statistical-Yearbook-2023.xlsx,16,المستشفيات والأسرة بوزارة الصحة حسب المنطقة الصحية في الأعوام الخمسة الأخيرة,2024,Statistical-Yearbook-2024.xlsx,2-15,المستشفيات والأسرة والمجمعات الطبية بالقطاع الخاص حسب فروع ومكاتب وزارة الصحة في الأعوام الخمسة الأخيرة,Capacity,0.412,YES
2023,Statistical-Yearbook-2023.xlsx,39,"Health Manpower in the Private Sector by Health Region,Category,Sex and Nationality, 2023G",2024,Statistical-Yearbook-2024.xlsx,2-24,"Health Manpower in MoH Branches & Offices by Category, Gender and Nationality, 2024G",Workforce,0.412,YES
2022,2022-Chapter-IV-Health-Activities.xlsx,32,"Cases of Malignant Tumours Registered at King Faisal Specialist Hospital and Research Center by Site and Sex, 2022G.",2021,statistical-yearbook-2021-chapter-IV-health-activities.xlsx,34,"Cases of Tumours among Children Referred to King Faisal Specialist Hospital by Site, 2021G.",Capacity,0.409,YES
2022,2022-Chapter-IV-Health-Activities.xlsx,32,"Cases of Malignant Tumours Registered at King Faisal Specialist Hospital and Research Center by Site and Sex, 2022G.",2023,Statistical-Yearbook-2023.xlsx,33.,"Cases of Tumours among Children Referred to King Faisal Specialist Hospital by Site, 2023G.",Capacity,0.409,YES
2022,2022-Chapter-IV-Health-Activities.xlsx,32,"Cases of Malignant Tumours Registered at King Faisal Specialist Hospital and Research Center by Site and Sex, 2022G.",2024,Statistical-Yearbook-2024.xlsx,4-41,"Cases of Tumours among Children Referred to King Faisal Specialist Hospital by Site, 2024G.",Capacity,0.409,YES
2022,2022-Chapter-IV-Health-Activities.xlsx,33,"Cases of Tumours among Children Referred to King Faisal Specialist Hospital by Site, 2022G.",2021,statistical-yearbook-2021-chapter-IV-health-activities.xlsx,33,"Cases of Malignant Tumours Registered at King Faisal Specialist Hospital and Research Center by Site and Sex, 2021G.",Capacity,0.409,YES
2022,2022-Chapter-IV-Health-Activities.xlsx,33,"Cases of Tumours among Children Referred to King Faisal Specialist Hospital by Site, 2022G.",2023,Statistical-Yearbook-2023.xlsx,32.,"Cases of Malignant Tumours Registered at King Faisal Specialist Hospital and Research Center by Site and Sex, 2023G.",Capacity,0.409,YES
2022,2022-Chapter-IV-Health-Activities.xlsx,33,"Cases of Tumours among Children Referred to King Faisal Specialist Hospital by Site, 2022G.",2024,Statistical-Yearbook-2024.xlsx,4-40,"Cases of Malignant Tumours Registered at King Faisal Specialist Hospital and Research Center by Site and Gender, 2024G.",Capacity,0.409,YES
2021,statistical-yearbook-2021-chapter-IV-health-activities.xlsx,33,"Cases of Malignant Tumours Registered at King Faisal Specialist Hospital and Research Center by Site and Sex, 2021G.",2023,Statistical-Yearbook-2023.xlsx,33.,"Cases of Tumours among Children Referred to King Faisal Specialist Hospital by Site, 2023G.",Capacity,0.409,YES
2021,statistical-yearbook-2021-chapter-IV-health-activities.xlsx,33,"Cases of Malignant Tumours Registered at King Faisal Specialist Hospital and Research Center by Site and Sex, 2021G.",2024,Statistical-Yearbook-2024.xlsx,4-41,"Cases of Tumours among Children Referred to King Faisal Specialist Hospital by Site, 2024G.",Capacity,0.409,YES
2021,statistical-yearbook-2021-chapter-IV-health-activities.xlsx,34,"Cases of Tumours among Children Referred to King Faisal Specialist Hospital by Site, 2021G.",2023,Statistical-Yearbook-2023.xlsx,32.,"Cases of Malignant Tumours Registered at King Faisal Specialist Hospital and Research Center by Site and Sex, 2023G.",Capacity,0.409,YES
2021,statistical-yearbook-2021-chapter-IV-health-activities.xlsx,34,"Cases of Tumours among Children Referred to King Faisal Specialist Hospital by Site, 2021G.",2024,Statistical-Yearbook-2024.xlsx,4-40,"Cases of Malignant Tumours Registered at King Faisal Specialist Hospital and Research Center by Site and Gender, 2024G.",Capacity,0.409,YES
2023,Statistical-Yearbook-2023.xlsx,8.,"Physicians and Dentists in the Other Governmental Sector by Gender, Nationality, Speciality and Professional Categories, 2023G",2024,Statistical-Yearbook-2024.xlsx,2-31,"Physicians and Dentists in the Private Sector by Speciality, Professional Categories in MoH Branches & Offices, 2024G",Workforce | Activity,0.409,YES
2023,Statistical-Yearbook-2023.xlsx,32.,"Cases of Malignant Tumours Registered at King Faisal Specialist Hospital and Research Center by Site and Sex, 2023G.",2024,Statistical-Yearbook-2024.xlsx,4-41,"Cases of Tumours among Children Referred to King Faisal Specialist Hospital by Site, 2024G.",Capacity,0.409,YES
2023,Statistical-Yearbook-2023.xlsx,33.,"Cases of Tumours among Children Referred to King Faisal Specialist Hospital by Site, 2023G.",2024,Statistical-Yearbook-2024.xlsx,4-40,"Cases of Malignant Tumours Registered at King Faisal Specialist Hospital and Research Center by Site and Gender, 2024G.",Capacity,0.409,YES
2022,2022-Chapter-I-Health-Indicators.xlsx,1,Crude Birth Rate /1000 Population,2023,Statistical-Yearbook-2023.xlsx,3-1,Incidence Rate / 100 000 population,Population,0.4,YES
2022,2022-Chapter-I-Health-Indicators.xlsx,1,Crude Birth Rate /1000 Population,2024,Statistical-Yearbook-2024.xlsx,3-1,Incidence Rate / 100 000 population,Population,0.4,YES
2022,2022-Chapter-I-Health-Indicators.xlsx,2,Crude Death Rate /1000 Population,2023,Statistical-Yearbook-2023.xlsx,3-1,Incidence Rate / 100 000 population,Population,0.4,YES
2022,2022-Chapter-I-Health-Indicators.xlsx,2,Crude Death Rate /1000 Population,2024,Statistical-Yearbook-2024.xlsx,3-1,Incidence Rate / 100 000 population,Population,0.4,YES
2022,2022-Chapter-II-Health-Resources.xlsx,2-5,"Physicians and Dentists in KSA Health Sectors by Speciality and Professional Categories, 2022G",2024,Statistical-Yearbook-2024.xlsx,2-30,"Other Governmental Sector' Physicians and Dentists by Speciality and Professional Categories in MoH Branches & Facilities, 2024G.",Workforce | Activity,0.4,YES
2022,2022-Chapter-II-Health-Resources.xlsx,2-12,مستشفيات وزارة الصحة وعدد الأسرة حسب المنطقة الصحية والتخصص لعام 2022م,2021,statistical-yearbook-2021-chapter-IV-health-activities.xlsx,22,المؤشرات المختارة عن خدمات مستشفيات وزارة الصحة (100 سرير فأكثر) حسب المنطقة الصحية عام 2021م.,Capacity,0.4,YES
2022,2022-Chapter-II-Health-Resources.xlsx,2-12,مستشفيات وزارة الصحة وعدد الأسرة حسب المنطقة الصحية والتخصص لعام 2022م,2021,statistical-yearbook-2021-chapter-IV-health-activities.xlsx,23,بعض المؤشرات المختارة عن خدمات مستشفيات وزارة الصحة (50 سرير) حسب المنطقة الصحية عام 2021م.,Capacity,0.4,YES
2022,2022-Chapter-II-Health-Resources.xlsx,2-12,مستشفيات وزارة الصحة وعدد الأسرة حسب المنطقة الصحية والتخصص لعام 2022م,2023,Statistical-Yearbook-2023.xlsx,21.,المؤشرات المختارة عن خدمات مستشفيات وزارة الصحة (100 سرير فأكثر) حسب المنطقة الصحية عام 2023م.,Capacity,0.4,YES
2022,2022-Chapter-II-Health-Resources.xlsx,2-12,مستشفيات وزارة الصحة وعدد الأسرة حسب المنطقة الصحية والتخصص لعام 2022م,2023,Statistical-Yearbook-2023.xlsx,22.,بعض المؤشرات المختارة عن خدمات مستشفيات وزارة الصحة (50 سرير) حسب المنطقة الصحية عام 2023م.,Capacity,0.4,YES
2022,2022-Chapter-II-Health-Resources.xlsx,2-33,Health Manpower at Private Sector in the last Five Years,2021,statistical-yearbook-2021-chapter-II-health-resources.xlsx,2.34,"Health Manpower in the Private Sector by Health Region,Category,Sex and Nationality, 2021G",Workforce,0.4,YES
2022,2022-Chapter-II-Health-Resources.xlsx,2-33,Health Manpower at Private Sector in the last Five Years,2023,Statistical-Yearbook-2023.xlsx,39,"Health Manpower in the Private Sector by Health Region,Category,Sex and Nationality, 2023G",Workforce,0.4,YES
2022,2022-Chapter-II-Health-Resources.xlsx,2.34,"Health Manpower in the Private Sector by Health Region,Category,Sex and Nationality, 2022G",2021,statistical-yearbook-2021-chapter-II-health-resources.xlsx,2-33,Health Manpower at Private Sector in the last Five Years,Workforce,0.4,YES
2022,2022-Chapter-II-Health-Resources.xlsx,2.34,"Health Manpower in the Private Sector by Health Region,Category,Sex and Nationality, 2022G",2023,Statistical-Yearbook-2023.xlsx,38,Health Manpower at Private Sector in the last Five Years,Workforce,0.4,YES
2022,2022-Chapter-II-Health-Resources.xlsx,2.34,"Health Manpower in the Private Sector by Health Region,Category,Sex and Nationality, 2022G",2024,Statistical-Yearbook-2024.xlsx,2-39,Health Manpower at Private Sector in the last Five Years,Workforce,0.4,YES
2022,2022-Chapter-II-Health-Resources.xlsx,2.34,"Health Manpower in the Private Sector by Health Region,Category,Sex and Nationality, 2022G",2024,Statistical-Yearbook-2024.xlsx,2-47,"Health Manpower in Private Sector Medical Complexes by Category, Gender and Nationality in MoH Branches & Offices, 2024G",Workforce,0.4,YES
2022,2022-Chapter-II-Health-Resources.xlsx,2.37,"Physicians and Dentists in the Private Sector by Speciality, Professional Categories and Health Region, 2022G.",2023,Statistical-Yearbook-2023.xlsx,10.,"Physicians and Dentists in KSA Health Sectors by Gender, Nationality, Speciality and Professional Categories, 2023G",Workforce | Activity,0.4,YES
2022,2022-Chapter-II-Health-Resources.xlsx,2.37,"Physicians and Dentists in the Private Sector by Speciality, Professional Categories and Health Region, 2022G.",2024,Statistical-Yearbook-2024.xlsx,2-23,"Physicians and Dentists in KSA Health Sectors by Gender, Nationality, Speciality and Professional Categories, 2024G",Workforce | Activity,0.4,YES
2022,2022-Chapter-II-Health-Resources.xlsx,2.39,Public Health,2023,Statistical-Yearbook-2023.xlsx,45,Preventive Medicine & Public Health,Workforce | Activity,0.4,YES
2022,2022-Chapter-IV-Health-Activities.xlsx,21,المؤشرات المختارة عن خدمات مستشفيات وزارة الصحة (100 سرير فأكثر) حسب المنطقة الصحية عام 2022م.,2021,statistical-yearbook-2021-chapter-II-health-resources.xlsx,2-12,مستشفيات وزارة الصحة وعدد الأسرة حسب المنطقة الصحية والتخصص لعام 2021م,Capacity,0.4,YES
2022,2022-Chapter-IV-Health-Activities.xlsx,21,المؤشرات المختارة عن خدمات مستشفيات وزارة الصحة (100 سرير فأكثر) حسب المنطقة الصحية عام 2022م.,2023,Statistical-Yearbook-2023.xlsx,17,مستشفيات وزارة الصحة وعدد الأسرة حسب المنطقة الصحية والتخصص لعام 2023م,Capacity,0.4,YES
2022,2022-Chapter-IV-Health-Activities.xlsx,22,بعض المؤشرات المختارة عن خدمات مستشفيات وزارة الصحة (50 سرير) حسب المنطقة الصحية عام 2022م.,2021,statistical-yearbook-2021-chapter-II-health-resources.xlsx,2-12,مستشفيات وزارة الصحة وعدد الأسرة حسب المنطقة الصحية والتخصص لعام 2021م,Capacity,0.4,YES
2022,2022-Chapter-IV-Health-Activities.xlsx,22,بعض المؤشرات المختارة عن خدمات مستشفيات وزارة الصحة (50 سرير) حسب المنطقة الصحية عام 2022م.,2023,Statistical-Yearbook-2023.xlsx,17,مستشفيات وزارة الصحة وعدد الأسرة حسب المنطقة الصحية والتخصص لعام 2023م,Capacity,0.4,YES
2022,2022-Chapter-IV-Health-Activities.xlsx,29,"Surgical Interventions at MoH Hospitals by Health Region and Hospital Sections, 2022G.",2024,Statistical-Yearbook-2024.xlsx,2-13,"ER Beds at MoH Hospitals By Health Clusters, 2024G",Capacity | Activity,0.4,YES
2021,Statistical-Yearbook-2021-Chapter-I-Health-Indicators.xlsx,1,Crude Birth Rate /1000 Population,2023,Statistical-Yearbook-2023.xlsx,3-1,Incidence Rate / 100 000 population,Population,0.4,YES
2021,Statistical-Yearbook-2021-Chapter-I-Health-Indicators.xlsx,1,Crude Birth Rate /1000 Population,2024,Statistical-Yearbook-2024.xlsx,3-1,Incidence Rate / 100 000 population,Population,0.4,YES
2021,Statistical-Yearbook-2021-Chapter-I-Health-Indicators.xlsx,2,Crude Death Rate /1000 Population,2023,Statistical-Yearbook-2023.xlsx,3-1,Incidence Rate / 100 000 population,Population,0.4,YES
2021,Statistical-Yearbook-2021-Chapter-I-Health-Indicators.xlsx,2,Crude Death Rate /1000 Population,2024,Statistical-Yearbook-2024.xlsx,3-1,Incidence Rate / 100 000 population,Population,0.4,YES
2021,statistical-yearbook-2021-chapter-II-health-resources.xlsx,2-5,"Physicians and Dentists in KSA Health Sectors by Speciality and Professional Categories, 2021G",2024,Statistical-Yearbook-2024.xlsx,2-30,"Other Governmental Sector' Physicians and Dentists by Speciality and Professional Categories in MoH Branches & Facilities, 2024G.",Workforce | Activity,0.4,YES
2021,statistical-yearbook-2021-chapter-II-health-resources.xlsx,2-12,مستشفيات وزارة الصحة وعدد الأسرة حسب المنطقة الصحية والتخصص لعام 2021م,2023,Statistical-Yearbook-2023.xlsx,21.,المؤشرات المختارة عن خدمات مستشفيات وزارة الصحة (100 سرير فأكثر) حسب المنطقة الصحية عام 2023م.,Capacity,0.4,YES
2021,statistical-yearbook-2021-chapter-II-health-resources.xlsx,2-12,مستشفيات وزارة الصحة وعدد الأسرة حسب المنطقة الصحية والتخصص لعام 2021م,2023,Statistical-Yearbook-2023.xlsx,22.,بعض المؤشرات المختارة عن خدمات مستشفيات وزارة الصحة (50 سرير) حسب المنطقة الصحية عام 2023م.,Capacity,0.4,YES
2021,statistical-yearbook-2021-chapter-II-health-resources.xlsx,2-33,Health Manpower at Private Sector in the last Five Years,2023,Statistical-Yearbook-2023.xlsx,39,"Health Manpower in the Private Sector by Health Region,Category,Sex and Nationality, 2023G",Workforce,0.4,YES
2021,statistical-yearbook-2021-chapter-II-health-resources.xlsx,2.34,"Health Manpower in the Private Sector by Health Region,Category,Sex and Nationality, 2021G",2023,Statistical-Yearbook-2023.xlsx,38,Health Manpower at Private Sector in the last Five Years,Workforce,0.4,YES
2021,statistical-yearbook-2021-chapter-II-health-resources.xlsx,2.34,"Health Manpower in the Private Sector by Health Region,Category,Sex and Nationality, 2021G",2024,Statistical-Yearbook-2024.xlsx,2-39,Health Manpower at Private Sector in the last Five Years,Workforce,0.4,YES
2021,statistical-yearbook-2021-chapter-II-health-resources.xlsx,2.34,"Health Manpower in the Private Sector by Health Region,Category,Sex and Nationality, 2021G",2024,Statistical-Yearbook-2024.xlsx,2-47,"Health Manpower in Private Sector Medical Complexes by Category, Gender and Nationality in MoH Branches & Offices, 2024G",Workforce,0.4,YES
2021,statistical-yearbook-2021-chapter-II-health-resources.xlsx,2.36,"Health Manpower in Private Sector Medical Complexes by Health Region,Category,Sex and Nationality, 2021G",2024,Statistical-Yearbook-2024.xlsx,2-26,"Health Manpower in the Private Sector by Category, Gender and Nationality in MoH Branches & Offices, 2024G",Workforce,0.4,YES
2021,statistical-yearbook-2021-chapter-II-health-resources.xlsx,2.37,"Physicians and Dentists in the Private Sector by Speciality, Professional Categories and Health Region, 2021G.",2023,Statistical-Yearbook-2023.xlsx,10.,"Physicians and Dentists in KSA Health Sectors by Gender, Nationality, Speciality and Professional Categories, 2023G",Workforce | Activity,0.4,YES
2021,statistical-yearbook-2021-chapter-II-health-resources.xlsx,2.37,"Physicians and Dentists in the Private Sector by Speciality, Professional Categories and Health Region, 2021G.",2024,Statistical-Yearbook-2024.xlsx,2-23,"Physicians and Dentists in KSA Health Sectors by Gender, Nationality, Speciality and Professional Categories, 2024G",Workforce | Activity,0.4,YES
2021,statistical-yearbook-2021-chapter-IV-health-activities.xlsx,22,المؤشرات المختارة عن خدمات مستشفيات وزارة الصحة (100 سرير فأكثر) حسب المنطقة الصحية عام 2021م.,2023,Statistical-Yearbook-2023.xlsx,17,مستشفيات وزارة الصحة وعدد الأسرة حسب المنطقة الصحية والتخصص لعام 2023م,Capacity,0.4,YES
2021,statistical-yearbook-2021-chapter-IV-health-activities.xlsx,23,بعض المؤشرات المختارة عن خدمات مستشفيات وزارة الصحة (50 سرير) حسب المنطقة الصحية عام 2021م.,2023,Statistical-Yearbook-2023.xlsx,17,مستشفيات وزارة الصحة وعدد الأسرة حسب المنطقة الصحية والتخصص لعام 2023م,Capacity,0.4,YES
2021,statistical-yearbook-2021-chapter-IV-health-activities.xlsx,30,"Surgical Interventions at MoH Hospitals by Health Region and Hospital Sections, 2021G.",2024,Statistical-Yearbook-2024.xlsx,2-13,"ER Beds at MoH Hospitals By Health Clusters, 2024G",Capacity | Activity,0.4,YES
2023,Statistical-Yearbook-2023.xlsx,1,Crude Birth Rate /1000 Population,2024,Statistical-Yearbook-2024.xlsx,3-1,Incidence Rate / 100 000 population,Population,0.4,YES
2023,Statistical-Yearbook-2023.xlsx,6,Crude Death Rate /1000 Population,2024,Statistical-Yearbook-2024.xlsx,3-1,Incidence Rate / 100 000 population,Population,0.4,YES
2023,Statistical-Yearbook-2023.xlsx,5.,"Physicians and Dentists in KSA Health Sectors by Speciality and Professional Categories, 2023G",2024,Statistical-Yearbook-2024.xlsx,2-30,"Other Governmental Sector' Physicians and Dentists by Speciality and Professional Categories in MoH Branches & Facilities, 2024G.",Workforce | Activity,0.4,YES
2023,Statistical-Yearbook-2023.xlsx,7.,"Physicians and Dentists in MoH by Gender, Nationality, Speciality and Professional Categories, 2023G",2024,Statistical-Yearbook-2024.xlsx,2-31,"Physicians and Dentists in the Private Sector by Speciality, Professional Categories in MoH Branches & Offices, 2024G",Workforce | Activity,0.4,YES
2023,Statistical-Yearbook-2023.xlsx,39,"Health Manpower in the Private Sector by Health Region,Category,Sex and Nationality, 2023G",2024,Statistical-Yearbook-2024.xlsx,2-39,Health Manpower at Private Sector in the last Five Years,Workforce,0.4,YES
2023,Statistical-Yearbook-2023.xlsx,39,"Health Manpower in the Private Sector by Health Region,Category,Sex and Nationality, 2023G",2024,Statistical-Yearbook-2024.xlsx,2-47,"Health Manpower in Private Sector Medical Complexes by Category, Gender and Nationality in MoH Branches & Offices, 2024G",Workforce,0.4,YES
2023,Statistical-Yearbook-2023.xlsx,42,"Physicians and Dentists in the Private Sector by Speciality, Professional Categories and Health Region, 2023G.",2024,Statistical-Yearbook-2024.xlsx,2-23,"Physicians and Dentists in KSA Health Sectors by Gender, Nationality, Speciality and Professional Categories, 2024G",Workforce | Activity,0.4,YES
2023,Statistical-Yearbook-2023.xlsx,3-1,Incidence Rate / 100 000 population,2024,Statistical-Yearbook-2024.xlsx,1-1,Crude Birth Rate /1000 Population,Population,0.4,YES
2023,Statistical-Yearbook-2023.xlsx,29.,"Surgical Interventions at MoH Hospitals by Health Region and Hospital Sections, 2023G.",2024,Statistical-Yearbook-2024.xlsx,2-13,"ER Beds at MoH Hospitals By Health Clusters, 2024G",Capacity | Activity,0.4,YES
2022,2022-Chapter-IV-Health-Activities.xlsx,29,"Surgical Interventions at MoH Hospitals by Health Region and Hospital Sections, 2022G.",2024,Statistical-Yearbook-2024.xlsx,4-4,"Surgical Emergency Encounters in MoH Hospitals by Health Clusters, Gender and Nationality, 2024G.",Capacity | Activity,0.389,YES
2021,statistical-yearbook-2021-chapter-II-health-resources.xlsx,2.36,"Health Manpower in Private Sector Medical Complexes by Health Region,Category,Sex and Nationality, 2021G",2024,Statistical-Yearbook-2024.xlsx,2-24,"Health Manpower in MoH Branches & Offices by Category, Gender and Nationality, 2024G",Workforce,0.389,YES
2021,statistical-yearbook-2021-chapter-IV-health-activities.xlsx,30,"Surgical Interventions at MoH Hospitals by Health Region and Hospital Sections, 2021G.",2024,Statistical-Yearbook-2024.xlsx,4-4,"Surgical Emergency Encounters in MoH Hospitals by Health Clusters, Gender and Nationality, 2024G.",Capacity | Activity,0.389,YES
2023,Statistical-Yearbook-2023.xlsx,7.,"Physicians and Dentists in MoH by Gender, Nationality, Speciality and Professional Categories, 2023G",2024,Statistical-Yearbook-2024.xlsx,2-29,"Physicians and Dentists, MoH Facilities by Speciality, Professional Categories in MoH Branches& Offices, 2024G.",Workforce | Activity,0.389,YES
2023,Statistical-Yearbook-2023.xlsx,29.,"Surgical Interventions at MoH Hospitals by Health Region and Hospital Sections, 2023G.",2024,Statistical-Yearbook-2024.xlsx,4-4,"Surgical Emergency Encounters in MoH Hospitals by Health Clusters, Gender and Nationality, 2024G.",Capacity | Activity,0.389,YES
2023,Statistical-Yearbook-2023.xlsx,42.,"Diagnostic Radiology Investigations at MoH Hospitals by Type of Investigation, 2023G.",2024,Statistical-Yearbook-2024.xlsx,2-12,"Intensive Care Beds at MoH Hospitals By Health Cluster and Type of Intensive Care Bed, 2024G",Capacity,0.389,YES
2022,2022-Chapter-II-Health-Resources.xlsx,2-10,القابلات بمرافق وزارة الصحة حسب المنطقة الصحية عام 2022م,2021,statistical-yearbook-2021-chapter-IV-health-activities.xlsx,42,الفحوص المخبرية وعدد مرضى الفحوص الشعاعية بمستشفيات وزارة الصحة حسب المنطقة الصحية عام 2021م.,Capacity,0.385,YES
2022,2022-Chapter-II-Health-Resources.xlsx,2-10,القابلات بمرافق وزارة الصحة حسب المنطقة الصحية عام 2022م,2023,Statistical-Yearbook-2023.xlsx,40.,الفحوص المخبرية وعدد مرضى الفحوص الشعاعية بمستشفيات وزارة الصحة حسب المنطقة الصحية عام 2023م.,Capacity,0.385,YES
2022,2022-Chapter-II-Health-Resources.xlsx,2-12,مستشفيات وزارة الصحة وعدد الأسرة حسب المنطقة الصحية والتخصص لعام 2022م,2021,statistical-yearbook-2021-chapter-II-health-resources.xlsx,2-13,مستشفيات وزارة الصحة حسب السعة السريرية والمنطقة الصحية للعام 2021م,Capacity,0.385,YES
2022,2022-Chapter-II-Health-Resources.xlsx,2-12,مستشفيات وزارة الصحة وعدد الأسرة حسب المنطقة الصحية والتخصص لعام 2022م,2021,statistical-yearbook-2021-chapter-II-health-resources.xlsx,2.15,أسرة العناية المركزة بمستشفيات وزارة الصحة حسب المنطقة الصحية لعام 2021م,Capacity,0.385,YES
2022,2022-Chapter-II-Health-Resources.xlsx,2-12,مستشفيات وزارة الصحة وعدد الأسرة حسب المنطقة الصحية والتخصص لعام 2022م,2021,statistical-yearbook-2021-chapter-IV-health-activities.xlsx,27,الولادات بمستشفيات وزارة الصحة حسب المنطقة الصحية ونوع الولادة عام 2021م.,Capacity,0.385,YES
2022,2022-Chapter-II-Health-Resources.xlsx,2-12,مستشفيات وزارة الصحة وعدد الأسرة حسب المنطقة الصحية والتخصص لعام 2022م,2023,Statistical-Yearbook-2023.xlsx,18,مستشفيات وزارة الصحة حسب السعة السريرية والمنطقة الصحية للعام 2023م,Capacity,0.385,YES
2022,2022-Chapter-II-Health-Resources.xlsx,2-12,مستشفيات وزارة الصحة وعدد الأسرة حسب المنطقة الصحية والتخصص لعام 2022م,2023,Statistical-Yearbook-2023.xlsx,20,أسرة العناية المركزة بمستشفيات وزارة الصحة حسب المنطقة الصحية لعام 2023م,Capacity,0.385,YES
2022,2022-Chapter-II-Health-Resources.xlsx,2-12,مستشفيات وزارة الصحة وعدد الأسرة حسب المنطقة الصحية والتخصص لعام 2022م,2023,Statistical-Yearbook-2023.xlsx,26.,الولادات بمستشفيات وزارة الصحة حسب المنطقة الصحية ونوع الولادة عام 2023م.,Capacity,0.385,YES
2022,2022-Chapter-II-Health-Resources.xlsx,2-13,مستشفيات وزارة الصحة حسب السعة السريرية والمنطقة الصحية للعام 2022م,2021,statistical-yearbook-2021-chapter-II-health-resources.xlsx,2-12,مستشفيات وزارة الصحة وعدد الأسرة حسب المنطقة الصحية والتخصص لعام 2021م,Capacity,0.385,YES
2022,2022-Chapter-II-Health-Resources.xlsx,2-13,مستشفيات وزارة الصحة حسب السعة السريرية والمنطقة الصحية للعام 2022م,2023,Statistical-Yearbook-2023.xlsx,17,مستشفيات وزارة الصحة وعدد الأسرة حسب المنطقة الصحية والتخصص لعام 2023م,Capacity,0.385,YES
2022,2022-Chapter-II-Health-Resources.xlsx,2-13,مستشفيات وزارة الصحة حسب السعة السريرية والمنطقة الصحية للعام 2022م,2024,Statistical-Yearbook-2024.xlsx,2-7,مستشفيات وزارة الصحة وعدد الأسرة حسب التجمعات الصحية والتخصص لعام 2024م,Capacity,0.385,YES
2022,2022-Chapter-II-Health-Resources.xlsx,2.15,أسرة العناية المركزة بمستشفيات وزارة الصحة حسب المنطقة الصحية لعام 2022م,2021,statistical-yearbook-2021-chapter-II-health-resources.xlsx,2-12,مستشفيات وزارة الصحة وعدد الأسرة حسب المنطقة الصحية والتخصص لعام 2021م,Capacity,0.385,YES
2022,2022-Chapter-II-Health-Resources.xlsx,2.15,أسرة العناية المركزة بمستشفيات وزارة الصحة حسب المنطقة الصحية لعام 2022م,2023,Statistical-Yearbook-2023.xlsx,17,مستشفيات وزارة الصحة وعدد الأسرة حسب المنطقة الصحية والتخصص لعام 2023م,Capacity,0.385,YES
2022,2022-Chapter-IV-Health-Activities.xlsx,26,الولادات بمستشفيات وزارة الصحة حسب المنطقة الصحية ونوع الولادة عام 2022م.,2021,statistical-yearbook-2021-chapter-II-health-resources.xlsx,2-12,مستشفيات وزارة الصحة وعدد الأسرة حسب المنطقة الصحية والتخصص لعام 2021م,Capacity,0.385,YES
2022,2022-Chapter-IV-Health-Activities.xlsx,26,الولادات بمستشفيات وزارة الصحة حسب المنطقة الصحية ونوع الولادة عام 2022م.,2023,Statistical-Yearbook-2023.xlsx,17,مستشفيات وزارة الصحة وعدد الأسرة حسب المنطقة الصحية والتخصص لعام 2023م,Capacity,0.385,YES
2022,2022-Chapter-IV-Health-Activities.xlsx,40,الفحوص المخبرية وعدد مرضى الفحوص الشعاعية بمستشفيات وزارة الصحة حسب المنطقة الصحية عام 2022م.,2021,statistical-yearbook-2021-chapter-II-health-resources.xlsx,2-10,القابلات بمرافق وزارة الصحة حسب المنطقة الصحية عام 2021م,Capacity,0.385,YES
2022,2022-Chapter-IV-Health-Activities.xlsx,40,الفحوص المخبرية وعدد مرضى الفحوص الشعاعية بمستشفيات وزارة الصحة حسب المنطقة الصحية عام 2022م.,2023,Statistical-Yearbook-2023.xlsx,15,القابلات بمرافق وزارة الصحة حسب المنطقة الصحية عام 2023م,Capacity,0.385,YES
2021,statistical-yearbook-2021-chapter-II-health-resources.xlsx,2-10,القابلات بمرافق وزارة الصحة حسب المنطقة الصحية عام 2021م,2023,Statistical-Yearbook-2023.xlsx,40.,الفحوص المخبرية وعدد مرضى الفحوص الشعاعية بمستشفيات وزارة الصحة حسب المنطقة الصحية عام 2023م.,Capacity,0.385,YES
2021,statistical-yearbook-2021-chapter-II-health-resources.xlsx,2-12,مستشفيات وزارة الصحة وعدد الأسرة حسب المنطقة الصحية والتخصص لعام 2021م,2023,Statistical-Yearbook-2023.xlsx,18,مستشفيات وزارة الصحة حسب السعة السريرية والمنطقة الصحية للعام 2023م,Capacity,0.385,YES
2021,statistical-yearbook-2021-chapter-II-health-resources.xlsx,2-12,مستشفيات وزارة الصحة وعدد الأسرة حسب المنطقة الصحية والتخصص لعام 2021م,2023,Statistical-Yearbook-2023.xlsx,20,أسرة العناية المركزة بمستشفيات وزارة الصحة حسب المنطقة الصحية لعام 2023م,Capacity,0.385,YES
2021,statistical-yearbook-2021-chapter-II-health-resources.xlsx,2-12,مستشفيات وزارة الصحة وعدد الأسرة حسب المنطقة الصحية والتخصص لعام 2021م,2023,Statistical-Yearbook-2023.xlsx,26.,الولادات بمستشفيات وزارة الصحة حسب المنطقة الصحية ونوع الولادة عام 2023م.,Capacity,0.385,YES
2021,statistical-yearbook-2021-chapter-II-health-resources.xlsx,2-13,مستشفيات وزارة الصحة حسب السعة السريرية والمنطقة الصحية للعام 2021م,2023,Statistical-Yearbook-2023.xlsx,17,مستشفيات وزارة الصحة وعدد الأسرة حسب المنطقة الصحية والتخصص لعام 2023م,Capacity,0.385,YES
2021,statistical-yearbook-2021-chapter-II-health-resources.xlsx,2-13,مستشفيات وزارة الصحة حسب السعة السريرية والمنطقة الصحية للعام 2021م,2024,Statistical-Yearbook-2024.xlsx,2-7,مستشفيات وزارة الصحة وعدد الأسرة حسب التجمعات الصحية والتخصص لعام 2024م,Capacity,0.385,YES
2021,statistical-yearbook-2021-chapter-II-health-resources.xlsx,2.15,أسرة العناية المركزة بمستشفيات وزارة الصحة حسب المنطقة الصحية لعام 2021م,2023,Statistical-Yearbook-2023.xlsx,17,مستشفيات وزارة الصحة وعدد الأسرة حسب المنطقة الصحية والتخصص لعام 2023م,Capacity,0.385,YES
2021,statistical-yearbook-2021-chapter-IV-health-activities.xlsx,27,الولادات بمستشفيات وزارة الصحة حسب المنطقة الصحية ونوع الولادة عام 2021م.,2023,Statistical-Yearbook-2023.xlsx,17,مستشفيات وزارة الصحة وعدد الأسرة حسب المنطقة الصحية والتخصص لعام 2023م,Capacity,0.385,YES
2021,statistical-yearbook-2021-chapter-IV-health-activities.xlsx,42,الفحوص المخبرية وعدد مرضى الفحوص الشعاعية بمستشفيات وزارة الصحة حسب المنطقة الصحية عام 2021م.,2023,Statistical-Yearbook-2023.xlsx,15,القابلات بمرافق وزارة الصحة حسب المنطقة الصحية عام 2023م,Capacity,0.385,YES
2023,Statistical-Yearbook-2023.xlsx,18,مستشفيات وزارة الصحة حسب السعة السريرية والمنطقة الصحية للعام 2023م,2024,Statistical-Yearbook-2024.xlsx,2-7,مستشفيات وزارة الصحة وعدد الأسرة حسب التجمعات الصحية والتخصص لعام 2024م,Capacity,0.385,YES
2023,Statistical-Yearbook-2023.xlsx,5-5,Pilgrims' Visits to PHCs in the Last Five Years,2024,Statistical-Yearbook-2024.xlsx,3-20,"Environmental Health Activities, MOH in the last Five Years",Activity,0.385,YES
2022,2022-Chapter-II-Health-Resources.xlsx,2.17,"Health Manpower in MoH Hospitals by Nationality, in the last Five Years",2021,statistical-yearbook-2021-chapter-II-health-resources.xlsx,2.35,"Health Manpower in Private Sector Hospitals by Health Region,Category,Sex and Nationality, 2021G",Capacity | Workforce,0.375,YES
2022,2022-Chapter-II-Health-Resources.xlsx,2.17,"Health Manpower in MoH Hospitals by Nationality, in the last Five Years",2023,Statistical-Yearbook-2023.xlsx,40,"Health Manpower in Private Sector Hospitals by Health Region,Category,Sex and Nationality, 2023G",Capacity | Workforce,0.375,YES
2022,2022-Chapter-II-Health-Resources.xlsx,2.20,مراكز الرعاية الصحية الأولية بوزارة الصحة حسب المنطقة الصحية في الأعوام الخمسة الأخيرة,2024,Statistical-Yearbook-2024.xlsx,2-6,المستشفيات والأسرة بوزارة الصحة حسب فروع ومكاتب وزارة الصحة في الأعوام الخمسة الأخيرة,Capacity,0.375,YES
2022,2022-Chapter-II-Health-Resources.xlsx,2.22,"Physicians and Dentists in MoH Primary Health Care Centers by Speciality and Nationality, in the last Five Years",2024,Statistical-Yearbook-2024.xlsx,2-45,"Physicians in MoH Primary Health Care Centers by Main Specialities, Nationality and Gender in MoH Branches & Offices, 2024G.",Capacity | Workforce,0.375,YES
2022,2022-Chapter-II-Health-Resources.xlsx,2.25,"Hospital Beds in Other Governmental Sector by Speciality, 2022G.",2024,Statistical-Yearbook-2024.xlsx,2-11,"Hospital Beds at Private Sector by MoH Branches & Offices and Speciality, 2024G.",Capacity | Activity,0.375,YES
2022,2022-Chapter-II-Health-Resources.xlsx,2.35,"Health Manpower in Private Sector Hospitals by Health Region,Category,Sex and Nationality, 2022G",2021,statistical-yearbook-2021-chapter-II-health-resources.xlsx,2.17,"Health Manpower in MOH Hospitals by Nationality, in the last Five Years",Capacity | Workforce,0.375,YES
2022,2022-Chapter-II-Health-Resources.xlsx,2.35,"Health Manpower in Private Sector Hospitals by Health Region,Category,Sex and Nationality, 2022G",2023,Statistical-Yearbook-2023.xlsx,22,"Health Manpower in MoH Hospitals by Nationality, in the last Five Years",Capacity | Workforce,0.375,YES
2022,2022-Chapter-II-Health-Resources.xlsx,2.35,"Health Manpower in Private Sector Hospitals by Health Region,Category,Sex and Nationality, 2022G",2024,Statistical-Yearbook-2024.xlsx,2-40,"Health Manpower in MoH Hospitals by Nationality, in the last Five Years",Capacity | Workforce,0.375,YES
2022,2022-Chapter-IV-Health-Activities.xlsx,19,المنومون بمستشفيات وزارة الصحة حسب المنطقة الصحية والجنسية عام 2022م.,2021,statistical-yearbook-2021-chapter-IV-health-activities.xlsx,20,المرضى المنومون بمستشفيات الرعاية المديدة وأسرة الرعاية المديدة بالمستشفيات العامة بوزارة الصحة حسب المنطقة الصحية عام 2021م.,Capacity | Activity,0.375,YES
2022,2022-Chapter-IV-Health-Activities.xlsx,19,المنومون بمستشفيات وزارة الصحة حسب المنطقة الصحية والجنسية عام 2022م.,2023,Statistical-Yearbook-2023.xlsx,20.,المرضى المنومون بمستشفيات الرعاية المديدة وأسرة الرعاية المديدة بالمستشفيات العامة بوزارة الصحة حسب المنطقة الصحية عام 2023م.,Capacity | Activity,0.375,YES
2022,2022-Chapter-IV-Health-Activities.xlsx,20,المرضى المنومون بمستشفيات الرعاية المديدة وأسرة الرعاية المديدة بالمستشفيات العامة بوزارة الصحة حسب المنطقة الصحية عام 2022م.,2021,statistical-yearbook-2021-chapter-IV-health-activities.xlsx,19,المنومون بمستشفيات وزارة الصحة حسب المنطقة الصحية والجنسية عام 2021م.,Capacity | Activity,0.375,YES
2022,2022-Chapter-IV-Health-Activities.xlsx,20,المرضى المنومون بمستشفيات الرعاية المديدة وأسرة الرعاية المديدة بالمستشفيات العامة بوزارة الصحة حسب المنطقة الصحية عام 2022م.,2023,Statistical-Yearbook-2023.xlsx,19.,المنومون بمستشفيات وزارة الصحة حسب المنطقة الصحية والجنسية عام 2023م.,Capacity | Activity,0.375,YES
2022,2022-Chapter-IV-Health-Activities.xlsx,27,"Deliveries at Other Governmental Sector Hospitals by Type of Delivery, 2022G",2023,Statistical-Yearbook-2023.xlsx,42.,"Diagnostic Radiology Investigations at MoH Hospitals by Type of Investigation, 2023G.",Capacity,0.375,YES
2022,2022-Chapter-IV-Health-Activities.xlsx,27,"Deliveries at Other Governmental Sector Hospitals by Type of Delivery, 2022G",2024,Statistical-Yearbook-2024.xlsx,4-53,"Diagnostic Radiology Investigations at MoH Hospitals by Type of Investigation, 2024G.",Capacity,0.375,YES
2022,2022-Chapter-IV-Health-Activities.xlsx,29,"Surgical Interventions at MoH Hospitals by Health Region and Hospital Sections, 2022G.",2021,statistical-yearbook-2021-chapter-IV-health-activities.xlsx,31,"Surgical Interventions at Other Governmental Sector Hospitals by Section, 2021G",Capacity | Activity,0.375,YES
2022,2022-Chapter-IV-Health-Activities.xlsx,29,"Surgical Interventions at MoH Hospitals by Health Region and Hospital Sections, 2022G.",2023,Statistical-Yearbook-2023.xlsx,30.,"Surgical Interventions at Other Governmental Sector Hospitals by Section, 2023G",Capacity | Activity,0.375,YES
2022,2022-Chapter-IV-Health-Activities.xlsx,29,"Surgical Interventions at MoH Hospitals by Health Region and Hospital Sections, 2022G.",2024,Statistical-Yearbook-2024.xlsx,4-37,"Surgical Interventions at Other Governmental Sector Hospitals by Section, 2024G",Capacity | Activity,0.375,YES
2022,2022-Chapter-IV-Health-Activities.xlsx,30,"Surgical Interventions at Other Governmental Sector Hospitals by Section, 2022G",2021,statistical-yearbook-2021-chapter-IV-health-activities.xlsx,30,"Surgical Interventions at MoH Hospitals by Health Region and Hospital Sections, 2021G.",Capacity | Activity,0.375,YES
2022,2022-Chapter-IV-Health-Activities.xlsx,30,"Surgical Interventions at Other Governmental Sector Hospitals by Section, 2022G",2023,Statistical-Yearbook-2023.xlsx,29.,"Surgical Interventions at MoH Hospitals by Health Region and Hospital Sections, 2023G.",Capacity | Activity,0.375,YES
2022,2022-Chapter-IV-Health-Activities.xlsx,30,"Surgical Interventions at Other Governmental Sector Hospitals by Section, 2022G",2024,Statistical-Yearbook-2024.xlsx,4-36,"Surgical Interventions at MoH Hospitals by Health Clusters and Hospital Sections, 2024G.",Capacity | Activity,0.375,YES
2022,2022-Chapter-IV-Health-Activities.xlsx,41,"Laboratory investigations at MoH Hospitals by Health Region and Type of investigations, 2022G.",2024,Statistical-Yearbook-2024.xlsx,2-8,"MoH Hospitals by Health Clusters and Bed Capacity, 2024G",Capacity,0.375,YES
2022,2022-Chapter-IV-Health-Activities.xlsx,58,"Resources and Activities of Telemedicine at MoH by Health Regions, 2022G",2024,Statistical-Yearbook-2024.xlsx,4-6,"PHCs' Encounters and Outpatients of MoH Hospitals by Health Clusters, 2024G.",Capacity | Activity,0.375,YES
2022,2022-Chapter-IV-Health-Activities.xlsx,58,"Resources and Activities of Telemedicine at MoH by Health Regions, 2022G",2024,Statistical-Yearbook-2024.xlsx,4-22,"Admissions at MoH Hospitals by Health Clusters, Gender and Nationality, 2024G.",Capacity | Activity,0.375,YES
2021,statistical-yearbook-2021-chapter-II-health-resources.xlsx,2.17,"Health Manpower in MOH Hospitals by Nationality, in the last Five Years",2023,Statistical-Yearbook-2023.xlsx,40,"Health Manpower in Private Sector Hospitals by Health Region,Category,Sex and Nationality, 2023G",Capacity | Workforce,0.375,YES
2021,statistical-yearbook-2021-chapter-II-health-resources.xlsx,2.20,مراكز الرعاية الصحية الأولية بوزارة الصحة حسب المنطقة الصحية في الأعوام الخمسة الأخيرة,2024,Statistical-Yearbook-2024.xlsx,2-6,المستشفيات والأسرة بوزارة الصحة حسب فروع ومكاتب وزارة الصحة في الأعوام الخمسة الأخيرة,Capacity,0.375,YES
2021,statistical-yearbook-2021-chapter-II-health-resources.xlsx,2.22,"Physicians and Dentists in MOH Primary Health Care Centers by Speciality and Nationality, in the last Five Years",2024,Statistical-Yearbook-2024.xlsx,2-45,"Physicians in MoH Primary Health Care Centers by Main Specialities, Nationality and Gender in MoH Branches & Offices, 2024G.",Capacity | Workforce,0.375,YES
2021,statistical-yearbook-2021-chapter-II-health-resources.xlsx,2.25,"Hospital Beds in Other Governmental Sector by Speciality, 2021G.",2024,Statistical-Yearbook-2024.xlsx,2-11,"Hospital Beds at Private Sector by MoH Branches & Offices and Speciality, 2024G.",Capacity | Activity,0.375,YES
2021,statistical-yearbook-2021-chapter-II-health-resources.xlsx,2.35,"Health Manpower in Private Sector Hospitals by Health Region,Category,Sex and Nationality, 2021G",2023,Statistical-Yearbook-2023.xlsx,22,"Health Manpower in MoH Hospitals by Nationality, in the last Five Years",Capacity | Workforce,0.375,YES
2021,statistical-yearbook-2021-chapter-II-health-resources.xlsx,2.35,"Health Manpower in Private Sector Hospitals by Health Region,Category,Sex and Nationality, 2021G",2024,Statistical-Yearbook-2024.xlsx,2-40,"Health Manpower in MoH Hospitals by Nationality, in the last Five Years",Capacity | Workforce,0.375,YES
2021,statistical-yearbook-2021-chapter-IV-health-activities.xlsx,19,المنومون بمستشفيات وزارة الصحة حسب المنطقة الصحية والجنسية عام 2021م.,2023,Statistical-Yearbook-2023.xlsx,20.,المرضى المنومون بمستشفيات الرعاية المديدة وأسرة الرعاية المديدة بالمستشفيات العامة بوزارة الصحة حسب المنطقة الصحية عام 2023م.,Capacity | Activity,0.375,YES
2021,statistical-yearbook-2021-chapter-IV-health-activities.xlsx,20,المرضى المنومون بمستشفيات الرعاية المديدة وأسرة الرعاية المديدة بالمستشفيات العامة بوزارة الصحة حسب المنطقة الصحية عام 2021م.,2023,Statistical-Yearbook-2023.xlsx,19.,المنومون بمستشفيات وزارة الصحة حسب المنطقة الصحية والجنسية عام 2023م.,Capacity | Activity,0.375,YES
2021,statistical-yearbook-2021-chapter-IV-health-activities.xlsx,30,"Surgical Interventions at MoH Hospitals by Health Region and Hospital Sections, 2021G.",2023,Statistical-Yearbook-2023.xlsx,30.,"Surgical Interventions at Other Governmental Sector Hospitals by Section, 2023G",Capacity | Activity,0.375,YES
2021,statistical-yearbook-2021-chapter-IV-health-activities.xlsx,30,"Surgical Interventions at MoH Hospitals by Health Region and Hospital Sections, 2021G.",2024,Statistical-Yearbook-2024.xlsx,4-37,"Surgical Interventions at Other Governmental Sector Hospitals by Section, 2024G",Capacity | Activity,0.375,YES
2021,statistical-yearbook-2021-chapter-IV-health-activities.xlsx,31,"Surgical Interventions at Other Governmental Sector Hospitals by Section, 2021G",2023,Statistical-Yearbook-2023.xlsx,29.,"Surgical Interventions at MoH Hospitals by Health Region and Hospital Sections, 2023G.",Capacity | Activity,0.375,YES
2021,statistical-yearbook-2021-chapter-IV-health-activities.xlsx,31,"Surgical Interventions at Other Governmental Sector Hospitals by Section, 2021G",2024,Statistical-Yearbook-2024.xlsx,4-36,"Surgical Interventions at MoH Hospitals by Health Clusters and Hospital Sections, 2024G.",Capacity | Activity,0.375,YES
2021,statistical-yearbook-2021-chapter-IV-health-activities.xlsx,43,"Laboratory investigations in MoH Hospitals by Health Region and Type of investigations, 2020G.",2024,Statistical-Yearbook-2024.xlsx,2-8,"MoH Hospitals by Health Clusters and Bed Capacity, 2024G",Capacity,0.375,YES
2021,statistical-yearbook-2021-chapter-IV-health-activities.xlsx,60,"Resources and Activities of Telemedicine at MoH by Health Regions, 2021G",2024,Statistical-Yearbook-2024.xlsx,4-6,"PHCs' Encounters and Outpatients of MoH Hospitals by Health Clusters, 2024G.",Capacity | Activity,0.375,YES
2021,statistical-yearbook-2021-chapter-IV-health-activities.xlsx,60,"Resources and Activities of Telemedicine at MoH by Health Regions, 2021G",2024,Statistical-Yearbook-2024.xlsx,4-22,"Admissions at MoH Hospitals by Health Clusters, Gender and Nationality, 2024G.",Capacity | Activity,0.375,YES
2023,Statistical-Yearbook-2023.xlsx,25,مراكز الرعاية الصحية الأولية بوزارة الصحة حسب المنطقة الصحية في الأعوام الخمسة الأخيرة,2024,Statistical-Yearbook-2024.xlsx,2-6,المستشفيات والأسرة بوزارة الصحة حسب فروع ومكاتب وزارة الصحة في الأعوام الخمسة الأخيرة,Capacity,0.375,YES
2023,Statistical-Yearbook-2023.xlsx,27,"Physicians and Dentists in MoH Primary Health Care Centers by Speciality and Nationality, in the last Five Years",2024,Statistical-Yearbook-2024.xlsx,2-45,"Physicians in MoH Primary Health Care Centers by Main Specialities, Nationality and Gender in MoH Branches & Offices, 2024G.",Capacity | Workforce,0.375,YES
2023,Statistical-Yearbook-2023.xlsx,30,"Hospital Beds in Other Governmental Sector by Speciality, 2023G.",2024,Statistical-Yearbook-2024.xlsx,2-11,"Hospital Beds at Private Sector by MoH Branches & Offices and Speciality, 2024G.",Capacity | Activity,0.375,YES
2023,Statistical-Yearbook-2023.xlsx,40,"Health Manpower in Private Sector Hospitals by Health Region,Category,Sex and Nationality, 2023G",2024,Statistical-Yearbook-2024.xlsx,2-40,"Health Manpower in MoH Hospitals by Nationality, in the last Five Years",Capacity | Workforce,0.375,YES
2023,Statistical-Yearbook-2023.xlsx,27.,"Deliveries at Other Governmental Sector Hospitals by Type of Delivery, 2023G",2024,Statistical-Yearbook-2024.xlsx,4-53,"Diagnostic Radiology Investigations at MoH Hospitals by Type of Investigation, 2024G.",Capacity,0.375,YES
2023,Statistical-Yearbook-2023.xlsx,29.,"Surgical Interventions at MoH Hospitals by Health Region and Hospital Sections, 2023G.",2024,Statistical-Yearbook-2024.xlsx,4-37,"Surgical Interventions at Other Governmental Sector Hospitals by Section, 2024G",Capacity | Activity,0.375,YES
2023,Statistical-Yearbook-2023.xlsx,30.,"Surgical Interventions at Other Governmental Sector Hospitals by Section, 2023G",2024,Statistical-Yearbook-2024.xlsx,4-36,"Surgical Interventions at MoH Hospitals by Health Clusters and Hospital Sections, 2024G.",Capacity | Activity,0.375,YES
2023,Statistical-Yearbook-2023.xlsx,41.,"Laboratory investigations at MoH Hospitals by Health Region and Type of investigations, 2023G.",2024,Statistical-Yearbook-2024.xlsx,2-8,"MoH Hospitals by Health Clusters and Bed Capacity, 2024G",Capacity,0.375,YES
2023,Statistical-Yearbook-2023.xlsx,59,"Resources and Activities of Telemedicine at MoH by Health Regions, 2023G",2024,Statistical-Yearbook-2024.xlsx,4-6,"PHCs' Encounters and Outpatients of MoH Hospitals by Health Clusters, 2024G.",Capacity | Activity,0.375,YES
2023,Statistical-Yearbook-2023.xlsx,59,"Resources and Activities of Telemedicine at MoH by Health Regions, 2023G",2024,Statistical-Yearbook-2024.xlsx,4-22,"Admissions at MoH Hospitals by Health Clusters, Gender and Nationality, 2024G.",Capacity | Activity,0.375,YES
2022,2022-Chapter-II-Health-Resources.xlsx,2-8 ,Health Manpower in MoH by Nationality in the Last Five Years,2024,Statistical-Yearbook-2024.xlsx,2-26,"Health Manpower in the Private Sector by Category, Gender and Nationality in MoH Branches & Offices, 2024G",Workforce,0.368,YES
2022,2022-Chapter-II-Health-Resources.xlsx,2.31,"Hospital Beds at Private Sector by Health Region and Speciality , 2022G.",2021,statistical-yearbook-2021-chapter-IV-health-activities.xlsx,4.11,"Visits to Polyclinics and Hospitals of the Private Sector by Health Region and Nationality, 2021G",Capacity | Activity,0.368,YES
2022,2022-Chapter-II-Health-Resources.xlsx,2.37,"Physicians and Dentists in the Private Sector by Speciality, Professional Categories and Health Region, 2022G.",2023,Statistical-Yearbook-2023.xlsx,7.,"Physicians and Dentists in MoH by Gender, Nationality, Speciality and Professional Categories, 2023G",Workforce | Activity,0.368,YES
2022,2022-Chapter-II-Health-Resources.xlsx,2.37,"Physicians and Dentists in the Private Sector by Speciality, Professional Categories and Health Region, 2022G.",2024,Statistical-Yearbook-2024.xlsx,2-20,"Physicians and Dentists in MoH by Gender, Nationality, Speciality and Professional Categories, 2024G",Workforce | Activity,0.368,YES
2022,2022-Chapter-IV-Health-Activities.xlsx,10,"OPD Encounters at Other Governmental Sector Hospitals and Polyclinics by Nationality, 2022G.",2021,statistical-yearbook-2021-chapter-IV-health-activities.xlsx,4.11,"Visits to Polyclinics and Hospitals of the Private Sector by Health Region and Nationality, 2021G",Capacity | Activity,0.368,YES
2022,2022-Chapter-IV-Health-Activities.xlsx,4.11,"Visits to Polyclinics and Hospitals of the Private Sector by Health Region and Nationality, 2021G",2021,statistical-yearbook-2021-chapter-II-health-resources.xlsx,2.31,"Hospital Beds at Private Sector by Health Region and Speciality , 2021G.",Capacity | Activity,0.368,YES
2022,2022-Chapter-IV-Health-Activities.xlsx,4.11,"Visits to Polyclinics and Hospitals of the Private Sector by Health Region and Nationality, 2021G",2021,statistical-yearbook-2021-chapter-IV-health-activities.xlsx,10,"OPD Encounters at Other Governmental Sector Hospitals and Polyclinics by Nationality, 2021G.",Capacity | Activity,0.368,YES
2022,2022-Chapter-IV-Health-Activities.xlsx,4.11,"Visits to Polyclinics and Hospitals of the Private Sector by Health Region and Nationality, 2021G",2023,Statistical-Yearbook-2023.xlsx,36,"Hospital Beds at Private Sector by Health Region and Speciality , 2023G.",Capacity | Activity,0.368,YES
2022,2022-Chapter-IV-Health-Activities.xlsx,4.11,"Visits to Polyclinics and Hospitals of the Private Sector by Health Region and Nationality, 2021G",2023,Statistical-Yearbook-2023.xlsx,10..,"OPD Encounters at Other Governmental Sector Hospitals and Polyclinics by Nationality, 2023G.",Capacity | Activity,0.368,YES
2021,statistical-yearbook-2021-chapter-II-health-resources.xlsx,2-8 ,Health Manpower in MOH by Nationality in the Last Five Years,2024,Statistical-Yearbook-2024.xlsx,2-26,"Health Manpower in the Private Sector by Category, Gender and Nationality in MoH Branches & Offices, 2024G",Workforce,0.368,YES
2021,statistical-yearbook-2021-chapter-II-health-resources.xlsx,2.37,"Physicians and Dentists in the Private Sector by Speciality, Professional Categories and Health Region, 2021G.",2023,Statistical-Yearbook-2023.xlsx,7.,"Physicians and Dentists in MoH by Gender, Nationality, Speciality and Professional Categories, 2023G",Workforce | Activity,0.368,YES
2021,statistical-yearbook-2021-chapter-II-health-resources.xlsx,2.37,"Physicians and Dentists in the Private Sector by Speciality, Professional Categories and Health Region, 2021G.",2024,Statistical-Yearbook-2024.xlsx,2-20,"Physicians and Dentists in MoH by Gender, Nationality, Speciality and Professional Categories, 2024G",Workforce | Activity,0.368,YES
2021,statistical-yearbook-2021-chapter-IV-health-activities.xlsx,4.11,"Visits to Polyclinics and Hospitals of the Private Sector by Health Region and Nationality, 2021G",2023,Statistical-Yearbook-2023.xlsx,36,"Hospital Beds at Private Sector by Health Region and Speciality , 2023G.",Capacity | Activity,0.368,YES
2021,statistical-yearbook-2021-chapter-IV-health-activities.xlsx,4.11,"Visits to Polyclinics and Hospitals of the Private Sector by Health Region and Nationality, 2021G",2023,Statistical-Yearbook-2023.xlsx,10..,"OPD Encounters at Other Governmental Sector Hospitals and Polyclinics by Nationality, 2023G.",Capacity | Activity,0.368,YES
2023,Statistical-Yearbook-2023.xlsx,13.,Health Manpower in MoH by Nationality in the Last Five Years,2024,Statistical-Yearbook-2024.xlsx,2-26,"Health Manpower in the Private Sector by Category, Gender and Nationality in MoH Branches & Offices, 2024G",Workforce,0.368,YES
2023,Statistical-Yearbook-2023.xlsx,42,"Physicians and Dentists in the Private Sector by Speciality, Professional Categories and Health Region, 2023G.",2024,Statistical-Yearbook-2024.xlsx,2-20,"Physicians and Dentists in MoH by Gender, Nationality, Speciality and Professional Categories, 2024G",Workforce | Activity,0.368,YES
2022,2022-Chapter-II-Health-Resources.xlsx,2-6,المرافق الصحية بوزارة الصحة حسب المنطقة الصحية عام 2022م,2021,statistical-yearbook-2021-chapter-II-health-resources.xlsx,2-12,مستشفيات وزارة الصحة وعدد الأسرة حسب المنطقة الصحية والتخصص لعام 2021م,Capacity,0.364,YES
2022,2022-Chapter-II-Health-Resources.xlsx,2-6,المرافق الصحية بوزارة الصحة حسب المنطقة الصحية عام 2022م,2021,statistical-yearbook-2021-chapter-II-health-resources.xlsx,2.15,أسرة العناية المركزة بمستشفيات وزارة الصحة حسب المنطقة الصحية لعام 2021م,Capacity,0.364,YES
2022,2022-Chapter-II-Health-Resources.xlsx,2-6,المرافق الصحية بوزارة الصحة حسب المنطقة الصحية عام 2022م,2021,statistical-yearbook-2021-chapter-IV-health-activities.xlsx,27,الولادات بمستشفيات وزارة الصحة حسب المنطقة الصحية ونوع الولادة عام 2021م.,Capacity,0.364,YES
2022,2022-Chapter-II-Health-Resources.xlsx,2-6,المرافق الصحية بوزارة الصحة حسب المنطقة الصحية عام 2022م,2023,Statistical-Yearbook-2023.xlsx,17,مستشفيات وزارة الصحة وعدد الأسرة حسب المنطقة الصحية والتخصص لعام 2023م,Capacity,0.364,YES
2022,2022-Chapter-II-Health-Resources.xlsx,2-6,المرافق الصحية بوزارة الصحة حسب المنطقة الصحية عام 2022م,2023,Statistical-Yearbook-2023.xlsx,20,أسرة العناية المركزة بمستشفيات وزارة الصحة حسب المنطقة الصحية لعام 2023م,Capacity,0.364,YES
2022,2022-Chapter-II-Health-Resources.xlsx,2-6,المرافق الصحية بوزارة الصحة حسب المنطقة الصحية عام 2022م,2023,Statistical-Yearbook-2023.xlsx,26.,الولادات بمستشفيات وزارة الصحة حسب المنطقة الصحية ونوع الولادة عام 2023م.,Capacity,0.364,YES
2022,2022-Chapter-II-Health-Resources.xlsx,2-12,مستشفيات وزارة الصحة وعدد الأسرة حسب المنطقة الصحية والتخصص لعام 2022م,2021,statistical-yearbook-2021-chapter-II-health-resources.xlsx,2-6,المرافق الصحية بوزارة الصحة حسب المنطقة الصحية عام 2021م,Capacity,0.364,YES
2022,2022-Chapter-II-Health-Resources.xlsx,2-12,مستشفيات وزارة الصحة وعدد الأسرة حسب المنطقة الصحية والتخصص لعام 2022م,2023,Statistical-Yearbook-2023.xlsx,11.,المرافق الصحية بوزارة الصحة حسب المنطقة الصحية عام 2023م,Capacity,0.364,YES
2022,2022-Chapter-II-Health-Resources.xlsx,2.15,أسرة العناية المركزة بمستشفيات وزارة الصحة حسب المنطقة الصحية لعام 2022م,2021,statistical-yearbook-2021-chapter-II-health-resources.xlsx,2-6,المرافق الصحية بوزارة الصحة حسب المنطقة الصحية عام 2021م,Capacity,0.364,YES
2022,2022-Chapter-II-Health-Resources.xlsx,2.15,أسرة العناية المركزة بمستشفيات وزارة الصحة حسب المنطقة الصحية لعام 2022م,2023,Statistical-Yearbook-2023.xlsx,11.,المرافق الصحية بوزارة الصحة حسب المنطقة الصحية عام 2023م,Capacity,0.364,YES
2022,2022-Chapter-II-Health-Resources.xlsx,2.36,"Health Manpower in Private Sector Medical Complexes by Health Region, Category, Sex and Nationality, 2022G",2024,Statistical-Yearbook-2024.xlsx,2-25,"Health Manpower in Other Governmental Sector by Category, Gender and Nationality in MoH Branches & Offices, 2024G",Workforce,0.364,YES
2022,2022-Chapter-II-Health-Resources.xlsx,2.37,"Physicians and Dentists in the Private Sector by Speciality, Professional Categories and Health Region, 2022G.",2024,Statistical-Yearbook-2024.xlsx,2-30,"Other Governmental Sector' Physicians and Dentists by Speciality and Professional Categories in MoH Branches & Facilities, 2024G.",Workforce | Activity,0.364,YES
2022,2022-Chapter-IV-Health-Activities.xlsx,26,الولادات بمستشفيات وزارة الصحة حسب المنطقة الصحية ونوع الولادة عام 2022م.,2021,statistical-yearbook-2021-chapter-II-health-resources.xlsx,2-6,المرافق الصحية بوزارة الصحة حسب المنطقة الصحية عام 2021م,Capacity,0.364,YES
2022,2022-Chapter-IV-Health-Activities.xlsx,26,الولادات بمستشفيات وزارة الصحة حسب المنطقة الصحية ونوع الولادة عام 2022م.,2023,Statistical-Yearbook-2023.xlsx,11.,المرافق الصحية بوزارة الصحة حسب المنطقة الصحية عام 2023م,Capacity,0.364,YES
2021,statistical-yearbook-2021-chapter-II-health-resources.xlsx,2-6,المرافق الصحية بوزارة الصحة حسب المنطقة الصحية عام 2021م,2023,Statistical-Yearbook-2023.xlsx,17,مستشفيات وزارة الصحة وعدد الأسرة حسب المنطقة الصحية والتخصص لعام 2023م,Capacity,0.364,YES
2021,statistical-yearbook-2021-chapter-II-health-resources.xlsx,2-6,المرافق الصحية بوزارة الصحة حسب المنطقة الصحية عام 2021م,2023,Statistical-Yearbook-2023.xlsx,20,أسرة العناية المركزة بمستشفيات وزارة الصحة حسب المنطقة الصحية لعام 2023م,Capacity,0.364,YES
2021,statistical-yearbook-2021-chapter-II-health-resources.xlsx,2-6,المرافق الصحية بوزارة الصحة حسب المنطقة الصحية عام 2021م,2023,Statistical-Yearbook-2023.xlsx,26.,الولادات بمستشفيات وزارة الصحة حسب المنطقة الصحية ونوع الولادة عام 2023م.,Capacity,0.364,YES
2021,statistical-yearbook-2021-chapter-II-health-resources.xlsx,2-12,مستشفيات وزارة الصحة وعدد الأسرة حسب المنطقة الصحية والتخصص لعام 2021م,2023,Statistical-Yearbook-2023.xlsx,11.,المرافق الصحية بوزارة الصحة حسب المنطقة الصحية عام 2023م,Capacity,0.364,YES
2021,statistical-yearbook-2021-chapter-II-health-resources.xlsx,2.15,أسرة العناية المركزة بمستشفيات وزارة الصحة حسب المنطقة الصحية لعام 2021م,2023,Statistical-Yearbook-2023.xlsx,11.,المرافق الصحية بوزارة الصحة حسب المنطقة الصحية عام 2023م,Capacity,0.364,YES
2021,statistical-yearbook-2021-chapter-II-health-resources.xlsx,2.37,"Physicians and Dentists in the Private Sector by Speciality, Professional Categories and Health Region, 2021G.",2024,Statistical-Yearbook-2024.xlsx,2-30,"Other Governmental Sector' Physicians and Dentists by Speciality and Professional Categories in MoH Branches & Facilities, 2024G.",Workforce | Activity,0.364,YES
2021,statistical-yearbook-2021-chapter-IV-health-activities.xlsx,27,الولادات بمستشفيات وزارة الصحة حسب المنطقة الصحية ونوع الولادة عام 2021م.,2023,Statistical-Yearbook-2023.xlsx,11.,المرافق الصحية بوزارة الصحة حسب المنطقة الصحية عام 2023م,Capacity,0.364,YES
2023,Statistical-Yearbook-2023.xlsx,9.,"Physicians and Dentists in the Private Sector by Gender, Nationality, Speciality and Professional Categories, 2023G",2024,Statistical-Yearbook-2024.xlsx,2-30,"Other Governmental Sector' Physicians and Dentists by Speciality and Professional Categories in MoH Branches & Facilities, 2024G.",Workforce | Activity,0.364,YES
2023,Statistical-Yearbook-2023.xlsx,10.,"Physicians and Dentists in KSA Health Sectors by Gender, Nationality, Speciality and Professional Categories, 2023G",2024,Statistical-Yearbook-2024.xlsx,2-30,"Other Governmental Sector' Physicians and Dentists by Speciality and Professional Categories in MoH Branches & Facilities, 2024G.",Workforce | Activity,0.364,YES
2023,Statistical-Yearbook-2023.xlsx,41,"Health Manpower in Private Sector Medical Complexes by Health Region, Category, Sex and Nationality, 2023G",2024,Statistical-Yearbook-2024.xlsx,2-25,"Health Manpower in Other Governmental Sector by Category, Gender and Nationality in MoH Branches & Offices, 2024G",Workforce,0.364,YES
2023,Statistical-Yearbook-2023.xlsx,42,"Physicians and Dentists in the Private Sector by Speciality, Professional Categories and Health Region, 2023G.",2024,Statistical-Yearbook-2024.xlsx,2-30,"Other Governmental Sector' Physicians and Dentists by Speciality and Professional Categories in MoH Branches & Facilities, 2024G.",Workforce | Activity,0.364,YES
2022,2022-Chapter-II-Health-Resources.xlsx,2-6,المرافق الصحية بوزارة الصحة حسب المنطقة الصحية عام 2022م,2021,statistical-yearbook-2021-chapter-IV-health-activities.xlsx,41,الفحوص المخبرية وعدد مرضى الفحوص الشعاعية بمراكز الرعاية الصحية الأولية بوزارة الصحة حسب المنطقة الصحية عام 2021م.,Capacity,0.357,YES
2022,2022-Chapter-II-Health-Resources.xlsx,2-10,القابلات بمرافق وزارة الصحة حسب المنطقة الصحية عام 2022م,2021,statistical-yearbook-2021-chapter-IV-health-activities.xlsx,22,المؤشرات المختارة عن خدمات مستشفيات وزارة الصحة (100 سرير فأكثر) حسب المنطقة الصحية عام 2021م.,Capacity,0.357,YES
2022,2022-Chapter-II-Health-Resources.xlsx,2-10,القابلات بمرافق وزارة الصحة حسب المنطقة الصحية عام 2022م,2021,statistical-yearbook-2021-chapter-IV-health-activities.xlsx,23,بعض المؤشرات المختارة عن خدمات مستشفيات وزارة الصحة (50 سرير) حسب المنطقة الصحية عام 2021م.,Capacity,0.357,YES
2022,2022-Chapter-II-Health-Resources.xlsx,2-10,القابلات بمرافق وزارة الصحة حسب المنطقة الصحية عام 2022م,2023,Statistical-Yearbook-2023.xlsx,21.,المؤشرات المختارة عن خدمات مستشفيات وزارة الصحة (100 سرير فأكثر) حسب المنطقة الصحية عام 2023م.,Capacity,0.357,YES
2022,2022-Chapter-II-Health-Resources.xlsx,2-10,القابلات بمرافق وزارة الصحة حسب المنطقة الصحية عام 2022م,2023,Statistical-Yearbook-2023.xlsx,22.,بعض المؤشرات المختارة عن خدمات مستشفيات وزارة الصحة (50 سرير) حسب المنطقة الصحية عام 2023م.,Capacity,0.357,YES
2022,2022-Chapter-II-Health-Resources.xlsx,2.25,"Hospital Beds in Other Governmental Sector by Speciality, 2022G.",2021,statistical-yearbook-2021-chapter-IV-health-activities.xlsx,31,"Surgical Interventions at Other Governmental Sector Hospitals by Section, 2021G",Capacity | Activity,0.357,YES
2022,2022-Chapter-II-Health-Resources.xlsx,2.25,"Hospital Beds in Other Governmental Sector by Speciality, 2022G.",2023,Statistical-Yearbook-2023.xlsx,30.,"Surgical Interventions at Other Governmental Sector Hospitals by Section, 2023G",Capacity | Activity,0.357,YES
2022,2022-Chapter-II-Health-Resources.xlsx,2.25,"Hospital Beds in Other Governmental Sector by Speciality, 2022G.",2024,Statistical-Yearbook-2024.xlsx,4-37,"Surgical Interventions at Other Governmental Sector Hospitals by Section, 2024G",Capacity | Activity,0.357,YES
2022,2022-Chapter-IV-Health-Activities.xlsx,18,العمليات الجراحية للفك والأسنان وحالات الخلع بوزارة الصحة حسب المنطقة الصحية عام 2022م.,2021,statistical-yearbook-2021-chapter-IV-health-activities.xlsx,32ملغى,جراحات اليوم الواحد بوزارة الصحة حسب المنطقة الصحية لعام 2020م.,Activity,0.357,YES
2022,2022-Chapter-IV-Health-Activities.xlsx,18,العمليات الجراحية للفك والأسنان وحالات الخلع بوزارة الصحة حسب المنطقة الصحية عام 2022م.,2021,statistical-yearbook-2021-chapter-IV-health-activities.xlsx,47,أنشطة بنوك الدم بوزارة الصحة حسب المنطقة الصحية عام 2021م.,Activity,0.357,YES
2022,2022-Chapter-IV-Health-Activities.xlsx,18,العمليات الجراحية للفك والأسنان وحالات الخلع بوزارة الصحة حسب المنطقة الصحية عام 2022م.,2023,Statistical-Yearbook-2023.xlsx,46.,أنشطة بنوك الدم بوزارة الصحة حسب المنطقة الصحية عام 2023م.,Activity,0.357,YES
2022,2022-Chapter-IV-Health-Activities.xlsx,18,العمليات الجراحية للفك والأسنان وحالات الخلع بوزارة الصحة حسب المنطقة الصحية عام 2022م.,2024,Statistical-Yearbook-2024.xlsx,4-59,أنشطة بنوك الدم بوزارة الصحة حسب المنطقة الصحية عام 2024م.,Activity,0.357,YES
2022,2022-Chapter-IV-Health-Activities.xlsx,21,المؤشرات المختارة عن خدمات مستشفيات وزارة الصحة (100 سرير فأكثر) حسب المنطقة الصحية عام 2022م.,2021,statistical-yearbook-2021-chapter-II-health-resources.xlsx,2-10,القابلات بمرافق وزارة الصحة حسب المنطقة الصحية عام 2021م,Capacity,0.357,YES
2022,2022-Chapter-IV-Health-Activities.xlsx,21,المؤشرات المختارة عن خدمات مستشفيات وزارة الصحة (100 سرير فأكثر) حسب المنطقة الصحية عام 2022م.,2023,Statistical-Yearbook-2023.xlsx,15,القابلات بمرافق وزارة الصحة حسب المنطقة الصحية عام 2023م,Capacity,0.357,YES
2022,2022-Chapter-IV-Health-Activities.xlsx,22,بعض المؤشرات المختارة عن خدمات مستشفيات وزارة الصحة (50 سرير) حسب المنطقة الصحية عام 2022م.,2021,statistical-yearbook-2021-chapter-II-health-resources.xlsx,2-10,القابلات بمرافق وزارة الصحة حسب المنطقة الصحية عام 2021م,Capacity,0.357,YES
2022,2022-Chapter-IV-Health-Activities.xlsx,22,بعض المؤشرات المختارة عن خدمات مستشفيات وزارة الصحة (50 سرير) حسب المنطقة الصحية عام 2022م.,2023,Statistical-Yearbook-2023.xlsx,15,القابلات بمرافق وزارة الصحة حسب المنطقة الصحية عام 2023م,Capacity,0.357,YES
2022,2022-Chapter-IV-Health-Activities.xlsx,30,"Surgical Interventions at Other Governmental Sector Hospitals by Section, 2022G",2021,statistical-yearbook-2021-chapter-II-health-resources.xlsx,2.25,"Hospital Beds in Other Governmental Sector by Speciality, 2021G.",Capacity | Activity,0.357,YES
2022,2022-Chapter-IV-Health-Activities.xlsx,30,"Surgical Interventions at Other Governmental Sector Hospitals by Section, 2022G",2023,Statistical-Yearbook-2023.xlsx,30,"Hospital Beds in Other Governmental Sector by Speciality, 2023G.",Capacity | Activity,0.357,YES
2022,2022-Chapter-IV-Health-Activities.xlsx,30,"Surgical Interventions at Other Governmental Sector Hospitals by Section, 2022G",2024,Statistical-Yearbook-2024.xlsx,2-10,"Hospital Beds in Other Governmental Sector by Speciality, 2024G.",Capacity | Activity,0.357,YES
2022,2022-Chapter-IV-Health-Activities.xlsx,32ملغى,جراحات اليوم الواحد بوزارة الصحة حسب المنطقة الصحية لعام 2020م.,2021,statistical-yearbook-2021-chapter-IV-health-activities.xlsx,18,العمليات الجراحية للفك والأسنان وحالات الخلع بوزارة الصحة حسب المنطقة الصحية عام 2021م.,Activity,0.357,YES
2022,2022-Chapter-IV-Health-Activities.xlsx,32ملغى,جراحات اليوم الواحد بوزارة الصحة حسب المنطقة الصحية لعام 2020م.,2023,Statistical-Yearbook-2023.xlsx,18.,العمليات الجراحية للفك والأسنان وحالات الخلع بوزارة الصحة حسب المنطقة الصحية عام 2023م.,Activity,0.357,YES
2022,2022-Chapter-IV-Health-Activities.xlsx,45,أنشطة بنوك الدم بوزارة الصحة حسب المنطقة الصحية عام 2022م.,2021,statistical-yearbook-2021-chapter-IV-health-activities.xlsx,18,العمليات الجراحية للفك والأسنان وحالات الخلع بوزارة الصحة حسب المنطقة الصحية عام 2021م.,Activity,0.357,YES
2022,2022-Chapter-IV-Health-Activities.xlsx,45,أنشطة بنوك الدم بوزارة الصحة حسب المنطقة الصحية عام 2022م.,2023,Statistical-Yearbook-2023.xlsx,18.,العمليات الجراحية للفك والأسنان وحالات الخلع بوزارة الصحة حسب المنطقة الصحية عام 2023م.,Activity,0.357,YES
2021,statistical-yearbook-2021-chapter-II-health-resources.xlsx,2-10,القابلات بمرافق وزارة الصحة حسب المنطقة الصحية عام 2021م,2023,Statistical-Yearbook-2023.xlsx,21.,المؤشرات المختارة عن خدمات مستشفيات وزارة الصحة (100 سرير فأكثر) حسب المنطقة الصحية عام 2023م.,Capacity,0.357,YES
2021,statistical-yearbook-2021-chapter-II-health-resources.xlsx,2-10,القابلات بمرافق وزارة الصحة حسب المنطقة الصحية عام 2021م,2023,Statistical-Yearbook-2023.xlsx,22.,بعض المؤشرات المختارة عن خدمات مستشفيات وزارة الصحة (50 سرير) حسب المنطقة الصحية عام 2023م.,Capacity,0.357,YES
2021,statistical-yearbook-2021-chapter-II-health-resources.xlsx,2.25,"Hospital Beds in Other Governmental Sector by Speciality, 2021G.",2023,Statistical-Yearbook-2023.xlsx,30.,"Surgical Interventions at Other Governmental Sector Hospitals by Section, 2023G",Capacity | Activity,0.357,YES
2021,statistical-yearbook-2021-chapter-II-health-resources.xlsx,2.25,"Hospital Beds in Other Governmental Sector by Speciality, 2021G.",2024,Statistical-Yearbook-2024.xlsx,4-37,"Surgical Interventions at Other Governmental Sector Hospitals by Section, 2024G",Capacity | Activity,0.357,YES
2021,statistical-yearbook-2021-chapter-IV-health-activities.xlsx,18,العمليات الجراحية للفك والأسنان وحالات الخلع بوزارة الصحة حسب المنطقة الصحية عام 2021م.,2023,Statistical-Yearbook-2023.xlsx,46.,أنشطة بنوك الدم بوزارة الصحة حسب المنطقة الصحية عام 2023م.,Activity,0.357,YES
2021,statistical-yearbook-2021-chapter-IV-health-activities.xlsx,18,العمليات الجراحية للفك والأسنان وحالات الخلع بوزارة الصحة حسب المنطقة الصحية عام 2021م.,2024,Statistical-Yearbook-2024.xlsx,4-59,أنشطة بنوك الدم بوزارة الصحة حسب المنطقة الصحية عام 2024م.,Activity,0.357,YES
2021,statistical-yearbook-2021-chapter-IV-health-activities.xlsx,22,المؤشرات المختارة عن خدمات مستشفيات وزارة الصحة (100 سرير فأكثر) حسب المنطقة الصحية عام 2021م.,2023,Statistical-Yearbook-2023.xlsx,15,القابلات بمرافق وزارة الصحة حسب المنطقة الصحية عام 2023م,Capacity,0.357,YES
2021,statistical-yearbook-2021-chapter-IV-health-activities.xlsx,23,بعض المؤشرات المختارة عن خدمات مستشفيات وزارة الصحة (50 سرير) حسب المنطقة الصحية عام 2021م.,2023,Statistical-Yearbook-2023.xlsx,15,القابلات بمرافق وزارة الصحة حسب المنطقة الصحية عام 2023م,Capacity,0.357,YES
2021,statistical-yearbook-2021-chapter-IV-health-activities.xlsx,31,"Surgical Interventions at Other Governmental Sector Hospitals by Section, 2021G",2023,Statistical-Yearbook-2023.xlsx,30,"Hospital Beds in Other Governmental Sector by Speciality, 2023G.",Capacity | Activity,0.357,YES
2021,statistical-yearbook-2021-chapter-IV-health-activities.xlsx,31,"Surgical Interventions at Other Governmental Sector Hospitals by Section, 2021G",2024,Statistical-Yearbook-2024.xlsx,2-10,"Hospital Beds in Other Governmental Sector by Speciality, 2024G.",Capacity | Activity,0.357,YES
2021,statistical-yearbook-2021-chapter-IV-health-activities.xlsx,32ملغى,جراحات اليوم الواحد بوزارة الصحة حسب المنطقة الصحية لعام 2020م.,2023,Statistical-Yearbook-2023.xlsx,18.,العمليات الجراحية للفك والأسنان وحالات الخلع بوزارة الصحة حسب المنطقة الصحية عام 2023م.,Activity,0.357,YES
2021,statistical-yearbook-2021-chapter-IV-health-activities.xlsx,41,الفحوص المخبرية وعدد مرضى الفحوص الشعاعية بمراكز الرعاية الصحية الأولية بوزارة الصحة حسب المنطقة الصحية عام 2021م.,2023,Statistical-Yearbook-2023.xlsx,11.,المرافق الصحية بوزارة الصحة حسب المنطقة الصحية عام 2023م,Capacity,0.357,YES
2021,statistical-yearbook-2021-chapter-IV-health-activities.xlsx,47,أنشطة بنوك الدم بوزارة الصحة حسب المنطقة الصحية عام 2021م.,2023,Statistical-Yearbook-2023.xlsx,18.,العمليات الجراحية للفك والأسنان وحالات الخلع بوزارة الصحة حسب المنطقة الصحية عام 2023م.,Activity,0.357,YES
2023,Statistical-Yearbook-2023.xlsx,30,"Hospital Beds in Other Governmental Sector by Speciality, 2023G.",2024,Statistical-Yearbook-2024.xlsx,4-37,"Surgical Interventions at Other Governmental Sector Hospitals by Section, 2024G",Capacity | Activity,0.357,YES
2023,Statistical-Yearbook-2023.xlsx,18.,العمليات الجراحية للفك والأسنان وحالات الخلع بوزارة الصحة حسب المنطقة الصحية عام 2023م.,2024,Statistical-Yearbook-2024.xlsx,4-59,أنشطة بنوك الدم بوزارة الصحة حسب المنطقة الصحية عام 2024م.,Activity,0.357,YES
2023,Statistical-Yearbook-2023.xlsx,30.,"Surgical Interventions at Other Governmental Sector Hospitals by Section, 2023G",2024,Statistical-Yearbook-2024.xlsx,2-10,"Hospital Beds in Other Governmental Sector by Speciality, 2024G.",Capacity | Activity,0.357,YES
2023,Statistical-Yearbook-2023.xlsx,5-6,زيارات الحجاج لأقسام الطوارئ بالمستشفيات في الأعوام الخمسة الأخيرة,2024,Statistical-Yearbook-2024.xlsx,5-8,حالات التنويم من الحجاج بأقسام المستشفيات في الأعوام الخمسة الأخيرة,Capacity | Activity,0.357,YES
2023,Statistical-Yearbook-2023.xlsx,5-7,زيارات الحجاج للعيادات الخارجية بالمستشفيات في الأعوام الخمسة الأخيرة,2024,Statistical-Yearbook-2024.xlsx,5-8,حالات التنويم من الحجاج بأقسام المستشفيات في الأعوام الخمسة الأخيرة,Capacity | Activity,0.357,YES
2023,Statistical-Yearbook-2023.xlsx,5-8,حالات التنويم من الحجاج بأقسام المستشفيات في الأعوام الخمسة الأخيرة,2024,Statistical-Yearbook-2024.xlsx,5-6,زيارات الحجاج لأقسام الطوارئ بالمستشفيات في الأعوام الخمسة الأخيرة,Capacity | Activity,0.357,YES
2023,Statistical-Yearbook-2023.xlsx,5-8,حالات التنويم من الحجاج بأقسام المستشفيات في الأعوام الخمسة الأخيرة,2024,Statistical-Yearbook-2024.xlsx,5-7,زيارات الحجاج للعيادات الخارجية بالمستشفيات في الأعوام الخمسة الأخيرة,Capacity | Activity,0.357,YES
2022,2022-Chapter-I-Health-Indicators.xlsx,5,مؤشرات مختارة عن الموارد المتاحة بمستشفيات وزارة الصحة حسب المنطقة الصحية لعام 2022 م,2021,statistical-yearbook-2021-chapter-II-health-resources.xlsx,2.18,القوى العاملة الصحية بمستشفيات وزارة الصحة حسب المنطقة الصحية والفئة والجنس والجنسية عام 2021م,Capacity | Workforce,0.353,YES
2022,2022-Chapter-I-Health-Indicators.xlsx,5,مؤشرات مختارة عن الموارد المتاحة بمستشفيات وزارة الصحة حسب المنطقة الصحية لعام 2022 م,2023,Statistical-Yearbook-2023.xlsx,23,القوى العاملة الصحية بمستشفيات وزارة الصحة حسب المنطقة الصحية والفئة والجنس والجنسية عام 2023م,Capacity | Workforce,0.353,YES
2022,2022-Chapter-II-Health-Resources.xlsx,2.18,القوى العاملة الصحية بمستشفيات وزارة الصحة حسب المنطقة الصحية والفئة والجنس والجنسية عام 2022م,2021,Statistical-Yearbook-2021-Chapter-I-Health-Indicators.xlsx,6,مؤشرات مختارة عن الموارد المتاحة بمستشفيات وزارة الصحة حسب المنطقة الصحية لعام 2021 م,Capacity | Workforce,0.353,YES
2022,2022-Chapter-II-Health-Resources.xlsx,2.18,القوى العاملة الصحية بمستشفيات وزارة الصحة حسب المنطقة الصحية والفئة والجنس والجنسية عام 2022م,2023,Statistical-Yearbook-2023.xlsx,10,مؤشرات مختارة عن الموارد المتاحة بمستشفيات وزارة الصحة حسب المنطقة الصحية لعام 2023 م,Capacity | Workforce,0.353,YES
2022,2022-Chapter-II-Health-Resources.xlsx,2.20,مراكز الرعاية الصحية الأولية بوزارة الصحة حسب المنطقة الصحية في الأعوام الخمسة الأخيرة,2021,statistical-yearbook-2021-chapter-II-health-resources.xlsx,2.30,المستشفيات والأسرة والمجمعات الطبية بالقطاع الخاص حسب المنطقة الصحية في الأعوام الخمسة الأخيرة,Capacity,0.353,YES
2022,2022-Chapter-II-Health-Resources.xlsx,2.20,مراكز الرعاية الصحية الأولية بوزارة الصحة حسب المنطقة الصحية في الأعوام الخمسة الأخيرة,2023,Statistical-Yearbook-2023.xlsx,35,المستشفيات والأسرة والمجمعات الطبية بالقطاع الخاص حسب المنطقة الصحية في الأعوام الخمسة الأخيرة,Capacity,0.353,YES
2022,2022-Chapter-II-Health-Resources.xlsx,2.30,المستشفيات والأسرة والمجمعات الطبية بالقطاع الخاص حسب المنطقة الصحية في الأعوام الخمسة الأخيرة,2021,statistical-yearbook-2021-chapter-II-health-resources.xlsx,2.20,مراكز الرعاية الصحية الأولية بوزارة الصحة حسب المنطقة الصحية في الأعوام الخمسة الأخيرة,Capacity,0.353,YES
2022,2022-Chapter-II-Health-Resources.xlsx,2.30,المستشفيات والأسرة والمجمعات الطبية بالقطاع الخاص حسب المنطقة الصحية في الأعوام الخمسة الأخيرة,2023,Statistical-Yearbook-2023.xlsx,25,مراكز الرعاية الصحية الأولية بوزارة الصحة حسب المنطقة الصحية في الأعوام الخمسة الأخيرة,Capacity,0.353,YES
2022,2022-Chapter-II-Health-Resources.xlsx,2.30,المستشفيات والأسرة والمجمعات الطبية بالقطاع الخاص حسب المنطقة الصحية في الأعوام الخمسة الأخيرة,2024,Statistical-Yearbook-2024.xlsx,2-6,المستشفيات والأسرة بوزارة الصحة حسب فروع ومكاتب وزارة الصحة في الأعوام الخمسة الأخيرة,Capacity,0.353,YES
2022,2022-Chapter-IV-Health-Activities.xlsx,10,"OPD Encounters at Other Governmental Sector Hospitals and Polyclinics by Nationality, 2022G.",2024,Statistical-Yearbook-2024.xlsx,4-22,"Admissions at MoH Hospitals by Health Clusters, Gender and Nationality, 2024G.",Capacity | Activity,0.353,YES
2022,2022-Chapter-IV-Health-Activities.xlsx,29,"Surgical Interventions at MoH Hospitals by Health Region and Hospital Sections, 2022G.",2021,statistical-yearbook-2021-chapter-IV-health-activities.xlsx,60,"Resources and Activities of Telemedicine at MoH by Health Regions, 2021G",Capacity | Activity,0.353,YES
2022,2022-Chapter-IV-Health-Activities.xlsx,29,"Surgical Interventions at MoH Hospitals by Health Region and Hospital Sections, 2022G.",2023,Statistical-Yearbook-2023.xlsx,59,"Resources and Activities of Telemedicine at MoH by Health Regions, 2023G",Capacity | Activity,0.353,YES
2022,2022-Chapter-IV-Health-Activities.xlsx,29,"Surgical Interventions at MoH Hospitals by Health Region and Hospital Sections, 2022G.",2024,Statistical-Yearbook-2024.xlsx,4-6,"PHCs' Encounters and Outpatients of MoH Hospitals by Health Clusters, 2024G.",Capacity | Activity,0.353,YES
2022,2022-Chapter-IV-Health-Activities.xlsx,29,"Surgical Interventions at MoH Hospitals by Health Region and Hospital Sections, 2022G.",2024,Statistical-Yearbook-2024.xlsx,4-23,"Discharges from MoH Hospitals by Health Cluster, Gender and Nationality, 2024G.",Capacity | Activity,0.353,YES
2022,2022-Chapter-IV-Health-Activities.xlsx,58,"Resources and Activities of Telemedicine at MoH by Health Regions, 2022G",2021,statistical-yearbook-2021-chapter-IV-health-activities.xlsx,30,"Surgical Interventions at MoH Hospitals by Health Region and Hospital Sections, 2021G.",Capacity | Activity,0.353,YES
2022,2022-Chapter-IV-Health-Activities.xlsx,58,"Resources and Activities of Telemedicine at MoH by Health Regions, 2022G",2023,Statistical-Yearbook-2023.xlsx,29.,"Surgical Interventions at MoH Hospitals by Health Region and Hospital Sections, 2023G.",Capacity | Activity,0.353,YES
2022,2022-Chapter-IV-Health-Activities.xlsx,58,"Resources and Activities of Telemedicine at MoH by Health Regions, 2022G",2024,Statistical-Yearbook-2024.xlsx,4-36,"Surgical Interventions at MoH Hospitals by Health Clusters and Hospital Sections, 2024G.",Capacity | Activity,0.353,YES
2021,Statistical-Yearbook-2021-Chapter-I-Health-Indicators.xlsx,6,مؤشرات مختارة عن الموارد المتاحة بمستشفيات وزارة الصحة حسب المنطقة الصحية لعام 2021 م,2023,Statistical-Yearbook-2023.xlsx,23,القوى العاملة الصحية بمستشفيات وزارة الصحة حسب المنطقة الصحية والفئة والجنس والجنسية عام 2023م,Capacity | Workforce,0.353,YES
2021,statistical-yearbook-2021-chapter-II-health-resources.xlsx,2.18,القوى العاملة الصحية بمستشفيات وزارة الصحة حسب المنطقة الصحية والفئة والجنس والجنسية عام 2021م,2023,Statistical-Yearbook-2023.xlsx,10,مؤشرات مختارة عن الموارد المتاحة بمستشفيات وزارة الصحة حسب المنطقة الصحية لعام 2023 م,Capacity | Workforce,0.353,YES
2021,statistical-yearbook-2021-chapter-II-health-resources.xlsx,2.20,مراكز الرعاية الصحية الأولية بوزارة الصحة حسب المنطقة الصحية في الأعوام الخمسة الأخيرة,2023,Statistical-Yearbook-2023.xlsx,35,المستشفيات والأسرة والمجمعات الطبية بالقطاع الخاص حسب المنطقة الصحية في الأعوام الخمسة الأخيرة,Capacity,0.353,YES
2021,statistical-yearbook-2021-chapter-II-health-resources.xlsx,2.30,المستشفيات والأسرة والمجمعات الطبية بالقطاع الخاص حسب المنطقة الصحية في الأعوام الخمسة الأخيرة,2023,Statistical-Yearbook-2023.xlsx,25,مراكز الرعاية الصحية الأولية بوزارة الصحة حسب المنطقة الصحية في الأعوام الخمسة الأخيرة,Capacity,0.353,YES
2021,statistical-yearbook-2021-chapter-II-health-resources.xlsx,2.30,المستشفيات والأسرة والمجمعات الطبية بالقطاع الخاص حسب المنطقة الصحية في الأعوام الخمسة الأخيرة,2024,Statistical-Yearbook-2024.xlsx,2-6,المستشفيات والأسرة بوزارة الصحة حسب فروع ومكاتب وزارة الصحة في الأعوام الخمسة الأخيرة,Capacity,0.353,YES
2021,statistical-yearbook-2021-chapter-IV-health-activities.xlsx,10,"OPD Encounters at Other Governmental Sector Hospitals and Polyclinics by Nationality, 2021G.",2024,Statistical-Yearbook-2024.xlsx,4-22,"Admissions at MoH Hospitals by Health Clusters, Gender and Nationality, 2024G.",Capacity | Activity,0.353,YES
2021,statistical-yearbook-2021-chapter-IV-health-activities.xlsx,28,"Deliveries at Other Governmental Sector Hospitals by Type of Delivery , 2021G",2023,Statistical-Yearbook-2023.xlsx,42.,"Diagnostic Radiology Investigations at MoH Hospitals by Type of Investigation, 2023G.",Capacity,0.353,YES
2021,statistical-yearbook-2021-chapter-IV-health-activities.xlsx,28,"Deliveries at Other Governmental Sector Hospitals by Type of Delivery , 2021G",2024,Statistical-Yearbook-2024.xlsx,4-53,"Diagnostic Radiology Investigations at MoH Hospitals by Type of Investigation, 2024G.",Capacity,0.353,YES
2021,statistical-yearbook-2021-chapter-IV-health-activities.xlsx,30,"Surgical Interventions at MoH Hospitals by Health Region and Hospital Sections, 2021G.",2023,Statistical-Yearbook-2023.xlsx,59,"Resources and Activities of Telemedicine at MoH by Health Regions, 2023G",Capacity | Activity,0.353,YES
2021,statistical-yearbook-2021-chapter-IV-health-activities.xlsx,30,"Surgical Interventions at MoH Hospitals by Health Region and Hospital Sections, 2021G.",2024,Statistical-Yearbook-2024.xlsx,4-6,"PHCs' Encounters and Outpatients of MoH Hospitals by Health Clusters, 2024G.",Capacity | Activity,0.353,YES
2021,statistical-yearbook-2021-chapter-IV-health-activities.xlsx,30,"Surgical Interventions at MoH Hospitals by Health Region and Hospital Sections, 2021G.",2024,Statistical-Yearbook-2024.xlsx,4-23,"Discharges from MoH Hospitals by Health Cluster, Gender and Nationality, 2024G.",Capacity | Activity,0.353,YES
2021,statistical-yearbook-2021-chapter-IV-health-activities.xlsx,60,"Resources and Activities of Telemedicine at MoH by Health Regions, 2021G",2023,Statistical-Yearbook-2023.xlsx,29.,"Surgical Interventions at MoH Hospitals by Health Region and Hospital Sections, 2023G.",Capacity | Activity,0.353,YES
2021,statistical-yearbook-2021-chapter-IV-health-activities.xlsx,60,"Resources and Activities of Telemedicine at MoH by Health Regions, 2021G",2024,Statistical-Yearbook-2024.xlsx,4-36,"Surgical Interventions at MoH Hospitals by Health Clusters and Hospital Sections, 2024G.",Capacity | Activity,0.353,YES
2023,Statistical-Yearbook-2023.xlsx,35,المستشفيات والأسرة والمجمعات الطبية بالقطاع الخاص حسب المنطقة الصحية في الأعوام الخمسة الأخيرة,2024,Statistical-Yearbook-2024.xlsx,2-6,المستشفيات والأسرة بوزارة الصحة حسب فروع ومكاتب وزارة الصحة في الأعوام الخمسة الأخيرة,Capacity,0.353,YES
2023,Statistical-Yearbook-2023.xlsx,10..,"OPD Encounters at Other Governmental Sector Hospitals and Polyclinics by Nationality, 2023G.",2024,Statistical-Yearbook-2024.xlsx,4-22,"Admissions at MoH Hospitals by Health Clusters, Gender and Nationality, 2024G.",Capacity | Activity,0.353,YES
2023,Statistical-Yearbook-2023.xlsx,29.,"Surgical Interventions at MoH Hospitals by Health Region and Hospital Sections, 2023G.",2024,Statistical-Yearbook-2024.xlsx,4-6,"PHCs' Encounters and Outpatients of MoH Hospitals by Health Clusters, 2024G.",Capacity | Activity,0.353,YES
2023,Statistical-Yearbook-2023.xlsx,29.,"Surgical Interventions at MoH Hospitals by Health Region and Hospital Sections, 2023G.",2024,Statistical-Yearbook-2024.xlsx,4-23,"Discharges from MoH Hospitals by Health Cluster, Gender and Nationality, 2024G.",Capacity | Activity,0.353,YES
2023,Statistical-Yearbook-2023.xlsx,59,"Resources and Activities of Telemedicine at MoH by Health Regions, 2023G",2024,Statistical-Yearbook-2024.xlsx,4-36,"Surgical Interventions at MoH Hospitals by Health Clusters and Hospital Sections, 2024G.",Capacity | Activity,0.353,YES
2022,2022-Chapter-II-Health-Resources.xlsx,2.26,"Health Manpower in Other Governmental Sector by Category,Sex and Nationality, 2022G.",2024,Statistical-Yearbook-2024.xlsx,2-46,"Health Manpower in Private Sector Hospitals by Category, Gender and Nationality in MoH Branches & Offices, 2024G",Capacity | Workforce,0.35,YES
2022,2022-Chapter-II-Health-Resources.xlsx,2.34,"Health Manpower in the Private Sector by Health Region,Category,Sex and Nationality, 2022G",2024,Statistical-Yearbook-2024.xlsx,2-25,"Health Manpower in Other Governmental Sector by Category, Gender and Nationality in MoH Branches & Offices, 2024G",Workforce,0.35,YES
2021,statistical-yearbook-2021-chapter-II-health-resources.xlsx,2.26,"Health Manpower in Other Governmental Sector by Category,Sex and Nationality, 2021G.",2024,Statistical-Yearbook-2024.xlsx,2-46,"Health Manpower in Private Sector Hospitals by Category, Gender and Nationality in MoH Branches & Offices, 2024G",Capacity | Workforce,0.35,YES
2021,statistical-yearbook-2021-chapter-II-health-resources.xlsx,2.34,"Health Manpower in the Private Sector by Health Region,Category,Sex and Nationality, 2021G",2024,Statistical-Yearbook-2024.xlsx,2-25,"Health Manpower in Other Governmental Sector by Category, Gender and Nationality in MoH Branches & Offices, 2024G",Workforce,0.35,YES
2023,Statistical-Yearbook-2023.xlsx,6.,"Health Manpower in KSA Health Sectors by Category, Sex and Nationality, 2023G",2024,Statistical-Yearbook-2024.xlsx,2-25,"Health Manpower in Other Governmental Sector by Category, Gender and Nationality in MoH Branches & Offices, 2024G",Workforce,0.35,YES
2023,Statistical-Yearbook-2023.xlsx,6.,"Health Manpower in KSA Health Sectors by Category, Sex and Nationality, 2023G",2024,Statistical-Yearbook-2024.xlsx,2-26,"Health Manpower in the Private Sector by Category, Gender and Nationality in MoH Branches & Offices, 2024G",Workforce,0.35,YES
2023,Statistical-Yearbook-2023.xlsx,31,"Health Manpower in Other Governmental Sector by Category,Sex and Nationality, 2023G.",2024,Statistical-Yearbook-2024.xlsx,2-46,"Health Manpower in Private Sector Hospitals by Category, Gender and Nationality in MoH Branches & Offices, 2024G",Capacity | Workforce,0.35,YES
2023,Statistical-Yearbook-2023.xlsx,39,"Health Manpower in the Private Sector by Health Region,Category,Sex and Nationality, 2023G",2024,Statistical-Yearbook-2024.xlsx,2-25,"Health Manpower in Other Governmental Sector by Category, Gender and Nationality in MoH Branches & Offices, 2024G",Workforce,0.35,YES
